Id,Category,CategoryOfSequences_fr,FXY1,Title_fr,SubTitle_fr,FXY2,ElementName_fr,ElementDescription_fr,Note_fr,noteIDs,Status,translated_by
bufr4/3/07/001/1/301031,07,Séquences correspondant à des messages d’observation en surface (terre),307001,(Station à basse altitude),,301031,"Identification et type de station, date/heure, position (précision élevée), hauteur de la station",,,,Operational,Original
bufr4/3/07/001/1/302011,07,Séquences correspondant à des messages d’observation en surface (terre),307001,(Station à basse altitude),,302011,Station à basse altitude,Message d’obser-vation en surface de base,,,Operational,Original
bufr4/3/07/002/1/301032,07,Séquences correspondant à des messages d’observation en surface (terre),307002,(Station à basse altitude),,301032,"Identification et type de station, date/heure, position (faible précision), hauteur de la station",,,,Operational,Original
bufr4/3/07/002/1/302011,07,Séquences correspondant à des messages d’observation en surface (terre),307002,(Station à basse altitude),,302011,Station à basse altitude,Message d’obser-vation en surface de base,,,Operational,Original
bufr4/3/07/003/1/307001,07,Séquences correspondant à des messages d’observation en surface (terre),307003,(Station à basse altitude),,307001,Station à basse altitude,Position (précision élevée) et message d’observation de base,,,Operational,Original
bufr4/3/07/003/1/101000,07,Séquences correspondant à des messages d’observation en surface (terre),307003,(Station à basse altitude),,101000,Répétition différée de 1 descripteur,,,,Operational,Original
bufr4/3/07/003/1/031001,07,Séquences correspondant à des messages d’observation en surface (terre),307003,(Station à basse altitude),,031001,Facteur de répétition différée du descripteur,,,,Operational,Original
bufr4/3/07/003/1/302005,07,Séquences correspondant à des messages d’observation en surface (terre),307003,(Station à basse altitude),,302005,Couche nuageuse,,,,Operational,Original
bufr4/3/07/004/1/307002,07,Séquences correspondant à des messages d’observation en surface (terre),307004,(Station à basse altitude),,307002,Station à basse altitude,Position (faible précision) et message d’observation de base,,,Operational,Original
bufr4/3/07/004/1/101000,07,Séquences correspondant à des messages d’observation en surface (terre),307004,(Station à basse altitude),,101000,Répétition différée de 1 descripteur,,,,Operational,Original
bufr4/3/07/004/1/031001,07,Séquences correspondant à des messages d’observation en surface (terre),307004,(Station à basse altitude),,031001,Facteur de répétition différée du descripteur,,,,Operational,Original
bufr4/3/07/004/1/302005,07,Séquences correspondant à des messages d’observation en surface (terre),307004,(Station à basse altitude),,302005,Couche nuageuse,,,,Operational,Original
bufr4/3/07/005/1/307001,07,Séquences correspondant à des messages d’observation en surface (terre),307005,(Station à basse altitude),,307001,Station à basse altitude,Position (précision élevée) et message d’observation de base,,,Operational,Original
bufr4/3/07/005/1/101004,07,Séquences correspondant à des messages d’observation en surface (terre),307005,(Station à basse altitude),,101004,Répéter 1 descripteur 4 fois,,,,Operational,Original
bufr4/3/07/005/1/302005,07,Séquences correspondant à des messages d’observation en surface (terre),307005,(Station à basse altitude),,302005,Couche nuageuse,4 couches,,,Operational,Original
bufr4/3/07/006/1/307002,07,Séquences correspondant à des messages d’observation en surface (terre),307006,(Station à basse altitude),,307002,Station à basse altitude,Position (faible précision) et message d’observation de base,,,Operational,Original
bufr4/3/07/006/1/101004,07,Séquences correspondant à des messages d’observation en surface (terre),307006,(Station à basse altitude),,101004,Répéter 1 descripteur 4 fois,,,,Operational,Original
bufr4/3/07/006/1/302005,07,Séquences correspondant à des messages d’observation en surface (terre),307006,(Station à basse altitude),,302005,Couche nuageuse I. 2 – Table D/07 BUFR —,4 couches (à suivre) 1,,,Operational,Original
bufr4/3/07/007/1/301031,07,Séquences correspondant à des messages d’observation en surface (terre),307007,(Station à haute altitude),,301031,"Identification et type de station, date/heure, position (précision élevée), hauteur de la station",,,,Operational,Original
bufr4/3/07/007/1/302012,07,Séquences correspondant à des messages d’observation en surface (terre),307007,(Station à haute altitude),,302012,Station à haute altitude,Message d’obser-vation en surface de base,,,Operational,Original
bufr4/3/07/008/1/301032,07,Séquences correspondant à des messages d’observation en surface (terre),307008,(Station à haute altitude),,301032,"Identification et type de station, date/heure, position (faible précision), hauteur de la station",,,,Operational,Original
bufr4/3/07/008/1/302012,07,Séquences correspondant à des messages d’observation en surface (terre),307008,(Station à haute altitude),,302012,Station à haute altitude,Message d’obser-vation en surface de base,,,Operational,Original
bufr4/3/07/009/1/301031,07,Séquences correspondant à des messages d’observation en surface (terre),307009,,,301031,"Identification et type de station, date/heure, position (précision élevée), hauteur de la station",,,,Operational,Original
bufr4/3/07/009/1/302013,07,Séquences correspondant à des messages d’observation en surface (terre),307009,,,302013,Message d’observation en surface de base,,,,Operational,Original
bufr4/3/07/011/1/001063,07,Séquences correspondant à des messages d’observation en surface (terre),307011,(Partie principale des données pour la représentation du code METAR/SPECI dans BUFR),,001063,Indicateur d’emplacement OACI,,,,Operational,Original
bufr4/3/07/011/1/002001,07,Séquences correspondant à des messages d’observation en surface (terre),307011,(Partie principale des données pour la représentation du code METAR/SPECI dans BUFR),,002001,Type de station,,,,Operational,Original
bufr4/3/07/011/1/301011,07,Séquences correspondant à des messages d’observation en surface (terre),307011,(Partie principale des données pour la représentation du code METAR/SPECI dans BUFR),,301011,"Année, mois, jour",YY,,,Operational,Original
bufr4/3/07/011/1/301012,07,Séquences correspondant à des messages d’observation en surface (terre),307011,(Partie principale des données pour la représentation du code METAR/SPECI dans BUFR),,301012,"Heure, minute","GG, gg",,,Operational,Original
bufr4/3/07/011/1/301024,07,Séquences correspondant à des messages d’observation en surface (terre),307011,(Partie principale des données pour la représentation du code METAR/SPECI dans BUFR),,301024,"Latitude/longitude (faible précision), hauteur de la station",,,,Operational,Original
bufr4/3/07/011/1/007006,07,Séquences correspondant à des messages d’observation en surface (terre),307011,(Partie principale des données pour la représentation du code METAR/SPECI dans BUFR),,007006,Hauteur au-dessus de la station,Hauteur d’un anémomètre,,,Operational,Original
bufr4/3/07/011/1/011001,07,Séquences correspondant à des messages d’observation en surface (terre),307011,(Partie principale des données pour la représentation du code METAR/SPECI dans BUFR),,011001,Direction du vent,,,,Operational,Original
bufr4/3/07/011/1/011016,07,Séquences correspondant à des messages d’observation en surface (terre),307011,(Partie principale des données pour la représentation du code METAR/SPECI dans BUFR),,011016,Direction du vent extrême dans le sens contaire des aiguilles d’une montre,,,,Operational,Original
bufr4/3/07/011/1/011017,07,Séquences correspondant à des messages d’observation en surface (terre),307011,(Partie principale des données pour la représentation du code METAR/SPECI dans BUFR),,011017,Direction du vent extrême dans le sens des aiguilles d’une montre (vent variable),,,,Operational,Original
bufr4/3/07/011/1/011002,07,Séquences correspondant à des messages d’observation en surface (terre),307011,(Partie principale des données pour la représentation du code METAR/SPECI dans BUFR),,011002,Vitesse du vent,,,,Operational,Original
bufr4/3/07/011/1/011041,07,Séquences correspondant à des messages d’observation en surface (terre),307011,(Partie principale des données pour la représentation du code METAR/SPECI dans BUFR),,011041,Vitesse de la rafale maximale,,,,Operational,Original
bufr4/3/07/011/2/007006,07,Séquences correspondant à des messages d’observation en surface (terre),307011,(Partie principale des données pour la représentation du code METAR/SPECI dans BUFR),,007006,Hauteur au-dessus de la station,Hauteur d’un thermomètre,,,Operational,Original
bufr4/3/07/011/1/012001,07,Séquences correspondant à des messages d’observation en surface (terre),307011,(Partie principale des données pour la représentation du code METAR/SPECI dans BUFR),,012001,Température/température de l’air,,,,Operational,Original
bufr4/3/07/011/1/012003,07,Séquences correspondant à des messages d’observation en surface (terre),307011,(Partie principale des données pour la représentation du code METAR/SPECI dans BUFR),,012003,Température du point de rosée,,,,Operational,Original
bufr4/3/07/011/1/010052,07,Séquences correspondant à des messages d’observation en surface (terre),307011,(Partie principale des données pour la représentation du code METAR/SPECI dans BUFR),,010052,Calage de l’altimètre (QNH),,,,Operational,Original
bufr4/3/07/011/1/020009,07,Séquences correspondant à des messages d’observation en surface (terre),307011,(Partie principale des données pour la représentation du code METAR/SPECI dans BUFR),,020009,Indicateur général du temps (TAF/METAR) (Visibilité horizontale),,,,Operational,Original
bufr4/3/07/012/1/103000,07,Séquences correspondant à des messages d’observation en surface (terre),307012,(vent variable),,103000,Répétition différée de 3 descripteurs,,,,Operational,Original
bufr4/3/07/012/1/031001,07,Séquences correspondant à des messages d’observation en surface (terre),307012,(vent variable),,031001,Facteur de répétition différée du descripteur Jusqu’à 3,(à suivre),,,Operational,Original
bufr4/3/07/012/1/008023,07,Séquences correspondant à des messages d’observation en surface (terre),307012,,,008023,Statistiques de premier ordre,,,,Operational,Original
bufr4/3/07/012/1/005021,07,Séquences correspondant à des messages d’observation en surface (terre),307012,,,005021,Direction ou azimut,Direction de la visibilité observée,,,Operational,Original
bufr4/3/07/012/1/020001,07,Séquences correspondant à des messages d’observation en surface (terre),307012,,,020001,Visibilité horizontale,,,,Operational,Original
bufr4/3/07/013/1/106000,07,Séquences correspondant à des messages d’observation en surface (terre),307013,(Portée visuelle de piste),,106000,Répétition différée de 6 descripteurs,,,,Operational,Original
bufr4/3/07/013/1/031001,07,Séquences correspondant à des messages d’observation en surface (terre),307013,(Portée visuelle de piste),,031001,Facteur de répétition différée du descripteur Jusqu’à 4,,,,Operational,Original
bufr4/3/07/013/1/001064,07,Séquences correspondant à des messages d’observation en surface (terre),307013,(Portée visuelle de piste),,001064,Indicateur de piste,,,,Operational,Original
bufr4/3/07/013/1/008014,07,Séquences correspondant à des messages d’observation en surface (terre),307013,(Portée visuelle de piste),,008014,Identificateur pour la portée visuelle de piste,,,,Operational,Original
bufr4/3/07/013/1/020061,07,Séquences correspondant à des messages d’observation en surface (terre),307013,(Portée visuelle de piste),,020061,Portée visuelle de piste (PVP),,,,Operational,Original
bufr4/3/07/013/2/008014,07,Séquences correspondant à des messages d’observation en surface (terre),307013,(Portée visuelle de piste),,008014,Identificateur pour la portée visuelle de piste,,,,Operational,Original
bufr4/3/07/013/2/020061,07,Séquences correspondant à des messages d’observation en surface (terre),307013,(Portée visuelle de piste),,020061,Portée visuelle de piste (PVP),,,,Operational,Original
bufr4/3/07/013/1/020018,07,Séquences correspondant à des messages d’observation en surface (terre),307013,(Portée visuelle de piste),,020018,Tendance de la portée visuelle de piste,,,,Operational,Original
bufr4/3/07/014/1/101000,07,Séquences correspondant à des messages d’observation en surface (terre),307014,(Temps significatif présent ou prévu),,101000,Répétition différée de 1 descripteur,,,,Operational,Original
bufr4/3/07/014/1/031001,07,Séquences correspondant à des messages d’observation en surface (terre),307014,(Temps significatif présent ou prévu),,031001,Facteur de répétition différée du descripteur Jusqu’à 3,,,,Operational,Original
bufr4/3/07/014/1/020019,07,Séquences correspondant à des messages d’observation en surface (terre),307014,(Temps significatif présent ou prévu),,020019,Temps significatif présent ou prévu,,,,Operational,Original
bufr4/3/07/015/1/101000,07,Séquences correspondant à des messages d’observation en surface (terre),307015,(Groupe(s) de nuages),,101000,Répétition différée de 1 descripteur,,,,Operational,Original
bufr4/3/07/015/1/031001,07,Séquences correspondant à des messages d’observation en surface (terre),307015,(Groupe(s) de nuages),,031001,Facteur de répétition différée du descripteur,,,,Operational,Original
bufr4/3/07/015/1/302005,07,Séquences correspondant à des messages d’observation en surface (terre),307015,(Groupe(s) de nuages),,302005,Couche nuageuse,"N N N , CC, s s s h h h s s s",,,Operational,Original
bufr4/3/07/015/1/020002,07,Séquences correspondant à des messages d’observation en surface (terre),307015,(Groupe(s) de nuages),,020002,Visibilité verticale,,,,Operational,Original
bufr4/3/07/016/1/101000,07,Séquences correspondant à des messages d’observation en surface (terre),307016,(Phénomènes météorologiques significatifs récents),,101000,Répétition différée de 1 descripteur,,,,Operational,Original
bufr4/3/07/016/1/031001,07,Séquences correspondant à des messages d’observation en surface (terre),307016,(Phénomènes météorologiques significatifs récents),,031001,Facteur de répétition différée du descripteur Jusqu’à 3,,,,Operational,Original
bufr4/3/07/016/1/020020,07,Séquences correspondant à des messages d’observation en surface (terre),307016,(Phénomènes météorologiques significatifs récents),,020020,Phénomènes météorologiques significatifs récents,,,,Operational,Original
bufr4/3/07/017/1/101000,07,Séquences correspondant à des messages d’observation en surface (terre),307017,(Cisaillement du vent sur la (les) piste(s)),,101000,Répétition différée de 1 descripteur,,,,Operational,Original
bufr4/3/07/017/1/031001,07,Séquences correspondant à des messages d’observation en surface (terre),307017,(Cisaillement du vent sur la (les) piste(s)),,031001,Facteur de répétition différée du descripteur,,,,Operational,Original
bufr4/3/07/017/1/011070,07,Séquences correspondant à des messages d’observation en surface (terre),307017,(Cisaillement du vent sur la (les) piste(s)),,011070,Indicatif de la piste touchée par le cisaillement du vent (y compris ALL),,,,Operational,Original
bufr4/3/07/018/1/008016,07,Séquences correspondant à des messages d’observation en surface (terre),307018,(Prévision d’atterrissage du type «tendance»),,008016,Identificateur de changement d’une prévision du type «tendance» ou d’une prévision d’aérodrome,,,,Operational,Original
bufr4/3/07/018/1/102000,07,Séquences correspondant à des messages d’observation en surface (terre),307018,(Prévision d’atterrissage du type «tendance»),,102000,Répétition différée de 2 descripteurs,,,,Operational,Original
bufr4/3/07/018/1/031001,07,Séquences correspondant à des messages d’observation en surface (terre),307018,(Prévision d’atterrissage du type «tendance»),,031001,Facteur de répétition différée du descripteur Jusqu’à 2,,,,Operational,Original
bufr4/3/07/018/1/008017,07,Séquences correspondant à des messages d’observation en surface (terre),307018,(Prévision d’atterrissage du type «tendance»),,008017,Identificateur de l’heure à laquelle le changement de prévision est attendu,"FM, TL, AT",,,Operational,Original
bufr4/3/07/018/1/301012,07,Séquences correspondant à des messages d’observation en surface (terre),307018,(Prévision d’atterrissage du type «tendance»),,301012,"Heure, minute I. 2 – Table D/07 BUFR —","GG, gg (à suivre) 3",,,Operational,Original
bufr4/3/07/018/1/104000,07,Séquences correspondant à des messages d’observation en surface (terre),307018,,,104000,Répétition différée de 4 descripteurs,,,,Operational,Original
bufr4/3/07/018/2/031001,07,Séquences correspondant à des messages d’observation en surface (terre),307018,,,031001,Facteur de répétition différée du descripteur Jusqu’à 1,,,,Operational,Original
bufr4/3/07/018/1/007006,07,Séquences correspondant à des messages d’observation en surface (terre),307018,,,007006,Hauteur au-dessus de la station,,,,Operational,Original
bufr4/3/07/018/1/011001,07,Séquences correspondant à des messages d’observation en surface (terre),307018,,,011001,Direction du vent,,,,Operational,Original
bufr4/3/07/018/1/011002,07,Séquences correspondant à des messages d’observation en surface (terre),307018,,,011002,Vitesse du vent,,,,Operational,Original
bufr4/3/07/018/1/011041,07,Séquences correspondant à des messages d’observation en surface (terre),307018,,,011041,Vitesse de la rafale maximale,,,,Operational,Original
bufr4/3/07/018/1/020009,07,Séquences correspondant à des messages d’observation en surface (terre),307018,,,020009,Indicateur général du temps (TAF/METAR),,,,Operational,Original
bufr4/3/07/018/1/101000,07,Séquences correspondant à des messages d’observation en surface (terre),307018,,,101000,Répétition différée de 1 descripteur,,,,Operational,Original
bufr4/3/07/018/3/031001,07,Séquences correspondant à des messages d’observation en surface (terre),307018,,,031001,Facteur de répétition différée du descripteur Jusqu’à 1,,,,Operational,Original
bufr4/3/07/018/1/020001,07,Séquences correspondant à des messages d’observation en surface (terre),307018,,,020001,Visibilité horizontale,,,,Operational,Original
bufr4/3/07/018/1/307014,07,Séquences correspondant à des messages d’observation en surface (terre),307018,,,307014,Temps significatif présent ou prévu,w´w´,,,Operational,Original
bufr4/3/07/020/1/307011,07,Séquences correspondant à des messages d’observation en surface (terre),307020,(METAR/SPECI court),,307011,Partie principale des données pour repré-sentation du code METAR/SPECI dans BUFR,,,,Operational,Original
bufr4/3/07/020/1/307014,07,Séquences correspondant à des messages d’observation en surface (terre),307020,(METAR/SPECI court),,307014,Temps significatif présent ou prévu,w´w´,,,Operational,Original
bufr4/3/07/020/1/307016,07,Séquences correspondant à des messages d’observation en surface (terre),307020,(METAR/SPECI court),,307016,Phénomènes météorologiques significatifs récents,REw´w´,,,Operational,Original
bufr4/3/07/021/1/307011,07,Séquences correspondant à des messages d’observation en surface (terre),307021,(Séquence totale pour la représentation du code METAR/SPECI dans BUFR),,307011,Partie principale des données pour la repré-sentation du code METAR/SPECI dans BUFR,,,,Operational,Original
bufr4/3/07/021/1/307012,07,Séquences correspondant à des messages d’observation en surface (terre),307021,(Séquence totale pour la représentation du code METAR/SPECI dans BUFR),,307012,Visibilité horizontale,D VVVV v,,,Operational,Original
bufr4/3/07/021/1/307013,07,Séquences correspondant à des messages d’observation en surface (terre),307021,(Séquence totale pour la représentation du code METAR/SPECI dans BUFR),,307013,Portée visuelle de piste,D D /V V V V R R R R R R,,,Operational,Original
bufr4/3/07/021/1/307014,07,Séquences correspondant à des messages d’observation en surface (terre),307021,(Séquence totale pour la représentation du code METAR/SPECI dans BUFR),,307014,Temps significatif présent ou prévu,w´w´,,,Operational,Original
bufr4/3/07/021/1/307015,07,Séquences correspondant à des messages d’observation en surface (terre),307021,(Séquence totale pour la représentation du code METAR/SPECI dans BUFR),,307015,Groupe(s) de nuages,,,,Operational,Original
bufr4/3/07/021/1/307016,07,Séquences correspondant à des messages d’observation en surface (terre),307021,(Séquence totale pour la représentation du code METAR/SPECI dans BUFR),,307016,Phénomènes météorologiques significatifs récents,REw´w´,,,Operational,Original
bufr4/3/07/021/1/307017,07,Séquences correspondant à des messages d’observation en surface (terre),307021,(Séquence totale pour la représentation du code METAR/SPECI dans BUFR),,307017,Cisaillement de vent sur la (les) piste(s),,,,Operational,Original
bufr4/3/07/021/1/307018,07,Séquences correspondant à des messages d’observation en surface (terre),307021,(Séquence totale pour la représentation du code METAR/SPECI dans BUFR),,307018,Prévision d’atterrissage du type «tendance»,,,,Operational,Original
bufr4/3/07/021/2/307015,07,Séquences correspondant à des messages d’observation en surface (terre),307021,(Séquence totale pour la représentation du code METAR/SPECI dans BUFR),,307015,Groupe(s) de nuages,,,,Operational,Original
bufr4/3/07/022/1/001015,07,Séquences correspondant à des messages d’observation en surface (terre),307022,(Données d’observation au sol provenant du GNSS),,001015,Nom de la station ou du site,,,,Operational,Original
bufr4/3/07/022/1/301011,07,Séquences correspondant à des messages d’observation en surface (terre),307022,(Données d’observation au sol provenant du GNSS),,301011,"Année, mois, jour",,,,Operational,Original
bufr4/3/07/022/1/301012,07,Séquences correspondant à des messages d’observation en surface (terre),307022,(Données d’observation au sol provenant du GNSS),,301012,"Heure, minute",,,,Operational,Original
bufr4/3/07/022/1/301022,07,Séquences correspondant à des messages d’observation en surface (terre),307022,(Données d’observation au sol provenant du GNSS),,301022,"Latitude/longitude (précision élevée), hauteur de la station",,,,Operational,Original
bufr4/3/07/022/1/008021,07,Séquences correspondant à des messages d’observation en surface (terre),307022,(Données d’observation au sol provenant du GNSS),,008021,Caractéristique temporelle,= 23 Période de contrôle,,,Operational,Original
bufr4/3/07/022/1/004025,07,Séquences correspondant à des messages d’observation en surface (terre),307022,(Données d’observation au sol provenant du GNSS),,004025,Période ou décalage dans le temps,,,,Operational,Original
bufr4/3/07/022/1/010004,07,Séquences correspondant à des messages d’observation en surface (terre),307022,(Données d’observation au sol provenant du GNSS),,010004,Pression,,,,Operational,Original
bufr4/3/07/022/1/012001,07,Séquences correspondant à des messages d’observation en surface (terre),307022,(Données d’observation au sol provenant du GNSS),,012001,Température/température de l’air,,,,Operational,Original
bufr4/3/07/022/1/013003,07,Séquences correspondant à des messages d’observation en surface (terre),307022,(Données d’observation au sol provenant du GNSS),,013003,Humidité relative,,,,Operational,Original
bufr4/3/07/022/1/033038,07,Séquences correspondant à des messages d’observation en surface (terre),307022,(Données d’observation au sol provenant du GNSS),,033038,Indicateurs de qualité pour les données d’observation au sol du GNSS,,,,Operational,Original
bufr4/3/07/022/1/008022,07,Séquences correspondant à des messages d’observation en surface (terre),307022,(Données d’observation au sol provenant du GNSS),,008022,Nombre total (dans le contexte d’une somme Nombre de ou d’une moyenne),satellites du GNSS utilisés (à suivre),,,Operational,Original
bufr4/3/07/022/1/106025,07,Séquences correspondant à des messages d’observation en surface (terre),307022,,,106025,Répéter 6 descripteurs 25 fois,,,,Operational,Original
bufr4/3/07/022/1/002020,07,Séquences correspondant à des messages d’observation en surface (terre),307022,,,002020,Classification des satellites,,,,Operational,Original
bufr4/3/07/022/1/001050,07,Séquences correspondant à des messages d’observation en surface (terre),307022,,,001050,Numéro d’identification de l’émetteur de la plate-forme,,,,Operational,Original
bufr4/3/07/022/1/005021,07,Séquences correspondant à des messages d’observation en surface (terre),307022,,,005021,Direction ou azimut,,,,Operational,Original
bufr4/3/07/022/1/007021,07,Séquences correspondant à des messages d’observation en surface (terre),307022,,,007021,Hauteur,,,,Operational,Original
bufr4/3/07/022/1/015031,07,Séquences correspondant à des messages d’observation en surface (terre),307022,,,015031,Retard de propagation dans l’atmosphère du signal du satellite,,,,Operational,Original
bufr4/3/07/022/1/015032,07,Séquences correspondant à des messages d’observation en surface (terre),307022,,,015032,Erreur estimative du retard de propagation dans l’atmosphère,,,,Operational,Original
bufr4/3/07/022/1/008060,07,Séquences correspondant à des messages d’observation en surface (terre),307022,,,008060,Signification du mode de balayage de l’échantillon,= 5 Nord/Sud,,,Operational,Original
bufr4/3/07/022/1/015033,07,Séquences correspondant à des messages d’observation en surface (terre),307022,,,015033,Différence des retards de propagation pour des visées du limbe aux limites extrêmes du balayage,,,,Operational,Original
bufr4/3/07/022/1/015034,07,Séquences correspondant à des messages d’observation en surface (terre),307022,,,015034,Erreur estimative de la différence des retards de propagation,,,,Operational,Original
bufr4/3/07/022/2/008060,07,Séquences correspondant à des messages d’observation en surface (terre),307022,,,008060,Signification du mode de balayage de l’échantillon,= 6 Est/Ouest,,,Operational,Original
bufr4/3/07/022/2/015033,07,Séquences correspondant à des messages d’observation en surface (terre),307022,,,015033,Différence des retards de propagation pour des visées du limbe aux limites extrêmes du balayage,,,,Operational,Original
bufr4/3/07/022/2/015034,07,Séquences correspondant à des messages d’observation en surface (terre),307022,,,015034,Erreur estimative de la différence des retards de propagation,,,,Operational,Original
bufr4/3/07/022/1/015035,07,Séquences correspondant à des messages d’observation en surface (terre),307022,,,015035,Composante du retard de propagation pour une visée au zénith due à la vapeur d’eau,,,,Operational,Original
bufr4/3/07/022/1/201131,07,Séquences correspondant à des messages d’observation en surface (terre),307022,,,201131,Changer le champ de données,,,,Operational,Original
bufr4/3/07/022/1/202129,07,Séquences correspondant à des messages d’observation en surface (terre),307022,,,202129,Changer d’échelle,,,,Operational,Original
bufr4/3/07/022/1/013016,07,Séquences correspondant à des messages d’observation en surface (terre),307022,,,013016,Eau précipitable,,,,Operational,Original
bufr4/3/07/022/1/202000,07,Séquences correspondant à des messages d’observation en surface (terre),307022,,,202000,Changement d’échelle,Annuler,,,Operational,Original
bufr4/3/07/022/1/201000,07,Séquences correspondant à des messages d’observation en surface (terre),307022,,,201000,Changement du champs de données,Annuler,,,Operational,Original
bufr4/3/07/022/1/015011,07,Séquences correspondant à des messages d’observation en surface (terre),307022,,,015011,Log de la densité électronique 10 intégrée,,,,Operational,Original
bufr4/3/07/030/1/015001,07,Séquences correspondant à des messages d’observation en surface (terre),307030,(Données sur l’ozone – observation unique),,015001,Ozone total,,,,Operational,Original
bufr4/3/07/030/1/015002,07,Séquences correspondant à des messages d’observation en surface (terre),307030,(Données sur l’ozone – observation unique),,015002,Masse d’air (correspondant à une trajectoire oblique à une altitude de 22 km),,,,Operational,Original
bufr4/3/07/031/1/008022,07,Séquences correspondant à des messages d’observation en surface (terre),307031,(Données sur l’ozone – observations moyennées),,008022,Nombre total (dans le contexte d’une somme Nombre de ou d’une moyenne),mesures,,,Operational,Original
bufr4/3/07/031/1/008023,07,Séquences correspondant à des messages d’observation en surface (terre),307031,(Données sur l’ozone – observations moyennées),,008023,Statistiques de premier ordre,= 4 Valeur moyenne,,,Operational,Original
bufr4/3/07/031/1/015001,07,Séquences correspondant à des messages d’observation en surface (terre),307031,(Données sur l’ozone – observations moyennées),,015001,Ozone total,Valeur (moyenne) de la mesure de l’ozone,,,Operational,Original
bufr4/3/07/031/2/008023,07,Séquences correspondant à des messages d’observation en surface (terre),307031,(Données sur l’ozone – observations moyennées),,008023,Statistiques de premier ordre I. 2 – Table D/07 BUFR —,= 9 Meilleure estimation de l’écart type (à suivre) 5,,,Operational,Original
bufr4/3/07/031/2/015001,07,Séquences correspondant à des messages d’observation en surface (terre),307031,,,015001,Ozone total,Meilleure estima-tion de l’écart type de la mesure de l’ozone,,,Operational,Original
bufr4/3/07/031/3/008023,07,Séquences correspondant à des messages d’observation en surface (terre),307031,,,008023,Statistiques de premier ordre,= 11 Moyenne harmonique,,,Operational,Original
bufr4/3/07/031/1/015002,07,Séquences correspondant à des messages d’observation en surface (terre),307031,,,015002,Masse d’air (correspondant à une trajectoire Valeur (moyenne oblique à une altitude de 22 km),harmonique de la masse d’air,,,Operational,Original
bufr4/3/07/041/1/301001,07,Séquences correspondant à des messages d’observation en surface (terre),307041,"(Mesure de l’ozone total par un spectrophoto-mètre Brewer au sol, obtenue à partir d’une seule observation)",,301001,Indicateur régional OMM et chiffre indicatif OMM de la station,,,,Operational,Original
bufr4/3/07/041/1/001015,07,Séquences correspondant à des messages d’observation en surface (terre),307041,"(Mesure de l’ozone total par un spectrophoto-mètre Brewer au sol, obtenue à partir d’une seule observation)",,001015,Nom de la station ou du site,,,,Operational,Original
bufr4/3/07/041/1/301024,07,Séquences correspondant à des messages d’observation en surface (terre),307041,"(Mesure de l’ozone total par un spectrophoto-mètre Brewer au sol, obtenue à partir d’une seule observation)",,301024,"Latitude/longitude (faible précision), hauteur de la station",,,,Operational,Original
bufr4/3/07/041/1/301011,07,Séquences correspondant à des messages d’observation en surface (terre),307041,"(Mesure de l’ozone total par un spectrophoto-mètre Brewer au sol, obtenue à partir d’une seule observation)",,301011,"Année, mois, jour",Mesure de l’ozone,,,Operational,Original
bufr4/3/07/041/1/301012,07,Séquences correspondant à des messages d’observation en surface (terre),307041,"(Mesure de l’ozone total par un spectrophoto-mètre Brewer au sol, obtenue à partir d’une seule observation)",,301012,"Heure, minute",Mesure de l’ozone,,,Operational,Original
bufr4/3/07/041/1/301070,07,Séquences correspondant à des messages d’observation en surface (terre),307041,"(Mesure de l’ozone total par un spectrophoto-mètre Brewer au sol, obtenue à partir d’une seule observation)",,301070,Instrument de mesure de l’ozone – spectrophotomètre Brewer,,,,Operational,Original
bufr4/3/07/041/1/307030,07,Séquences correspondant à des messages d’observation en surface (terre),307041,"(Mesure de l’ozone total par un spectrophoto-mètre Brewer au sol, obtenue à partir d’une seule observation)",,307030,Données sur l’ozone – observation unique,,,,Operational,Original
bufr4/3/07/042/1/301001,07,Séquences correspondant à des messages d’observation en surface (terre),307042,"(Mesure de l’ozone total par un spectrophoto-mètre Brewer au sol, obtenue à partir d’observations moyennées)",,301001,Indicateur régional OMM et chiffre indicatif OMM de la station,,,,Operational,Original
bufr4/3/07/042/1/001015,07,Séquences correspondant à des messages d’observation en surface (terre),307042,"(Mesure de l’ozone total par un spectrophoto-mètre Brewer au sol, obtenue à partir d’observations moyennées)",,001015,Nom de la station ou du site,,,,Operational,Original
bufr4/3/07/042/1/301024,07,Séquences correspondant à des messages d’observation en surface (terre),307042,"(Mesure de l’ozone total par un spectrophoto-mètre Brewer au sol, obtenue à partir d’observations moyennées)",,301024,"Latitude/longitude (faible précision), hauteur de la station",,,,Operational,Original
bufr4/3/07/042/1/301011,07,Séquences correspondant à des messages d’observation en surface (terre),307042,"(Mesure de l’ozone total par un spectrophoto-mètre Brewer au sol, obtenue à partir d’observations moyennées)",,301011,"Année, mois, jour",Mesure de l’ozone,,,Operational,Original
bufr4/3/07/042/1/301012,07,Séquences correspondant à des messages d’observation en surface (terre),307042,"(Mesure de l’ozone total par un spectrophoto-mètre Brewer au sol, obtenue à partir d’observations moyennées)",,301012,"Heure, minute",Mesure de l’ozone,,,Operational,Original
bufr4/3/07/042/1/008021,07,Séquences correspondant à des messages d’observation en surface (terre),307042,"(Mesure de l’ozone total par un spectrophoto-mètre Brewer au sol, obtenue à partir d’observations moyennées)",,008021,Caractéristique temporelle,= 8 Moyenne d’ensemble,,,Operational,Original
bufr4/3/07/042/1/004025,07,Séquences correspondant à des messages d’observation en surface (terre),307042,"(Mesure de l’ozone total par un spectrophoto-mètre Brewer au sol, obtenue à partir d’observations moyennées)",,004025,Période ou décalage dans le temps,Période (minutes) de calcul de la moyenne,,,Operational,Original
bufr4/3/07/042/1/301070,07,Séquences correspondant à des messages d’observation en surface (terre),307042,"(Mesure de l’ozone total par un spectrophoto-mètre Brewer au sol, obtenue à partir d’observations moyennées)",,301070,Instrument de mesure de l’ozone – spectro-photomètre Brewer,,,,Operational,Original
bufr4/3/07/042/1/307031,07,Séquences correspondant à des messages d’observation en surface (terre),307042,"(Mesure de l’ozone total par un spectrophoto-mètre Brewer au sol, obtenue à partir d’observations moyennées)",,307031,Données sur l’ozone – observations moyennées,,,,Operational,Original
bufr4/3/07/043/1/301001,07,Séquences correspondant à des messages d’observation en surface (terre),307043,"(Mesure de l’ozone total par un spectrophoto-mètre Dobson au sol, obtenue à partir d’une seule observation)",,301001,Indicateur régional OMM et chiffre indicatif OMM de la station,,,,Operational,Original
bufr4/3/07/043/1/001015,07,Séquences correspondant à des messages d’observation en surface (terre),307043,"(Mesure de l’ozone total par un spectrophoto-mètre Dobson au sol, obtenue à partir d’une seule observation)",,001015,Nom de la station ou du site,(à suivre),,,Operational,Original
bufr4/3/07/043/1/301024,07,Séquences correspondant à des messages d’observation en surface (terre),307043,,,301024,"Latitude/longitude (faible précision), hauteur de la station",,,,Operational,Original
bufr4/3/07/043/1/301011,07,Séquences correspondant à des messages d’observation en surface (terre),307043,,,301011,"Année, mois, jour",Mesure de l’ozone,,,Operational,Original
bufr4/3/07/043/1/301012,07,Séquences correspondant à des messages d’observation en surface (terre),307043,,,301012,"Heure, minute",Mesure de l’ozone,,,Operational,Original
bufr4/3/07/043/1/301074,07,Séquences correspondant à des messages d’observation en surface (terre),307043,,,301074,Instrument de mesure de l’ozone – spectro-photomètre Dobson,,,,Operational,Original
bufr4/3/07/043/1/307030,07,Séquences correspondant à des messages d’observation en surface (terre),307043,,,307030,Données sur l’ozone – observation unique,,,,Operational,Original
bufr4/3/07/044/1/301001,07,Séquences correspondant à des messages d’observation en surface (terre),307044,"(Mesure de l’ozone total par un spectrophoto-mètre Dobson au sol, obtenue à partir d’observations moyennées)",,301001,Indicateur régional OMM et chiffre indicatif OMM de la station,,,,Operational,Original
bufr4/3/07/044/1/001015,07,Séquences correspondant à des messages d’observation en surface (terre),307044,"(Mesure de l’ozone total par un spectrophoto-mètre Dobson au sol, obtenue à partir d’observations moyennées)",,001015,Nom de la station ou du site,,,,Operational,Original
bufr4/3/07/044/1/301024,07,Séquences correspondant à des messages d’observation en surface (terre),307044,"(Mesure de l’ozone total par un spectrophoto-mètre Dobson au sol, obtenue à partir d’observations moyennées)",,301024,"Latitude/longitude (faible précision), hauteur de la station",,,,Operational,Original
bufr4/3/07/044/1/301011,07,Séquences correspondant à des messages d’observation en surface (terre),307044,"(Mesure de l’ozone total par un spectrophoto-mètre Dobson au sol, obtenue à partir d’observations moyennées)",,301011,"Année, mois, jour",Mesure de l’ozone,,,Operational,Original
bufr4/3/07/044/1/301012,07,Séquences correspondant à des messages d’observation en surface (terre),307044,"(Mesure de l’ozone total par un spectrophoto-mètre Dobson au sol, obtenue à partir d’observations moyennées)",,301012,"Heure, minute",Mesure de l’ozone,,,Operational,Original
bufr4/3/07/044/1/008021,07,Séquences correspondant à des messages d’observation en surface (terre),307044,"(Mesure de l’ozone total par un spectrophoto-mètre Dobson au sol, obtenue à partir d’observations moyennées)",,008021,Caractéristique temporelle,= 8 Moyenne d’ensemble,,,Operational,Original
bufr4/3/07/044/1/004025,07,Séquences correspondant à des messages d’observation en surface (terre),307044,"(Mesure de l’ozone total par un spectrophoto-mètre Dobson au sol, obtenue à partir d’observations moyennées)",,004025,Période ou décalage dans le temps,Période (minutes) de calcul de la moyenne,,,Operational,Original
bufr4/3/07/044/1/301074,07,Séquences correspondant à des messages d’observation en surface (terre),307044,"(Mesure de l’ozone total par un spectrophoto-mètre Dobson au sol, obtenue à partir d’observations moyennées)",,301074,Instrument de mesure de l’ozone – spectro-photomètre Dobson,,,,Operational,Original
bufr4/3/07/044/1/307031,07,Séquences correspondant à des messages d’observation en surface (terre),307044,"(Mesure de l’ozone total par un spectrophoto-mètre Dobson au sol, obtenue à partir d’observations moyennées)",,307031,Données sur l’ozone – observations moyennées,,,,Operational,Original
bufr4/3/07/045/1/001063,07,Séquences correspondant à des messages d’observation en surface (terre),307045,"(Partie principale du METAR/SPECI), remplaçant 3 07 011",,001063,Indicateur d’emplacement OACI,CCCC,,,Operational,Original
bufr4/3/07/045/1/008079,07,Séquences correspondant à des messages d’observation en surface (terre),307045,"(Partie principale du METAR/SPECI), remplaçant 3 07 011",,008079,Catégorie de produit,METAR SPECI COR,,,Operational,Original
bufr4/3/07/045/1/002001,07,Séquences correspondant à des messages d’observation en surface (terre),307045,"(Partie principale du METAR/SPECI), remplaçant 3 07 011",,002001,Type de station,AUTO,,,Operational,Original
bufr4/3/07/045/1/301011,07,Séquences correspondant à des messages d’observation en surface (terre),307045,"(Partie principale du METAR/SPECI), remplaçant 3 07 011",,301011,"Année, mois, jour",YY,,,Operational,Original
bufr4/3/07/045/1/301012,07,Séquences correspondant à des messages d’observation en surface (terre),307045,"(Partie principale du METAR/SPECI), remplaçant 3 07 011",,301012,"Heure, minute",GGgg,,,Operational,Original
bufr4/3/07/045/1/301023,07,Séquences correspondant à des messages d’observation en surface (terre),307045,"(Partie principale du METAR/SPECI), remplaçant 3 07 011",,301023,Latitude/longitude (faible précision),,,,Operational,Original
bufr4/3/07/045/1/007030,07,Séquences correspondant à des messages d’observation en surface (terre),307045,"(Partie principale du METAR/SPECI), remplaçant 3 07 011",,007030,Altitude du sol de la station,,,,Operational,Original
bufr4/3/07/045/1/007031,07,Séquences correspondant à des messages d’observation en surface (terre),307045,"(Partie principale du METAR/SPECI), remplaçant 3 07 011",,007031,Altitude du baromètre,,,,Operational,Original
bufr4/3/07/045/1/007032,07,Séquences correspondant à des messages d’observation en surface (terre),307045,"(Partie principale du METAR/SPECI), remplaçant 3 07 011",,007032,Hauteur du capteur au-dessus du sol (ou du pont sur une plate-forme marine),= 10 m (si la valeur réelle n’est pas disponible),,,Operational,Original
bufr4/3/07/045/1/011001,07,Séquences correspondant à des messages d’observation en surface (terre),307045,"(Partie principale du METAR/SPECI), remplaçant 3 07 011",,011001,Direction du vent,ddd,,,Operational,Original
bufr4/3/07/045/1/011016,07,Séquences correspondant à des messages d’observation en surface (terre),307045,"(Partie principale du METAR/SPECI), remplaçant 3 07 011",,011016,Direction du vent extrême dans le sens contaire des aiguilles d’une montre (vent variable),d d d n n n,,,Operational,Original
bufr4/3/07/045/1/011017,07,Séquences correspondant à des messages d’observation en surface (terre),307045,"(Partie principale du METAR/SPECI), remplaçant 3 07 011",,011017,Direction du vent extrême dans le sens des d aiguilles d’une montre (vent variable),d d x x x,,,Operational,Original
bufr4/3/07/045/1/008054,07,Séquences correspondant à des messages d’observation en surface (terre),307045,"(Partie principale du METAR/SPECI), remplaçant 3 07 011",,008054,Identificateur de la vitesse du vent ou des rafales,P,,,Operational,Original
bufr4/3/07/045/1/011083,07,Séquences correspondant à des messages d’observation en surface (terre),307045,"(Partie principale du METAR/SPECI), remplaçant 3 07 011",,011083,Vitesse du vent (voir note 1),ff – km/h,,,Operational,Original
bufr4/3/07/045/1/011084,07,Séquences correspondant à des messages d’observation en surface (terre),307045,"(Partie principale du METAR/SPECI), remplaçant 3 07 011",,011084,Vitesse du vent (voir note 1) I. 2 – Table D/07 BUFR —,ff – kt (à suivre) 7,,,Operational,Original
bufr4/3/07/045/1/011002,07,Séquences correspondant à des messages d’observation en surface (terre),307045,,,011002,Vitesse du vent (voir note 1),ff – m/s,,,Operational,Original
bufr4/3/07/045/2/008054,07,Séquences correspondant à des messages d’observation en surface (terre),307045,,,008054,Identificateur de la vitesse du vent ou des rafales,P,,,Operational,Original
bufr4/3/07/045/1/011085,07,Séquences correspondant à des messages d’observation en surface (terre),307045,,,011085,Vitesse de la rafale maximale (voir note 2),f f – km/h m m,,,Operational,Original
bufr4/3/07/045/1/011086,07,Séquences correspondant à des messages d’observation en surface (terre),307045,,,011086,Vitesse de la rafale maximale (voir note 2),f f – kt m m,,,Operational,Original
bufr4/3/07/045/1/011041,07,Séquences correspondant à des messages d’observation en surface (terre),307045,,,011041,Vitesse de la rafale maximale (voir note 2),f f – m/s m m,,,Operational,Original
bufr4/3/07/045/3/008054,07,Séquences correspondant à des messages d’observation en surface (terre),307045,,,008054,Identificateur de la vitesse du vent ou des rafales,Mis à valeur manquante (annuler),,,Operational,Original
bufr4/3/07/045/2/007032,07,Séquences correspondant à des messages d’observation en surface (terre),307045,,,007032,Hauteur du capteur au-dessus du sol,= 2 m (si la valeur,,,Operational,Original
bufr4/3/07/045/1/012023,07,Séquences correspondant à des messages d’observation en surface (terre),307045,,,012023,Température,T´T´ – Celsius,,,Operational,Original
bufr4/3/07/045/1/012024,07,Séquences correspondant à des messages d’observation en surface (terre),307045,,,012024,Température du point de rosée,T´ T´ – Celsius d d,,,Operational,Original
bufr4/3/07/045/3/007032,07,Séquences correspondant à des messages d’observation en surface (terre),307045,,,007032,Hauteur du capteur au-dessus du sol (ou du pont sur une plate-forme marine),Mis à valeur manquante (annuler),,,Operational,Original
bufr4/3/07/045/1/010052,07,Séquences correspondant à des messages d’observation en surface (terre),307045,,,010052,Calage de l’altimètre (QNH),QP P P P H H H H,,,Operational,Original
bufr4/3/07/045/1/020009,07,Séquences correspondant à des messages d’observation en surface (terre),307045,,,020009,Indicateur général du temps (TAF/METAR) (Visibilité METAR/SPECI),CAVOK,,,Operational,Original
bufr4/3/07/046/1/020060,07,Séquences correspondant à des messages d’observation en surface (terre),307046,(ou du pont sur une plate-forme marine),,020060,Visibilité horizontale dominante,VVVV ou VVVVNDV,,,Operational,Original
bufr4/3/07/046/1/102000,07,Séquences correspondant à des messages d’observation en surface (terre),307046,(ou du pont sur une plate-forme marine),,102000,Répétition différée de 2 descripteurs,,,,Operational,Original
bufr4/3/07/046/1/031001,07,Séquences correspondant à des messages d’observation en surface (terre),307046,(ou du pont sur une plate-forme marine),,031001,Facteur de répétition différée du descripteur Jusqu’à 2,,,,Operational,Original
bufr4/3/07/046/1/005021,07,Séquences correspondant à des messages d’observation en surface (terre),307046,(ou du pont sur une plate-forme marine),,005021,Direction ou azimut,Direction de la visibilité minimale observée D v,,,Operational,Original
bufr4/3/07/046/1/020059,07,Séquences correspondant à des messages d’observation en surface (terre),307046,(ou du pont sur une plate-forme marine),,020059,Visibilité horizontale minimale,V V V V N N N N,,,Operational,Original
bufr4/3/07/047/1/105000,07,Séquences correspondant à des messages d’observation en surface (terre),307047,"(Nuages METAR/SPECI/TAF), remplaçant 3 07 015",,105000,Répétition différée de 5 descripteurs,,,,Operational,Original
bufr4/3/07/047/1/031001,07,Séquences correspondant à des messages d’observation en surface (terre),307047,"(Nuages METAR/SPECI/TAF), remplaçant 3 07 015",,031001,Facteur de répétition différée du descripteur,,,,Operational,Original
bufr4/3/07/047/1/008002,07,Séquences correspondant à des messages d’observation en surface (terre),307047,"(Nuages METAR/SPECI/TAF), remplaçant 3 07 015",,008002,Caractéristique verticale (observations en surface),,,,Operational,Original
bufr4/3/07/047/1/020011,07,Séquences correspondant à des messages d’observation en surface (terre),307047,"(Nuages METAR/SPECI/TAF), remplaçant 3 07 015",,020011,Nébulosité,N N N s s s,,,Operational,Original
bufr4/3/07/047/1/020012,07,Séquences correspondant à des messages d’observation en surface (terre),307047,"(Nuages METAR/SPECI/TAF), remplaçant 3 07 015",,020012,Type de nuage,CC,,,Operational,Original
bufr4/3/07/047/1/020013,07,Séquences correspondant à des messages d’observation en surface (terre),307047,"(Nuages METAR/SPECI/TAF), remplaçant 3 07 015",,020013,Hauteur de la base des nuages,h h h – m s s s,,,Operational,Original
bufr4/3/07/047/1/020092,07,Séquences correspondant à des messages d’observation en surface (terre),307047,"(Nuages METAR/SPECI/TAF), remplaçant 3 07 015",,020092,Hauteur de la base des nuages,h h h – ft s s s,,,Operational,Original
bufr4/3/07/047/1/020002,07,Séquences correspondant à des messages d’observation en surface (terre),307047,"(Nuages METAR/SPECI/TAF), remplaçant 3 07 015",,020002,Visibilité verticale,VVh h h – m s s s,,,Operational,Original
bufr4/3/07/047/1/020091,07,Séquences correspondant à des messages d’observation en surface (terre),307047,"(Nuages METAR/SPECI/TAF), remplaçant 3 07 015",,020091,Visibilité verticale,VVh h h – ft s s s,,,Operational,Original
bufr4/3/07/048/1/008016,07,Séquences correspondant à des messages d’observation en surface (terre),307048,"(Prévision du type «tendance»), remplaçant 3 07 018",,008016,Identificateur de changement d’une prévision TTTTT NOSIG de type «tendance» ou d’une prévision d’aérodrome,,,,Operational,Original
bufr4/3/07/048/1/102000,07,Séquences correspondant à des messages d’observation en surface (terre),307048,"(Prévision du type «tendance»), remplaçant 3 07 018",,102000,Répétition différée de 2 descripteurs,(à suivre),,,Operational,Original
bufr4/3/07/048/1/031001,07,Séquences correspondant à des messages d’observation en surface (terre),307048,,,031001,"Facteur de répétition différée du descripteur = 0, 1 ou 2",,,,Operational,Original
bufr4/3/07/048/1/008017,07,Séquences correspondant à des messages d’observation en surface (terre),307048,,,008017,Identificateur de l’heure à laquelle le changement de prévision est attendu,TT,,,Operational,Original
bufr4/3/07/048/1/301012,07,Séquences correspondant à des messages d’observation en surface (terre),307048,,,301012,"Heure, minute",GGgg,,,Operational,Original
bufr4/3/07/048/1/112000,07,Séquences correspondant à des messages d’observation en surface (terre),307048,,,112000,Répétition différée de 12 descripteurs,,,,Operational,Original
bufr4/3/07/048/1/031000,07,Séquences correspondant à des messages d’observation en surface (terre),307048,,,031000,Facteur de répétition légèrement différée du descripteur,= 0 ou 1,,,Operational,Original
bufr4/3/07/048/1/007032,07,Séquences correspondant à des messages d’observation en surface (terre),307048,,,007032,Hauteur du capteur au-dessus du sol,= 10 m (si la valeur,,,Operational,Original
bufr4/3/07/048/1/011001,07,Séquences correspondant à des messages d’observation en surface (terre),307048,,,011001,Direction du vent,ddd,,,Operational,Original
bufr4/3/07/048/1/008054,07,Séquences correspondant à des messages d’observation en surface (terre),307048,,,008054,Identificateur de la vitesse du vent ou des rafales,P,,,Operational,Original
bufr4/3/07/048/1/011083,07,Séquences correspondant à des messages d’observation en surface (terre),307048,,,011083,Vitesse du vent (voir note 1),ff – km/h,,,Operational,Original
bufr4/3/07/048/1/011084,07,Séquences correspondant à des messages d’observation en surface (terre),307048,,,011084,Vitesse du vent (voir note 1),ff – kt,,,Operational,Original
bufr4/3/07/048/1/011002,07,Séquences correspondant à des messages d’observation en surface (terre),307048,,,011002,Vitesse du vent (voir note 1),ff – m/s,,,Operational,Original
bufr4/3/07/048/2/008054,07,Séquences correspondant à des messages d’observation en surface (terre),307048,,,008054,Identificateur de la vitesse du vent ou des rafales,P,,,Operational,Original
bufr4/3/07/048/1/011085,07,Séquences correspondant à des messages d’observation en surface (terre),307048,,,011085,Vitesse de la rafale maximale (voir note 2),f f – km/h m m,,,Operational,Original
bufr4/3/07/048/1/011086,07,Séquences correspondant à des messages d’observation en surface (terre),307048,,,011086,Vitesse de la rafale maximale (voir note 2),f f – kt m m,,,Operational,Original
bufr4/3/07/048/1/011041,07,Séquences correspondant à des messages d’observation en surface (terre),307048,,,011041,Vitesse de la rafale maximale (voir note 2),f f – m/s m m,,,Operational,Original
bufr4/3/07/048/3/008054,07,Séquences correspondant à des messages d’observation en surface (terre),307048,,,008054,Identificateur de la vitesse du vent ou des rafales,Mis à valeur manquante (annuler),,,Operational,Original
bufr4/3/07/048/2/007032,07,Séquences correspondant à des messages d’observation en surface (terre),307048,,,007032,Hauteur du capteur au-dessus du sol (ou du pont sur une plate-forme marine),Mis à valeur manquante (annuler),,,Operational,Original
bufr4/3/07/048/1/020009,07,Séquences correspondant à des messages d’observation en surface (terre),307048,,,020009,Indicateur général du temps (TAF/METAR),CAVOK NSW NSC,,,Operational,Original
bufr4/3/07/048/1/101000,07,Séquences correspondant à des messages d’observation en surface (terre),307048,,,101000,Répétition différée de 1 descripteur,,,,Operational,Original
bufr4/3/07/048/2/031000,07,Séquences correspondant à des messages d’observation en surface (terre),307048,,,031000,Facteur de répétition légèrement différée du descripteur,= 0 ou 1,,,Operational,Original
bufr4/3/07/048/1/020060,07,Séquences correspondant à des messages d’observation en surface (terre),307048,,,020060,Visibilité horizontale dominante,VVVV,,,Operational,Original
bufr4/3/07/048/1/307014,07,Séquences correspondant à des messages d’observation en surface (terre),307048,,,307014,Temps significatif présent ou prévu,Intensité et phénomènes météorologiques w´w´,,,Operational,Original
bufr4/3/07/048/1/307047,07,Séquences correspondant à des messages d’observation en surface (terre),307048,,,307047,"Nuages METAR/SPECI/TAF, remplaçant 3 07 015 (Conditions de la mer)",N N N h h h s s s s s s,,,Operational,Original
bufr4/3/07/049/1/102000,07,Séquences correspondant à des messages d’observation en surface (terre),307049,(ou du pont sur une plate-forme marine),,102000,Répétition différée de 2 descripteurs,,,,Operational,Original
bufr4/3/07/049/1/031000,07,Séquences correspondant à des messages d’observation en surface (terre),307049,(ou du pont sur une plate-forme marine),,031000,Facteur de répétition légèrement différée du descripteur,= 0 ou 1,,,Operational,Original
bufr4/3/07/049/1/022043,07,Séquences correspondant à des messages d’observation en surface (terre),307049,(ou du pont sur une plate-forme marine),,022043,Température de la mer/de l’eau,T T s s,,,Operational,Original
bufr4/3/07/049/1/022021,07,Séquences correspondant à des messages d’observation en surface (terre),307049,(ou du pont sur une plate-forme marine),,022021,Hauteur des vagues,S´,,,Operational,Original
bufr4/3/07/050/1/101000,07,Séquences correspondant à des messages d’observation en surface (terre),307050,(État de la piste),,101000,Répétition différée de 1 descripteur,,,,Operational,Original
bufr4/3/07/050/1/031000,07,Séquences correspondant à des messages d’observation en surface (terre),307050,(État de la piste),,031000,Facteur de répétition légèrement différée du descripteur I. 2 – Table D/07 BUFR —,= 0 ou 1 (à suivre) 9,,,Operational,Original
bufr4/3/07/050/1/020085,07,Séquences correspondant à des messages d’observation en surface (terre),307050,,,020085,État général de la piste,SNOCLO,,,Operational,Original
bufr4/3/07/050/1/102000,07,Séquences correspondant à des messages d’observation en surface (terre),307050,,,102000,Répétition différée de 2 descripteurs,,,,Operational,Original
bufr4/3/07/050/1/031001,07,Séquences correspondant à des messages d’observation en surface (terre),307050,,,031001,Facteur de répétition différée du descripteur,,,,Operational,Original
bufr4/3/07/050/1/001064,07,Séquences correspondant à des messages d’observation en surface (terre),307050,,,001064,Indicatif de piste,D D R R,,,Operational,Original
bufr4/3/07/050/2/020085,07,Séquences correspondant à des messages d’observation en surface (terre),307050,,,020085,État général de la piste,CLRD//,,,Operational,Original
bufr4/3/07/050/1/105000,07,Séquences correspondant à des messages d’observation en surface (terre),307050,,,105000,Répétition différée de 5 descripteurs,,,,Operational,Original
bufr4/3/07/050/2/031001,07,Séquences correspondant à des messages d’observation en surface (terre),307050,,,031001,Facteur de répétition différée du descripteur,,,,Operational,Original
bufr4/3/07/050/2/001064,07,Séquences correspondant à des messages d’observation en surface (terre),307050,,,001064,Indicatif de piste,D D R R,,,Operational,Original
bufr4/3/07/050/1/020086,07,Séquences correspondant à des messages d’observation en surface (terre),307050,,,020086,Dépôts sur la piste,E R,,,Operational,Original
bufr4/3/07/050/1/020087,07,Séquences correspondant à des messages d’observation en surface (terre),307050,,,020087,Contamination de la piste,C R,,,Operational,Original
bufr4/3/07/050/1/020088,07,Séquences correspondant à des messages d’observation en surface (terre),307050,,,020088,Épaisseur des dépôts sur la piste,e e R R,,,Operational,Original
bufr4/3/07/050/1/020089,07,Séquences correspondant à des messages d’observation en surface (terre),307050,,,020089,Coefficient de frottement de la piste,B B R R,,,Operational,Original
bufr4/3/07/051/1/307045,07,Séquences correspondant à des messages d’observation en surface (terre),307051,"(METAR/SPECI complet), remplaçant 3 07 021",,307045,"Partie principale du METAR/SPECI, remplaçant 3 07 011",,,,Operational,Original
bufr4/3/07/051/1/307046,07,Séquences correspondant à des messages d’observation en surface (terre),307051,"(METAR/SPECI complet), remplaçant 3 07 021",,307046,Visibilité METAR/SPECI,VVVV ou VVVVNDV V V V D V N N N N v,,,Operational,Original
bufr4/3/07/051/1/307013,07,Séquences correspondant à des messages d’observation en surface (terre),307051,"(METAR/SPECI complet), remplaçant 3 07 021",,307013,Portée visuelle de piste,RD D /V V V V R R R R R R,,,Operational,Original
bufr4/3/07/051/1/307014,07,Séquences correspondant à des messages d’observation en surface (terre),307051,"(METAR/SPECI complet), remplaçant 3 07 021",,307014,Temps significatif présent ou prévu,Intensité et phénomènes météorologiques w´w´,,,Operational,Original
bufr4/3/07/051/1/307047,07,Séquences correspondant à des messages d’observation en surface (terre),307051,"(METAR/SPECI complet), remplaçant 3 07 021",,307047,"Nuages METAR/SPECI/TAF, remplaçant 3 07 015",N N h h h N s s s s s s,,,Operational,Original
bufr4/3/07/051/1/307016,07,Séquences correspondant à des messages d’observation en surface (terre),307051,"(METAR/SPECI complet), remplaçant 3 07 021",,307016,Phénomènes météorologiques significatifs récents,REw´w´,,,Operational,Original
bufr4/3/07/051/1/307017,07,Séquences correspondant à des messages d’observation en surface (terre),307051,"(METAR/SPECI complet), remplaçant 3 07 021",,307017,Cisaillement du vent sur la (les) piste(s),D WS RD R R,,,Operational,Original
bufr4/3/07/051/1/307049,07,Séquences correspondant à des messages d’observation en surface (terre),307051,"(METAR/SPECI complet), remplaçant 3 07 021",,307049,Conditions de la mer,WT T /SS´ s s,,,Operational,Original
bufr4/3/07/051/1/307050,07,Séquences correspondant à des messages d’observation en surface (terre),307051,"(METAR/SPECI complet), remplaçant 3 07 021",,307050,État de la piste,D / RD R R C e e B B E R R R R R R,,,Operational,Original
bufr4/3/07/051/1/101000,07,Séquences correspondant à des messages d’observation en surface (terre),307051,"(METAR/SPECI complet), remplaçant 3 07 021",,101000,Répétition différée de 1 descripteur,,,,Operational,Original
bufr4/3/07/051/1/031001,07,Séquences correspondant à des messages d’observation en surface (terre),307051,"(METAR/SPECI complet), remplaçant 3 07 021",,031001,Facteur de répétition différée du descripteur = 0 à 3 en général,,,,Operational,Original
bufr4/3/07/051/1/307048,07,Séquences correspondant à des messages d’observation en surface (terre),307051,"(METAR/SPECI complet), remplaçant 3 07 021",,307048,"Prévision du type «tendance», remplaçant 3 07 018",,,,Operational,Original
bufr4/3/07/052/1/001063,07,Séquences correspondant à des messages d’observation en surface (terre),307052,(Identification et intervalle de temps d’une prévision d’aérodrome),,001063,Indicateur d’emplacement OACI,CCCC,,,Operational,Original
bufr4/3/07/052/1/008039,07,Séquences correspondant à des messages d’observation en surface (terre),307052,(Identification et intervalle de temps d’une prévision d’aérodrome),,008039,Caractéristique temporelle (prévision aéronautique),= 0 Heure de la prévision,,,Operational,Original
bufr4/3/07/052/1/301011,07,Séquences correspondant à des messages d’observation en surface (terre),307052,(Identification et intervalle de temps d’une prévision d’aérodrome),,301011,"Année, mois, jour",YY,,,Operational,Original
bufr4/3/07/052/1/301012,07,Séquences correspondant à des messages d’observation en surface (terre),307052,(Identification et intervalle de temps d’une prévision d’aérodrome),,301012,"Heure, minute",GGgg,,,Operational,Original
bufr4/3/07/052/1/008079,07,Séquences correspondant à des messages d’observation en surface (terre),307052,(Identification et intervalle de temps d’une prévision d’aérodrome),,008079,Catégorie de produit,COR CNL AMD NIL,,,Operational,Original
bufr4/3/07/052/2/008039,07,Séquences correspondant à des messages d’observation en surface (terre),307052,(Identification et intervalle de temps d’une prévision d’aérodrome),,008039,Caractéristique temporelle (prévision aéronautique),= 1 Heure de début de période de la prévision (à suivre),,,Operational,Original
bufr4/3/07/052/2/301011,07,Séquences correspondant à des messages d’observation en surface (terre),307052,,,301011,"Année, mois, jour",Y Y 1 1,,,Operational,Original
bufr4/3/07/052/2/301012,07,Séquences correspondant à des messages d’observation en surface (terre),307052,,,301012,"Heure, minute",G G 1 1,,,Operational,Original
bufr4/3/07/052/3/008039,07,Séquences correspondant à des messages d’observation en surface (terre),307052,,,008039,Caractéristique temporelle (prévision aéronautique),= 2 Heure de fin de période de la prévision,,,Operational,Original
bufr4/3/07/052/3/301011,07,Séquences correspondant à des messages d’observation en surface (terre),307052,,,301011,"Année, mois, jour",Y Y 2 2,,,Operational,Original
bufr4/3/07/052/3/301012,07,Séquences correspondant à des messages d’observation en surface (terre),307052,,,301012,"Heure, minute",G G 2 2,,,Operational,Original
bufr4/3/07/052/1/301023,07,Séquences correspondant à des messages d’observation en surface (terre),307052,,,301023,Latitude/longitude (faible précision),,,,Operational,Original
bufr4/3/07/052/1/007030,07,Séquences correspondant à des messages d’observation en surface (terre),307052,,,007030,Altitude du sol de la station,,,,Operational,Original
bufr4/3/07/052/1/007031,07,Séquences correspondant à des messages d’observation en surface (terre),307052,,,007031,Altitude du baromètre,,,,Operational,Original
bufr4/3/07/053/1/007032,07,Séquences correspondant à des messages d’observation en surface (terre),307053,(Prévision météorologique sur un aérodrome),,007032,Hauteur du capteur au-dessus du sol,= 10 m (si la valeur,,,Operational,Original
bufr4/3/07/053/1/011001,07,Séquences correspondant à des messages d’observation en surface (terre),307053,(Prévision météorologique sur un aérodrome),,011001,Direction du vent,ddd,,,Operational,Original
bufr4/3/07/053/1/008054,07,Séquences correspondant à des messages d’observation en surface (terre),307053,(Prévision météorologique sur un aérodrome),,008054,Identificateur de la vitesse du vent ou des rafales,P,,,Operational,Original
bufr4/3/07/053/1/011083,07,Séquences correspondant à des messages d’observation en surface (terre),307053,(Prévision météorologique sur un aérodrome),,011083,Vitesse du vent (voir note 1),ff – km/h,,,Operational,Original
bufr4/3/07/053/1/011084,07,Séquences correspondant à des messages d’observation en surface (terre),307053,(Prévision météorologique sur un aérodrome),,011084,Vitesse du vent (voir note 1),ff – kt,,,Operational,Original
bufr4/3/07/053/1/011002,07,Séquences correspondant à des messages d’observation en surface (terre),307053,(Prévision météorologique sur un aérodrome),,011002,Vitesse du vent (voir note 1),ff – m/s,,,Operational,Original
bufr4/3/07/053/2/008054,07,Séquences correspondant à des messages d’observation en surface (terre),307053,(Prévision météorologique sur un aérodrome),,008054,Identificateur de la vitesse du vent ou des rafales,P,,,Operational,Original
bufr4/3/07/053/1/011085,07,Séquences correspondant à des messages d’observation en surface (terre),307053,(Prévision météorologique sur un aérodrome),,011085,Vitesse de la rafale maximale (voir note 2),f – km/h f m m,,,Operational,Original
bufr4/3/07/053/1/011086,07,Séquences correspondant à des messages d’observation en surface (terre),307053,(Prévision météorologique sur un aérodrome),,011086,Vitesse de la rafale maximale (voir note 2),f – kt f m m,,,Operational,Original
bufr4/3/07/053/1/011041,07,Séquences correspondant à des messages d’observation en surface (terre),307053,(Prévision météorologique sur un aérodrome),,011041,Vitesse de la rafale maximale (voir note 2),f – m/s f m m,,,Operational,Original
bufr4/3/07/053/3/008054,07,Séquences correspondant à des messages d’observation en surface (terre),307053,(Prévision météorologique sur un aérodrome),,008054,Identificateur de la vitesse du vent ou des rafales,Mis à valeur manquante (annuler),,,Operational,Original
bufr4/3/07/053/2/007032,07,Séquences correspondant à des messages d’observation en surface (terre),307053,(Prévision météorologique sur un aérodrome),,007032,Hauteur du capteur au-dessus du sol (ou du pont sur une plate-forme marine),Mis à valeur manquante (annuler),,,Operational,Original
bufr4/3/07/053/1/020009,07,Séquences correspondant à des messages d’observation en surface (terre),307053,(Prévision météorologique sur un aérodrome),,020009,Indicateur général du temps (TAF/METAR),CAVOK NSW NSC,,,Operational,Original
bufr4/3/07/053/1/020060,07,Séquences correspondant à des messages d’observation en surface (terre),307053,(Prévision météorologique sur un aérodrome),,020060,Visibilité horizontale dominante,VVVV,,,Operational,Original
bufr4/3/07/053/1/307014,07,Séquences correspondant à des messages d’observation en surface (terre),307053,(Prévision météorologique sur un aérodrome),,307014,Temps significatif présent ou prévu,w´w´,,,Operational,Original
bufr4/3/07/053/1/307047,07,Séquences correspondant à des messages d’observation en surface (terre),307053,(Prévision météorologique sur un aérodrome),,307047,"Nuages METAR/SPECI/TAF, remplaçant 3 07 015 (Prévision de températures extrêmes)",N N h h h N s s s s s s,,,Operational,Original
bufr4/3/07/054/1/007032,07,Séquences correspondant à des messages d’observation en surface (terre),307054,(ou du pont sur une plate-forme marine),,007032,Hauteur du capteur au-dessus du sol (ou du pont sur une plate-forme marine),= 2 m (si la valeur réelle n’est pas disponible),,,Operational,Original
bufr4/3/07/054/1/008039,07,Séquences correspondant à des messages d’observation en surface (terre),307054,(ou du pont sur une plate-forme marine),,008039,Caractéristique temporelle (prévision aéronautique) I. 2 – Table D/07 BUFR —,= 3 Heure à laquelle la tempé-rature maximale est attendue (à suivre) 11,,,Operational,Original
bufr4/3/07/054/1/004003,07,Séquences correspondant à des messages d’observation en surface (terre),307054,,,004003,Jour,,,,Operational,Original
bufr4/3/07/054/1/004004,07,Séquences correspondant à des messages d’observation en surface (terre),307054,,,004004,Heure,G G F F,,,Operational,Original
bufr4/3/07/054/1/008023,07,Séquences correspondant à des messages d’observation en surface (terre),307054,,,008023,Statistiques de premier ordre,= 3 Minimum,,,Operational,Original
bufr4/3/07/054/1/012023,07,Séquences correspondant à des messages d’observation en surface (terre),307054,,,012023,Température,T – Celsius T F F,,,Operational,Original
bufr4/3/07/054/2/008039,07,Séquences correspondant à des messages d’observation en surface (terre),307054,,,008039,Caractéristique temporelle (prévision aéronautique),= 4 Heure à laquelle la tempé-rature minimale est attendue,,,Operational,Original
bufr4/3/07/054/2/004003,07,Séquences correspondant à des messages d’observation en surface (terre),307054,,,004003,Jour,,,,Operational,Original
bufr4/3/07/054/2/004004,07,Séquences correspondant à des messages d’observation en surface (terre),307054,,,004004,Heure,G G F F,,,Operational,Original
bufr4/3/07/054/2/008023,07,Séquences correspondant à des messages d’observation en surface (terre),307054,,,008023,Statistiques de premier ordre,= 2 Maximum,,,Operational,Original
bufr4/3/07/054/2/012023,07,Séquences correspondant à des messages d’observation en surface (terre),307054,,,012023,Température,T – Celsius T F F,,,Operational,Original
bufr4/3/07/054/3/008023,07,Séquences correspondant à des messages d’observation en surface (terre),307054,,,008023,Statistiques de premier ordre,Mis à valeur manquante (annuler),,,Operational,Original
bufr4/3/07/054/2/007032,07,Séquences correspondant à des messages d’observation en surface (terre),307054,,,007032,Hauteur du capteur au-dessus du sol,Mis à valeur,,,Operational,Original
bufr4/3/07/055/1/033045,07,Séquences correspondant à des messages d’observation en surface (terre),307055,(ou du pont sur une plate-forme marine),,033045,Probabilité du phénomène qui suit,C C 2 2,,,Operational,Original
bufr4/3/07/055/1/008016,07,Séquences correspondant à des messages d’observation en surface (terre),307055,(ou du pont sur une plate-forme marine),,008016,Identificateur de changement d’une prévision de type «tendance» ou d’une prévision d’aérodrome,TTTTTT,,,Operational,Original
bufr4/3/07/055/1/008039,07,Séquences correspondant à des messages d’observation en surface (terre),307055,(ou du pont sur une plate-forme marine),,008039,Caractéristique temporelle (prévision aéronautique),= 5 Heure de début du change-ment de prévision,,,Operational,Original
bufr4/3/07/055/1/004003,07,Séquences correspondant à des messages d’observation en surface (terre),307055,(ou du pont sur une plate-forme marine),,004003,Jour,,,,Operational,Original
bufr4/3/07/055/1/301012,07,Séquences correspondant à des messages d’observation en surface (terre),307055,(ou du pont sur une plate-forme marine),,301012,"Heure, minute",GGgg,,,Operational,Original
bufr4/3/07/055/2/008039,07,Séquences correspondant à des messages d’observation en surface (terre),307055,(ou du pont sur une plate-forme marine),,008039,Caractéristique temporelle (prévision aéronautique),= 6 Heure de fin du changement de prévision,,,Operational,Original
bufr4/3/07/055/2/004003,07,Séquences correspondant à des messages d’observation en surface (terre),307055,(ou du pont sur une plate-forme marine),,004003,Jour,,,,Operational,Original
bufr4/3/07/055/2/301012,07,Séquences correspondant à des messages d’observation en surface (terre),307055,(ou du pont sur une plate-forme marine),,301012,"Heure, minute",G G e e,,,Operational,Original
bufr4/3/07/055/1/307053,07,Séquences correspondant à des messages d’observation en surface (terre),307055,(ou du pont sur une plate-forme marine),,307053,Prévision météorologique sur un aérodrome Durant ou après,le changement,,,Operational,Original
bufr4/3/07/056/1/307052,07,Séquences correspondant à des messages d’observation en surface (terre),307056,(Prévision d’aérodrome — TAF complet),,307052,Identification et intervalle de temps d’une prévision d’aérodrome,,,,Operational,Original
bufr4/3/07/056/1/307053,07,Séquences correspondant à des messages d’observation en surface (terre),307056,(Prévision d’aérodrome — TAF complet),,307053,Prévision météorologique sur un aérodrome,,,,Operational,Original
bufr4/3/07/056/1/307054,07,Séquences correspondant à des messages d’observation en surface (terre),307056,(Prévision d’aérodrome — TAF complet),,307054,Prévision de températures extrêmes,,,,Operational,Original
bufr4/3/07/056/1/101000,07,Séquences correspondant à des messages d’observation en surface (terre),307056,(Prévision d’aérodrome — TAF complet),,101000,Répétition différée de 1 descripteur,,,,Operational,Original
bufr4/3/07/056/1/031001,07,Séquences correspondant à des messages d’observation en surface (terre),307056,(Prévision d’aérodrome — TAF complet),,031001,Facteur de répétition différée du descripteur,,,,Operational,Original
bufr4/3/07/056/1/307055,07,Séquences correspondant à des messages d’observation en surface (terre),307056,(Prévision d’aérodrome — TAF complet),,307055,Identificateur de changement et changements de prévision,(à suivre),,,Operational,Original
bufr4/3/07/060/1/007061,07,Séquences correspondant à des messages d’observation en surface (terre),307060,(Température du sol sous la surface terrestre),,007061,Profondeur sous la surface terrestre,,,,Operational,Original
bufr4/3/07/060/1/012030,07,Séquences correspondant à des messages d’observation en surface (terre),307060,(Température du sol sous la surface terrestre),,012030,Température du sol,,,,Operational,Original
bufr4/3/07/061/1/301031,07,Séquences correspondant à des messages d’observation en surface (terre),307061,(Données relatives à la température du sol à diverses profondeurs (pas plus de cinq) — position très précise),,301031,"Identification et type de station, date/heure, position (précision élevée), hauteur de la station",,,,Operational,Original
bufr4/3/07/061/1/101005,07,Séquences correspondant à des messages d’observation en surface (terre),307061,(Données relatives à la température du sol à diverses profondeurs (pas plus de cinq) — position très précise),,101005,Répéter 1 descripteur 5 fois,,,,Operational,Original
bufr4/3/07/061/1/307060,07,Séquences correspondant à des messages d’observation en surface (terre),307061,(Données relatives à la température du sol à diverses profondeurs (pas plus de cinq) — position très précise),,307060,Température du sol sous la surface terrestre,,,,Operational,Original
bufr4/3/07/062/1/301032,07,Séquences correspondant à des messages d’observation en surface (terre),307062,(Données relatives à la température du sol à diverses profondeurs (pas plus de cinq) — faible degré de précision de la position),,301032,"Identification et type de station, date/heure, position (faible précision), hauteur de la station",,,,Operational,Original
bufr4/3/07/062/1/101005,07,Séquences correspondant à des messages d’observation en surface (terre),307062,(Données relatives à la température du sol à diverses profondeurs (pas plus de cinq) — faible degré de précision de la position),,101005,Répéter 1 descripteur 5 fois,,,,Operational,Original
bufr4/3/07/062/1/307060,07,Séquences correspondant à des messages d’observation en surface (terre),307062,(Données relatives à la température du sol à diverses profondeurs (pas plus de cinq) — faible degré de précision de la position),,307060,Température du sol sous la surface terrestre,,,,Operational,Original
bufr4/3/07/063/1/007061,07,Séquences correspondant à des messages d’observation en surface (terre),307063,(Profondeur sous la surface terrestre et température du sol),,007061,Profondeur sous la surface terrestre,,,,Operational,Original
bufr4/3/07/063/1/012130,07,Séquences correspondant à des messages d’observation en surface (terre),307063,(Profondeur sous la surface terrestre et température du sol),,012130,Température du sol,Échelle: 2,,,Operational,Original
bufr4/3/07/071/1/301090,07,Séquences correspondant à des messages d’observation en surface (terre),307071,(Valeurs mensuelles provenant d’une station terrestre),,301090,"Identification de la station d’observation en surface; heure, coordonnées horizontales et verticales (voir note 3)",,,,Operational,Original
bufr4/3/07/071/1/004074,07,Séquences correspondant à des messages d’observation en surface (terre),307071,(Valeurs mensuelles provenant d’une station terrestre),,004074,Période ou décalage dans le temps de courte durée (voir note 3),= UTC – Heure locale,,,Operational,Original
bufr4/3/07/071/1/004023,07,Séquences correspondant à des messages d’observation en surface (terre),307071,(Valeurs mensuelles provenant d’une station terrestre),,004023,"Période ou décalage dans le temps Moyennes mensuelles de la pression, de la température, des extrêmes de température et de la tension de vapeur",Nombre de jours dans le mois,,,Operational,Original
bufr4/3/07/071/1/008023,07,Séquences correspondant à des messages d’observation en surface (terre),307071,(Valeurs mensuelles provenant d’une station terrestre),,008023,Statistiques de premier ordre,= 4 Valeur moyenne,,,Operational,Original
bufr4/3/07/071/1/010004,07,Séquences correspondant à des messages d’observation en surface (terre),307071,(Valeurs mensuelles provenant d’une station terrestre),,010004,Pression,,,,Operational,Original
bufr4/3/07/071/1/010051,07,Séquences correspondant à des messages d’observation en surface (terre),307071,(Valeurs mensuelles provenant d’une station terrestre),,010051,Pression ramenée au niveau moyen de la mer,,,,Operational,Original
bufr4/3/07/071/1/007004,07,Séquences correspondant à des messages d’observation en surface (terre),307071,(Valeurs mensuelles provenant d’une station terrestre),,007004,Pression I. 2 – Table D/07 BUFR —,Surface isobare standard ⎮ Mis à valeur manquante pour les stations situées en plaine (à suivre) 13,,,Operational,Original
bufr4/3/07/071/1/010009,07,Séquences correspondant à des messages d’observation en surface (terre),307071,,,010009,Hauteur géopotentielle,Surface isobare standard Mis à ⎮ valeur manquante (à suivre) pour les stations situées en plaine,,,Operational,Original
bufr4/3/07/071/1/007032,07,Séquences correspondant à des messages d’observation en surface (terre),307071,,,007032,Hauteur du capteur au-dessus du sol (ou du pont sur une plate-forme marine) (voir note 4),(à suivre) (à suivre),,,Operational,Original
bufr4/3/07/071/1/012101,07,Séquences correspondant à des messages d’observation en surface (terre),307071,,,012101,Température/température de l’air,,,,Operational,Original
bufr4/3/07/071/1/002051,07,Séquences correspondant à des messages d’observation en surface (terre),307071,,,002051,Indicateur servant à préciser la méthode d’observation des températures extrêmes,(à suivre),,,Operational,Original
bufr4/3/07/071/1/004051,07,Séquences correspondant à des messages d’observation en surface (terre),307071,,,004051,Heure principale à laquelle la température maximale est relevée quotidiennement,(à suivre),,,Operational,Original
bufr4/3/07/071/1/012118,07,Séquences correspondant à des messages d’observation en surface (terre),307071,,,012118,"Température maximale à une hauteur déter-minée, au cours des 24 heures précédentes",,,,Operational,Original
bufr4/3/07/071/1/004052,07,Séquences correspondant à des messages d’observation en surface (terre),307071,,,004052,Heure principale à laquelle la température minimale est relevée quotidiennement,(à suivre),,,Operational,Original
bufr4/3/07/071/1/012119,07,Séquences correspondant à des messages d’observation en surface (terre),307071,,,012119,"Température minimale à une hauteur déter-minée, au cours des 24 heures précédentes",(à suivre),,,Operational,Original
bufr4/3/07/071/1/013004,07,Séquences correspondant à des messages d’observation en surface (terre),307071,,,013004,Tension de vapeur,,,,Operational,Original
bufr4/3/07/071/2/008023,07,Séquences correspondant à des messages d’observation en surface (terre),307071,,,008023,Statistiques de premier ordre,(à suivre) Mis à valeur manquante,,,Operational,Original
bufr4/3/07/071/1/012151,07,Séquences correspondant à des messages d’observation en surface (terre),307071,,,012151,Écart-type de la température moyenne journalière,(à suivre),,,Operational,Original
bufr4/3/07/071/2/007032,07,Séquences correspondant à des messages d’observation en surface (terre),307071,,,007032,Hauteur du capteur au-dessus du sol (ou du pont sur une plate-forme marine),Mis à valeur manquante (à suivre) (annuler),,,Operational,Original
bufr4/3/07/071/1/102005,07,Séquences correspondant à des messages d’observation en surface (terre),307071,,,102005,Répéter 2 descripteurs 5 fois,,,,Operational,Original
bufr4/3/07/071/1/008050,07,Séquences correspondant à des messages d’observation en surface (terre),307071,,,008050,"Identificateur pour le nombre de valeurs manquantes dans le calcul des statistiques = 1 Pression, = 2 Température, = 4 Tension de vapeur, = 7 Température maximale, = 8 Température minimale",/voir colonne (à suivre) de gauche (à suivre),,,Operational,Original
bufr4/3/07/071/1/008020,07,Séquences correspondant à des messages d’observation en surface (terre),307071,,,008020,Nombre total de valeurs manquantes (pour Jours le calcul du total ou de la moyenne) Durée d’insolation,,,,Operational,Original
bufr4/3/07/071/1/014032,07,Séquences correspondant à des messages d’observation en surface (terre),307071,,,014032,Insolation totale,,,,Operational,Original
bufr4/3/07/071/1/014033,07,Séquences correspondant à des messages d’observation en surface (terre),307071,,,014033,Insolation totale,,,,Operational,Original
bufr4/3/07/071/2/008050,07,Séquences correspondant à des messages d’observation en surface (terre),307071,,,008050,Identificateur pour le nombre de valeurs manquantes dans le calcul des statistiques,= 6 Durée d’insolation,,,Operational,Original
bufr4/3/07/071/2/008020,07,Séquences correspondant à des messages d’observation en surface (terre),307071,,,008020,Nombre total de valeurs manquantes (pour le calcul du total ou de la moyenne),Jours (à suivre),,,Operational,Original
bufr4/3/07/071/1/102018,07,Séquences correspondant à des messages d’observation en surface (terre),307071,,,102018,Répéter 2 descripteurs 18 fois,,,,Operational,Original
bufr4/3/07/071/1/008052,07,Séquences correspondant à des messages d’observation en surface (terre),307071,,,008052,Condition pour laquelle le nombre de jours d’occurrence est indiqué,,,,Operational,Original
bufr4/3/07/071/1/008022,07,Séquences correspondant à des messages d’observation en surface (terre),307071,,,008022,Nombre total (dans le contexte d’une somme Jours ou d’une moyenne) Occurrence de valeurs extrêmes de la température et de la vitesse du vent,,,,Operational,Original
bufr4/3/07/071/3/007032,07,Séquences correspondant à des messages d’observation en surface (terre),307071,,,007032,Hauteur du capteur au-dessus du sol (ou du pont sur une plate-forme marine) (voir note 4),,,,Operational,Original
bufr4/3/07/071/1/008053,07,Séquences correspondant à des messages d’observation en surface (terre),307071,,,008053,Identificateur du jour d’occurrence,"= 0 Un jour seule-ment dans le mois, = 1 Plus d’un jour dans le mois",,,Operational,Original
bufr4/3/07/071/1/004003,07,Séquences correspondant à des messages d’observation en surface (terre),307071,,,004003,Jour,,,,Operational,Original
bufr4/3/07/071/1/012152,07,Séquences correspondant à des messages d’observation en surface (terre),307071,,,012152,Température moyenne journalière la plus élevée,,,,Operational,Original
bufr4/3/07/071/2/008053,07,Séquences correspondant à des messages d’observation en surface (terre),307071,,,008053,Identificateur du jour d’occurrence,"= 0 Un jour seule-ment dans le mois, = 1 Plus d’un jour dans le mois",,,Operational,Original
bufr4/3/07/071/2/004003,07,Séquences correspondant à des messages d’observation en surface (terre),307071,,,004003,Jour,,,,Operational,Original
bufr4/3/07/071/1/012153,07,Séquences correspondant à des messages d’observation en surface (terre),307071,,,012153,Température moyenne journalière la plus basse,,,,Operational,Original
bufr4/3/07/071/3/008053,07,Séquences correspondant à des messages d’observation en surface (terre),307071,,,008053,Identificateur du jour d’occurrence,"= 0 Un jour seule-ment dans le mois, = 1 Plus d’un jour dans le mois",,,Operational,Original
bufr4/3/07/071/3/004003,07,Séquences correspondant à des messages d’observation en surface (terre),307071,,,004003,Jour,,,,Operational,Original
bufr4/3/07/071/3/008023,07,Séquences correspondant à des messages d’observation en surface (terre),307071,,,008023,Statistiques de premier ordre,= 2 Valeur maximale,,,Operational,Original
bufr4/3/07/071/2/012101,07,Séquences correspondant à des messages d’observation en surface (terre),307071,,,012101,Température/température de l’air,,,,Operational,Original
bufr4/3/07/071/4/008053,07,Séquences correspondant à des messages d’observation en surface (terre),307071,,,008053,Identificateur du jour d’occurrence,"= 0 Un jour seule-ment dans le mois, = 1 Plus d’un jour dans le mois",,,Operational,Original
bufr4/3/07/071/4/004003,07,Séquences correspondant à des messages d’observation en surface (terre),307071,,,004003,Jour,,,,Operational,Original
bufr4/3/07/071/4/008023,07,Séquences correspondant à des messages d’observation en surface (terre),307071,,,008023,Statistiques de premier ordre,= 3 Valeur minimale,,,Operational,Original
bufr4/3/07/071/3/012101,07,Séquences correspondant à des messages d’observation en surface (terre),307071,,,012101,Température/température de l’air,,,,Operational,Original
bufr4/3/07/071/5/008023,07,Séquences correspondant à des messages d’observation en surface (terre),307071,,,008023,Statistiques de premier ordre,Mis à valeur manquante,,,Operational,Original
bufr4/3/07/071/4/007032,07,Séquences correspondant à des messages d’observation en surface (terre),307071,,,007032,Hauteur du capteur au-dessus du sol (ou du pont sur une plate-forme marine) (voir note 4) I. 2 – Table D/07 BUFR —,(à suivre) 15,,,Operational,Original
bufr4/3/07/071/1/002002,07,Séquences correspondant à des messages d’observation en surface (terre),307071,,,002002,Type d’instrument pour la mesure du vent,,,,Operational,Original
bufr4/3/07/071/5/008053,07,Séquences correspondant à des messages d’observation en surface (terre),307071,,,008053,Identificateur du jour d’occurrence,"= 0 Un jour seule-ment dans le mois, = 1 Plus d’un jour dans le mois",,,Operational,Original
bufr4/3/07/071/5/004003,07,Séquences correspondant à des messages d’observation en surface (terre),307071,,,004003,Jour,,,,Operational,Original
bufr4/3/07/071/1/011046,07,Séquences correspondant à des messages d’observation en surface (terre),307071,,,011046,Vitesse maximale du vent instantané,,,,Operational,Original
bufr4/3/07/071/6/008053,07,Séquences correspondant à des messages d’observation en surface (terre),307071,,,008053,Identificateur du jour d’occurrence Précipitations,Mis à valeur manquante (annuler),,,Operational,Original
bufr4/3/07/071/6/004003,07,Séquences correspondant à des messages d’observation en surface (terre),307071,,,004003,Jour (voir note 5),= 1,,,Operational,Original
bufr4/3/07/071/1/004004,07,Séquences correspondant à des messages d’observation en surface (terre),307071,,,004004,Heure (voir note 5),= 6,,,Operational,Original
bufr4/3/07/071/2/004023,07,Séquences correspondant à des messages d’observation en surface (terre),307071,,,004023,Période ou décalage dans le temps (voir note 5),Nombre de jours dans le mois,,,Operational,Original
bufr4/3/07/071/5/007032,07,Séquences correspondant à des messages d’observation en surface (terre),307071,,,007032,Hauteur du capteur au-dessus du sol (ou du pont sur une plate-forme marine) (voir note 4),,,,Operational,Original
bufr4/3/07/071/1/013060,07,Séquences correspondant à des messages d’observation en surface (terre),307071,,,013060,Précipitations totales cumulées,,,,Operational,Original
bufr4/3/07/071/1/013051,07,Séquences correspondant à des messages d’observation en surface (terre),307071,,,013051,"Groupe de fréquence, précipitations",,,,Operational,Original
bufr4/3/07/071/1/004053,07,Séquences correspondant à des messages d’observation en surface (terre),307071,,,004053,Nombre de jours avec précipitations égales ou supérieures à 1 mm,,,,Operational,Original
bufr4/3/07/071/3/008050,07,Séquences correspondant à des messages d’observation en surface (terre),307071,,,008050,Identificateur pour le nombre de valeurs manquantes dans le calcul des statistiques,= 5 Précipitations,,,Operational,Original
bufr4/3/07/071/3/008020,07,Séquences correspondant à des messages d’observation en surface (terre),307071,,,008020,Nombre total de valeurs manquantes (pour le calcul du total ou de la moyenne) Nombre de jours d’occurrence,Jours,,,Operational,Original
bufr4/3/07/071/1/102006,07,Séquences correspondant à des messages d’observation en surface (terre),307071,,,102006,Répéter 2 descripteurs 6 fois,,,,Operational,Original
bufr4/3/07/071/2/008052,07,Séquences correspondant à des messages d’observation en surface (terre),307071,,,008052,Conditions pour laquelle le nombre de jours d’occurrence est indiqué,,,,Operational,Original
bufr4/3/07/071/2/008022,07,Séquences correspondant à des messages d’observation en surface (terre),307071,,,008022,Nombre total (dans le contexte d’une somme ou d’une moyenne) Occurrence de précipitations extrêmes,Jours,,,Operational,Original
bufr4/3/07/071/7/008053,07,Séquences correspondant à des messages d’observation en surface (terre),307071,,,008053,Identificateur du jour d’occurrence,"= 0 Un jour seule-ment dans le mois, = 1 Plus d’un jour dans le mois",,,Operational,Original
bufr4/3/07/071/7/004003,07,Séquences correspondant à des messages d’observation en surface (terre),307071,,,004003,Jour,,,,Operational,Original
bufr4/3/07/071/1/013052,07,Séquences correspondant à des messages d’observation en surface (terre),307071,,,013052,Quantité journalière de précipitations la plus élevée,,,,Operational,Original
bufr4/3/07/071/6/007032,07,Séquences correspondant à des messages d’observation en surface (terre),307071,,,007032,Hauteur du capteur au-dessus du sol (ou du pont sur une plate-forme marine),Mis à valeur manquante (annuler) (à suivre),,,Operational,Original
bufr4/3/07/072/1/004001,07,Séquences correspondant à des messages d’observation en surface (terre),307072,(Normales mensuelles pour une station terrestre),,004001,Année,Début de la période de référence,,,Operational,Original
bufr4/3/07/072/2/004001,07,Séquences correspondant à des messages d’observation en surface (terre),307072,(Normales mensuelles pour une station terrestre),,004001,Année,Fin de la période de référence,,,Operational,Original
bufr4/3/07/072/1/004002,07,Séquences correspondant à des messages d’observation en surface (terre),307072,(Normales mensuelles pour une station terrestre),,004002,Mois,,,,Operational,Original
bufr4/3/07/072/1/004003,07,Séquences correspondant à des messages d’observation en surface (terre),307072,(Normales mensuelles pour une station terrestre),,004003,Jour (voir note 3),= 1,,,Operational,Original
bufr4/3/07/072/1/004004,07,Séquences correspondant à des messages d’observation en surface (terre),307072,(Normales mensuelles pour une station terrestre),,004004,Heure (voir note 3),= 0,,,Operational,Original
bufr4/3/07/072/1/004074,07,Séquences correspondant à des messages d’observation en surface (terre),307072,(Normales mensuelles pour une station terrestre),,004074,Période ou décalage dans le temps de courte durée (voir note 3),= UTC – Heure locale,,,Operational,Original
bufr4/3/07/072/1/004022,07,Séquences correspondant à des messages d’observation en surface (terre),307072,(Normales mensuelles pour une station terrestre),,004022,"Période ou décalage dans le temps Normales des moyennes mensuelles de la pression, des températures, de la tension de vapeur et de l’écart-type",= 1,,,Operational,Original
bufr4/3/07/072/1/008023,07,Séquences correspondant à des messages d’observation en surface (terre),307072,(Normales mensuelles pour une station terrestre),,008023,Statistiques de premier ordre,= 4 Valeur moyenne,,,Operational,Original
bufr4/3/07/072/1/010004,07,Séquences correspondant à des messages d’observation en surface (terre),307072,(Normales mensuelles pour une station terrestre),,010004,Pression,,,,Operational,Original
bufr4/3/07/072/1/010051,07,Séquences correspondant à des messages d’observation en surface (terre),307072,(Normales mensuelles pour une station terrestre),,010051,Pression ramenée au niveau moyen de la mer,,,,Operational,Original
bufr4/3/07/072/1/007004,07,Séquences correspondant à des messages d’observation en surface (terre),307072,(Normales mensuelles pour une station terrestre),,007004,Pression,Surface isobare standard,,,Operational,Original
bufr4/3/07/072/1/010009,07,Séquences correspondant à des messages d’observation en surface (terre),307072,(Normales mensuelles pour une station terrestre),,010009,Hauteur géopotentielle,Surface isobare standard,,,Operational,Original
bufr4/3/07/072/1/007032,07,Séquences correspondant à des messages d’observation en surface (terre),307072,(Normales mensuelles pour une station terrestre),,007032,Hauteur du capteur au-dessus du sol (ou du pont sur une plate-forme marine) (voir note 4),,,,Operational,Original
bufr4/3/07/072/1/012101,07,Séquences correspondant à des messages d’observation en surface (terre),307072,(Normales mensuelles pour une station terrestre),,012101,Température/température de l’air,,,,Operational,Original
bufr4/3/07/072/1/002051,07,Séquences correspondant à des messages d’observation en surface (terre),307072,(Normales mensuelles pour une station terrestre),,002051,Indicateur servant à préciser la méthode d’observation des températures extrêmes,= 2,,,Operational,Original
bufr4/3/07/072/1/004051,07,Séquences correspondant à des messages d’observation en surface (terre),307072,(Normales mensuelles pour une station terrestre),,004051,Heure principale à laquelle la température maximale est relevée quotidiennement,,,,Operational,Original
bufr4/3/07/072/1/012118,07,Séquences correspondant à des messages d’observation en surface (terre),307072,(Normales mensuelles pour une station terrestre),,012118,"Température maximale à une hauteur déter-minée, au cours des 24 heures précédentes",,,,Operational,Original
bufr4/3/07/072/1/004052,07,Séquences correspondant à des messages d’observation en surface (terre),307072,(Normales mensuelles pour une station terrestre),,004052,Heure principale à laquelle la température minimale est relevée quotidiennement,,,,Operational,Original
bufr4/3/07/072/1/012119,07,Séquences correspondant à des messages d’observation en surface (terre),307072,(Normales mensuelles pour une station terrestre),,012119,"Température minimale à une hauteur déter-minée, au cours des 24 heures précédentes",,,,Operational,Original
bufr4/3/07/072/1/013004,07,Séquences correspondant à des messages d’observation en surface (terre),307072,(Normales mensuelles pour une station terrestre),,013004,Tension de vapeur,,,,Operational,Original
bufr4/3/07/072/1/012151,07,Séquences correspondant à des messages d’observation en surface (terre),307072,(Normales mensuelles pour une station terrestre),,012151,Écart-type de la température moyenne journalière,,,,Operational,Original
bufr4/3/07/072/2/007032,07,Séquences correspondant à des messages d’observation en surface (terre),307072,(Normales mensuelles pour une station terrestre),,007032,Hauteur du capteur au-dessus du sol (ou du pont sur une plate-forme marine) I. 2 – Table D/07 BUFR —,Mis à valeur manquante (annuler) (à suivre) 17,,,Operational,Original
bufr4/3/07/072/1/014032,07,Séquences correspondant à des messages d’observation en surface (terre),307072,,,014032,Insolation totale,,,,Operational,Original
bufr4/3/07/072/2/008023,07,Séquences correspondant à des messages d’observation en surface (terre),307072,,,008023,Statistiques de premier ordre Normales des précipitations,Mis à valeur manquante,,,Operational,Original
bufr4/3/07/072/3/004001,07,Séquences correspondant à des messages d’observation en surface (terre),307072,,,004001,Année,Début de la période de référence,,,Operational,Original
bufr4/3/07/072/4/004001,07,Séquences correspondant à des messages d’observation en surface (terre),307072,,,004001,Année,Fin de la période de référence,,,Operational,Original
bufr4/3/07/072/2/004002,07,Séquences correspondant à des messages d’observation en surface (terre),307072,,,004002,Mois,,,,Operational,Original
bufr4/3/07/072/2/004003,07,Séquences correspondant à des messages d’observation en surface (terre),307072,,,004003,Jour (voir note 5),= 1,,,Operational,Original
bufr4/3/07/072/2/004004,07,Séquences correspondant à des messages d’observation en surface (terre),307072,,,004004,Heure (voir note 5),= 6,,,Operational,Original
bufr4/3/07/072/2/004022,07,Séquences correspondant à des messages d’observation en surface (terre),307072,,,004022,Période ou décalage dans le temps,= 1,,,Operational,Original
bufr4/3/07/072/3/007032,07,Séquences correspondant à des messages d’observation en surface (terre),307072,,,007032,Hauteur du capteur au-dessus du sol,,,,Operational,Original
bufr4/3/07/072/3/008023,07,Séquences correspondant à des messages d’observation en surface (terre),307072,,,008023,Statistiques de premier ordre,= 4 Valeur moyenne,,,Operational,Original
bufr4/3/07/072/1/013060,07,Séquences correspondant à des messages d’observation en surface (terre),307072,,,013060,Précipitations totales cumulées,,,,Operational,Original
bufr4/3/07/072/1/004053,07,Séquences correspondant à des messages d’observation en surface (terre),307072,,,004053,Nombre de jours avec précipitations égales ou supérieures à 1 mm,,,,Operational,Original
bufr4/3/07/072/4/008023,07,Séquences correspondant à des messages d’observation en surface (terre),307072,,,008023,Statistiques de premier ordre,Mis à valeur manquante,,,Operational,Original
bufr4/3/07/072/1/102008,07,Séquences correspondant à des messages d’observation en surface (terre),307072,,,102008,Répéter 2 descripteurs 8 fois,,,,Operational,Original
bufr4/3/07/072/1/008050,07,Séquences correspondant à des messages d’observation en surface (terre),307072,,,008050,"Identificateur pour le nombre de valeurs manquantes dans le calcul des statistiques (voir note 6) = 1 Pression, = 2 Température, = 3 Température extrême, = 4 Tension de vapeur, = 5 Précipitations, = 6 Durée d’insolation, = 7 Température maximale, = 8 Température minimale",/voir colonne de gauche,,,Operational,Original
bufr4/3/07/072/1/008020,07,Séquences correspondant à des messages d’observation en surface (terre),307072,,,008020,Nombre total de valeurs manquantes (pour le calcul du total ou de la moyenne) (voir note 6) (Représentation des valeurs mensuelles composant les données CLIMAT),Années,,,Operational,Original
bufr4/3/07/073/1/307071,07,Séquences correspondant à des messages d’observation en surface (terre),307073,(ou du pont sur une plate-forme marine),,307071,Valeurs mensuelles provenant d’une station terrestre,,,,Operational,Original
bufr4/3/07/073/1/307072,07,Séquences correspondant à des messages d’observation en surface (terre),307073,(ou du pont sur une plate-forme marine),,307072,Normales mensuelles pour une station terrestre,(à suivre),,,Operational,Original
bufr4/3/07/074/1/301001,07,Séquences correspondant à des messages d’observation en surface (terre),307074,(Valeurs supplémentaires des extrêmes quotidiens de la température et des précipitations destinées aux messages mensuels de données climatiques),,301001,Indicateur régional OMM et chiffre indicatif OMM de la station,,,,Operational,Original
bufr4/3/07/074/1/004001,07,Séquences correspondant à des messages d’observation en surface (terre),307074,(Valeurs supplémentaires des extrêmes quotidiens de la température et des précipitations destinées aux messages mensuels de données climatiques),,004001,Année,,,,Operational,Original
bufr4/3/07/074/1/004002,07,Séquences correspondant à des messages d’observation en surface (terre),307074,(Valeurs supplémentaires des extrêmes quotidiens de la température et des précipitations destinées aux messages mensuels de données climatiques),,004002,Mois,,,,Operational,Original
bufr4/3/07/074/1/301021,07,Séquences correspondant à des messages d’observation en surface (terre),307074,(Valeurs supplémentaires des extrêmes quotidiens de la température et des précipitations destinées aux messages mensuels de données climatiques),,301021,Latitude/longitude (précision élevée),,,,Operational,Original
bufr4/3/07/074/1/007030,07,Séquences correspondant à des messages d’observation en surface (terre),307074,(Valeurs supplémentaires des extrêmes quotidiens de la température et des précipitations destinées aux messages mensuels de données climatiques),,007030,Altitude du sol de la station,,,,Operational,Original
bufr4/3/07/074/1/007032,07,Séquences correspondant à des messages d’observation en surface (terre),307074,(Valeurs supplémentaires des extrêmes quotidiens de la température et des précipitations destinées aux messages mensuels de données climatiques),,007032,Hauteur du capteur au-dessus du sol (ou du pont sur une plate-forme marine),,,,Operational,Original
bufr4/3/07/074/1/112000,07,Séquences correspondant à des messages d’observation en surface (terre),307074,(Valeurs supplémentaires des extrêmes quotidiens de la température et des précipitations destinées aux messages mensuels de données climatiques),,112000,Répétition différée de 12 descripteurs,,,,Operational,Original
bufr4/3/07/074/1/031001,07,Séquences correspondant à des messages d’observation en surface (terre),307074,(Valeurs supplémentaires des extrêmes quotidiens de la température et des précipitations destinées aux messages mensuels de données climatiques),,031001,Facteur de répétition différée du descripteur,Correspond au nombre de jours du mois pour lesquels des données sont transmises,,,Operational,Original
bufr4/3/07/074/1/004003,07,Séquences correspondant à des messages d’observation en surface (terre),307074,(Valeurs supplémentaires des extrêmes quotidiens de la température et des précipitations destinées aux messages mensuels de données climatiques),,004003,Jour,,,,Operational,Original
bufr4/3/07/074/1/004004,07,Séquences correspondant à des messages d’observation en surface (terre),307074,(Valeurs supplémentaires des extrêmes quotidiens de la température et des précipitations destinées aux messages mensuels de données climatiques),,004004,Heure,,,,Operational,Original
bufr4/3/07/074/1/004024,07,Séquences correspondant à des messages d’observation en surface (terre),307074,(Valeurs supplémentaires des extrêmes quotidiens de la température et des précipitations destinées aux messages mensuels de données climatiques),,004024,Période ou décalage dans le temps,Indique normalement–24 pour désigner la période qui commence 24 heures avant l’heure indiquée et qui se termine à cette même heure,,,Operational,Original
bufr4/3/07/074/1/102003,07,Séquences correspondant à des messages d’observation en surface (terre),307074,(Valeurs supplémentaires des extrêmes quotidiens de la température et des précipitations destinées aux messages mensuels de données climatiques),,102003,Répéter 2 descripteurs 3 fois,,,,Operational,Original
bufr4/3/07/074/1/008023,07,Séquences correspondant à des messages d’observation en surface (terre),307074,(Valeurs supplémentaires des extrêmes quotidiens de la température et des précipitations destinées aux messages mensuels de données climatiques),,008023,"Statistiques de premier ordre = 2 Température maximale quotidienne, = 3 Température minimale quotidienne, = 4 Température moyenne quotidienne",/voir colonne de gauche,,,Operational,Original
bufr4/3/07/074/1/012101,07,Séquences correspondant à des messages d’observation en surface (terre),307074,(Valeurs supplémentaires des extrêmes quotidiens de la température et des précipitations destinées aux messages mensuels de données climatiques),,012101,Température/température de l’air,,,,Operational,Original
bufr4/3/07/074/2/008023,07,Séquences correspondant à des messages d’observation en surface (terre),307074,(Valeurs supplémentaires des extrêmes quotidiens de la température et des précipitations destinées aux messages mensuels de données climatiques),,008023,Statistiques de premier ordre,Mis à valeur manquante (annuler),,,Operational,Original
bufr4/3/07/074/2/004004,07,Séquences correspondant à des messages d’observation en surface (terre),307074,(Valeurs supplémentaires des extrêmes quotidiens de la température et des précipitations destinées aux messages mensuels de données climatiques),,004004,Heure,,,,Operational,Original
bufr4/3/07/074/2/004024,07,Séquences correspondant à des messages d’observation en surface (terre),307074,(Valeurs supplémentaires des extrêmes quotidiens de la température et des précipitations destinées aux messages mensuels de données climatiques),,004024,Période ou décalage dans le temps,,,,Operational,Original
bufr4/3/07/074/1/013060,07,Séquences correspondant à des messages d’observation en surface (terre),307074,(Valeurs supplémentaires des extrêmes quotidiens de la température et des précipitations destinées aux messages mensuels de données climatiques),,013060,Précipitations totales cumulées,,,,Operational,Original
bufr4/3/07/074/1/013012,07,Séquences correspondant à des messages d’observation en surface (terre),307074,(Valeurs supplémentaires des extrêmes quotidiens de la température et des précipitations destinées aux messages mensuels de données climatiques),,013012,Épaisseur de neige fraîche,,,,Operational,Original
bufr4/3/07/074/1/013013,07,Séquences correspondant à des messages d’observation en surface (terre),307074,(Valeurs supplémentaires des extrêmes quotidiens de la température et des précipitations destinées aux messages mensuels de données climatiques),,013013,Hauteur totale de la couche de neige I. 2 – Table D/07 BUFR —,(à suivre) 19,,,Operational,Original
bufr4/3/07/076/1/301090,07,Séquences correspondant à des messages d’observation en surface (terre),307076,(Valeurs mensuelles provenant d’une station terrestre conformément aux pratiques de transmission régionales ou nationales),,301090,"Identification de la station d’observation en surface; heure, coordonnées horizontales et verticales",,,,Operational,Original
bufr4/3/07/076/1/004074,07,Séquences correspondant à des messages d’observation en surface (terre),307076,(Valeurs mensuelles provenant d’une station terrestre conformément aux pratiques de transmission régionales ou nationales),,004074,Période ou décalage dans le temps de courte durée,,,,Operational,Original
bufr4/3/07/076/1/004023,07,Séquences correspondant à des messages d’observation en surface (terre),307076,(Valeurs mensuelles provenant d’une station terrestre conformément aux pratiques de transmission régionales ou nationales),,004023,"Période ou décalage dans le temps Moyennes mensuelles de la pression, de la température, des extrêmes de température et de la tension de vapeur",Nombre de jours dans le mois,,,Operational,Original
bufr4/3/07/076/1/008023,07,Séquences correspondant à des messages d’observation en surface (terre),307076,(Valeurs mensuelles provenant d’une station terrestre conformément aux pratiques de transmission régionales ou nationales),,008023,Statistiques de premier ordre,= 4 Valeur moyenne,,,Operational,Original
bufr4/3/07/076/1/010004,07,Séquences correspondant à des messages d’observation en surface (terre),307076,(Valeurs mensuelles provenant d’une station terrestre conformément aux pratiques de transmission régionales ou nationales),,010004,Pression,,,,Operational,Original
bufr4/3/07/076/1/010051,07,Séquences correspondant à des messages d’observation en surface (terre),307076,(Valeurs mensuelles provenant d’une station terrestre conformément aux pratiques de transmission régionales ou nationales),,010051,Pression ramenée au niveau moyen de la mer,,,,Operational,Original
bufr4/3/07/076/1/007004,07,Séquences correspondant à des messages d’observation en surface (terre),307076,(Valeurs mensuelles provenant d’une station terrestre conformément aux pratiques de transmission régionales ou nationales),,007004,Pression,Surface isobare standard Mis à ⎮ valeur manquante pour les stations situées en plaine,,,Operational,Original
bufr4/3/07/076/1/010009,07,Séquences correspondant à des messages d’observation en surface (terre),307076,(Valeurs mensuelles provenant d’une station terrestre conformément aux pratiques de transmission régionales ou nationales),,010009,Hauteur géopotentielle,Surface isobare standard Mis à ⎮ valeur manquante pour les stations situées en plaine,,,Operational,Original
bufr4/3/07/076/1/007032,07,Séquences correspondant à des messages d’observation en surface (terre),307076,(Valeurs mensuelles provenant d’une station terrestre conformément aux pratiques de transmission régionales ou nationales),,007032,Hauteur du capteur au-dessus du sol (ou du pont sur une plate-forme marine),,,,Operational,Original
bufr4/3/07/076/1/012101,07,Séquences correspondant à des messages d’observation en surface (terre),307076,(Valeurs mensuelles provenant d’une station terrestre conformément aux pratiques de transmission régionales ou nationales),,012101,Température/température de l’air,,,,Operational,Original
bufr4/3/07/076/1/002051,07,Séquences correspondant à des messages d’observation en surface (terre),307076,(Valeurs mensuelles provenant d’une station terrestre conformément aux pratiques de transmission régionales ou nationales),,002051,Indicateur servant à préciser la méthode d’observation des températures extrêmes,,,,Operational,Original
bufr4/3/07/076/1/004051,07,Séquences correspondant à des messages d’observation en surface (terre),307076,(Valeurs mensuelles provenant d’une station terrestre conformément aux pratiques de transmission régionales ou nationales),,004051,Heure principale à laquelle la température maximale est relevée quotidiennement,,,,Operational,Original
bufr4/3/07/076/1/012118,07,Séquences correspondant à des messages d’observation en surface (terre),307076,(Valeurs mensuelles provenant d’une station terrestre conformément aux pratiques de transmission régionales ou nationales),,012118,"Température maximale à une hauteur déterminée, au cours des 24 heures précédentes",,,,Operational,Original
bufr4/3/07/076/1/004052,07,Séquences correspondant à des messages d’observation en surface (terre),307076,(Valeurs mensuelles provenant d’une station terrestre conformément aux pratiques de transmission régionales ou nationales),,004052,Heure principale à laquelle la température minimale est relevée quotidiennement,,,,Operational,Original
bufr4/3/07/076/1/012119,07,Séquences correspondant à des messages d’observation en surface (terre),307076,(Valeurs mensuelles provenant d’une station terrestre conformément aux pratiques de transmission régionales ou nationales),,012119,"Température minimale à une hauteur déterminée, au cours des 24 heures précédentes",,,,Operational,Original
bufr4/3/07/076/1/013004,07,Séquences correspondant à des messages d’observation en surface (terre),307076,(Valeurs mensuelles provenant d’une station terrestre conformément aux pratiques de transmission régionales ou nationales),,013004,Tension de vapeur,,,,Operational,Original
bufr4/3/07/076/2/008023,07,Séquences correspondant à des messages d’observation en surface (terre),307076,(Valeurs mensuelles provenant d’une station terrestre conformément aux pratiques de transmission régionales ou nationales),,008023,Statistiques de premier ordre,Mis à valeur manquante (annuler),,,Operational,Original
bufr4/3/07/076/1/012151,07,Séquences correspondant à des messages d’observation en surface (terre),307076,(Valeurs mensuelles provenant d’une station terrestre conformément aux pratiques de transmission régionales ou nationales),,012151,Écart-type de la température moyenne journalière,(à suivre),,,Operational,Original
bufr4/3/07/076/2/007032,07,Séquences correspondant à des messages d’observation en surface (terre),307076,,,007032,Nombre de jours pour lesquels les valeurs,Mis à valeur manquante (annuler),,,Operational,Original
bufr4/3/07/076/1/102005,07,Séquences correspondant à des messages d’observation en surface (terre),307076,,,102005,,,,,Operational,Original
bufr4/3/07/076/1/008050,07,Séquences correspondant à des messages d’observation en surface (terre),307076,,,008050,,/voir colonne de gauche,,,Operational,Original
bufr4/3/07/076/1/008020,07,Séquences correspondant à des messages d’observation en surface (terre),307076,,,008020,,Jours,,,Operational,Original
bufr4/3/07/076/1/014032,07,Séquences correspondant à des messages d’observation en surface (terre),307076,,,014032,,,,,Operational,Original
bufr4/3/07/076/1/014033,07,Séquences correspondant à des messages d’observation en surface (terre),307076,,,014033,,,,,Operational,Original
bufr4/3/07/076/2/008050,07,Séquences correspondant à des messages d’observation en surface (terre),307076,,,008050,,= 6 Durée d’insolation,,,Operational,Original
bufr4/3/07/076/2/008020,07,Séquences correspondant à des messages d’observation en surface (terre),307076,,,008020,,Jours,,,Operational,Original
bufr4/3/07/076/1/102018,07,Séquences correspondant à des messages d’observation en surface (terre),307076,,,102018,,,,,Operational,Original
bufr4/3/07/076/1/008052,07,Séquences correspondant à des messages d’observation en surface (terre),307076,,,008052,"Vent ≥ 10 m/s, vent ≥ 20 m/s, vent ≥ 30 m/s, température maximale < 273,15 K, température maximale ≥ 298,15 K, température maximale ≥ 303,15 K, température maximale ≥ 308,15 K, température maximale ≥ 313,15 K, température minimale < 273,15 K, sss > 0,00 m, sss > 0,01 m, sss > 0,10 m, sss > 0,50 m, visibilité horizontale < 50 m, visibilité horizontale < 100 m, visibilité horizontale < 1 000 m, grêle, orage",/voir colonne de gauche,,,Operational,Original
bufr4/3/07/076/1/008022,07,Séquences correspondant à des messages d’observation en surface (terre),307076,,,008022,,,,,Operational,Original
bufr4/3/07/076/3/007032,07,Séquences correspondant à des messages d’observation en surface (terre),307076,,,007032,,,,,Operational,Original
bufr4/3/07/076/1/008053,07,Séquences correspondant à des messages d’observation en surface (terre),307076,,,008053,I. 2 – Table D/07 BUFR — 21,"= 0 Un jour seulement dans le mois, = 1 Plus d’un jour dans le mois (à suivre)",,,Operational,Original
bufr4/3/07/076/1/004003,07,Séquences correspondant à des messages d’observation en surface (terre),307076,,,004003,Jour,,,,Operational,Original
bufr4/3/07/076/1/012152,07,Séquences correspondant à des messages d’observation en surface (terre),307076,,,012152,Température moyenne journalière la plus élevée,,,,Operational,Original
bufr4/3/07/076/2/008053,07,Séquences correspondant à des messages d’observation en surface (terre),307076,,,008053,Identificateur du jour d’occurrence,"= 0 Un jour seulement dans le mois, = 1 Plus d’un jour dans le mois",,,Operational,Original
bufr4/3/07/076/2/004003,07,Séquences correspondant à des messages d’observation en surface (terre),307076,,,004003,Jour,,,,Operational,Original
bufr4/3/07/076/1/012153,07,Séquences correspondant à des messages d’observation en surface (terre),307076,,,012153,Température moyenne journalière la plus basse,,,,Operational,Original
bufr4/3/07/076/3/008053,07,Séquences correspondant à des messages d’observation en surface (terre),307076,,,008053,Identificateur du jour d’occurrence,"= 0 Un jour seulement dans le mois, = 1 Plus d’un jour dans le mois",,,Operational,Original
bufr4/3/07/076/3/004003,07,Séquences correspondant à des messages d’observation en surface (terre),307076,,,004003,Jour,,,,Operational,Original
bufr4/3/07/076/3/008023,07,Séquences correspondant à des messages d’observation en surface (terre),307076,,,008023,Statistiques de premier ordre,= 2 Valeur maximale,,,Operational,Original
bufr4/3/07/076/2/012101,07,Séquences correspondant à des messages d’observation en surface (terre),307076,,,012101,Température/température de l’air,,,,Operational,Original
bufr4/3/07/076/4/008053,07,Séquences correspondant à des messages d’observation en surface (terre),307076,,,008053,Identificateur du jour d’occurrence,"= 0 Un jour seulement dans le mois, = 1 Plus d’un jour dans le mois",,,Operational,Original
bufr4/3/07/076/4/004003,07,Séquences correspondant à des messages d’observation en surface (terre),307076,,,004003,Jour,,,,Operational,Original
bufr4/3/07/076/4/008023,07,Séquences correspondant à des messages d’observation en surface (terre),307076,,,008023,Statistiques de premier ordre,= 3 Valeur minimale,,,Operational,Original
bufr4/3/07/076/3/012101,07,Séquences correspondant à des messages d’observation en surface (terre),307076,,,012101,Température/température de l’air,,,,Operational,Original
bufr4/3/07/076/5/008023,07,Séquences correspondant à des messages d’observation en surface (terre),307076,,,008023,Statistiques de premier ordre,Mis à valeur manquante (annuler),,,Operational,Original
bufr4/3/07/076/4/007032,07,Séquences correspondant à des messages d’observation en surface (terre),307076,,,007032,Hauteur du capteur au-dessus du sol (ou du pont sur une plate-forme marine),,,,Operational,Original
bufr4/3/07/076/1/002002,07,Séquences correspondant à des messages d’observation en surface (terre),307076,,,002002,Type d’instrument pour la mesure du vent,,,,Operational,Original
bufr4/3/07/076/5/008053,07,Séquences correspondant à des messages d’observation en surface (terre),307076,,,008053,Identificateur du jour d’occurrence,"= 0 Un jour seulement dans le mois, = 1 Plus d’un jour dans le mois",,,Operational,Original
bufr4/3/07/076/5/004003,07,Séquences correspondant à des messages d’observation en surface (terre),307076,,,004003,Jour,,,,Operational,Original
bufr4/3/07/076/1/011046,07,Séquences correspondant à des messages d’observation en surface (terre),307076,,,011046,Vitesse maximale du vent instantané,,,,Operational,Original
bufr4/3/07/076/6/008053,07,Séquences correspondant à des messages d’observation en surface (terre),307076,,,008053,Identificateur du jour d’occurrence Précipitations,Mis à valeur manquante (annuler),,,Operational,Original
bufr4/3/07/076/6/004003,07,Séquences correspondant à des messages d’observation en surface (terre),307076,,,004003,Jour,= 1,,,Operational,Original
bufr4/3/07/076/1/004004,07,Séquences correspondant à des messages d’observation en surface (terre),307076,,,004004,Heure,= 0 (à suivre),,,Operational,Original
bufr4/3/07/076/2/004074,07,Séquences correspondant à des messages d’observation en surface (terre),307076,,,004074,,,,,Operational,Original
bufr4/3/07/076/2/004023,07,Séquences correspondant à des messages d’observation en surface (terre),307076,,,004023,,Nombre de jours dans le mois,,,Operational,Original
bufr4/3/07/076/5/007032,07,Séquences correspondant à des messages d’observation en surface (terre),307076,,,007032,,,,,Operational,Original
bufr4/3/07/076/1/013060,07,Séquences correspondant à des messages d’observation en surface (terre),307076,,,013060,,,,,Operational,Original
bufr4/3/07/076/1/013051,07,Séquences correspondant à des messages d’observation en surface (terre),307076,,,013051,,,,,Operational,Original
bufr4/3/07/076/1/004053,07,Séquences correspondant à des messages d’observation en surface (terre),307076,,,004053,,,,,Operational,Original
bufr4/3/07/076/3/008050,07,Séquences correspondant à des messages d’observation en surface (terre),307076,,,008050,,= 5 Précipitations,,,Operational,Original
bufr4/3/07/076/3/008020,07,Séquences correspondant à des messages d’observation en surface (terre),307076,,,008020,,,,,Operational,Original
bufr4/3/07/076/1/102006,07,Séquences correspondant à des messages d’observation en surface (terre),307076,,,102006,,,,,Operational,Original
bufr4/3/07/076/2/008052,07,Séquences correspondant à des messages d’observation en surface (terre),307076,,,008052,,,,,Operational,Original
bufr4/3/07/076/2/008022,07,Séquences correspondant à des messages d’observation en surface (terre),307076,,,008022,,,,,Operational,Original
bufr4/3/07/076/7/008053,07,Séquences correspondant à des messages d’observation en surface (terre),307076,,,008053,,"= 0 Un jour seulement dans le mois, = 1 Plus d’un jour dans le mois",,,Operational,Original
bufr4/3/07/076/7/004003,07,Séquences correspondant à des messages d’observation en surface (terre),307076,,,004003,,,,,Operational,Original
bufr4/3/07/076/1/013052,07,Séquences correspondant à des messages d’observation en surface (terre),307076,,,013052,,,,,Operational,Original
bufr4/3/07/076/6/007032,07,Séquences correspondant à des messages d’observation en surface (terre),307076,,,007032,,Mis à valeur manquante (annuler),,,Operational,Original
bufr4/3/07/077/1/004001,07,Séquences correspondant à des messages d’observation en surface (terre),307077,,,004001,,Début de la période de référence,,,Operational,Original
bufr4/3/07/077/2/004001,07,Séquences correspondant à des messages d’observation en surface (terre),307077,,,004001,,Fin de la période de référence,,,Operational,Original
bufr4/3/07/077/1/004002,07,Séquences correspondant à des messages d’observation en surface (terre),307077,,,004002,,,,,Operational,Original
bufr4/3/07/077/1/004003,07,Séquences correspondant à des messages d’observation en surface (terre),307077,,,004003,,= 1,,,Operational,Original
bufr4/3/07/077/1/004004,07,Séquences correspondant à des messages d’observation en surface (terre),307077,,,004004,,= 0,,,Operational,Original
bufr4/3/07/077/1/004074,07,Séquences correspondant à des messages d’observation en surface (terre),307077,,,004074,,,,,Operational,Original
bufr4/3/07/077/1/004022,07,Séquences correspondant à des messages d’observation en surface (terre),307077,,,004022,,= 1,,,Operational,Original
bufr4/3/07/077/1/008023,07,Séquences correspondant à des messages d’observation en surface (terre),307077,,,008023,I. 2 – Table D/07 BUFR — 23,= 4 Valeur moyenne (à suivre),,,Operational,Original
bufr4/3/07/077/1/010004,07,Séquences correspondant à des messages d’observation en surface (terre),307077,,,010004,Pression,,,,Operational,Original
bufr4/3/07/077/1/010051,07,Séquences correspondant à des messages d’observation en surface (terre),307077,,,010051,Pression ramenée au niveau moyen de la mer,,,,Operational,Original
bufr4/3/07/077/1/007004,07,Séquences correspondant à des messages d’observation en surface (terre),307077,,,007004,Pression,Surface isobare standard,,,Operational,Original
bufr4/3/07/077/1/010009,07,Séquences correspondant à des messages d’observation en surface (terre),307077,,,010009,Hauteur géopotentielle,Surface isobare standard,,,Operational,Original
bufr4/3/07/077/1/007032,07,Séquences correspondant à des messages d’observation en surface (terre),307077,,,007032,Hauteur du capteur au-dessus du sol (ou du pont sur une plate-forme marine),,,,Operational,Original
bufr4/3/07/077/1/012101,07,Séquences correspondant à des messages d’observation en surface (terre),307077,,,012101,Température/température de l’air,,,,Operational,Original
bufr4/3/07/077/1/002051,07,Séquences correspondant à des messages d’observation en surface (terre),307077,,,002051,Indicateur servant à préciser la méthode d’observation des températures extrêmes,,,,Operational,Original
bufr4/3/07/077/1/004051,07,Séquences correspondant à des messages d’observation en surface (terre),307077,,,004051,Heure principale à laquelle la température maximale est relevée quotidiennement,,,,Operational,Original
bufr4/3/07/077/1/012118,07,Séquences correspondant à des messages d’observation en surface (terre),307077,,,012118,"Température maximale à une hauteur déterminée, au cours des 24 heures précédentes",,,,Operational,Original
bufr4/3/07/077/1/004052,07,Séquences correspondant à des messages d’observation en surface (terre),307077,,,004052,Heure principale à laquelle la température minimale est relevée quotidiennement,,,,Operational,Original
bufr4/3/07/077/1/012119,07,Séquences correspondant à des messages d’observation en surface (terre),307077,,,012119,"Température minimale à une hauteur déterminée, au cours des 24 heures précédentes",,,,Operational,Original
bufr4/3/07/077/1/013004,07,Séquences correspondant à des messages d’observation en surface (terre),307077,,,013004,Tension de vapeur,,,,Operational,Original
bufr4/3/07/077/1/012151,07,Séquences correspondant à des messages d’observation en surface (terre),307077,,,012151,Écart-type de la température moyenne journalière,,,,Operational,Original
bufr4/3/07/077/2/007032,07,Séquences correspondant à des messages d’observation en surface (terre),307077,,,007032,Hauteur du capteur au-dessus du sol (ou du pont sur une plate-forme marine),Mis à valeur manquante (annuler),,,Operational,Original
bufr4/3/07/077/1/014032,07,Séquences correspondant à des messages d’observation en surface (terre),307077,,,014032,Insolation totale,,,,Operational,Original
bufr4/3/07/077/2/008023,07,Séquences correspondant à des messages d’observation en surface (terre),307077,,,008023,Statistiques de premier ordre Normales de précipitations,Mis à valeur manquante (annuler),,,Operational,Original
bufr4/3/07/077/3/004001,07,Séquences correspondant à des messages d’observation en surface (terre),307077,,,004001,Année,Début de la période de référence,,,Operational,Original
bufr4/3/07/077/4/004001,07,Séquences correspondant à des messages d’observation en surface (terre),307077,,,004001,Année,Fin de la période de référence,,,Operational,Original
bufr4/3/07/077/2/004002,07,Séquences correspondant à des messages d’observation en surface (terre),307077,,,004002,Mois,,,,Operational,Original
bufr4/3/07/077/2/004003,07,Séquences correspondant à des messages d’observation en surface (terre),307077,,,004003,Jour,= 1,,,Operational,Original
bufr4/3/07/077/2/004004,07,Séquences correspondant à des messages d’observation en surface (terre),307077,,,004004,Heure,= 0,,,Operational,Original
bufr4/3/07/077/2/004074,07,Séquences correspondant à des messages d’observation en surface (terre),307077,,,004074,Période ou décalage dans le temps de courte durée,,,,Operational,Original
bufr4/3/07/077/2/004022,07,Séquences correspondant à des messages d’observation en surface (terre),307077,,,004022,Période ou décalage dans le temps,= 1,,,Operational,Original
bufr4/3/07/077/3/007032,07,Séquences correspondant à des messages d’observation en surface (terre),307077,,,007032,Hauteur du capteur au-dessus du sol (ou du pont sur une plate-forme marine),,,,Operational,Original
bufr4/3/07/077/3/008023,07,Séquences correspondant à des messages d’observation en surface (terre),307077,,,008023,Statistiques de premier ordre,= 4 Valeur moyenne,,,Operational,Original
bufr4/3/07/077/1/013060,07,Séquences correspondant à des messages d’observation en surface (terre),307077,,,013060,Précipitations totales cumulées,(à suivre),,,Operational,Original
bufr4/3/07/077/1/004053,07,Séquences correspondant à des messages d’observation en surface (terre),307077,,,004053,,,,,Operational,Original
bufr4/3/07/077/4/008023,07,Séquences correspondant à des messages d’observation en surface (terre),307077,,,008023,,Mis à valeur manquante (annuler),,,Operational,Original
bufr4/3/07/077/1/102008,07,Séquences correspondant à des messages d’observation en surface (terre),307077,,,102008,,,,,Operational,Original
bufr4/3/07/077/1/008050,07,Séquences correspondant à des messages d’observation en surface (terre),307077,,,008050,"Pression, température, températures extrêmes, tension de vapeur, précipitations, durée d’insolation, température maximale, température minimale",/voir colonne de gauche,,,Operational,Original
bufr4/3/07/077/1/008020,07,Séquences correspondant à des messages d’observation en surface (terre),307077,,,008020,,Années,,,Operational,Original
bufr4/3/07/078/1/307076,07,Séquences correspondant à des messages d’observation en surface (terre),307078,,,307076,,,,,Operational,Original
bufr4/3/07/078/1/307077,07,Séquences correspondant à des messages d’observation en surface (terre),307078,,,307077,,,,,Operational,Original
bufr4/3/07/079/1/301090,07,Séquences correspondant à des messages d’observation en surface (terre),307079,,,301090,,,,,Operational,Original
bufr4/3/07/079/1/302031,07,Séquences correspondant à des messages d’observation en surface (terre),307079,,,302031,,,,,Operational,Original
bufr4/3/07/079/1/302035,07,Séquences correspondant à des messages d’observation en surface (terre),307079,,,302035,,,,,Operational,Original
bufr4/3/07/079/1/302036,07,Séquences correspondant à des messages d’observation en surface (terre),307079,,,302036,,,,,Operational,Original
bufr4/3/07/079/1/101000,07,Séquences correspondant à des messages d’observation en surface (terre),307079,,,101000,,,,,Operational,Original
bufr4/3/07/079/1/031000,07,Séquences correspondant à des messages d’observation en surface (terre),307079,,,031000,,,,,Operational,Original
bufr4/3/07/079/1/302047,07,Séquences correspondant à des messages d’observation en surface (terre),307079,,,302047,,,,,Operational,Original
bufr4/3/07/079/1/008002,07,Séquences correspondant à des messages d’observation en surface (terre),307079,,,008002,,,,,Operational,Original
bufr4/3/07/079/2/101000,07,Séquences correspondant à des messages d’observation en surface (terre),307079,,,101000,,,,,Operational,Original
bufr4/3/07/079/2/031000,07,Séquences correspondant à des messages d’observation en surface (terre),307079,,,031000,,,,,Operational,Original
bufr4/3/07/079/1/302048,07,Séquences correspondant à des messages d’observation en surface (terre),307079,,,302048,,,,,Operational,Original
bufr4/3/07/079/1/302037,07,Séquences correspondant à des messages d’observation en surface (terre),307079,,,302037,I. 2 – Table D/07 BUFR — 25,(à suivre),,,Operational,Original
bufr4/3/07/079/1/102000,07,Séquences correspondant à des messages d’observation en surface (terre),307079,,,102000,Répétition différée de 2 descripteurs,,,,Operational,Original
bufr4/3/07/079/3/031000,07,Séquences correspondant à des messages d’observation en surface (terre),307079,,,031000,Facteur de répétition légèrement différée du descripteur,,,,Operational,Original
bufr4/3/07/079/1/022061,07,Séquences correspondant à des messages d’observation en surface (terre),307079,,,022061,État de la mer,,,,Operational,Original
bufr4/3/07/079/1/020058,07,Séquences correspondant à des messages d’observation en surface (terre),307079,,,020058,Visibilité sur la mer depuis une station côtière,,,,Operational,Original
bufr4/3/07/079/3/101000,07,Séquences correspondant à des messages d’observation en surface (terre),307079,,,101000,Répétition différée de 1 descripteur,,,,Operational,Original
bufr4/3/07/079/4/031000,07,Séquences correspondant à des messages d’observation en surface (terre),307079,,,031000,Facteur de répétition légèrement différée du descripteur,,,,Operational,Original
bufr4/3/07/079/1/302056,07,Séquences correspondant à des messages d’observation en surface (terre),307079,,,302056,Température de la mer/de l’eau,"Température de surface de la mer/ de l’eau, méthode de mesure et profondeur sous la surface de l’eau",,,Operational,Original
bufr4/3/07/079/4/101000,07,Séquences correspondant à des messages d’observation en surface (terre),307079,,,101000,Répétition différée de 1 descripteur,,,,Operational,Original
bufr4/3/07/079/5/031000,07,Séquences correspondant à des messages d’observation en surface (terre),307079,,,031000,Facteur de répétition légèrement différée du descripteur,,,,Operational,Original
bufr4/3/07/079/1/302055,07,Séquences correspondant à des messages d’observation en surface (terre),307079,,,302055,Givrage et glace,,,,Operational,Original
bufr4/3/07/079/1/302043,07,Séquences correspondant à des messages d’observation en surface (terre),307079,,,302043,Données synoptiques de base «pour la période»,,,,Operational,Original
bufr4/3/07/079/1/302044,07,Séquences correspondant à des messages d’observation en surface (terre),307079,,,302044,Données sur l’évaporation,,,,Operational,Original
bufr4/3/07/079/5/101000,07,Séquences correspondant à des messages d’observation en surface (terre),307079,,,101000,Répétition différée de 1 descripteur,,,,Operational,Original
bufr4/3/07/079/1/031001,07,Séquences correspondant à des messages d’observation en surface (terre),307079,,,031001,Facteur de répétition différée du descripteur,,,,Operational,Original
bufr4/3/07/079/1/302045,07,Séquences correspondant à des messages d’observation en surface (terre),307079,,,302045,Données sur le rayonnement (sur une période d’une heure et de 24 heures),,,,Operational,Original
bufr4/3/07/079/6/101000,07,Séquences correspondant à des messages d’observation en surface (terre),307079,,,101000,Répétition différée de 1 descripteur,,,,Operational,Original
bufr4/3/07/079/6/031000,07,Séquences correspondant à des messages d’observation en surface (terre),307079,,,031000,Facteur de répétition légèrement différée du descripteur,,,,Operational,Original
bufr4/3/07/079/1/302046,07,Séquences correspondant à des messages d’observation en surface (terre),307079,,,302046,Variation de température,,,,Operational,Original
bufr4/3/07/080/1/301090,07,Séquences correspondant à des messages d’observation en surface (terre),307080,(Séquence pour la représentation des données SYNOP des messages synoptiques provenant d’une station terrestre fixe),,301090,"Identification de la station d’observation en surface; heure, coordonnées horizontales et verticales",,,,Operational,Original
bufr4/3/07/080/1/302031,07,Séquences correspondant à des messages d’observation en surface (terre),307080,(Séquence pour la représentation des données SYNOP des messages synoptiques provenant d’une station terrestre fixe),,302031,Information sur la pression,,,,Operational,Original
bufr4/3/07/080/1/302035,07,Séquences correspondant à des messages d’observation en surface (terre),307080,(Séquence pour la représentation des données SYNOP des messages synoptiques provenant d’une station terrestre fixe),,302035,Données synoptiques de base «instantanées»,,,,Operational,Original
bufr4/3/07/080/1/302036,07,Séquences correspondant à des messages d’observation en surface (terre),307080,(Séquence pour la représentation des données SYNOP des messages synoptiques provenant d’une station terrestre fixe),,302036,Nuages dont la base se situe sous le niveau de la station,,,,Operational,Original
bufr4/3/07/080/1/302047,07,Séquences correspondant à des messages d’observation en surface (terre),307080,(Séquence pour la représentation des données SYNOP des messages synoptiques provenant d’une station terrestre fixe),,302047,Direction de la dérive des nuages,,,,Operational,Original
bufr4/3/07/080/1/008002,07,Séquences correspondant à des messages d’observation en surface (terre),307080,(Séquence pour la représentation des données SYNOP des messages synoptiques provenant d’une station terrestre fixe),,008002,Caractéristique verticale (observations en surface),,,,Operational,Original
bufr4/3/07/080/1/302048,07,Séquences correspondant à des messages d’observation en surface (terre),307080,(Séquence pour la représentation des données SYNOP des messages synoptiques provenant d’une station terrestre fixe),,302048,Direction et hauteur des nuages,,,,Operational,Original
bufr4/3/07/080/1/302037,07,Séquences correspondant à des messages d’observation en surface (terre),307080,(Séquence pour la représentation des données SYNOP des messages synoptiques provenant d’une station terrestre fixe),,302037,"État du sol, hauteur de neige, température minimale au sol",,,,Operational,Original
bufr4/3/07/080/1/302043,07,Séquences correspondant à des messages d’observation en surface (terre),307080,(Séquence pour la représentation des données SYNOP des messages synoptiques provenant d’une station terrestre fixe),,302043,Données synoptiques de base «pour la période»,(à suivre),,,Operational,Original
bufr4/3/07/080/1/302044,07,Séquences correspondant à des messages d’observation en surface (terre),307080,,,302044,Données sur l’évaporation,,,,Operational,Original
bufr4/3/07/080/1/101002,07,Séquences correspondant à des messages d’observation en surface (terre),307080,,,101002,Répéter 1 descripteur 2 fois,,,,Operational,Original
bufr4/3/07/080/1/302045,07,Séquences correspondant à des messages d’observation en surface (terre),307080,,,302045,Données sur le rayonnement (sur une période d’une heure et de 24 heures),,,,Operational,Original
bufr4/3/07/080/1/302046,07,Séquences correspondant à des messages d’observation en surface (terre),307080,,,302046,Variation de température,,,,Operational,Original
bufr4/3/07/081/1/301090,07,Séquences correspondant à des messages d’observation en surface (terre),307081,"(Séquence pour la représentation des données SYNOP des messages synoptiques provenant d’une station terrestre fixe, compte tenu des pratiques propres à la Région I)",,301090,"Identification de la station d’observation en surface; heure, coordonnées horizontales et verticales",,,,Operational,Original
bufr4/3/07/081/1/302031,07,Séquences correspondant à des messages d’observation en surface (terre),307081,"(Séquence pour la représentation des données SYNOP des messages synoptiques provenant d’une station terrestre fixe, compte tenu des pratiques propres à la Région I)",,302031,Information sur la pression,,,,Operational,Original
bufr4/3/07/081/1/302035,07,Séquences correspondant à des messages d’observation en surface (terre),307081,"(Séquence pour la représentation des données SYNOP des messages synoptiques provenant d’une station terrestre fixe, compte tenu des pratiques propres à la Région I)",,302035,Données synoptiques de base «instantanées»,,,,Operational,Original
bufr4/3/07/081/1/302036,07,Séquences correspondant à des messages d’observation en surface (terre),307081,"(Séquence pour la représentation des données SYNOP des messages synoptiques provenant d’une station terrestre fixe, compte tenu des pratiques propres à la Région I)",,302036,Nuages dont la base se situe sous le niveau de la station,,,,Operational,Original
bufr4/3/07/081/1/302047,07,Séquences correspondant à des messages d’observation en surface (terre),307081,"(Séquence pour la représentation des données SYNOP des messages synoptiques provenant d’une station terrestre fixe, compte tenu des pratiques propres à la Région I)",,302047,Direction de la dérive des nuages,,,,Operational,Original
bufr4/3/07/081/1/008002,07,Séquences correspondant à des messages d’observation en surface (terre),307081,"(Séquence pour la représentation des données SYNOP des messages synoptiques provenant d’une station terrestre fixe, compte tenu des pratiques propres à la Région I)",,008002,Caractéristique verticale (observations en surface),Mis à valeur manquante (annuler),,,Operational,Original
bufr4/3/07/081/1/302048,07,Séquences correspondant à des messages d’observation en surface (terre),307081,"(Séquence pour la représentation des données SYNOP des messages synoptiques provenant d’une station terrestre fixe, compte tenu des pratiques propres à la Région I)",,302048,Direction et hauteur des nuages,,,,Operational,Original
bufr4/3/07/081/1/302037,07,Séquences correspondant à des messages d’observation en surface (terre),307081,"(Séquence pour la représentation des données SYNOP des messages synoptiques provenant d’une station terrestre fixe, compte tenu des pratiques propres à la Région I)",,302037,"État du sol, hauteur de neige, température minimale au sol",,,,Operational,Original
bufr4/3/07/081/1/012122,07,Séquences correspondant à des messages d’observation en surface (terre),307081,"(Séquence pour la représentation des données SYNOP des messages synoptiques provenant d’une station terrestre fixe, compte tenu des pratiques propres à la Région I)",,012122,Température minimale au sol la nuit précédente,,,,Operational,Original
bufr4/3/07/081/1/013056,07,Séquences correspondant à des messages d’observation en surface (terre),307081,"(Séquence pour la représentation des données SYNOP des messages synoptiques provenant d’une station terrestre fixe, compte tenu des pratiques propres à la Région I)",,013056,Caractère et intensité des précipitations,,,,Operational,Original
bufr4/3/07/081/1/013057,07,Séquences correspondant à des messages d’observation en surface (terre),307081,"(Séquence pour la représentation des données SYNOP des messages synoptiques provenant d’une station terrestre fixe, compte tenu des pratiques propres à la Région I)",,013057,Heure du début ou de la fin des précipitations,,,,Operational,Original
bufr4/3/07/081/1/020101,07,Séquences correspondant à des messages d’observation en surface (terre),307081,"(Séquence pour la représentation des données SYNOP des messages synoptiques provenant d’une station terrestre fixe, compte tenu des pratiques propres à la Région I)",,020101,Nom de l’acridien,,,,Operational,Original
bufr4/3/07/081/1/020102,07,Séquences correspondant à des messages d’observation en surface (terre),307081,"(Séquence pour la représentation des données SYNOP des messages synoptiques provenant d’une station terrestre fixe, compte tenu des pratiques propres à la Région I)",,020102,Couleur de l’acridien (maturité),,,,Operational,Original
bufr4/3/07/081/1/020103,07,Séquences correspondant à des messages d’observation en surface (terre),307081,"(Séquence pour la représentation des données SYNOP des messages synoptiques provenant d’une station terrestre fixe, compte tenu des pratiques propres à la Région I)",,020103,Stade de développement des acridiens,,,,Operational,Original
bufr4/3/07/081/1/020104,07,Séquences correspondant à des messages d’observation en surface (terre),307081,"(Séquence pour la représentation des données SYNOP des messages synoptiques provenant d’une station terrestre fixe, compte tenu des pratiques propres à la Région I)",,020104,Degré d’organisation de l’essaim ou de la bande d’acridiens,,,,Operational,Original
bufr4/3/07/081/1/020105,07,Séquences correspondant à des messages d’observation en surface (terre),307081,"(Séquence pour la représentation des données SYNOP des messages synoptiques provenant d’une station terrestre fixe, compte tenu des pratiques propres à la Région I)",,020105,Dimension de l’essaim ou de la bande d’acridiens et durée du passage de l’essaim,,,,Operational,Original
bufr4/3/07/081/1/020106,07,Séquences correspondant à des messages d’observation en surface (terre),307081,"(Séquence pour la représentation des données SYNOP des messages synoptiques provenant d’une station terrestre fixe, compte tenu des pratiques propres à la Région I)",,020106,Densité de la population d’acridiens,,,,Operational,Original
bufr4/3/07/081/1/020107,07,Séquences correspondant à des messages d’observation en surface (terre),307081,"(Séquence pour la représentation des données SYNOP des messages synoptiques provenant d’une station terrestre fixe, compte tenu des pratiques propres à la Région I)",,020107,Direction du déplacement de l’essaim d’acridiens,,,,Operational,Original
bufr4/3/07/081/1/020108,07,Séquences correspondant à des messages d’observation en surface (terre),307081,"(Séquence pour la représentation des données SYNOP des messages synoptiques provenant d’une station terrestre fixe, compte tenu des pratiques propres à la Région I)",,020108,Étendue de la végétation,,,,Operational,Original
bufr4/3/07/081/1/302043,07,Séquences correspondant à des messages d’observation en surface (terre),307081,"(Séquence pour la représentation des données SYNOP des messages synoptiques provenant d’une station terrestre fixe, compte tenu des pratiques propres à la Région I)",,302043,Données synoptiques de base «pour la période»,,,,Operational,Original
bufr4/3/07/081/1/302044,07,Séquences correspondant à des messages d’observation en surface (terre),307081,"(Séquence pour la représentation des données SYNOP des messages synoptiques provenant d’une station terrestre fixe, compte tenu des pratiques propres à la Région I)",,302044,Données sur l’évaporation,,,,Operational,Original
bufr4/3/07/081/1/101002,07,Séquences correspondant à des messages d’observation en surface (terre),307081,"(Séquence pour la représentation des données SYNOP des messages synoptiques provenant d’une station terrestre fixe, compte tenu des pratiques propres à la Région I)",,101002,Répéter 1 descripteur 2 fois,,,,Operational,Original
bufr4/3/07/081/1/302045,07,Séquences correspondant à des messages d’observation en surface (terre),307081,"(Séquence pour la représentation des données SYNOP des messages synoptiques provenant d’une station terrestre fixe, compte tenu des pratiques propres à la Région I)",,302045,Données sur le rayonnement (sur une période d’une heure et de 24 heures),,,,Operational,Original
bufr4/3/07/081/1/302046,07,Séquences correspondant à des messages d’observation en surface (terre),307081,"(Séquence pour la représentation des données SYNOP des messages synoptiques provenant d’une station terrestre fixe, compte tenu des pratiques propres à la Région I)",,302046,Variation de température I. 2 – Table D/07 BUFR — 27,(à suivre),,,Operational,Original
bufr4/3/07/082/1/301090,07,Séquences correspondant à des messages d’observation en surface (terre),307082,"(Séquence pour la représentation des données SYNOP des messages synoptiques provenant d’une station terrestre fixe, compte tenu des pratiques propres à la Région II) (voir note 7)",,301090,"Identification de la station d’observation en surface; heure, coordonnées horizontales et verticales",,,,Operational,Original
bufr4/3/07/082/1/302031,07,Séquences correspondant à des messages d’observation en surface (terre),307082,"(Séquence pour la représentation des données SYNOP des messages synoptiques provenant d’une station terrestre fixe, compte tenu des pratiques propres à la Région II) (voir note 7)",,302031,Information sur la pression,,,,Operational,Original
bufr4/3/07/082/1/302035,07,Séquences correspondant à des messages d’observation en surface (terre),307082,"(Séquence pour la représentation des données SYNOP des messages synoptiques provenant d’une station terrestre fixe, compte tenu des pratiques propres à la Région II) (voir note 7)",,302035,Données synoptiques de base «instantanées»,,,,Operational,Original
bufr4/3/07/082/1/302036,07,Séquences correspondant à des messages d’observation en surface (terre),307082,"(Séquence pour la représentation des données SYNOP des messages synoptiques provenant d’une station terrestre fixe, compte tenu des pratiques propres à la Région II) (voir note 7)",,302036,Nuages dont la base se situe sous le niveau de la station,,,,Operational,Original
bufr4/3/07/082/1/302047,07,Séquences correspondant à des messages d’observation en surface (terre),307082,"(Séquence pour la représentation des données SYNOP des messages synoptiques provenant d’une station terrestre fixe, compte tenu des pratiques propres à la Région II) (voir note 7)",,302047,Direction de la dérive des nuages,,,,Operational,Original
bufr4/3/07/082/1/008002,07,Séquences correspondant à des messages d’observation en surface (terre),307082,"(Séquence pour la représentation des données SYNOP des messages synoptiques provenant d’une station terrestre fixe, compte tenu des pratiques propres à la Région II) (voir note 7)",,008002,Caractéristique verticale (observations en surface),Mis à valeur manquante (annuler),,,Operational,Original
bufr4/3/07/082/1/302048,07,Séquences correspondant à des messages d’observation en surface (terre),307082,"(Séquence pour la représentation des données SYNOP des messages synoptiques provenant d’une station terrestre fixe, compte tenu des pratiques propres à la Région II) (voir note 7)",,302048,Direction et hauteur des nuages,,,,Operational,Original
bufr4/3/07/082/1/302037,07,Séquences correspondant à des messages d’observation en surface (terre),307082,"(Séquence pour la représentation des données SYNOP des messages synoptiques provenant d’une station terrestre fixe, compte tenu des pratiques propres à la Région II) (voir note 7)",,302037,"État du sol, hauteur de neige, température minimale au sol",,,,Operational,Original
bufr4/3/07/082/1/012121,07,Séquences correspondant à des messages d’observation en surface (terre),307082,"(Séquence pour la représentation des données SYNOP des messages synoptiques provenant d’une station terrestre fixe, compte tenu des pratiques propres à la Région II) (voir note 7)",,012121,Température minimale au sol,À l’heure de l’observation,,,Operational,Original
bufr4/3/07/082/1/012122,07,Séquences correspondant à des messages d’observation en surface (terre),307082,"(Séquence pour la représentation des données SYNOP des messages synoptiques provenant d’une station terrestre fixe, compte tenu des pratiques propres à la Région II) (voir note 7)",,012122,Température minimale au sol la nuit précédente,,,,Operational,Original
bufr4/3/07/082/1/302043,07,Séquences correspondant à des messages d’observation en surface (terre),307082,"(Séquence pour la représentation des données SYNOP des messages synoptiques provenant d’une station terrestre fixe, compte tenu des pratiques propres à la Région II) (voir note 7)",,302043,Données synoptiques de base «pour la période»,,,,Operational,Original
bufr4/3/07/082/1/302044,07,Séquences correspondant à des messages d’observation en surface (terre),307082,"(Séquence pour la représentation des données SYNOP des messages synoptiques provenant d’une station terrestre fixe, compte tenu des pratiques propres à la Région II) (voir note 7)",,302044,Données sur l’évaporation,,,,Operational,Original
bufr4/3/07/082/1/101002,07,Séquences correspondant à des messages d’observation en surface (terre),307082,"(Séquence pour la représentation des données SYNOP des messages synoptiques provenant d’une station terrestre fixe, compte tenu des pratiques propres à la Région II) (voir note 7)",,101002,Répéter 1 descripteur 2 fois,,,,Operational,Original
bufr4/3/07/082/1/302045,07,Séquences correspondant à des messages d’observation en surface (terre),307082,"(Séquence pour la représentation des données SYNOP des messages synoptiques provenant d’une station terrestre fixe, compte tenu des pratiques propres à la Région II) (voir note 7)",,302045,Données sur le rayonnement (sur une période d’une heure et de 24 heures),,,,Operational,Original
bufr4/3/07/082/1/302046,07,Séquences correspondant à des messages d’observation en surface (terre),307082,"(Séquence pour la représentation des données SYNOP des messages synoptiques provenant d’une station terrestre fixe, compte tenu des pratiques propres à la Région II) (voir note 7)",,302046,Variation de température,,,,Operational,Original
bufr4/3/07/083/1/301090,07,Séquences correspondant à des messages d’observation en surface (terre),307083,"(Séquence pour la représentation des données SYNOP des messages synoptiques provenant d’une station terrestre fixe, compte tenu des pratiques propres à la Région III)",,301090,"Identification de la station d’observation en surface; heure, coordonnées horizontales et verticales",,,,Operational,Original
bufr4/3/07/083/1/302031,07,Séquences correspondant à des messages d’observation en surface (terre),307083,"(Séquence pour la représentation des données SYNOP des messages synoptiques provenant d’une station terrestre fixe, compte tenu des pratiques propres à la Région III)",,302031,Information sur la pression,,,,Operational,Original
bufr4/3/07/083/1/302035,07,Séquences correspondant à des messages d’observation en surface (terre),307083,"(Séquence pour la représentation des données SYNOP des messages synoptiques provenant d’une station terrestre fixe, compte tenu des pratiques propres à la Région III)",,302035,Données synoptiques de base «instantanées»,,,,Operational,Original
bufr4/3/07/083/1/302036,07,Séquences correspondant à des messages d’observation en surface (terre),307083,"(Séquence pour la représentation des données SYNOP des messages synoptiques provenant d’une station terrestre fixe, compte tenu des pratiques propres à la Région III)",,302036,Nuages dont la base se situe sous le niveau de la station,,,,Operational,Original
bufr4/3/07/083/1/302047,07,Séquences correspondant à des messages d’observation en surface (terre),307083,"(Séquence pour la représentation des données SYNOP des messages synoptiques provenant d’une station terrestre fixe, compte tenu des pratiques propres à la Région III)",,302047,Direction de la dérive des nuages,,,,Operational,Original
bufr4/3/07/083/1/008002,07,Séquences correspondant à des messages d’observation en surface (terre),307083,"(Séquence pour la représentation des données SYNOP des messages synoptiques provenant d’une station terrestre fixe, compte tenu des pratiques propres à la Région III)",,008002,Caractéristique verticale (observations en surface),Mis à valeur manquante (annuler),,,Operational,Original
bufr4/3/07/083/1/302048,07,Séquences correspondant à des messages d’observation en surface (terre),307083,"(Séquence pour la représentation des données SYNOP des messages synoptiques provenant d’une station terrestre fixe, compte tenu des pratiques propres à la Région III)",,302048,Direction et hauteur des nuages,,,,Operational,Original
bufr4/3/07/083/1/302037,07,Séquences correspondant à des messages d’observation en surface (terre),307083,"(Séquence pour la représentation des données SYNOP des messages synoptiques provenant d’une station terrestre fixe, compte tenu des pratiques propres à la Région III)",,302037,"État du sol, hauteur de neige, température minimale au sol",(à suivre),,,Operational,Original
bufr4/3/07/083/1/012122,07,Séquences correspondant à des messages d’observation en surface (terre),307083,,,012122,Température minimale au sol la nuit précédente,,,,Operational,Original
bufr4/3/07/083/1/302043,07,Séquences correspondant à des messages d’observation en surface (terre),307083,,,302043,Données synoptiques de base «pour la période»,,,,Operational,Original
bufr4/3/07/083/1/302044,07,Séquences correspondant à des messages d’observation en surface (terre),307083,,,302044,Données sur l’évaporation,,,,Operational,Original
bufr4/3/07/083/1/101002,07,Séquences correspondant à des messages d’observation en surface (terre),307083,,,101002,Répéter 1 descripteur 2 fois,,,,Operational,Original
bufr4/3/07/083/1/302045,07,Séquences correspondant à des messages d’observation en surface (terre),307083,,,302045,Données sur le rayonnement (sur une période d’une heure et de 24 heures),,,,Operational,Original
bufr4/3/07/083/1/302046,07,Séquences correspondant à des messages d’observation en surface (terre),307083,,,302046,Variation de température,,,,Operational,Original
bufr4/3/07/084/1/301090,07,Séquences correspondant à des messages d’observation en surface (terre),307084,"(Séquence pour la représentation des données SYNOP des messages synoptiques provenant d’une station terrestre fixe, compte tenu des pratiques propres à la Région IV)",,301090,"Identification de la station d’observation en surface; heure, coordonnées horizontales et verticales",,,,Operational,Original
bufr4/3/07/084/1/302031,07,Séquences correspondant à des messages d’observation en surface (terre),307084,"(Séquence pour la représentation des données SYNOP des messages synoptiques provenant d’une station terrestre fixe, compte tenu des pratiques propres à la Région IV)",,302031,Information sur la pression,,,,Operational,Original
bufr4/3/07/084/1/302035,07,Séquences correspondant à des messages d’observation en surface (terre),307084,"(Séquence pour la représentation des données SYNOP des messages synoptiques provenant d’une station terrestre fixe, compte tenu des pratiques propres à la Région IV)",,302035,Données synoptiques de base «instantanées»,,,,Operational,Original
bufr4/3/07/084/1/302036,07,Séquences correspondant à des messages d’observation en surface (terre),307084,"(Séquence pour la représentation des données SYNOP des messages synoptiques provenant d’une station terrestre fixe, compte tenu des pratiques propres à la Région IV)",,302036,Nuages dont la base se situe sous le niveau de la station,,,,Operational,Original
bufr4/3/07/084/1/302047,07,Séquences correspondant à des messages d’observation en surface (terre),307084,"(Séquence pour la représentation des données SYNOP des messages synoptiques provenant d’une station terrestre fixe, compte tenu des pratiques propres à la Région IV)",,302047,Direction de la dérive des nuages,,,,Operational,Original
bufr4/3/07/084/1/008002,07,Séquences correspondant à des messages d’observation en surface (terre),307084,"(Séquence pour la représentation des données SYNOP des messages synoptiques provenant d’une station terrestre fixe, compte tenu des pratiques propres à la Région IV)",,008002,Caractéristique verticale (observations en surface),Mis à valeur manquante (annuler),,,Operational,Original
bufr4/3/07/084/1/302048,07,Séquences correspondant à des messages d’observation en surface (terre),307084,"(Séquence pour la représentation des données SYNOP des messages synoptiques provenant d’une station terrestre fixe, compte tenu des pratiques propres à la Région IV)",,302048,Direction et hauteur des nuages,,,,Operational,Original
bufr4/3/07/084/1/302037,07,Séquences correspondant à des messages d’observation en surface (terre),307084,"(Séquence pour la représentation des données SYNOP des messages synoptiques provenant d’une station terrestre fixe, compte tenu des pratiques propres à la Région IV)",,302037,"État du sol, hauteur de neige, température minimale au sol",,,,Operational,Original
bufr4/3/07/084/1/020055,07,Séquences correspondant à des messages d’observation en surface (terre),307084,"(Séquence pour la représentation des données SYNOP des messages synoptiques provenant d’une station terrestre fixe, compte tenu des pratiques propres à la Région IV)",,020055,État du ciel dans les régions tropicales,,,,Operational,Original
bufr4/3/07/084/1/101000,07,Séquences correspondant à des messages d’observation en surface (terre),307084,"(Séquence pour la représentation des données SYNOP des messages synoptiques provenant d’une station terrestre fixe, compte tenu des pratiques propres à la Région IV)",,101000,Répétition différée de 1 descripteur,,,,Operational,Original
bufr4/3/07/084/1/031001,07,Séquences correspondant à des messages d’observation en surface (terre),307084,"(Séquence pour la représentation des données SYNOP des messages synoptiques provenant d’une station terrestre fixe, compte tenu des pratiques propres à la Région IV)",,031001,Facteur de répétition différée du descripteur,,,,Operational,Original
bufr4/3/07/084/1/205001,07,Séquences correspondant à des messages d’observation en surface (terre),307084,"(Séquence pour la représentation des données SYNOP des messages synoptiques provenant d’une station terrestre fixe, compte tenu des pratiques propres à la Région IV)",,205001,Indiquer des caractères,Champ pour 1 caractère,,,Operational,Original
bufr4/3/07/084/1/302043,07,Séquences correspondant à des messages d’observation en surface (terre),307084,"(Séquence pour la représentation des données SYNOP des messages synoptiques provenant d’une station terrestre fixe, compte tenu des pratiques propres à la Région IV)",,302043,Données synoptiques de base «pour la période»,,,,Operational,Original
bufr4/3/07/084/1/302044,07,Séquences correspondant à des messages d’observation en surface (terre),307084,"(Séquence pour la représentation des données SYNOP des messages synoptiques provenant d’une station terrestre fixe, compte tenu des pratiques propres à la Région IV)",,302044,Données sur l’évaporation,,,,Operational,Original
bufr4/3/07/084/1/101002,07,Séquences correspondant à des messages d’observation en surface (terre),307084,"(Séquence pour la représentation des données SYNOP des messages synoptiques provenant d’une station terrestre fixe, compte tenu des pratiques propres à la Région IV)",,101002,Répéter 1 descripteur 2 fois,,,,Operational,Original
bufr4/3/07/084/1/302045,07,Séquences correspondant à des messages d’observation en surface (terre),307084,"(Séquence pour la représentation des données SYNOP des messages synoptiques provenant d’une station terrestre fixe, compte tenu des pratiques propres à la Région IV)",,302045,Données sur le rayonnement (sur une période d’une heure et de 24 heures),,,,Operational,Original
bufr4/3/07/084/1/302046,07,Séquences correspondant à des messages d’observation en surface (terre),307084,"(Séquence pour la représentation des données SYNOP des messages synoptiques provenant d’une station terrestre fixe, compte tenu des pratiques propres à la Région IV)",,302046,Variation de température,,,,Operational,Original
bufr4/3/07/086/1/301090,07,Séquences correspondant à des messages d’observation en surface (terre),307086,"(Séquence pour la représentation des données SYNOP des messages synoptiques provenant d’une station terrestre fixe, compte tenu des pratiques propres à la Région VI)",,301090,"Identification de la station d’observation en surface; heure, coordonnées horizontales et verticales",,,,Operational,Original
bufr4/3/07/086/1/302031,07,Séquences correspondant à des messages d’observation en surface (terre),307086,"(Séquence pour la représentation des données SYNOP des messages synoptiques provenant d’une station terrestre fixe, compte tenu des pratiques propres à la Région VI)",,302031,Information sur la pression I. 2 – Table D/07 BUFR — 29,(à suivre),,,Operational,Original
bufr4/3/07/086/1/302035,07,Séquences correspondant à des messages d’observation en surface (terre),307086,,,302035,Données synoptiques de base «instantanées»,,,,Operational,Original
bufr4/3/07/086/1/302036,07,Séquences correspondant à des messages d’observation en surface (terre),307086,,,302036,Nuages dont la base se situe sous le niveau de la station,,,,Operational,Original
bufr4/3/07/086/1/008002,07,Séquences correspondant à des messages d’observation en surface (terre),307086,,,008002,Caractéristique verticale (observations en surface),Mis à valeur manquante (annuler),,,Operational,Original
bufr4/3/07/086/1/302037,07,Séquences correspondant à des messages d’observation en surface (terre),307086,,,302037,"État du sol, hauteur de neige, température minimale au sol",,,,Operational,Original
bufr4/3/07/086/1/302066,07,Séquences correspondant à des messages d’observation en surface (terre),307086,,,302066,Phénomènes météorologiques dangereux,,,,Operational,Original
bufr4/3/07/086/1/302043,07,Séquences correspondant à des messages d’observation en surface (terre),307086,,,302043,Données synoptiques de base «pour la période»,,,,Operational,Original
bufr4/3/07/086/1/302044,07,Séquences correspondant à des messages d’observation en surface (terre),307086,,,302044,Données sur l’évaporation,,,,Operational,Original
bufr4/3/07/086/1/101002,07,Séquences correspondant à des messages d’observation en surface (terre),307086,,,101002,Répéter 1 descripteur 2 fois,,,,Operational,Original
bufr4/3/07/086/1/302045,07,Séquences correspondant à des messages d’observation en surface (terre),307086,,,302045,Données sur le rayonnement (sur une période d’une heure et de 24 heures),,,,Operational,Original
bufr4/3/07/087/1/301001,07,Séquences correspondant à des messages d’observation en surface (terre),307087,(Paramètres «instantanés» de la séquence 3 07 089),,301001,Indicateur régional OMM et chiffre indicatif OMM de la station,iii,,,Operational,Original
bufr4/3/07/087/1/002001,07,Séquences correspondant à des messages d’observation en surface (terre),307087,(Paramètres «instantanés» de la séquence 3 07 089),,002001,Type de station,i x,,,Operational,Original
bufr4/3/07/087/1/301011,07,Séquences correspondant à des messages d’observation en surface (terre),307087,(Paramètres «instantanés» de la séquence 3 07 089),,301011,"Année, mois, jour",YY,,,Operational,Original
bufr4/3/07/087/1/301012,07,Séquences correspondant à des messages d’observation en surface (terre),307087,(Paramètres «instantanés» de la séquence 3 07 089),,301012,"Heure, minute","GG, gg",,,Operational,Original
bufr4/3/07/087/1/301023,07,Séquences correspondant à des messages d’observation en surface (terre),307087,(Paramètres «instantanés» de la séquence 3 07 089),,301023,Latitude/longitude (faible précision),,,,Operational,Original
bufr4/3/07/087/1/007030,07,Séquences correspondant à des messages d’observation en surface (terre),307087,(Paramètres «instantanés» de la séquence 3 07 089),,007030,Altitude du sol de la station,,,,Operational,Original
bufr4/3/07/087/1/007031,07,Séquences correspondant à des messages d’observation en surface (terre),307087,(Paramètres «instantanés» de la séquence 3 07 089),,007031,Altitude du baromètre Données sur la pression,,,,Operational,Original
bufr4/3/07/087/1/302001,07,Séquences correspondant à des messages d’observation en surface (terre),307087,(Paramètres «instantanés» de la séquence 3 07 089),,302001,Pression et variation de pression en 3 heures P,"P P P , PPPP, o o o o ppp, a",,,Operational,Original
bufr4/3/07/087/1/010062,07,Séquences correspondant à des messages d’observation en surface (terre),307087,(Paramètres «instantanés» de la séquence 3 07 089),,010062,Variation de pression en 24 heures,p p p 24 24 24,,,Operational,Original
bufr4/3/07/087/1/007004,07,Séquences correspondant à des messages d’observation en surface (terre),307087,(Paramètres «instantanés» de la séquence 3 07 089),,007004,Pression,"Surface isobare standard a 3 = 925, 850, 700, Mis à ... hPa ⎮ valeur manquante pour les stations situées en plaine",,,Operational,Original
bufr4/3/07/087/1/010009,07,Séquences correspondant à des messages d’observation en surface (terre),307087,(Paramètres «instantanés» de la séquence 3 07 089),,010009,Hauteur géopotentielle Température et humidité,Surface isobare standard hhh ⎮ Mis à valeur manquante pour les stations situées en plaine,,,Operational,Original
bufr4/3/07/087/1/007032,07,Séquences correspondant à des messages d’observation en surface (terre),307087,(Paramètres «instantanés» de la séquence 3 07 089),,007032,Hauteur du capteur au-dessus du sol (ou du pont sur une plate-forme marine),Mesure de la température (à suivre),,,Operational,Original
bufr4/3/07/087/1/012101,07,Séquences correspondant à des messages d’observation en surface (terre),307087,,,012101,Température/température de l’air s TTT n,Échelle: 2 ⎮,,,Operational,Original
bufr4/3/07/087/1/012103,07,Séquences correspondant à des messages d’observation en surface (terre),307087,,,012103,Point de rosée s T n Échelle: 2,T T ⎮ d d d,,,Operational,Original
bufr4/3/07/087/1/013003,07,Séquences correspondant à des messages d’observation en surface (terre),307087,,,013003,Humidité relative,,,,Operational,Original
bufr4/3/07/087/2/007032,07,Séquences correspondant à des messages d’observation en surface (terre),307087,,,007032,Hauteur du capteur au-dessus du sol Mis à valeur (ou du pont sur une plate-forme marine) manquante (annuler) Visibilité,,,,Operational,Original
bufr4/3/07/087/1/020001,07,Séquences correspondant à des messages d’observation en surface (terre),307087,,,020001,Visibilité horizontale Données sur les nuages,VV,,,Operational,Original
bufr4/3/07/087/1/302004,07,Séquences correspondant à des messages d’observation en surface (terre),307087,,,302004,"Information générale sur les nuages /voir colonne Nébulosité (totale) N: Si N = 9, de gauche 0 20 010 = 113; si N = /, 0 20 010 = valeur manquante Caractéristique ⎮ sont observés, verticale: Si des C L 0 08 002 = 7 Nuages de l’étage ⎮ inférieur: Si aucun C n’est observé et L des C sont observés, 0 08 002 = 8 ⎮ M Nuages de l’étage moyen: Si seuls des C sont observés, 0 08 002 = 0, H si N = 9, 0 08 002 = 5, si N = 0, 0 08 002 = 62, si N = /, 0 08 002 = valeur manquante Étendue de la couche ⎮ nuageuse (nuages de l’étage inférieur ou moyen) N : Si N = 0, 0 20 011 = 0, h si N = 9, 0 20 011 = 9, si N = /, 0 20 011 = valeur manquante ⎮ Hauteur de la base des nuages h: Si N = 0 ou /, 0 20 013 = valeur manquante Type de nuage (nuages ⎮ de l’étage inférieur) C : 0 20 012 = L C + 30, si N = 0, 0 20 012 = 30, L si N = 9 ou /, 0 20 012 = 62 Type de ⎮ nuage (nuages de l’étage moyen) C : M 0 20 012 = C + 20, si N = 0, M 0 20 012 = 20, si N = 9 ou / ou C = /, 0 20 012 = 61 Type de nuage ⎮ M (nuages de l’étage supérieur) C : H + 10, si N = 0, 0 20 012 = C H 0 20 012 = 10, si N = 9 ou / ou = /, 0 20 012 = 60 C H",,,,Operational,Original
bufr4/3/07/087/1/101000,07,Séquences correspondant à des messages d’observation en surface (terre),307087,,,101000,Répétition différée de 1 descripteur,,,,Operational,Original
bufr4/3/07/087/1/031001,07,Séquences correspondant à des messages d’observation en surface (terre),307087,,,031001,Facteur de répétition différée du descritpeur I. 2 – Table D/07 BUFR — 31,(à suivre),,,Operational,Original
bufr4/3/07/087/1/302005,07,Séquences correspondant à des messages d’observation en surface (terre),307087,,,302005,"Couche nuageuse /voir colonne Caractéristique verticale: Dans toute de gauche couche Cb, 0 08 002 = 4, sinon, pour la première répétition, si N = 9, 0 08 002 = 5, si N = /, 0 08 002 = valeur manquante, sinon 0 08 002 = 1, pour les autres répétitions 0 08 002 = 2, 3, 4 Étendue ⎮ : Pour la de la couche nuageuse N s première répétition, si N = /, 0 20 011 = , valeur manquante, sinon 0 20 011 = N s pour les autres répétitions 0 20 011 = N s Type de nuage C: Si N = 9 ou /, ⎮ 0 20 012 = valeur manquante, sinon 0 20 012 = C Hauteur de la base des ⎮ h nuages h s s",,,,Operational,Original
bufr4/3/07/088/1/020003,07,Séquences correspondant à des messages d’observation en surface (terre),307088,(Paramètres «pour la période» de la séquence 3 07 089),,020003,Temps présent ww,,,,Operational,Original
bufr4/3/07/088/1/004024,07,Séquences correspondant à des messages d’observation en surface (terre),307088,(Paramètres «pour la période» de la séquence 3 07 089),,004024,"Période ou décalage dans le temps =–6 à 00, 06, 12, 18 UTC, =–3 à 03, 09,15, 21 UTC",,,,Operational,Original
bufr4/3/07/088/1/020004,07,Séquences correspondant à des messages d’observation en surface (terre),307088,(Paramètres «pour la période» de la séquence 3 07 089),,020004,Temps passé (1) W,1,,,Operational,Original
bufr4/3/07/088/1/020005,07,Séquences correspondant à des messages d’observation en surface (terre),307088,(Paramètres «pour la période» de la séquence 3 07 089),,020005,Temps passé (2) W Évaporation,2,,,Operational,Original
bufr4/3/07/088/2/004024,07,Séquences correspondant à des messages d’observation en surface (terre),307088,(Paramètres «pour la période» de la séquence 3 07 089),,004024,Période ou décalage dans le temps =–24 (heures),,,,Operational,Original
bufr4/3/07/088/1/002004,07,Séquences correspondant à des messages d’observation en surface (terre),307088,(Paramètres «pour la période» de la séquence 3 07 089),,002004,Type d’instrument utilisé pour la mesure i E de l’évaporation ou type de culture pour lequel est indiquée l’évapotranspiration,,,,Operational,Original
bufr4/3/07/088/1/013033,07,Séquences correspondant à des messages d’observation en surface (terre),307088,(Paramètres «pour la période» de la séquence 3 07 089),,013033,Évaporation/évapotranspiration EEE Insolation,,,,Operational,Original
bufr4/3/07/088/1/102002,07,Séquences correspondant à des messages d’observation en surface (terre),307088,(Paramètres «pour la période» de la séquence 3 07 089),,102002,Répéter 2 descripteurs 2 fois,,,,Operational,Original
bufr4/3/07/088/3/004024,07,Séquences correspondant à des messages d’observation en surface (terre),307088,(Paramètres «pour la période» de la séquence 3 07 089),,004024,"Période ou décalage dans le temps =–24 (heures) pour la première répéti-tion, =–1 (heure) pour la deuxième répétition",,,,Operational,Original
bufr4/3/07/088/1/014031,07,Séquences correspondant à des messages d’observation en surface (terre),307088,(Paramètres «pour la période» de la séquence 3 07 089),,014031,"Insolation totale SSS pour la première répétition, SS pour la deuxième répétition Précipitations",,,,Operational,Original
bufr4/3/07/088/2/102002,07,Séquences correspondant à des messages d’observation en surface (terre),307088,(Paramètres «pour la période» de la séquence 3 07 089),,102002,Répéter 2 descripteurs 2 fois,,,,Operational,Original
bufr4/3/07/088/4/004024,07,Séquences correspondant à des messages d’observation en surface (terre),307088,(Paramètres «pour la période» de la séquence 3 07 089),,004024,Période ou décalage dans le temps t R,,,,Operational,Original
bufr4/3/07/088/1/013011,07,Séquences correspondant à des messages d’observation en surface (terre),307088,(Paramètres «pour la période» de la séquence 3 07 089),,013011,"Précipitations totales/valeur totale RRR de l’équivalent en eau = 0 Pas de précipitations, =–0,1 Trace",⎮ (à suivre),,,Operational,Original
bufr4/3/07/088/1/007032,07,Séquences correspondant à des messages d’observation en surface (terre),307088,,,007032,Hauteur du capteur au-dessus du sol Mesure de la,,,,Operational,Original
bufr4/3/07/088/5/004024,07,Séquences correspondant à des messages d’observation en surface (terre),307088,,,004024,Période ou décalage dans le temps =–12 (heures),,,,Operational,Original
bufr4/3/07/088/1/012111,07,Séquences correspondant à des messages d’observation en surface (terre),307088,,,012111,"Température maximale, à une hauteur et s n sur une période déterminées",T T T x x x,,,Operational,Original
bufr4/3/07/088/6/004024,07,Séquences correspondant à des messages d’observation en surface (terre),307088,,,004024,Période ou décalage dans le temps =–12 (heures),,,,Operational,Original
bufr4/3/07/088/1/012112,07,Séquences correspondant à des messages d’observation en surface (terre),307088,,,012112,"Température minimale, à une hauteur et s n sur une période déterminées Données sur le vent",T T T n n n,,,Operational,Original
bufr4/3/07/088/2/007032,07,Séquences correspondant à des messages d’observation en surface (terre),307088,,,007032,Hauteur du capteur au-dessus du sol Mesure du vent (ou du pont sur une plate-forme marine),,,,Operational,Original
bufr4/3/07/088/1/002002,07,Séquences correspondant à des messages d’observation en surface (terre),307088,,,002002,Type d’instrument pour la mesure du vent i w,,,,Operational,Original
bufr4/3/07/088/1/008021,07,Séquences correspondant à des messages d’observation en surface (terre),307088,,,008021,Caractéristique temporelle = 2 Moyenne sur une certaine période,,,,Operational,Original
bufr4/3/07/088/1/004025,07,Séquences correspondant à des messages d’observation en surface (terre),307088,,,004025,"Période ou décalage dans le temps =–10 (minutes) ou nombre de minutes après un change-ment significatif du vent, le cas échéant",,,,Operational,Original
bufr4/3/07/088/1/011001,07,Séquences correspondant à des messages d’observation en surface (terre),307088,,,011001,"Direction du vent dd Calme ou dd = 99 Variable, 0 11 001 = 0",Si dd = 00 ⎮,,,Operational,Original
bufr4/3/07/088/1/011002,07,Séquences correspondant à des messages d’observation en surface (terre),307088,,,011002,Vitesse du vent ff,,,,Operational,Original
bufr4/3/07/088/2/008021,07,Séquences correspondant à des messages d’observation en surface (terre),307088,,,008021,Caractéristique temporelle Mis à valeur manquante (annuler) (Séquence la représentation des données SYNOP des messages synoptiques provenant d’une station terrestre fixe manuellement codés en CREX),,,,Operational,Original
bufr4/3/07/089/1/307087,07,Séquences correspondant à des messages d’observation en surface (terre),307089,(ou du pont sur une plate-forme marine),,307087,Paramètres «instantanés» de la séquence 3 07 089,,,,Operational,Original
bufr4/3/07/089/1/307088,07,Séquences correspondant à des messages d’observation en surface (terre),307089,(ou du pont sur une plate-forme marine),,307088,Paramètres «pour la période» de la séquence 3 07 089,,,,Operational,Original
bufr4/3/07/090/1/301092,07,Séquences correspondant à des messages d’observation en surface (terre),307090,(Séquence pour la représentation des données SYNOP MOBIL des messages synoptiques provenant d’une station terrestre mobile),,301092,"Identification de la station mobile d’observation en surface, date/heure, coordonnées horizontales et verticales",,,,Operational,Original
bufr4/3/07/090/1/302031,07,Séquences correspondant à des messages d’observation en surface (terre),307090,(Séquence pour la représentation des données SYNOP MOBIL des messages synoptiques provenant d’une station terrestre mobile),,302031,Information sur la pression,,,,Operational,Original
bufr4/3/07/090/1/302035,07,Séquences correspondant à des messages d’observation en surface (terre),307090,(Séquence pour la représentation des données SYNOP MOBIL des messages synoptiques provenant d’une station terrestre mobile),,302035,Données synoptiques de base «instantanées» I. 2 – Table D/07 BUFR — 33,(à suivre),,,Operational,Original
bufr4/3/07/090/1/302036,07,Séquences correspondant à des messages d’observation en surface (terre),307090,,,302036,Nuages dont la base se situe sous le niveau de la station,,,,Operational,Original
bufr4/3/07/090/1/302047,07,Séquences correspondant à des messages d’observation en surface (terre),307090,,,302047,Direction de la dérive des nuages,,,,Operational,Original
bufr4/3/07/090/1/008002,07,Séquences correspondant à des messages d’observation en surface (terre),307090,,,008002,Caractéristique verticale (observations en surface),,,,Operational,Original
bufr4/3/07/090/1/302048,07,Séquences correspondant à des messages d’observation en surface (terre),307090,,,302048,Direction et hauteur des nuages,,,,Operational,Original
bufr4/3/07/090/1/302037,07,Séquences correspondant à des messages d’observation en surface (terre),307090,,,302037,"État du sol, hauteur de neige, température minimale au sol",,,,Operational,Original
bufr4/3/07/090/1/302043,07,Séquences correspondant à des messages d’observation en surface (terre),307090,,,302043,Données synoptiques de base «pour la période»,,,,Operational,Original
bufr4/3/07/090/1/302044,07,Séquences correspondant à des messages d’observation en surface (terre),307090,,,302044,Données sur l’évaporation,,,,Operational,Original
bufr4/3/07/090/1/101002,07,Séquences correspondant à des messages d’observation en surface (terre),307090,,,101002,Répéter 1 descripteur 2 fois,,,,Operational,Original
bufr4/3/07/090/1/302045,07,Séquences correspondant à des messages d’observation en surface (terre),307090,,,302045,Données sur le rayonnement (sur une période d’une heure et de 24 heures),,,,Operational,Original
bufr4/3/07/090/1/302046,07,Séquences correspondant à des messages d’observation en surface (terre),307090,,,302046,Variation de température,,,,Operational,Original
bufr4/3/07/091/1/301089,07,Séquences correspondant à des messages d’observation en surface (terre),307091,(Modèle de codage BUFR pour les observations en surface relevées sur une heure avec identification nationale et OMM de la station),,301089,Identification nationale de la station,,,,Operational,Original
bufr4/3/07/091/1/301090,07,Séquences correspondant à des messages d’observation en surface (terre),307091,(Modèle de codage BUFR pour les observations en surface relevées sur une heure avec identification nationale et OMM de la station),,301090,"Identification de la station d’observation en surface; heure, coordonnées horizontales et verticales",,,,Operational,Original
bufr4/3/07/091/1/008010,07,Séquences correspondant à des messages d’observation en surface (terre),307091,(Modèle de codage BUFR pour les observations en surface relevées sur une heure avec identification nationale et OMM de la station),,008010,Caractéristique de la surface (données de température),,,,Operational,Original
bufr4/3/07/091/1/301091,07,Séquences correspondant à des messages d’observation en surface (terre),307091,(Modèle de codage BUFR pour les observations en surface relevées sur une heure avec identification nationale et OMM de la station),,301091,Instruments de la station d’observation en surface,,,,Operational,Original
bufr4/3/07/091/1/302001,07,Séquences correspondant à des messages d’observation en surface (terre),307091,(Modèle de codage BUFR pour les observations en surface relevées sur une heure avec identification nationale et OMM de la station),,302001,Pression et variation de pression en 3 heures,,,,Operational,Original
bufr4/3/07/091/1/007004,07,Séquences correspondant à des messages d’observation en surface (terre),307091,(Modèle de codage BUFR pour les observations en surface relevées sur une heure avec identification nationale et OMM de la station),,007004,Pression,Surface isobare standard,,,Operational,Original
bufr4/3/07/091/1/010009,07,Séquences correspondant à des messages d’observation en surface (terre),307091,(Modèle de codage BUFR pour les observations en surface relevées sur une heure avec identification nationale et OMM de la station),,010009,Hauteur géopotentielle,Surface isobare standard,,,Operational,Original
bufr4/3/07/091/1/302072,07,Séquences correspondant à des messages d’observation en surface (terre),307091,(Modèle de codage BUFR pour les observations en surface relevées sur une heure avec identification nationale et OMM de la station),,302072,Données sur la température et l’humidité,,,,Operational,Original
bufr4/3/07/091/1/103000,07,Séquences correspondant à des messages d’observation en surface (terre),307091,(Modèle de codage BUFR pour les observations en surface relevées sur une heure avec identification nationale et OMM de la station),,103000,Répétition différée de 3 descripteurs,,,,Operational,Original
bufr4/3/07/091/1/031000,07,Séquences correspondant à des messages d’observation en surface (terre),307091,(Modèle de codage BUFR pour les observations en surface relevées sur une heure avec identification nationale et OMM de la station),,031000,Facteur de répétition légèrement différée du descripteur,,,,Operational,Original
bufr4/3/07/091/1/101005,07,Séquences correspondant à des messages d’observation en surface (terre),307091,(Modèle de codage BUFR pour les observations en surface relevées sur une heure avec identification nationale et OMM de la station),,101005,Répéter 1 descripteur 5 fois,,,,Operational,Original
bufr4/3/07/091/1/307063,07,Séquences correspondant à des messages d’observation en surface (terre),307091,(Modèle de codage BUFR pour les observations en surface relevées sur une heure avec identification nationale et OMM de la station),,307063,Profondeur sous la surface terrestre et température du sol,,,,Operational,Original
bufr4/3/07/091/1/007061,07,Séquences correspondant à des messages d’observation en surface (terre),307091,(Modèle de codage BUFR pour les observations en surface relevées sur une heure avec identification nationale et OMM de la station),,007061,Profondeur sous la surface terrestre,Mis à valeur manquante (annuler),,,Operational,Original
bufr4/3/07/091/1/101000,07,Séquences correspondant à des messages d’observation en surface (terre),307091,(Modèle de codage BUFR pour les observations en surface relevées sur une heure avec identification nationale et OMM de la station),,101000,Répétition différée de 1 descripteur,,,,Operational,Original
bufr4/3/07/091/2/031000,07,Séquences correspondant à des messages d’observation en surface (terre),307091,(Modèle de codage BUFR pour les observations en surface relevées sur une heure avec identification nationale et OMM de la station),,031000,Facteur de répétition légèrement différée du descripteur,,,,Operational,Original
bufr4/3/07/091/1/302069,07,Séquences correspondant à des messages d’observation en surface (terre),307091,(Modèle de codage BUFR pour les observations en surface relevées sur une heure avec identification nationale et OMM de la station),,302069,Données sur la visibilité,(à suivre),,,Operational,Original
bufr4/3/07/091/1/007032,07,Séquences correspondant à des messages d’observation en surface (terre),307091,,,007032,Hauteur du capteur au-dessus du sol (ou du pont sur une plate-forme marine),Mis à valeur manquante (annuler),,,Operational,Original
bufr4/3/07/091/1/007033,07,Séquences correspondant à des messages d’observation en surface (terre),307091,,,007033,Hauteur du capteur au-dessus de la surface Mis à valeur de l’eau,manquante (annuler),,,Operational,Original
bufr4/3/07/091/1/105000,07,Séquences correspondant à des messages d’observation en surface (terre),307091,,,105000,Répétition différée de 5 descripteurs,,,,Operational,Original
bufr4/3/07/091/3/031000,07,Séquences correspondant à des messages d’observation en surface (terre),307091,,,031000,Facteur de répétition légèrement différée du descripteur,,,,Operational,Original
bufr4/3/07/091/1/020031,07,Séquences correspondant à des messages d’observation en surface (terre),307091,,,020031,Dépôt de glace (épaisseur),,,,Operational,Original
bufr4/3/07/091/1/020032,07,Séquences correspondant à des messages d’observation en surface (terre),307091,,,020032,Vitesse d’accumulation de la glace (estimation),,,,Operational,Original
bufr4/3/07/091/1/002038,07,Séquences correspondant à des messages d’observation en surface (terre),307091,,,002038,Méthode de mesure de la température et/ou de la salinité de l’eau,,,,Operational,Original
bufr4/3/07/091/1/022043,07,Séquences correspondant à des messages d’observation en surface (terre),307091,,,022043,Température de la mer/de l’eau,Échelle: 2,,,Operational,Original
bufr4/3/07/091/1/302021,07,Séquences correspondant à des messages d’observation en surface (terre),307091,,,302021,Vagues,,,,Operational,Original
bufr4/3/07/091/2/101000,07,Séquences correspondant à des messages d’observation en surface (terre),307091,,,101000,Répétition différée de 1 descripteur,,,,Operational,Original
bufr4/3/07/091/4/031000,07,Séquences correspondant à des messages d’observation en surface (terre),307091,,,031000,Facteur de répétition légèrement différée du descripteur,,,,Operational,Original
bufr4/3/07/091/1/302078,07,Séquences correspondant à des messages d’observation en surface (terre),307091,,,302078,Mesure de l’état du sol et de la hauteur de la couche de neige,,,,Operational,Original
bufr4/3/07/091/3/101000,07,Séquences correspondant à des messages d’observation en surface (terre),307091,,,101000,Répétition différée de 1 descripteur,,,,Operational,Original
bufr4/3/07/091/5/031000,07,Séquences correspondant à des messages d’observation en surface (terre),307091,,,031000,Facteur de répétition légèrement différée du descripteur,,,,Operational,Original
bufr4/3/07/091/1/302073,07,Séquences correspondant à des messages d’observation en surface (terre),307091,,,302073,Données sur les nuages,,,,Operational,Original
bufr4/3/07/091/4/101000,07,Séquences correspondant à des messages d’observation en surface (terre),307091,,,101000,Répétition différée de 1 descripteur,,,,Operational,Original
bufr4/3/07/091/6/031000,07,Séquences correspondant à des messages d’observation en surface (terre),307091,,,031000,Facteur de répétition légèrement différée du descripteur,,,,Operational,Original
bufr4/3/07/091/1/302074,07,Séquences correspondant à des messages d’observation en surface (terre),307091,,,302074,Temps présent et temps passé,,,,Operational,Original
bufr4/3/07/091/5/101000,07,Séquences correspondant à des messages d’observation en surface (terre),307091,,,101000,Répétition différée de 1 descripteur,,,,Operational,Original
bufr4/3/07/091/7/031000,07,Séquences correspondant à des messages d’observation en surface (terre),307091,,,031000,Facteur de répétition légèrement différée du descripteur,,,,Operational,Original
bufr4/3/07/091/1/302175,07,Séquences correspondant à des messages d’observation en surface (terre),307091,,,302175,"Intensité des précipitations, taille de l’élément de précipitations",,,,Operational,Original
bufr4/3/07/091/1/102000,07,Séquences correspondant à des messages d’observation en surface (terre),307091,,,102000,Répétition différée de 2 descripteurs,,,,Operational,Original
bufr4/3/07/091/8/031000,07,Séquences correspondant à des messages d’observation en surface (terre),307091,,,031000,Facteur de répétition légèrement différée du descripteur,,,,Operational,Original
bufr4/3/07/091/1/004025,07,Séquences correspondant à des messages d’observation en surface (terre),307091,,,004025,Période ou décalage dans le temps,=–10 (minutes),,,Operational,Original
bufr4/3/07/091/1/302076,07,Séquences correspondant à des messages d’observation en surface (terre),307091,,,302076,"Précipitations, obscurcissement et autres phénomènes",,,,Operational,Original
bufr4/3/07/091/1/302071,07,Séquences correspondant à des messages d’observation en surface (terre),307091,,,302071,Données sur le vent relevées sur une heure,,,,Operational,Original
bufr4/3/07/091/1/302077,07,Séquences correspondant à des messages d’observation en surface (terre),307091,,,302077,Données sur les extrêmes de température,,,,Operational,Original
bufr4/3/07/091/2/007033,07,Séquences correspondant à des messages d’observation en surface (terre),307091,,,007033,Hauteur du capteur au-dessus de la surface Mis à valeur de l’eau I. 2 – Table D/07 BUFR — 35,manquante (annuler) (à suivre),,,Operational,Original
bufr4/3/07/091/6/101000,07,Séquences correspondant à des messages d’observation en surface (terre),307091,,,101000,Répétition différée de 1 descripteur,,,,Operational,Original
bufr4/3/07/091/9/031000,07,Séquences correspondant à des messages d’observation en surface (terre),307091,,,031000,Facteur de répétition légèrement différée du descripteur,,,,Operational,Original
bufr4/3/07/091/1/302079,07,Séquences correspondant à des messages d’observation en surface (terre),307091,,,302079,Mesure des précipitations,,,,Operational,Original
bufr4/3/07/091/2/007032,07,Séquences correspondant à des messages d’observation en surface (terre),307091,,,007032,Hauteur du capteur au-dessus du sol,Mis à valeur,,,Operational,Original
bufr4/3/07/091/7/101000,07,Séquences correspondant à des messages d’observation en surface (terre),307091,,,101000,Répétition différée de 1 descripteur,,,,Operational,Original
bufr4/3/07/091/10/031000,07,Séquences correspondant à des messages d’observation en surface (terre),307091,,,031000,Facteur de répétition légèrement différée du descripteur,,,,Operational,Original
bufr4/3/07/091/1/302080,07,Séquences correspondant à des messages d’observation en surface (terre),307091,,,302080,Mesure de l’évaporation,,,,Operational,Original
bufr4/3/07/091/8/101000,07,Séquences correspondant à des messages d’observation en surface (terre),307091,,,101000,Répétition différée de 1 descripteur,,,,Operational,Original
bufr4/3/07/091/11/031000,07,Séquences correspondant à des messages d’observation en surface (terre),307091,,,031000,Facteur de répétition légèrement différée du descripteur,,,,Operational,Original
bufr4/3/07/091/1/302081,07,Séquences correspondant à des messages d’observation en surface (terre),307091,,,302081,Données sur l’insolation totale,,,,Operational,Original
bufr4/3/07/091/9/101000,07,Séquences correspondant à des messages d’observation en surface (terre),307091,,,101000,Répétition différée de 1 descripteur,,,,Operational,Original
bufr4/3/07/091/12/031000,07,Séquences correspondant à des messages d’observation en surface (terre),307091,,,031000,Facteur de répétition légèrement différée du descripteur,,,,Operational,Original
bufr4/3/07/091/1/302082,07,Séquences correspondant à des messages d’observation en surface (terre),307091,,,302082,Données sur le rayonnement,,,,Operational,Original
bufr4/3/07/091/2/102000,07,Séquences correspondant à des messages d’observation en surface (terre),307091,,,102000,Répétition différée de 2 descripteurs,,,,Operational,Original
bufr4/3/07/091/13/031000,07,Séquences correspondant à des messages d’observation en surface (terre),307091,,,031000,Facteur de répétition légèrement différée du descripteur,,,,Operational,Original
bufr4/3/07/091/2/004025,07,Séquences correspondant à des messages d’observation en surface (terre),307091,,,004025,Période ou décalage dans le temps,=–10 (minutes),,,Operational,Original
bufr4/3/07/091/1/013059,07,Séquences correspondant à des messages d’observation en surface (terre),307091,,,013059,Nombre d’éclairs (orage),,,,Operational,Original
bufr4/3/07/091/10/101000,07,Séquences correspondant à des messages d’observation en surface (terre),307091,,,101000,Répétition différée de 1 descripteur,,,,Operational,Original
bufr4/3/07/091/14/031000,07,Séquences correspondant à des messages d’observation en surface (terre),307091,,,031000,Facteur de répétition légèrement différée du descripteur,,,,Operational,Original
bufr4/3/07/091/1/302083,07,Séquences correspondant à des messages d’observation en surface (terre),307091,,,302083,"Statistiques de premier ordre – données sur la pression, le vent, la température et l’humidité",,,,Operational,Original
bufr4/3/07/091/1/033005,07,Séquences correspondant à des messages d’observation en surface (terre),307091,,,033005,Informations sur la qualité (données des stations météorologiques automatiques),,,,Operational,Original
bufr4/3/07/091/1/033006,07,Séquences correspondant à des messages d’observation en surface (terre),307091,,,033006,Informations sur la situation interne des mesures (stations météorologiques automatiques) (Modèle de codage BUFR pour les observations en surface relevées sur une période de n minutes),,,,Operational,Original
bufr4/3/07/092/1/301150,07,Séquences correspondant à des messages d’observation en surface (terre),307092,(ou du pont sur une plate-forme marine),,301150,Identifiant du WIGOS,,,,Operational,Original
bufr4/3/07/092/1/301001,07,Séquences correspondant à des messages d’observation en surface (terre),307092,(ou du pont sur une plate-forme marine),,301001,Indicateur régional OMM et chiffre indicatif OMM de la station,,,,Operational,Original
bufr4/3/07/092/1/208040,07,Séquences correspondant à des messages d’observation en surface (terre),307092,(ou du pont sur une plate-forme marine),,208040,Changer le champ des données CCITT IA5,,,,Operational,Original
bufr4/3/07/092/1/001019,07,Séquences correspondant à des messages d’observation en surface (terre),307092,(ou du pont sur une plate-forme marine),,001019,Nom complet de la station ou du site,40 caractères,,,Operational,Original
bufr4/3/07/092/1/208000,07,Séquences correspondant à des messages d’observation en surface (terre),307092,(ou du pont sur une plate-forme marine),,208000,Changer le champ des données CCITT IA5,,,,Operational,Original
bufr4/3/07/092/1/301011,07,Séquences correspondant à des messages d’observation en surface (terre),307092,(ou du pont sur une plate-forme marine),,301011,"Année, mois, jour",Indication de la fin de la période de n minutes (à suivre),,,Operational,Original
bufr4/3/07/092/1/301012,07,Séquences correspondant à des messages d’observation en surface (terre),307092,,,301012,"Heure, minute",,,,Operational,Original
bufr4/3/07/092/1/301021,07,Séquences correspondant à des messages d’observation en surface (terre),307092,,,301021,Latitude/longitude (précision élevée),,,,Operational,Original
bufr4/3/07/092/1/007030,07,Séquences correspondant à des messages d’observation en surface (terre),307092,,,007030,Altitude du sol de la station,,,,Operational,Original
bufr4/3/07/092/1/001023,07,Séquences correspondant à des messages d’observation en surface (terre),307092,,,001023,Numéro de la séquence d’observations,,,,Operational,Original
bufr4/3/07/092/1/108000,07,Séquences correspondant à des messages d’observation en surface (terre),307092,,,108000,Répétition différée de 8 descripteurs,,,,Operational,Original
bufr4/3/07/092/1/031000,07,Séquences correspondant à des messages d’observation en surface (terre),307092,,,031000,Facteur de répétition légèrement différée du descripteur,,,,Operational,Original
bufr4/3/07/092/1/007031,07,Séquences correspondant à des messages d’observation en surface (terre),307092,,,007031,Altitude du baromètre,,,,Operational,Original
bufr4/3/07/092/1/204018,07,Séquences correspondant à des messages d’observation en surface (terre),307092,,,204018,Ajouter un champ associé,,,,Operational,Original
bufr4/3/07/092/1/031021,07,Séquences correspondant à des messages d’observation en surface (terre),307092,,,031021,Signification du champ associé,,,,Operational,Original
bufr4/3/07/092/1/010004,07,Séquences correspondant à des messages d’observation en surface (terre),307092,,,010004,Pression,Valeur mesurée de la pression de l’air à l’endroit du capteur et à la hauteur du capteur,,,Operational,Original
bufr4/3/07/092/1/010051,07,Séquences correspondant à des messages d’observation en surface (terre),307092,,,010051,Pression ramenée au niveau moyen de la mer,,,,Operational,Original
bufr4/3/07/092/1/007004,07,Séquences correspondant à des messages d’observation en surface (terre),307092,,,007004,Pression,Surface isobare standard,,,Operational,Original
bufr4/3/07/092/1/010009,07,Séquences correspondant à des messages d’observation en surface (terre),307092,,,010009,Hauteur géopotentielle,Surface isobare standard,,,Operational,Original
bufr4/3/07/092/1/204000,07,Séquences correspondant à des messages d’observation en surface (terre),307092,,,204000,Ajout d’un champ associé,Annuler,,,Operational,Original
bufr4/3/07/092/1/115000,07,Séquences correspondant à des messages d’observation en surface (terre),307092,,,115000,Répétition différée de 15 descripteurs,,,,Operational,Original
bufr4/3/07/092/1/031001,07,Séquences correspondant à des messages d’observation en surface (terre),307092,,,031001,Facteur de répétition différée du descripteur,,,,Operational,Original
bufr4/3/07/092/1/007032,07,Séquences correspondant à des messages d’observation en surface (terre),307092,,,007032,Hauteur du capteur au-dessus du sol (ou du pont sur une plate-forme marine),,,,Operational,Original
bufr4/3/07/092/1/008010,07,Séquences correspondant à des messages d’observation en surface (terre),307092,,,008010,Caractéristique de la surface (données de température),,,,Operational,Original
bufr4/3/07/092/2/204018,07,Séquences correspondant à des messages d’observation en surface (terre),307092,,,204018,Ajouter un champ associé,,,,Operational,Original
bufr4/3/07/092/2/031021,07,Séquences correspondant à des messages d’observation en surface (terre),307092,,,031021,Signification du champ associé,,,,Operational,Original
bufr4/3/07/092/1/012101,07,Séquences correspondant à des messages d’observation en surface (terre),307092,,,012101,Température/température de l’air,Échelle: 2,,,Operational,Original
bufr4/3/07/092/1/012103,07,Séquences correspondant à des messages d’observation en surface (terre),307092,,,012103,Point de rosée,Échelle: 2,,,Operational,Original
bufr4/3/07/092/1/202129,07,Séquences correspondant à des messages d’observation en surface (terre),307092,,,202129,Changer d’échelle,,,,Operational,Original
bufr4/3/07/092/1/201132,07,Séquences correspondant à des messages d’observation en surface (terre),307092,,,201132,Changer le champ de données,,,,Operational,Original
bufr4/3/07/092/1/013003,07,Séquences correspondant à des messages d’observation en surface (terre),307092,,,013003,Humidité relative,"Signalement obligatoire (sous réserve qu’un cap-teur d’humidité soit installé), champ de données: 11 bits",,,Operational,Original
bufr4/3/07/092/1/201000,07,Séquences correspondant à des messages d’observation en surface (terre),307092,,,201000,Changement du champ de données,Annuler,,,Operational,Original
bufr4/3/07/092/1/202000,07,Séquences correspondant à des messages d’observation en surface (terre),307092,,,202000,Changement d’échelle,Annuler,,,Operational,Original
bufr4/3/07/092/1/013009,07,Séquences correspondant à des messages d’observation en surface (terre),307092,,,013009,Humidité relative,Données initiales mesurées,,,Operational,Original
bufr4/3/07/092/2/204000,07,Séquences correspondant à des messages d’observation en surface (terre),307092,,,204000,Ajout d’un champ associé,Annuler,,,Operational,Original
bufr4/3/07/092/2/007032,07,Séquences correspondant à des messages d’observation en surface (terre),307092,,,007032,Hauteur du capteur au-dessus du sol (ou du Mis à valeur pont sur une plate-forme marine) I. 2 – Table D/07 BUFR — 37,manquante (annuler) (à suivre),,,Operational,Original
bufr4/3/07/092/2/008010,07,Séquences correspondant à des messages d’observation en surface (terre),307092,,,008010,Caractéristique de la surface (données de température),Mis à valeur manquante (annuler),,,Operational,Original
bufr4/3/07/092/1/107000,07,Séquences correspondant à des messages d’observation en surface (terre),307092,,,107000,Répétition différée de 7 descripteurs,,,,Operational,Original
bufr4/3/07/092/2/031001,07,Séquences correspondant à des messages d’observation en surface (terre),307092,,,031001,Facteur de répétition différée du descripteur,,,,Operational,Original
bufr4/3/07/092/1/007061,07,Séquences correspondant à des messages d’observation en surface (terre),307092,,,007061,Profondeur sous la surface terrestre,,,,Operational,Original
bufr4/3/07/092/3/204018,07,Séquences correspondant à des messages d’observation en surface (terre),307092,,,204018,Ajouter un champ associé,,,,Operational,Original
bufr4/3/07/092/3/031021,07,Séquences correspondant à des messages d’observation en surface (terre),307092,,,031021,Signification du champ associé,,,,Operational,Original
bufr4/3/07/092/1/012130,07,Séquences correspondant à des messages d’observation en surface (terre),307092,,,012130,Température du sol,,,,Operational,Original
bufr4/3/07/092/1/013111,07,Séquences correspondant à des messages d’observation en surface (terre),307092,,,013111,Humidité du sol,,,,Operational,Original
bufr4/3/07/092/3/204000,07,Séquences correspondant à des messages d’observation en surface (terre),307092,,,204000,Ajout d’un champ associé,Annuler,,,Operational,Original
bufr4/3/07/092/2/007061,07,Séquences correspondant à des messages d’observation en surface (terre),307092,,,007061,Profondeur sous la surface terrestre,Mis à valeur manquante (annuler),,,Operational,Original
bufr4/3/07/092/1/105000,07,Séquences correspondant à des messages d’observation en surface (terre),307092,,,105000,Répétition différée de 5 descripteurs,,,,Operational,Original
bufr4/3/07/092/2/031000,07,Séquences correspondant à des messages d’observation en surface (terre),307092,,,031000,Facteur de répétition légèrement différée du descripteur,,,,Operational,Original
bufr4/3/07/092/1/033041,07,Séquences correspondant à des messages d’observation en surface (terre),307092,,,033041,Caractéristique de la valeur suivante,,,,Operational,Original
bufr4/3/07/092/4/204018,07,Séquences correspondant à des messages d’observation en surface (terre),307092,,,204018,Ajouter un champ associé,,,,Operational,Original
bufr4/3/07/092/4/031021,07,Séquences correspondant à des messages d’observation en surface (terre),307092,,,031021,Signification du champ associé,,,,Operational,Original
bufr4/3/07/092/1/020001,07,Séquences correspondant à des messages d’observation en surface (terre),307092,,,020001,Visibilité horizontale,,,,Operational,Original
bufr4/3/07/092/4/204000,07,Séquences correspondant à des messages d’observation en surface (terre),307092,,,204000,Ajout d’un champ associé,Annuler,,,Operational,Original
bufr4/3/07/092/1/113000,07,Séquences correspondant à des messages d’observation en surface (terre),307092,,,113000,Répétition différée de 13 descripteurs,,,,Operational,Original
bufr4/3/07/092/3/031000,07,Séquences correspondant à des messages d’observation en surface (terre),307092,,,031000,Facteur de répétition légèrement différée du descripteur,,,,Operational,Original
bufr4/3/07/092/5/204018,07,Séquences correspondant à des messages d’observation en surface (terre),307092,,,204018,Ajouter un champ associé,,,,Operational,Original
bufr4/3/07/092/5/031021,07,Séquences correspondant à des messages d’observation en surface (terre),307092,,,031021,Signification du champ associé,,,,Operational,Original
bufr4/3/07/092/1/020010,07,Séquences correspondant à des messages d’observation en surface (terre),307092,,,020010,Nébulosité (totale),,,,Operational,Original
bufr4/3/07/092/5/204000,07,Séquences correspondant à des messages d’observation en surface (terre),307092,,,204000,Ajout d’un champ associé,Annuler,,,Operational,Original
bufr4/3/07/092/2/107000,07,Séquences correspondant à des messages d’observation en surface (terre),307092,,,107000,Répétition différée de 7 descripteurs,,,,Operational,Original
bufr4/3/07/092/3/031001,07,Séquences correspondant à des messages d’observation en surface (terre),307092,,,031001,Facteur de répétition différée du descripteur,,,,Operational,Original
bufr4/3/07/092/1/008002,07,Séquences correspondant à des messages d’observation en surface (terre),307092,,,008002,Caractéristique verticale (observations en surface),,,,Operational,Original
bufr4/3/07/092/6/204018,07,Séquences correspondant à des messages d’observation en surface (terre),307092,,,204018,Ajouter un champ associé,,,,Operational,Original
bufr4/3/07/092/6/031021,07,Séquences correspondant à des messages d’observation en surface (terre),307092,,,031021,Signification du champ associé,,,,Operational,Original
bufr4/3/07/092/1/020011,07,Séquences correspondant à des messages d’observation en surface (terre),307092,,,020011,Nébulosité,,,,Operational,Original
bufr4/3/07/092/1/020013,07,Séquences correspondant à des messages d’observation en surface (terre),307092,,,020013,Hauteur de la base des nuages,,,,Operational,Original
bufr4/3/07/092/6/204000,07,Séquences correspondant à des messages d’observation en surface (terre),307092,,,204000,Ajout d’un champ associé,Annuler,,,Operational,Original
bufr4/3/07/092/2/008002,07,Séquences correspondant à des messages d’observation en surface (terre),307092,,,008002,Caractéristique verticale (observations en surface),Mis à valeur manquante (annuler),,,Operational,Original
bufr4/3/07/092/2/105000,07,Séquences correspondant à des messages d’observation en surface (terre),307092,,,105000,Répétition différée de 5 descripteurs,,,,Operational,Original
bufr4/3/07/092/4/031000,07,Séquences correspondant à des messages d’observation en surface (terre),307092,,,031000,Facteur de répétition légèrement différée du descripteur,,,,Operational,Original
bufr4/3/07/092/7/204018,07,Séquences correspondant à des messages d’observation en surface (terre),307092,,,204018,Ajouter un champ associé,,,,Operational,Original
bufr4/3/07/092/7/031021,07,Séquences correspondant à des messages d’observation en surface (terre),307092,,,031021,Signification du champ associé,,,,Operational,Original
bufr4/3/07/092/1/020062,07,Séquences correspondant à des messages d’observation en surface (terre),307092,,,020062,État du sol (recouvert ou non d’une couche de neige),,,,Operational,Original
bufr4/3/07/092/1/013013,07,Séquences correspondant à des messages d’observation en surface (terre),307092,,,013013,Hauteur totale de la couche de neige,,,,Operational,Original
bufr4/3/07/092/7/204000,07,Séquences correspondant à des messages d’observation en surface (terre),307092,,,204000,Ajout d’un champ associé,Annuler (à suivre),,,Operational,Original
bufr4/3/07/092/3/105000,07,Séquences correspondant à des messages d’observation en surface (terre),307092,,,105000,Répétition différée de 5 descripteurs,,,,Operational,Original
bufr4/3/07/092/5/031000,07,Séquences correspondant à des messages d’observation en surface (terre),307092,,,031000,Facteur de répétition légèrement différée du descripteur,,,,Operational,Original
bufr4/3/07/092/1/004025,07,Séquences correspondant à des messages d’observation en surface (terre),307092,,,004025,Période ou décalage dans le temps = –n minutes,,,,Operational,Original
bufr4/3/07/092/8/204018,07,Séquences correspondant à des messages d’observation en surface (terre),307092,,,204018,Ajouter un champ associé,,,,Operational,Original
bufr4/3/07/092/8/031021,07,Séquences correspondant à des messages d’observation en surface (terre),307092,,,031021,Signification du champ associé,,,,Operational,Original
bufr4/3/07/092/1/020003,07,Séquences correspondant à des messages d’observation en surface (terre),307092,,,020003,Temps présent,,,,Operational,Original
bufr4/3/07/092/8/204000,07,Séquences correspondant à des messages d’observation en surface (terre),307092,,,204000,Ajout d’un champ associé Annuler,,,,Operational,Original
bufr4/3/07/092/4/105000,07,Séquences correspondant à des messages d’observation en surface (terre),307092,,,105000,Répétition différée de 5 descripteurs,,,,Operational,Original
bufr4/3/07/092/6/031000,07,Séquences correspondant à des messages d’observation en surface (terre),307092,,,031000,Facteur de répétition légèrement différée du descripteur,,,,Operational,Original
bufr4/3/07/092/2/004025,07,Séquences correspondant à des messages d’observation en surface (terre),307092,,,004025,Période (ou décalage dans le temps) = –n minutes,,,,Operational,Original
bufr4/3/07/092/9/204018,07,Séquences correspondant à des messages d’observation en surface (terre),307092,,,204018,Ajouter un champ associé,,,,Operational,Original
bufr4/3/07/092/9/031021,07,Séquences correspondant à des messages d’observation en surface (terre),307092,,,031021,Signification du champ associé,,,,Operational,Original
bufr4/3/07/092/1/013011,07,Séquences correspondant à des messages d’observation en surface (terre),307092,,,013011,Précipitations totales/valeur totale de Neige l’équivalent en eau,,,,Operational,Original
bufr4/3/07/092/9/204000,07,Séquences correspondant à des messages d’observation en surface (terre),307092,,,204000,Ajout d’un champ associé Annuler,,,,Operational,Original
bufr4/3/07/092/2/115000,07,Séquences correspondant à des messages d’observation en surface (terre),307092,,,115000,Répétition différée de 15 descripteurs,,,,Operational,Original
bufr4/3/07/092/4/031001,07,Séquences correspondant à des messages d’observation en surface (terre),307092,,,031001,Facteur de répétition différée du descripteur,,,,Operational,Original
bufr4/3/07/092/3/007032,07,Séquences correspondant à des messages d’observation en surface (terre),307092,,,007032,Hauteur du capteur au-dessus du sol (ou du pont sur une plate-forme marine),,,,Operational,Original
bufr4/3/07/092/1/008021,07,Séquences correspondant à des messages d’observation en surface (terre),307092,,,008021,Caractéristique temporelle = 2 Moyenne sur une certaine période,,,,Operational,Original
bufr4/3/07/092/3/004025,07,Séquences correspondant à des messages d’observation en surface (terre),307092,,,004025,"Période ou décalage dans le temps =–10 minutes, ou nombre de minutes après un changement significatif du vent",,,,Operational,Original
bufr4/3/07/092/10/204018,07,Séquences correspondant à des messages d’observation en surface (terre),307092,,,204018,Ajouter un champ associé,,,,Operational,Original
bufr4/3/07/092/10/031021,07,Séquences correspondant à des messages d’observation en surface (terre),307092,,,031021,Signification du champ associé,,,,Operational,Original
bufr4/3/07/092/1/011001,07,Séquences correspondant à des messages d’observation en surface (terre),307092,,,011001,Direction du vent,,,,Operational,Original
bufr4/3/07/092/1/011002,07,Séquences correspondant à des messages d’observation en surface (terre),307092,,,011002,Vitesse du vent,,,,Operational,Original
bufr4/3/07/092/10/204000,07,Séquences correspondant à des messages d’observation en surface (terre),307092,,,204000,Ajout d’un champ associé Annuler,,,,Operational,Original
bufr4/3/07/092/2/008021,07,Séquences correspondant à des messages d’observation en surface (terre),307092,,,008021,Caractéristique temporelle Mis à valeur manquante (annuler),,,,Operational,Original
bufr4/3/07/092/11/204018,07,Séquences correspondant à des messages d’observation en surface (terre),307092,,,204018,Ajouter un champ associé,,,,Operational,Original
bufr4/3/07/092/11/031021,07,Séquences correspondant à des messages d’observation en surface (terre),307092,,,031021,Signification du champ associé,,,,Operational,Original
bufr4/3/07/092/1/011043,07,Séquences correspondant à des messages d’observation en surface (terre),307092,,,011043,Direction de la rafale maximale,,,,Operational,Original
bufr4/3/07/092/1/011041,07,Séquences correspondant à des messages d’observation en surface (terre),307092,,,011041,Vitesse de la rafale maximale,,,,Operational,Original
bufr4/3/07/092/11/204000,07,Séquences correspondant à des messages d’observation en surface (terre),307092,,,204000,Ajout d’un champ associé Annuler,,,,Operational,Original
bufr4/3/07/092/4/007032,07,Séquences correspondant à des messages d’observation en surface (terre),307092,,,007032,Hauteur du capteur au-dessus du sol (ou du Mis à valeur pont sur une plate-forme marine) manquante (annuler),,,,Operational,Original
bufr4/3/07/092/5/105000,07,Séquences correspondant à des messages d’observation en surface (terre),307092,,,105000,Répétition différée de 5 descripteurs,,,,Operational,Original
bufr4/3/07/092/7/031000,07,Séquences correspondant à des messages d’observation en surface (terre),307092,,,031000,Facteur de répétition légèrement différée du descripteur,,,,Operational,Original
bufr4/3/07/092/4/004025,07,Séquences correspondant à des messages d’observation en surface (terre),307092,,,004025,Période ou décalage dans le temps = –n minutes (par défaut: n = 10) I. 2 – Table D/07 BUFR — 39,(à suivre),,,Operational,Original
bufr4/3/07/096/1/307096,07,Séquences correspondant à des messages d’observation en surface (terre),307096,"(ISO 21348: plage de longueur d’onde - UV A 315 ≤ λ ≤400 nm Annuler UV-B: 280 nm UV-B: 35 nm Indicateur de qualité Intégré sur une période déterminée | Rayonnement UV-B | Selon la table B du code BUFR, dans la classe 14, note 8 (ISO 21348 plage de longueur d’onde UV-B 280 ≤ λ ≤ 315 nm)",,307096,,,,,Operational,Original
bufr4/3/07/096/2/307096,07,Séquences correspondant à des messages d’observation en surface (terre),307096,"(ISO 21348: plage de longueur d’onde - UV A 315 ≤ λ ≤400 nm Annuler UV-B: 280 nm UV-B: 35 nm Indicateur de qualité Intégré sur une période déterminée | Rayonnement UV-B | Selon la table B du code BUFR, dans la classe 14, note 8 (ISO 21348 plage de longueur d’onde UV-B 280 ≤ λ ≤ 315 nm)",,307096,,,,,Operational,Original
