Id,Category,CategoryOfSequences_fr,FXY1,Title_fr,SubTitle_fr,FXY2,ElementName_fr,ElementDescription_fr,Note_fr,noteIDs,Status
bufr4/3/40/001/1/001007,40,Séquence de messages supplémentaires d’observation par satellites,340001,(Données IASI de niveau 1c),,001007,Indicateur d’identification du satellite,,,,Operational
bufr4/3/40/001/2/001031,40,Séquence de messages supplémentaires d’observation par satellites,340001,(Données IASI de niveau 1c),,001031,Identification du centre d’origine/de production,,,,Operational
bufr4/3/40/001/3/002019,40,Séquence de messages supplémentaires d’observation par satellites,340001,(Données IASI de niveau 1c),,002019,Instruments satellitaires,,,,Operational
bufr4/3/40/001/4/002020,40,Séquence de messages supplémentaires d’observation par satellites,340001,(Données IASI de niveau 1c),,002020,Classification des satellites,,,,Operational
bufr4/3/40/001/5/004001,40,Séquence de messages supplémentaires d’observation par satellites,340001,(Données IASI de niveau 1c),,004001,Année,,,,Operational
bufr4/3/40/001/6/004002,40,Séquence de messages supplémentaires d’observation par satellites,340001,(Données IASI de niveau 1c),,004002,Mois,,,,Operational
bufr4/3/40/001/7/004003,40,Séquence de messages supplémentaires d’observation par satellites,340001,(Données IASI de niveau 1c),,004003,Jour,,,,Operational
bufr4/3/40/001/8/004004,40,Séquence de messages supplémentaires d’observation par satellites,340001,(Données IASI de niveau 1c),,004004,Heure,,,,Operational
bufr4/3/40/001/9/004005,40,Séquence de messages supplémentaires d’observation par satellites,340001,(Données IASI de niveau 1c),,004005,Minute,,,,Operational
bufr4/3/40/001/10/202131,40,Séquence de messages supplémentaires d’observation par satellites,340001,(Données IASI de niveau 1c),,202131,Changer d’échelle,Ajouter 3 à l’échelle,,,Operational
bufr4/3/40/001/11/201138,40,Séquence de messages supplémentaires d’observation par satellites,340001,(Données IASI de niveau 1c),,201138,Changer le champ de données,Ajouter 10 au champ de données,,,Operational
bufr4/3/40/001/12/004006,40,Séquence de messages supplémentaires d’observation par satellites,340001,(Données IASI de niveau 1c),,004006,Seconde,,,,Operational
bufr4/3/40/001/13/201000,40,Séquence de messages supplémentaires d’observation par satellites,340001,(Données IASI de niveau 1c),,201000,Changement du champ de données,Annuler,,,Operational
bufr4/3/40/001/14/202000,40,Séquence de messages supplémentaires d’observation par satellites,340001,(Données IASI de niveau 1c),,202000,Changement d’échelle,Annuler,,,Operational
bufr4/3/40/001/15/005001,40,Séquence de messages supplémentaires d’observation par satellites,340001,(Données IASI de niveau 1c),,005001,Latitude (précision élevée),,,,Operational
bufr4/3/40/001/16/006001,40,Séquence de messages supplémentaires d’observation par satellites,340001,(Données IASI de niveau 1c),,006001,Longitude (précision élevée),,,,Operational
bufr4/3/40/001/17/007024,40,Séquence de messages supplémentaires d’observation par satellites,340001,(Données IASI de niveau 1c),,007024,Distance zénithale du satellite,,,,Operational
bufr4/3/40/001/18/005021,40,Séquence de messages supplémentaires d’observation par satellites,340001,(Données IASI de niveau 1c),,005021,Direction ou azimut,,,,Operational
bufr4/3/40/001/19/007025,40,Séquence de messages supplémentaires d’observation par satellites,340001,(Données IASI de niveau 1c),,007025,Distance zénithale du soleil,,,,Operational
bufr4/3/40/001/20/005022,40,Séquence de messages supplémentaires d’observation par satellites,340001,(Données IASI de niveau 1c),,005022,Azimut du soleil,,,,Operational
bufr4/3/40/001/21/005043,40,Séquence de messages supplémentaires d’observation par satellites,340001,(Données IASI de niveau 1c),,005043,Numéro du champ de vision,,,,Operational
bufr4/3/40/001/22/005040,40,Séquence de messages supplémentaires d’observation par satellites,340001,(Données IASI de niveau 1c),,005040,Numéro de l’orbite,,,,Operational
bufr4/3/40/001/23/201133,40,Séquence de messages supplémentaires d’observation par satellites,340001,(Données IASI de niveau 1c),,201133,Changer le champ de données,Ajouter 5 au champ de données,,,Operational
bufr4/3/40/001/24/005041,40,Séquence de messages supplémentaires d’observation par satellites,340001,(Données IASI de niveau 1c),,005041,Numéro de la ligne de balayage,,,,Operational
bufr4/3/40/001/25/201000,40,Séquence de messages supplémentaires d’observation par satellites,340001,(Données IASI de niveau 1c),,201000,Changement du champ de données,Annuler,,,Operational
bufr4/3/40/001/26/201132,40,Séquence de messages supplémentaires d’observation par satellites,340001,(Données IASI de niveau 1c),,201132,Changer le champ de données,Ajouter 4 au champ de données,,,Operational
bufr4/3/40/001/27/025070,40,Séquence de messages supplémentaires d’observation par satellites,340001,(Données IASI de niveau 1c),,025070,Numéro de paquet principal,,,,Operational
bufr4/3/40/001/28/201000,40,Séquence de messages supplémentaires d’observation par satellites,340001,(Données IASI de niveau 1c),,201000,Changement du champ de données,Annuler,,,Operational
bufr4/3/40/001/29/202126,40,Séquence de messages supplémentaires d’observation par satellites,340001,(Données IASI de niveau 1c),,202126,Changer d’échelle,Soustraire 2 à l’échelle,,,Operational
bufr4/3/40/001/30/007001,40,Séquence de messages supplémentaires d’observation par satellites,340001,(Données IASI de niveau 1c),,007001,Hauteur de la station,,,,Operational
bufr4/3/40/001/31/202000,40,Séquence de messages supplémentaires d’observation par satellites,340001,(Données IASI de niveau 1c),,202000,Changement d’échelle,Annuler,,,Operational
bufr4/3/40/001/32/033060,40,Séquence de messages supplémentaires d’observation par satellites,340001,(Données IASI de niveau 1c),,033060,GqisFlagQual – indicateur de qualité du système IASI pour chaque mesure,,,,Operational
bufr4/3/40/001/33/033061,40,Séquence de messages supplémentaires d’observation par satellites,340001,(Données IASI de niveau 1c),,033061,GqisQualIndex – indicateur de caractéristique de bruit de l’instrument (par étalonnage spectral et étalonnage radiométrique) I. 2 – Table D/40 BUFR — 1,(à suivre),,,Operational
bufr4/3/40/001/34/033062,40,Séquence de messages supplémentaires d’observation par satellites,340001,,,033062,GqisQualIndexLoc – indicateur d’indice de qualité géométrique,,,,Operational
bufr4/3/40/001/35/033063,40,Séquence de messages supplémentaires d’observation par satellites,340001,,,033063,GqisQualIndexRad – indicateur de caractéristique de bruit de l’instrument,,,,Operational
bufr4/3/40/001/36/033064,40,Séquence de messages supplémentaires d’observation par satellites,340001,,,033064,GqisQualIndexSpect – indicateur de caractéristique de bruit de l’instrument (par étalonnage spectral),,,,Operational
bufr4/3/40/001/37/033065,40,Séquence de messages supplémentaires d’observation par satellites,340001,,,033065,GqisSysTecSondQual – sortie de la fonction qualité du Centre d’expertise technique du système,,,,Operational
bufr4/3/40/001/38/101010,40,Séquence de messages supplémentaires d’observation par satellites,340001,,,101010,Répéter 1 descripteur 10 fois,,,,Operational
bufr4/3/40/001/39/340002,40,Séquence de messages supplémentaires d’observation par satellites,340001,,,340002,Description de bande,,,,Operational
bufr4/3/40/001/40/101087,40,Séquence de messages supplémentaires d’observation par satellites,340001,,,101087,Répéter 1 descripteur 87 fois,,,,Operational
bufr4/3/40/001/41/340003,40,Séquence de messages supplémentaires d’observation par satellites,340001,,,340003,"Séquence 100 canaux, IASI niveau 1c",,,,Operational
bufr4/3/40/001/42/002019,40,Séquence de messages supplémentaires d’observation par satellites,340001,,,002019,Instruments satellitaires,,,,Operational
bufr4/3/40/001/43/025051,40,Séquence de messages supplémentaires d’observation par satellites,340001,,,025051,Combinaison de canaux de radiomètre AVHRR,,,,Operational
bufr4/3/40/001/44/101007,40,Séquence de messages supplémentaires d’observation par satellites,340001,,,101007,Répéter 1 descripteur 7 fois,,,,Operational
bufr4/3/40/001/45/340004,40,Séquence de messages supplémentaires d’observation par satellites,340001,,,340004,"Séquence une scène AVHRR, IASI niveau 1c (Description de bande)",,,,Operational
bufr4/3/40/002/1/025140,40,Séquence de messages supplémentaires d’observation par satellites,340002,(par étalonnage radiométrique),,025140,Début canal,,,,Operational
bufr4/3/40/002/2/025141,40,Séquence de messages supplémentaires d’observation par satellites,340002,(par étalonnage radiométrique),,025141,Fin canal,,,,Operational
bufr4/3/40/002/3/025142,40,Séquence de messages supplémentaires d’observation par satellites,340002,(par étalonnage radiométrique),,025142,Facteur d’échelle du canal,,,,Operational
bufr4/3/40/003/1/104100,40,Séquence de messages supplémentaires d’observation par satellites,340003,"(Séquence 100 canaux, IASI niveau 1c)",,104100,Répéter 4 descripteurs 100 fois,,,,Operational
bufr4/3/40/003/2/201136,40,Séquence de messages supplémentaires d’observation par satellites,340003,"(Séquence 100 canaux, IASI niveau 1c)",,201136,Changer le champ de données,Ajouter 8 au champ de données,,,Operational
bufr4/3/40/003/3/005042,40,Séquence de messages supplémentaires d’observation par satellites,340003,"(Séquence 100 canaux, IASI niveau 1c)",,005042,Numéro du canal,,,,Operational
bufr4/3/40/003/4/201000,40,Séquence de messages supplémentaires d’observation par satellites,340003,"(Séquence 100 canaux, IASI niveau 1c)",,201000,Changement du champ de données,Annuler,,,Operational
bufr4/3/40/003/5/014046,40,Séquence de messages supplémentaires d’observation par satellites,340003,"(Séquence 100 canaux, IASI niveau 1c)",,014046,Luminance énergétique mise à l’échelle,,,,Operational
bufr4/3/40/004/1/005060,40,Séquence de messages supplémentaires d’observation par satellites,340004,"(Séquence une scène AVHRR, IASI niveau 1c)",,005060,Position angulaire selon Y du centre de gravité,,,,Operational
bufr4/3/40/004/2/005061,40,Séquence de messages supplémentaires d’observation par satellites,340004,"(Séquence une scène AVHRR, IASI niveau 1c)",,005061,Position angulaire selon Z du centre de gravité,,,,Operational
bufr4/3/40/004/3/025085,40,Séquence de messages supplémentaires d’observation par satellites,340004,"(Séquence une scène AVHRR, IASI niveau 1c)",,025085,Fraction de pixels clairs dans le champ de vision du sondeur HIRS,,,,Operational
bufr4/3/40/004/4/105006,40,Séquence de messages supplémentaires d’observation par satellites,340004,"(Séquence une scène AVHRR, IASI niveau 1c)",,105006,Répéter 5 descripteurs 6 fois,,,,Operational
bufr4/3/40/004/5/005042,40,Séquence de messages supplémentaires d’observation par satellites,340004,"(Séquence une scène AVHRR, IASI niveau 1c)",,005042,Numéro du canal,,,,Operational
bufr4/3/40/004/6/025142,40,Séquence de messages supplémentaires d’observation par satellites,340004,"(Séquence une scène AVHRR, IASI niveau 1c)",,025142,Facteur d’échelle du canal,,,,Operational
bufr4/3/40/004/7/014047,40,Séquence de messages supplémentaires d’observation par satellites,340004,"(Séquence une scène AVHRR, IASI niveau 1c)",,014047,Luminance moyenne AVHRR mise à l’échelle,,,,Operational
bufr4/3/40/004/8/025142,40,Séquence de messages supplémentaires d’observation par satellites,340004,"(Séquence une scène AVHRR, IASI niveau 1c)",,025142,Facteur d’échelle du canal,,,,Operational
bufr4/3/40/004/9/014048,40,Séquence de messages supplémentaires d’observation par satellites,340004,"(Séquence une scène AVHRR, IASI niveau 1c)",,014048,Écart type de la luminance AVHRR mise à l’échelle,(à suivre),,,Operational
bufr4/3/40/005/1/001007,40,Séquence de messages supplémentaires d’observation par satellites,340005,(Données OGDR de la mission JASON-2),,001007,Indicateur d’identification du satellite,,,,Operational
bufr4/3/40/005/2/002019,40,Séquence de messages supplémentaires d’observation par satellites,340005,(Données OGDR de la mission JASON-2),,002019,Instruments satellitaires,,,,Operational
bufr4/3/40/005/3/001096,40,Séquence de messages supplémentaires d’observation par satellites,340005,(Données OGDR de la mission JASON-2),,001096,Mise à poste,,,,Operational
bufr4/3/40/005/4/025061,40,Séquence de messages supplémentaires d’observation par satellites,340005,(Données OGDR de la mission JASON-2),,025061,Identification du logiciel et numéro de version,,,,Operational
bufr4/3/40/005/5/005044,40,Séquence de messages supplémentaires d’observation par satellites,340005,(Données OGDR de la mission JASON-2),,005044,Numéro de cycle du satellite,,,,Operational
bufr4/3/40/005/6/005040,40,Séquence de messages supplémentaires d’observation par satellites,340005,(Données OGDR de la mission JASON-2),,005040,Numéro de l’orbite,,,,Operational
bufr4/3/40/005/7/001030,40,Séquence de messages supplémentaires d’observation par satellites,340005,(Données OGDR de la mission JASON-2),,001030,Indicatif du modèle numérique Datation,,,,Operational
bufr4/3/40/005/8/004001,40,Séquence de messages supplémentaires d’observation par satellites,340005,(Données OGDR de la mission JASON-2),,004001,Année,,,,Operational
bufr4/3/40/005/9/004002,40,Séquence de messages supplémentaires d’observation par satellites,340005,(Données OGDR de la mission JASON-2),,004002,Mois,,,,Operational
bufr4/3/40/005/10/004003,40,Séquence de messages supplémentaires d’observation par satellites,340005,(Données OGDR de la mission JASON-2),,004003,Jour,,,,Operational
bufr4/3/40/005/11/004004,40,Séquence de messages supplémentaires d’observation par satellites,340005,(Données OGDR de la mission JASON-2),,004004,Heure,,,,Operational
bufr4/3/40/005/12/004005,40,Séquence de messages supplémentaires d’observation par satellites,340005,(Données OGDR de la mission JASON-2),,004005,Minute,,,,Operational
bufr4/3/40/005/13/004007,40,Séquence de messages supplémentaires d’observation par satellites,340005,(Données OGDR de la mission JASON-2),,004007,Secondes par minute (à la microseconde près) Emplacement et type de surface,,,,Operational
bufr4/3/40/005/14/005001,40,Séquence de messages supplémentaires d’observation par satellites,340005,(Données OGDR de la mission JASON-2),,005001,Latitude (précision élevée),,,,Operational
bufr4/3/40/005/15/006001,40,Séquence de messages supplémentaires d’observation par satellites,340005,(Données OGDR de la mission JASON-2),,006001,Longitude (précision élevée),,,,Operational
bufr4/3/40/005/16/008029,40,Séquence de messages supplémentaires d’observation par satellites,340005,(Données OGDR de la mission JASON-2),,008029,Type de surface,,,,Operational
bufr4/3/40/005/17/008074,40,Séquence de messages supplémentaires d’observation par satellites,340005,(Données OGDR de la mission JASON-2),,008074,Type d’écho de l’altimètre,,,,Operational
bufr4/3/40/005/18/008077,40,Séquence de messages supplémentaires d’observation par satellites,340005,(Données OGDR de la mission JASON-2),,008077,Type de surface détecté par radiomètre Indicateurs,,,,Operational
bufr4/3/40/005/19/040011,40,Séquence de messages supplémentaires d’observation par satellites,340005,(Données OGDR de la mission JASON-2),,040011,Indicateur d’interpolation,,,,Operational
bufr4/3/40/005/20/025097,40,Séquence de messages supplémentaires d’observation par satellites,340005,(Données OGDR de la mission JASON-2),,025097,Erreur tridimensionnelle estimative de l’orbite du navigateur,,,,Operational
bufr4/3/40/005/21/025095,40,Séquence de messages supplémentaires d’observation par satellites,340005,(Données OGDR de la mission JASON-2),,025095,Indicateur de l’état de l’altimètre,,,,Operational
bufr4/3/40/005/22/025098,40,Séquence de messages supplémentaires d’observation par satellites,340005,(Données OGDR de la mission JASON-2),,025098,Indicateur de qualité des données de l’altimètre,,,,Operational
bufr4/3/40/005/23/025099,40,Séquence de messages supplémentaires d’observation par satellites,340005,(Données OGDR de la mission JASON-2),,025099,Indicateur de qualité de la correction de l’altimètre,,,,Operational
bufr4/3/40/005/24/021144,40,Séquence de messages supplémentaires d’observation par satellites,340005,(Données OGDR de la mission JASON-2),,021144,Indicateur de pluie de l’altimètre,,,,Operational
bufr4/3/40/005/25/025096,40,Séquence de messages supplémentaires d’observation par satellites,340005,(Données OGDR de la mission JASON-2),,025096,Indicateur de l’état du radiomètre,,,,Operational
bufr4/3/40/005/26/040012,40,Séquence de messages supplémentaires d’observation par satellites,340005,(Données OGDR de la mission JASON-2),,040012,Indicateur de qualité des données du radiomètre,,,,Operational
bufr4/3/40/005/27/040013,40,Séquence de messages supplémentaires d’observation par satellites,340005,(Données OGDR de la mission JASON-2),,040013,Indicateur d’interprétation de la température de luminance du radiomètre,,,,Operational
bufr4/3/40/005/28/021169,40,Séquence de messages supplémentaires d’observation par satellites,340005,(Données OGDR de la mission JASON-2),,021169,Indicateur de présence de glace Altimètre: bande Ku,,,,Operational
bufr4/3/40/005/29/022151,40,Séquence de messages supplémentaires d’observation par satellites,340005,(Données OGDR de la mission JASON-2),,022151,Intervalle océanique en bande Ku,,,,Operational
bufr4/3/40/005/30/022162,40,Séquence de messages supplémentaires d’observation par satellites,340005,(Données OGDR de la mission JASON-2),,022162,Moyenne quadratique de l’intervalle océanique à 20 Hz en bande Ku,,,,Operational
bufr4/3/40/005/31/022163,40,Séquence de messages supplémentaires d’observation par satellites,340005,(Données OGDR de la mission JASON-2),,022163,Nombre de points corrects à 20 Hz en bande Ku,,,,Operational
bufr4/3/40/005/32/025160,40,Séquence de messages supplémentaires d’observation par satellites,340005,(Données OGDR de la mission JASON-2),,025160,Correction finale de l’erreur instrumentale dans la bande Ku,,,,Operational
bufr4/3/40/005/33/025133,40,Séquence de messages supplémentaires d’observation par satellites,340005,(Données OGDR de la mission JASON-2),,025133,Correction du biais d’état de la mer en bande Ku I. 2 – Table D/40 BUFR — 3,(à suivre),,,Operational
bufr4/3/40/005/34/022156,40,Séquence de messages supplémentaires d’observation par satellites,340005,,,022156,Hauteur des vagues significative en bande Ku,,,,Operational
bufr4/3/40/005/35/022164,40,Séquence de messages supplémentaires d’observation par satellites,340005,,,022164,Moyenne quadratique de la hauteur des vagues significative à 20 Hz en bande Ku,,,,Operational
bufr4/3/40/005/36/022165,40,Séquence de messages supplémentaires d’observation par satellites,340005,,,022165,Nombre de points corrects à 20 Hz pour la hauteur des vagues significative en bande Ku,,,,Operational
bufr4/3/40/005/37/022166,40,Séquence de messages supplémentaires d’observation par satellites,340005,,,022166,Correction finale de l’erreur instrumentale pour la hauteur des vagues significative dans la bande Ku,,,,Operational
bufr4/3/40/005/38/021137,40,Séquence de messages supplémentaires d’observation par satellites,340005,,,021137,Coefficient de rétrodiffusion corrigé pour l’océan en bande Ku,,,,Operational
bufr4/3/40/005/39/021138,40,Séquence de messages supplémentaires d’observation par satellites,340005,,,021138,Coefficient de rétrodiffusion corrigé type pour l’océan en bande Ku,,,,Operational
bufr4/3/40/005/40/022167,40,Séquence de messages supplémentaires d’observation par satellites,340005,,,022167,Nombre de points corrects de rétrodiffusion en bande Ku,,,,Operational
bufr4/3/40/005/41/021139,40,Séquence de messages supplémentaires d’observation par satellites,340005,,,021139,Correction finale de l’erreur instrumentale pour la commande automatique de gain dans la bande Ku,,,,Operational
bufr4/3/40/005/42/021118,40,Séquence de messages supplémentaires d’observation par satellites,340005,,,021118,Correction d’atténuation sur sigma-0,,,,Operational
bufr4/3/40/005/43/021145,40,Séquence de messages supplémentaires d’observation par satellites,340005,,,021145,Commande automatique de gain dans la bande Ku,,,,Operational
bufr4/3/40/005/44/021146,40,Séquence de messages supplémentaires d’observation par satellites,340005,,,021146,Moyenne quadratique de la commande automatique de gain dans la bande Ku,,,,Operational
bufr4/3/40/005/45/021147,40,Séquence de messages supplémentaires d’observation par satellites,340005,,,021147,Nombre de points corrects pour la commande automatique de gain dans la bande Ku Altimètre: bande C,,,,Operational
bufr4/3/40/005/46/022168,40,Séquence de messages supplémentaires d’observation par satellites,340005,,,022168,Intervalle océanique en bande C,,,,Operational
bufr4/3/40/005/47/022169,40,Séquence de messages supplémentaires d’observation par satellites,340005,,,022169,Moyenne quadratique de l’intervalle océanique en bande C,,,,Operational
bufr4/3/40/005/48/022170,40,Séquence de messages supplémentaires d’observation par satellites,340005,,,022170,Nombre de points corrects à 20 Hz en bande C,,,,Operational
bufr4/3/40/005/49/025161,40,Séquence de messages supplémentaires d’observation par satellites,340005,,,025161,Correction finale de l’erreur instrumentale dans la bande C,,,,Operational
bufr4/3/40/005/50/025162,40,Séquence de messages supplémentaires d’observation par satellites,340005,,,025162,Correction du biais d’état de la mer en bande C,,,,Operational
bufr4/3/40/005/51/022171,40,Séquence de messages supplémentaires d’observation par satellites,340005,,,022171,Hauteur des vagues significative en bande C,,,,Operational
bufr4/3/40/005/52/022172,40,Séquence de messages supplémentaires d’observation par satellites,340005,,,022172,Moyenne quadratique de la hauteur des vagues significative à 20 Hz en bande C,,,,Operational
bufr4/3/40/005/53/022173,40,Séquence de messages supplémentaires d’observation par satellites,340005,,,022173,Nombre de points corrects à 20 Hz pour la hauteur des vagues significative en bande C,,,,Operational
bufr4/3/40/005/54/022174,40,Séquence de messages supplémentaires d’observation par satellites,340005,,,022174,Correction finale de l’erreur instrumentale pour la hauteur des vagues significative dans la bande C,,,,Operational
bufr4/3/40/005/55/021170,40,Séquence de messages supplémentaires d’observation par satellites,340005,,,021170,Coefficient de rétrodiffusion corrigé pour l’océan en bande C,(à suivre),,,Operational
bufr4/3/40/005/56/021171,40,Séquence de messages supplémentaires d’observation par satellites,340005,,,021171,Moyenne quadratique du coefficient de rétrodiffusion corrigé pour l’océan en bande C,,,,Operational
bufr4/3/40/005/57/022175,40,Séquence de messages supplémentaires d’observation par satellites,340005,,,022175,Nombre de points corrects de rétrodiffusion en bande C,,,,Operational
bufr4/3/40/005/58/021172,40,Séquence de messages supplémentaires d’observation par satellites,340005,,,021172,Correction finale de l’erreur instrumentale pour la commande automatique de gain dans la bande C,,,,Operational
bufr4/3/40/005/59/021118,40,Séquence de messages supplémentaires d’observation par satellites,340005,,,021118,Correction d’atténuation sur sigma-0,,,,Operational
bufr4/3/40/005/60/021173,40,Séquence de messages supplémentaires d’observation par satellites,340005,,,021173,Commande automatique de gain dans la bande C,,,,Operational
bufr4/3/40/005/61/021174,40,Séquence de messages supplémentaires d’observation par satellites,340005,,,021174,Moyenne quadratique de la commande automatique de gain dans la bande C,,,,Operational
bufr4/3/40/005/62/021175,40,Séquence de messages supplémentaires d’observation par satellites,340005,,,021175,Nombre de points corrects pour la commande automatique de gain dans la bande C Radiomètre,,,,Operational
bufr4/3/40/005/63/002153,40,Séquence de messages supplémentaires d’observation par satellites,340005,,,002153,Fréquence centrale du canal du satellite,,,,Operational
bufr4/3/40/005/64/012063,40,Séquence de messages supplémentaires d’observation par satellites,340005,,,012063,Température de luminance,,,,Operational
bufr4/3/40/005/65/002153,40,Séquence de messages supplémentaires d’observation par satellites,340005,,,002153,Fréquence centrale du canal du satellite,,,,Operational
bufr4/3/40/005/66/012063,40,Séquence de messages supplémentaires d’observation par satellites,340005,,,012063,Température de luminance,,,,Operational
bufr4/3/40/005/67/002153,40,Séquence de messages supplémentaires d’observation par satellites,340005,,,002153,Fréquence centrale du canal du satellite,,,,Operational
bufr4/3/40/005/68/012063,40,Séquence de messages supplémentaires d’observation par satellites,340005,,,012063,Température de luminance,,,,Operational
bufr4/3/40/005/69/013090,40,Séquence de messages supplémentaires d’observation par satellites,340005,,,013090,Teneur en vapeur d’eau indiquée par le radiomètre,,,,Operational
bufr4/3/40/005/70/013091,40,Séquence de messages supplémentaires d’observation par satellites,340005,,,013091,Teneur en eau liquide indiquée par le radiomètre Vent,,,,Operational
bufr4/3/40/005/71/007002,40,Séquence de messages supplémentaires d’observation par satellites,340005,,,007002,Hauteur ou altitude,,,,Operational
bufr4/3/40/005/72/011097,40,Séquence de messages supplémentaires d’observation par satellites,340005,,,011097,Vitesse du vent indiquée par l’altimètre,,,,Operational
bufr4/3/40/005/73/011098,40,Séquence de messages supplémentaires d’observation par satellites,340005,,,011098,Vitesse du vent indiquée par le radiomètre,,,,Operational
bufr4/3/40/005/74/007002,40,Séquence de messages supplémentaires d’observation par satellites,340005,,,007002,Hauteur ou altitude,,,,Operational
bufr4/3/40/005/75/011095,40,Séquence de messages supplémentaires d’observation par satellites,340005,,,011095,Composante u du vecteur vent – modèle,,,,Operational
bufr4/3/40/005/76/011096,40,Séquence de messages supplémentaires d’observation par satellites,340005,,,011096,Composante v du vecteur vent – modèle Topographie dynamique,,,,Operational
bufr4/3/40/005/77/010096,40,Séquence de messages supplémentaires d’observation par satellites,340005,,,010096,Topographie dynamique moyenne,,,,Operational
bufr4/3/40/005/78/010081,40,Séquence de messages supplémentaires d’observation par satellites,340005,,,010081,Altitude du centre de gravité au-dessus de l’ellipsoïde de référence,,,,Operational
bufr4/3/40/005/79/010082,40,Séquence de messages supplémentaires d’observation par satellites,340005,,,010082,Taux de variation d’altitude instantané,,,,Operational
bufr4/3/40/005/80/010083,40,Séquence de messages supplémentaires d’observation par satellites,340005,,,010083,"Carré de l’angle de décalage du satellite par rapport au nadir, calculé à partir de l’assiette de la plate-forme",,,,Operational
bufr4/3/40/005/81/010101,40,Séquence de messages supplémentaires d’observation par satellites,340005,,,010101,"Carré de l’angle de décalage du satellite par rapport au nadir, calculé à partir de la forme des ondes",,,,Operational
bufr4/3/40/005/82/025132,40,Séquence de messages supplémentaires d’observation par satellites,340005,,,025132,Correction ionosphérique – modèle en bande Ku I. 2 – Table D/40 BUFR — 5,(à suivre),,,Operational
bufr4/3/40/005/83/025163,40,Séquence de messages supplémentaires d’observation par satellites,340005,,,025163,Correction ionosphérique de l’altimètre en bande Ku,,,,Operational
bufr4/3/40/005/84/025126,40,Séquence de messages supplémentaires d’observation par satellites,340005,,,025126,Correction de troposphère sèche – modèle,,,,Operational
bufr4/3/40/005/85/025128,40,Séquence de messages supplémentaires d’observation par satellites,340005,,,025128,Correction de troposphère humide – modèle,,,,Operational
bufr4/3/40/005/86/025164,40,Séquence de messages supplémentaires d’observation par satellites,340005,,,025164,Correction de troposphère humide du radiomètre,,,,Operational
bufr4/3/40/005/87/010085,40,Séquence de messages supplémentaires d’observation par satellites,340005,,,010085,Hauteur moyenne de la surface de la mer,,,,Operational
bufr4/3/40/005/88/010097,40,Séquence de messages supplémentaires d’observation par satellites,340005,,,010097,Hauteur moyenne de la surface de la mer fournie par l’altimètre seulement,,,,Operational
bufr4/3/40/005/89/010086,40,Séquence de messages supplémentaires d’observation par satellites,340005,,,010086,Hauteur du géoïde,,,,Operational
bufr4/3/40/005/90/010087,40,Séquence de messages supplémentaires d’observation par satellites,340005,,,010087,Profondeur de l’océan ou altitude des terres émergées,,,,Operational
bufr4/3/40/005/91/010092,40,Séquence de messages supplémentaires d’observation par satellites,340005,,,010092,Hauteur de marée terrestre,,,,Operational
bufr4/3/40/005/92/010088,40,Séquence de messages supplémentaires d’observation par satellites,340005,,,010088,Hauteur géocentrique totale de marée océanique (solution 1),,,,Operational
bufr4/3/40/005/93/010089,40,Séquence de messages supplémentaires d’observation par satellites,340005,,,010089,Hauteur géocentrique totale de marée océanique (solution 2),,,,Operational
bufr4/3/40/005/94/010098,40,Séquence de messages supplémentaires d’observation par satellites,340005,,,010098,Hauteur de la marée de charge pour le calcul de la marée géocentrique – solution 1,,,,Operational
bufr4/3/40/005/95/010099,40,Séquence de messages supplémentaires d’observation par satellites,340005,,,010099,Hauteur de la marée de charge pour le calcul de la marée géocentrique – solution 2,,,,Operational
bufr4/3/40/005/96/010090,40,Séquence de messages supplémentaires d’observation par satellites,340005,,,010090,Hauteur de marée pour une période prolongée,,,,Operational
bufr4/3/40/005/97/010100,40,Séquence de messages supplémentaires d’observation par satellites,340005,,,010100,Hauteur de marée pour une période prolongée hors d’équilibre,,,,Operational
bufr4/3/40/005/98/010093,40,Séquence de messages supplémentaires d’observation par satellites,340005,,,010093,Hauteur géocentrique de marée polaire,,,,Operational
bufr4/3/40/005/99/025127,40,Séquence de messages supplémentaires d’observation par satellites,340005,,,025127,Correction de baromètre inverse,Correction de la hauteur de la surface de la mer due à une charge barométrique,,,Operational
bufr4/3/40/005/100/040014,40,Séquence de messages supplémentaires d’observation par satellites,340005,,,040014,Fluctuations haute fréquence de la correction topographique de la surface de la mer,,,,Operational
bufr4/3/40/007/1/001007,40,Séquence de messages supplémentaires d’observation par satellites,340007,(Données IASI de niveau 1c (tous canaux)),,001007,Indicateur d’identification du satellite,,,,Operational
bufr4/3/40/007/2/001031,40,Séquence de messages supplémentaires d’observation par satellites,340007,(Données IASI de niveau 1c (tous canaux)),,001031,Identification du centre d’origine/de production,,,,Operational
bufr4/3/40/007/3/002019,40,Séquence de messages supplémentaires d’observation par satellites,340007,(Données IASI de niveau 1c (tous canaux)),,002019,Instruments satellitaires,,,,Operational
bufr4/3/40/007/4/002020,40,Séquence de messages supplémentaires d’observation par satellites,340007,(Données IASI de niveau 1c (tous canaux)),,002020,Classification des satellites,,,,Operational
bufr4/3/40/007/5/004001,40,Séquence de messages supplémentaires d’observation par satellites,340007,(Données IASI de niveau 1c (tous canaux)),,004001,Année,,,,Operational
bufr4/3/40/007/6/004002,40,Séquence de messages supplémentaires d’observation par satellites,340007,(Données IASI de niveau 1c (tous canaux)),,004002,Mois,,,,Operational
bufr4/3/40/007/7/004003,40,Séquence de messages supplémentaires d’observation par satellites,340007,(Données IASI de niveau 1c (tous canaux)),,004003,Jour,,,,Operational
bufr4/3/40/007/8/004004,40,Séquence de messages supplémentaires d’observation par satellites,340007,(Données IASI de niveau 1c (tous canaux)),,004004,Heure,,,,Operational
bufr4/3/40/007/9/004005,40,Séquence de messages supplémentaires d’observation par satellites,340007,(Données IASI de niveau 1c (tous canaux)),,004005,Minute,,,,Operational
bufr4/3/40/007/10/202131,40,Séquence de messages supplémentaires d’observation par satellites,340007,(Données IASI de niveau 1c (tous canaux)),,202131,Changer d’échelle,Ajouter 3 à l’échelle (à suivre),,,Operational
bufr4/3/40/007/11/201138,40,Séquence de messages supplémentaires d’observation par satellites,340007,,,201138,Changer le champ de données,Ajouter 10 au champ de données,,,Operational
bufr4/3/40/007/12/004006,40,Séquence de messages supplémentaires d’observation par satellites,340007,,,004006,Seconde,,,,Operational
bufr4/3/40/007/13/201000,40,Séquence de messages supplémentaires d’observation par satellites,340007,,,201000,Changement du champ de données,Annuler,,,Operational
bufr4/3/40/007/14/202000,40,Séquence de messages supplémentaires d’observation par satellites,340007,,,202000,Changement d’échelle,Annuler,,,Operational
bufr4/3/40/007/15/005001,40,Séquence de messages supplémentaires d’observation par satellites,340007,,,005001,Latitude (précision élevée),,,,Operational
bufr4/3/40/007/16/006001,40,Séquence de messages supplémentaires d’observation par satellites,340007,,,006001,Longitude (précision élevée),,,,Operational
bufr4/3/40/007/17/007024,40,Séquence de messages supplémentaires d’observation par satellites,340007,,,007024,Distance zénithale du satellite,,,,Operational
bufr4/3/40/007/18/005021,40,Séquence de messages supplémentaires d’observation par satellites,340007,,,005021,Direction ou azimut,,,,Operational
bufr4/3/40/007/19/007025,40,Séquence de messages supplémentaires d’observation par satellites,340007,,,007025,Distance zénithale du soleil,,,,Operational
bufr4/3/40/007/20/005022,40,Séquence de messages supplémentaires d’observation par satellites,340007,,,005022,Azimut du soleil,,,,Operational
bufr4/3/40/007/21/005043,40,Séquence de messages supplémentaires d’observation par satellites,340007,,,005043,Numéro du champ de vision,,,,Operational
bufr4/3/40/007/22/005040,40,Séquence de messages supplémentaires d’observation par satellites,340007,,,005040,Numéro de l’orbite,,,,Operational
bufr4/3/40/007/23/201133,40,Séquence de messages supplémentaires d’observation par satellites,340007,,,201133,Changer le champ de données,Ajouter 5 au champ de données,,,Operational
bufr4/3/40/007/24/005041,40,Séquence de messages supplémentaires d’observation par satellites,340007,,,005041,Numéro de la ligne de balayage,,,,Operational
bufr4/3/40/007/25/201000,40,Séquence de messages supplémentaires d’observation par satellites,340007,,,201000,Changement du champ de données,Annuler,,,Operational
bufr4/3/40/007/26/201132,40,Séquence de messages supplémentaires d’observation par satellites,340007,,,201132,Changer le champ de données,Ajouter 4 au champ de données,,,Operational
bufr4/3/40/007/27/025070,40,Séquence de messages supplémentaires d’observation par satellites,340007,,,025070,Numéro de paquet principal,,,,Operational
bufr4/3/40/007/28/201000,40,Séquence de messages supplémentaires d’observation par satellites,340007,,,201000,Changement du champ de données,Annuler,,,Operational
bufr4/3/40/007/29/202126,40,Séquence de messages supplémentaires d’observation par satellites,340007,,,202126,Changer d’échelle,Soustraire 2 à l’échelle,,,Operational
bufr4/3/40/007/30/007001,40,Séquence de messages supplémentaires d’observation par satellites,340007,,,007001,Hauteur de la station,,,,Operational
bufr4/3/40/007/31/202000,40,Séquence de messages supplémentaires d’observation par satellites,340007,,,202000,Changement d’échelle,Annuler,,,Operational
bufr4/3/40/007/32/103003,40,Séquence de messages supplémentaires d’observation par satellites,340007,,,103003,Répéter 3 descripteurs 3 fois,,,,Operational
bufr4/3/40/007/33/025140,40,Séquence de messages supplémentaires d’observation par satellites,340007,,,025140,Début canal,,,,Operational
bufr4/3/40/007/34/025141,40,Séquence de messages supplémentaires d’observation par satellites,340007,,,025141,Fin canal,,,,Operational
bufr4/3/40/007/35/033060,40,Séquence de messages supplémentaires d’observation par satellites,340007,,,033060,GqisFlagQual – indicateur de qualité du système IASI pour chaque mesure,,,,Operational
bufr4/3/40/007/36/033061,40,Séquence de messages supplémentaires d’observation par satellites,340007,,,033061,GqisQualIndex – indicateur de caractéristique de bruit de l’instrument (par étalonnage spectral et étalonnage radiométrique),,,,Operational
bufr4/3/40/007/37/033062,40,Séquence de messages supplémentaires d’observation par satellites,340007,,,033062,GqisQualIndexLoc – indicateur d’indice de qualité géométrique,,,,Operational
bufr4/3/40/007/38/033063,40,Séquence de messages supplémentaires d’observation par satellites,340007,,,033063,GqisQualIndexRad – indicateur de caractéristique de bruit de l’instrument (par étalonnage radiométrique),,,,Operational
bufr4/3/40/007/39/033064,40,Séquence de messages supplémentaires d’observation par satellites,340007,,,033064,GqisQualIndexSpect – indicateur de caractéristique de bruit de l’instrument (par étalonnage spectral),,,,Operational
bufr4/3/40/007/40/033065,40,Séquence de messages supplémentaires d’observation par satellites,340007,,,033065,GqisSysTecSondQual – sortie de la fonction qualité du Centre d’expertise technique du système I. 2 – Table D/40 BUFR — 7,(à suivre),,,Operational
bufr4/3/40/007/41/040020,40,Séquence de messages supplémentaires d’observation par satellites,340007,,,040020,GqisFlagQualDetailed – indicateur de qualité du système,,,,Operational
bufr4/3/40/007/42/101010,40,Séquence de messages supplémentaires d’observation par satellites,340007,,,101010,Répéter 1 descripteur 10 fois,,,,Operational
bufr4/3/40/007/43/340002,40,Séquence de messages supplémentaires d’observation par satellites,340007,,,340002,Description de bande,,,,Operational
bufr4/3/40/007/44/101087,40,Séquence de messages supplémentaires d’observation par satellites,340007,,,101087,Répéter 1 descripteur 87 fois,,,,Operational
bufr4/3/40/007/45/340003,40,Séquence de messages supplémentaires d’observation par satellites,340007,,,340003,"Séquence 100 canaux, IASI niveau 1c",,,,Operational
bufr4/3/40/007/46/002019,40,Séquence de messages supplémentaires d’observation par satellites,340007,,,002019,Instruments satellitaires,,,,Operational
bufr4/3/40/007/47/025051,40,Séquence de messages supplémentaires d’observation par satellites,340007,,,025051,Combinaison de canaux de radiomètre AVHRR,,,,Operational
bufr4/3/40/007/48/101007,40,Séquence de messages supplémentaires d’observation par satellites,340007,,,101007,Répéter 1 descripteur 7 fois,,,,Operational
bufr4/3/40/007/49/340004,40,Séquence de messages supplémentaires d’observation par satellites,340007,,,340004,"Séquence une scène AVHRR, IASI niveau 1c",,,,Operational
bufr4/3/40/007/50/020081,40,Séquence de messages supplémentaires d’observation par satellites,340007,,,020081,Étendue de la couche nuageuse dans le secteur,,,,Operational
bufr4/3/40/007/51/008029,40,Séquence de messages supplémentaires d’observation par satellites,340007,,,008029,Type de surface,,,,Operational
bufr4/3/40/007/52/020083,40,Séquence de messages supplémentaires d’observation par satellites,340007,,,020083,Partie du segment couverte par la scène,,,,Operational
bufr4/3/40/007/53/008029,40,Séquence de messages supplémentaires d’observation par satellites,340007,,,008029,Type de surface,,,,Operational
bufr4/3/40/007/54/040018,40,Séquence de messages supplémentaires d’observation par satellites,340007,,,040018,GIacAvgImagIIS – moyenne des mesures de l’imageur,,,,Operational
bufr4/3/40/007/55/040019,40,Séquence de messages supplémentaires d’observation par satellites,340007,,,040019,GIacVarImagIIS – variance des mesures de l’imageur,,,,Operational
bufr4/3/40/007/56/040021,40,Séquence de messages supplémentaires d’observation par satellites,340007,,,040021,Fraction de pixels AVHRR pondérés dans le champ de vision de l’IASI recouvert d’une couche de neige/glace,,,,Operational
bufr4/3/40/007/57/040022,40,Séquence de messages supplémentaires d’observation par satellites,340007,,,040022,"Nombre de pixels AVHRR manquants, erronés ou défaillants",,,,Operational
bufr4/3/40/008/1/001007,40,Séquence de messages supplémentaires d’observation par satellites,340008,"(Séquence IASI combinant les scores des composantes principales, la sélection des canaux et les données améliorées)",,001007,Indicateur d’identification du satellite,,,,Operational
bufr4/3/40/008/2/001031,40,Séquence de messages supplémentaires d’observation par satellites,340008,"(Séquence IASI combinant les scores des composantes principales, la sélection des canaux et les données améliorées)",,001031,Identification du centre d’origine/de production,,,,Operational
bufr4/3/40/008/3/002019,40,Séquence de messages supplémentaires d’observation par satellites,340008,"(Séquence IASI combinant les scores des composantes principales, la sélection des canaux et les données améliorées)",,002019,Instruments satellitaires,,,,Operational
bufr4/3/40/008/4/002020,40,Séquence de messages supplémentaires d’observation par satellites,340008,"(Séquence IASI combinant les scores des composantes principales, la sélection des canaux et les données améliorées)",,002020,Classification des satellites Date et heure,,,,Operational
bufr4/3/40/008/5/004001,40,Séquence de messages supplémentaires d’observation par satellites,340008,"(Séquence IASI combinant les scores des composantes principales, la sélection des canaux et les données améliorées)",,004001,Année,,,,Operational
bufr4/3/40/008/6/004002,40,Séquence de messages supplémentaires d’observation par satellites,340008,"(Séquence IASI combinant les scores des composantes principales, la sélection des canaux et les données améliorées)",,004002,Mois,,,,Operational
bufr4/3/40/008/7/004003,40,Séquence de messages supplémentaires d’observation par satellites,340008,"(Séquence IASI combinant les scores des composantes principales, la sélection des canaux et les données améliorées)",,004003,Jour,,,,Operational
bufr4/3/40/008/8/004004,40,Séquence de messages supplémentaires d’observation par satellites,340008,"(Séquence IASI combinant les scores des composantes principales, la sélection des canaux et les données améliorées)",,004004,Heure,,,,Operational
bufr4/3/40/008/9/004005,40,Séquence de messages supplémentaires d’observation par satellites,340008,"(Séquence IASI combinant les scores des composantes principales, la sélection des canaux et les données améliorées)",,004005,Minute,,,,Operational
bufr4/3/40/008/10/202131,40,Séquence de messages supplémentaires d’observation par satellites,340008,"(Séquence IASI combinant les scores des composantes principales, la sélection des canaux et les données améliorées)",,202131,Changer d’échelle,Ajouter 3 à l’échelle,,,Operational
bufr4/3/40/008/11/201138,40,Séquence de messages supplémentaires d’observation par satellites,340008,"(Séquence IASI combinant les scores des composantes principales, la sélection des canaux et les données améliorées)",,201138,Changer le champ de données,Ajouter 10 au champ de données,,,Operational
bufr4/3/40/008/12/004006,40,Séquence de messages supplémentaires d’observation par satellites,340008,"(Séquence IASI combinant les scores des composantes principales, la sélection des canaux et les données améliorées)",,004006,Seconde,,,,Operational
bufr4/3/40/008/13/201000,40,Séquence de messages supplémentaires d’observation par satellites,340008,"(Séquence IASI combinant les scores des composantes principales, la sélection des canaux et les données améliorées)",,201000,Changement du champ de données,Annuler (à suivre),,,Operational
bufr4/3/40/008/14/202000,40,Séquence de messages supplémentaires d’observation par satellites,340008,,,202000,Changement d’échelle Informations sur l’emplacement,Annuler,,,Operational
bufr4/3/40/008/15/005001,40,Séquence de messages supplémentaires d’observation par satellites,340008,,,005001,Latitude (précision élevée),,,,Operational
bufr4/3/40/008/16/006001,40,Séquence de messages supplémentaires d’observation par satellites,340008,,,006001,Longitude (précision élevée),,,,Operational
bufr4/3/40/008/17/007024,40,Séquence de messages supplémentaires d’observation par satellites,340008,,,007024,Distance zénithale du satellite,,,,Operational
bufr4/3/40/008/18/005021,40,Séquence de messages supplémentaires d’observation par satellites,340008,,,005021,Direction ou azimut,,,,Operational
bufr4/3/40/008/19/007025,40,Séquence de messages supplémentaires d’observation par satellites,340008,,,007025,Distance zénithale du soleil,,,,Operational
bufr4/3/40/008/20/005022,40,Séquence de messages supplémentaires d’observation par satellites,340008,,,005022,Azimut du soleil,,,,Operational
bufr4/3/40/008/21/005043,40,Séquence de messages supplémentaires d’observation par satellites,340008,,,005043,Numéro du champ de vision,,,,Operational
bufr4/3/40/008/22/005040,40,Séquence de messages supplémentaires d’observation par satellites,340008,,,005040,Numéro de l’orbite,,,,Operational
bufr4/3/40/008/23/201133,40,Séquence de messages supplémentaires d’observation par satellites,340008,,,201133,Changer le champ de données,Ajouter 5 au champ de données,,,Operational
bufr4/3/40/008/24/005041,40,Séquence de messages supplémentaires d’observation par satellites,340008,,,005041,Numéro de la ligne de balayage,,,,Operational
bufr4/3/40/008/25/201000,40,Séquence de messages supplémentaires d’observation par satellites,340008,,,201000,Changement du champ de données,Annuler,,,Operational
bufr4/3/40/008/26/201132,40,Séquence de messages supplémentaires d’observation par satellites,340008,,,201132,Changer le champ de données,Ajouter 4 au champ de données,,,Operational
bufr4/3/40/008/27/025070,40,Séquence de messages supplémentaires d’observation par satellites,340008,,,025070,Numéro de paquet principal,,,,Operational
bufr4/3/40/008/28/201000,40,Séquence de messages supplémentaires d’observation par satellites,340008,,,201000,Changement du champ de données,Annuler,,,Operational
bufr4/3/40/008/29/202126,40,Séquence de messages supplémentaires d’observation par satellites,340008,,,202126,Changer d’échelle,Soustraire 2 à l’échelle,,,Operational
bufr4/3/40/008/30/007001,40,Séquence de messages supplémentaires d’observation par satellites,340008,,,007001,Hauteur de la station,,,,Operational
bufr4/3/40/008/31/202000,40,Séquence de messages supplémentaires d’observation par satellites,340008,,,202000,Changement d’échelle Informations sur la qualité,Annuler,,,Operational
bufr4/3/40/008/32/103003,40,Séquence de messages supplémentaires d’observation par satellites,340008,,,103003,Répéter 3 descripteurs 3 fois,,,,Operational
bufr4/3/40/008/33/025140,40,Séquence de messages supplémentaires d’observation par satellites,340008,,,025140,Début canal,,,,Operational
bufr4/3/40/008/34/025141,40,Séquence de messages supplémentaires d’observation par satellites,340008,,,025141,Fin canal,,,,Operational
bufr4/3/40/008/35/033060,40,Séquence de messages supplémentaires d’observation par satellites,340008,,,033060,GqisFlagQual – indicateur de qualité du système IASI pour chaque mesure,,,,Operational
bufr4/3/40/008/36/033061,40,Séquence de messages supplémentaires d’observation par satellites,340008,,,033061,GqisQualIndex – indicateur de caractéristique de bruit de l’instrument (par étalonnage spectral et étalonnage radiométrique),,,,Operational
bufr4/3/40/008/37/033062,40,Séquence de messages supplémentaires d’observation par satellites,340008,,,033062,GqisQualIndexLoc – indicateur d’indice de qualité géométrique,,,,Operational
bufr4/3/40/008/38/033063,40,Séquence de messages supplémentaires d’observation par satellites,340008,,,033063,GqisQualIndexRad – indicateur de caractéristique de bruit de l’instrument (par étalonnage radiométrique),,,,Operational
bufr4/3/40/008/39/033064,40,Séquence de messages supplémentaires d’observation par satellites,340008,,,033064,GqisQualIndexSpect – indicateur de caractéristique de bruit de l’instrument (par étalonnage spectral),,,,Operational
bufr4/3/40/008/40/033065,40,Séquence de messages supplémentaires d’observation par satellites,340008,,,033065,GqisSysTecSondQual – sortie de la fonction qualité du Centre d’expertise technique du système,,,,Operational
bufr4/3/40/008/41/040020,40,Séquence de messages supplémentaires d’observation par satellites,340008,,,040020,GqisFlagQualDetailed – indicateur de qualité du système I. 2 – Table D/40 BUFR — 9,(à suivre),,,Operational
bufr4/3/40/008/42/101010,40,Séquence de messages supplémentaires d’observation par satellites,340008,,,101010,Répéter 1 descripteur 10 fois,,,,Operational
bufr4/3/40/008/43/340002,40,Séquence de messages supplémentaires d’observation par satellites,340008,,,340002,Description de bande,,,,Operational
bufr4/3/40/008/44/104000,40,Séquence de messages supplémentaires d’observation par satellites,340008,,,104000,Répétition différée de 4 descripteurs,,,,Operational
bufr4/3/40/008/45/031002,40,Séquence de messages supplémentaires d’observation par satellites,340008,,,031002,Facteur élargi de répétition différée du descripteur,,,,Operational
bufr4/3/40/008/46/201136,40,Séquence de messages supplémentaires d’observation par satellites,340008,,,201136,Changer le champ de données,Ajouter 8 au champ de données,,,Operational
bufr4/3/40/008/47/005042,40,Séquence de messages supplémentaires d’observation par satellites,340008,,,005042,Numéro du canal,,,,Operational
bufr4/3/40/008/48/201000,40,Séquence de messages supplémentaires d’observation par satellites,340008,,,201000,Changement du champ de données,Annuler,,,Operational
bufr4/3/40/008/49/014046,40,Séquence de messages supplémentaires d’observation par satellites,340008,,,014046,Luminance énergétique mise à l’échelle Définition de bande pour l’instrument,,,,Operational
bufr4/3/40/008/50/108003,40,Séquence de messages supplémentaires d’observation par satellites,340008,,,108003,Répéter 8 descripeurs 3 fois,,,,Operational
bufr4/3/40/008/51/025140,40,Séquence de messages supplémentaires d’observation par satellites,340008,,,025140,Début canal,,,,Operational
bufr4/3/40/008/52/025141,40,Séquence de messages supplémentaires d’observation par satellites,340008,,,025141,Fin canal,,,,Operational
bufr4/3/40/008/53/040026,40,Séquence de messages supplémentaires d’observation par satellites,340008,,,040026,Facteur de quantification de l’indice,,,,Operational
bufr4/3/40/008/54/040016,40,Séquence de messages supplémentaires d’observation par satellites,340008,,,040016,Moyenne quadratique résiduelle en bande,,,,Operational
bufr4/3/40/008/55/025062,40,Séquence de messages supplémentaires d’observation par satellites,340008,,,025062,Identification de la base de données Scores des composantes principales – bande,,,,Operational
bufr4/3/40/008/56/101000,40,Séquence de messages supplémentaires d’observation par satellites,340008,,,101000,Répétition différée de 1 descripteur,,,,Operational
bufr4/3/40/008/57/031002,40,Séquence de messages supplémentaires d’observation par satellites,340008,,,031002,Facteur élargi de répétition différée du descripteur,,,,Operational
bufr4/3/40/008/58/040017,40,Séquence de messages supplémentaires d’observation par satellites,340008,,,040017,Score des composantes principales non normalisé Analyse de la scène AVHRR,,,,Operational
bufr4/3/40/008/59/002019,40,Séquence de messages supplémentaires d’observation par satellites,340008,,,002019,Instruments satellitaires,,,,Operational
bufr4/3/40/008/60/025051,40,Séquence de messages supplémentaires d’observation par satellites,340008,,,025051,Combinaison de canaux de radiomètre AVHRR,,,,Operational
bufr4/3/40/008/61/101007,40,Séquence de messages supplémentaires d’observation par satellites,340008,,,101007,Répéter 1 descripteur 7 fois,,,,Operational
bufr4/3/40/008/62/340004,40,Séquence de messages supplémentaires d’observation par satellites,340008,,,340004,"Séquence une scène AVHRR, IASI niveau 1c",,,,Operational
bufr4/3/40/008/63/020081,40,Séquence de messages supplémentaires d’observation par satellites,340008,,,020081,Étendue de la couche nuageuse dans le secteur,,,,Operational
bufr4/3/40/008/64/008029,40,Séquence de messages supplémentaires d’observation par satellites,340008,,,008029,Type de surface,,,,Operational
bufr4/3/40/008/65/020083,40,Séquence de messages supplémentaires d’observation par satellites,340008,,,020083,Partie du segment couverte par la scène,,,,Operational
bufr4/3/40/008/66/008029,40,Séquence de messages supplémentaires d’observation par satellites,340008,,,008029,Type de surface,,,,Operational
bufr4/3/40/008/67/040018,40,Séquence de messages supplémentaires d’observation par satellites,340008,,,040018,GIacAvgImagIIS – moyenne des mesures de l’imageur,,,,Operational
bufr4/3/40/008/68/040019,40,Séquence de messages supplémentaires d’observation par satellites,340008,,,040019,GIacVarImagIIS – variance des mesures de l’imageur,,,,Operational
bufr4/3/40/008/69/040021,40,Séquence de messages supplémentaires d’observation par satellites,340008,,,040021,Fraction de pixels AVHRR pondérés dans le champ de vision de l’IASI recouvert d’une couche de neige/glace,,,,Operational
bufr4/3/40/008/70/040022,40,Séquence de messages supplémentaires d’observation par satellites,340008,,,040022,"Nombre de pixels AVHRR manquants, erronés ou défaillants",(à suivre),,,Operational
bufr4/3/40/009/1/001007,40,Séquence de messages supplémentaires d’observation par satellites,340009,(Indice différentiel normalisé de végétation (NDVI)),,001007,Indicateur d’identification du satellite,,,,Operational
bufr4/3/40/009/2/001031,40,Séquence de messages supplémentaires d’observation par satellites,340009,(Indice différentiel normalisé de végétation (NDVI)),,001031,Identification du centre d’origine/de production,,,,Operational
bufr4/3/40/009/3/002019,40,Séquence de messages supplémentaires d’observation par satellites,340009,(Indice différentiel normalisé de végétation (NDVI)),,002019,Instruments satellitaires,,,,Operational
bufr4/3/40/009/4/002020,40,Séquence de messages supplémentaires d’observation par satellites,340009,(Indice différentiel normalisé de végétation (NDVI)),,002020,Classification des satellites,,,,Operational
bufr4/3/40/009/5/301011,40,Séquence de messages supplémentaires d’observation par satellites,340009,(Indice différentiel normalisé de végétation (NDVI)),,301011,"Année, mois, jour",,,,Operational
bufr4/3/40/009/6/301013,40,Séquence de messages supplémentaires d’observation par satellites,340009,(Indice différentiel normalisé de végétation (NDVI)),,301013,"Heure, minute, seconde",,,,Operational
bufr4/3/40/009/7/005040,40,Séquence de messages supplémentaires d’observation par satellites,340009,(Indice différentiel normalisé de végétation (NDVI)),,005040,Numéro de l’orbite,,,,Operational
bufr4/3/40/009/8/201136,40,Séquence de messages supplémentaires d’observation par satellites,340009,(Indice différentiel normalisé de végétation (NDVI)),,201136,Changer le champ de données,Ajouter 8 au champ de données,,,Operational
bufr4/3/40/009/9/005041,40,Séquence de messages supplémentaires d’observation par satellites,340009,(Indice différentiel normalisé de végétation (NDVI)),,005041,Numéro de la ligne de balayage,,,,Operational
bufr4/3/40/009/10/201000,40,Séquence de messages supplémentaires d’observation par satellites,340009,(Indice différentiel normalisé de végétation (NDVI)),,201000,Changement du champ de données,Annuler,,,Operational
bufr4/3/40/009/11/025071,40,Séquence de messages supplémentaires d’observation par satellites,340009,(Indice différentiel normalisé de végétation (NDVI)),,025071,Numéro de paquet,,,,Operational
bufr4/3/40/009/12/005001,40,Séquence de messages supplémentaires d’observation par satellites,340009,(Indice différentiel normalisé de végétation (NDVI)),,005001,Latitude (précision élevée),,,,Operational
bufr4/3/40/009/13/005001,40,Séquence de messages supplémentaires d’observation par satellites,340009,(Indice différentiel normalisé de végétation (NDVI)),,005001,Latitude (précision élevée),,,,Operational
bufr4/3/40/009/14/006001,40,Séquence de messages supplémentaires d’observation par satellites,340009,(Indice différentiel normalisé de végétation (NDVI)),,006001,Longitude (précision élevée),,,,Operational
bufr4/3/40/009/15/006001,40,Séquence de messages supplémentaires d’observation par satellites,340009,(Indice différentiel normalisé de végétation (NDVI)),,006001,Longitude (précision élevée),,,,Operational
bufr4/3/40/009/16/107064,40,Séquence de messages supplémentaires d’observation par satellites,340009,(Indice différentiel normalisé de végétation (NDVI)),,107064,Répéter 7 descripteurs 64 fois,,,,Operational
bufr4/3/40/009/17/106032,40,Séquence de messages supplémentaires d’observation par satellites,340009,(Indice différentiel normalisé de végétation (NDVI)),,106032,Répéter 6 descripteurs 32 fois,,,,Operational
bufr4/3/40/009/18/008012,40,Séquence de messages supplémentaires d’observation par satellites,340009,(Indice différentiel normalisé de végétation (NDVI)),,008012,Identificateur terre/mer,,,,Operational
bufr4/3/40/009/19/008013,40,Séquence de messages supplémentaires d’observation par satellites,340009,(Indice différentiel normalisé de végétation (NDVI)),,008013,Identificateur jour/nuit,,,,Operational
bufr4/3/40/009/20/008065,40,Séquence de messages supplémentaires d’observation par satellites,340009,(Indice différentiel normalisé de végétation (NDVI)),,008065,Indicateur de reflet solaire,,,,Operational
bufr4/3/40/009/21/008072,40,Séquence de messages supplémentaires d’observation par satellites,340009,(Indice différentiel normalisé de végétation (NDVI)),,008072,Type de pixel,,,,Operational
bufr4/3/40/009/22/013039,40,Séquence de messages supplémentaires d’observation par satellites,340009,(Indice différentiel normalisé de végétation (NDVI)),,013039,Type de terrain (glace/neige),,,,Operational
bufr4/3/40/009/23/040015,40,Séquence de messages supplémentaires d’observation par satellites,340009,(Indice différentiel normalisé de végétation (NDVI)),,040015,Indice différentiel normalisé de végétation,,,,Operational
bufr4/3/40/010/1/001007,40,Séquence de messages supplémentaires d’observation par satellites,340010,(NDVI),,001007,Indicateur d’identification du satellite,,,,Operational
bufr4/3/40/010/2/002019,40,Séquence de messages supplémentaires d’observation par satellites,340010,(NDVI),,002019,Instruments satellitaires,,,,Operational
bufr4/3/40/010/3/001096,40,Séquence de messages supplémentaires d’observation par satellites,340010,(NDVI),,001096,Mise à poste,,,,Operational
bufr4/3/40/010/4/025061,40,Séquence de messages supplémentaires d’observation par satellites,340010,(NDVI),,025061,Identification du logiciel et numéro de version,,,,Operational
bufr4/3/40/010/5/005044,40,Séquence de messages supplémentaires d’observation par satellites,340010,(NDVI),,005044,Numéro de cycle du satellite,,,,Operational
bufr4/3/40/010/6/005040,40,Séquence de messages supplémentaires d’observation par satellites,340010,(NDVI),,005040,Numéro de l’orbite,,,,Operational
bufr4/3/40/010/7/001030,40,Séquence de messages supplémentaires d’observation par satellites,340010,(NDVI),,001030,Indicatif du modèle numérique Datation,,,,Operational
bufr4/3/40/010/8/004001,40,Séquence de messages supplémentaires d’observation par satellites,340010,(NDVI),,004001,Année,,,,Operational
bufr4/3/40/010/9/004002,40,Séquence de messages supplémentaires d’observation par satellites,340010,(NDVI),,004002,Mois,,,,Operational
bufr4/3/40/010/10/004003,40,Séquence de messages supplémentaires d’observation par satellites,340010,(NDVI),,004003,Jour,,,,Operational
bufr4/3/40/010/11/004004,40,Séquence de messages supplémentaires d’observation par satellites,340010,(NDVI),,004004,Heure I. 2 – Table D/40 BUFR — 11,(à suivre),,,Operational
bufr4/3/40/010/12/004005,40,Séquence de messages supplémentaires d’observation par satellites,340010,,,004005,Minute,,,,Operational
bufr4/3/40/010/13/004007,40,Séquence de messages supplémentaires d’observation par satellites,340010,,,004007,Secondes par minute (à la microseconde près) Emplacement et type de surface,,,,Operational
bufr4/3/40/010/14/005001,40,Séquence de messages supplémentaires d’observation par satellites,340010,,,005001,Latitude (précision élevée),,,,Operational
bufr4/3/40/010/15/006001,40,Séquence de messages supplémentaires d’observation par satellites,340010,,,006001,Longitude (précision élevée),,,,Operational
bufr4/3/40/010/16/008029,40,Séquence de messages supplémentaires d’observation par satellites,340010,,,008029,Type de surface,,,,Operational
bufr4/3/40/010/17/008074,40,Séquence de messages supplémentaires d’observation par satellites,340010,,,008074,Type d’écho de l’altimètre,,,,Operational
bufr4/3/40/010/18/008077,40,Séquence de messages supplémentaires d’observation par satellites,340010,,,008077,Type de surface détecté par radiomètre Indicateurs,,,,Operational
bufr4/3/40/010/19/040011,40,Séquence de messages supplémentaires d’observation par satellites,340010,,,040011,Indicateur d’interpolation,,,,Operational
bufr4/3/40/010/20/025097,40,Séquence de messages supplémentaires d’observation par satellites,340010,,,025097,Erreur tridimensionnelle estimative de l’orbite du navigateur,,,,Operational
bufr4/3/40/010/21/025095,40,Séquence de messages supplémentaires d’observation par satellites,340010,,,025095,Indicateur de l’état de l’altimètre,,,,Operational
bufr4/3/40/010/22/025098,40,Séquence de messages supplémentaires d’observation par satellites,340010,,,025098,Indicateur de qualité des données de l’altimètre,,,,Operational
bufr4/3/40/010/23/025099,40,Séquence de messages supplémentaires d’observation par satellites,340010,,,025099,Indicateur de qualité de la correction de l’altimètre,,,,Operational
bufr4/3/40/010/24/021144,40,Séquence de messages supplémentaires d’observation par satellites,340010,,,021144,Indicateur de pluie de l’altimètre,,,,Operational
bufr4/3/40/010/25/025096,40,Séquence de messages supplémentaires d’observation par satellites,340010,,,025096,Indicateur de l’état du radiomètre,,,,Operational
bufr4/3/40/010/26/040012,40,Séquence de messages supplémentaires d’observation par satellites,340010,,,040012,Indicateur de qualité des données du radiomètre,,,,Operational
bufr4/3/40/010/27/040013,40,Séquence de messages supplémentaires d’observation par satellites,340010,,,040013,Indicateur d’interprétation de la température de luminance du radiomètre,,,,Operational
bufr4/3/40/010/28/021169,40,Séquence de messages supplémentaires d’observation par satellites,340010,,,021169,Indicateur de présence de glace,,,,Operational
bufr4/3/40/010/29/040023,40,Séquence de messages supplémentaires d’observation par satellites,340010,,,040023,Indicateur de l’état de l’altimètre auxiliaire,,,,Operational
bufr4/3/40/010/30/040024,40,Séquence de messages supplémentaires d’observation par satellites,340010,,,040024,Existence de cartes météorologiques,,,,Operational
bufr4/3/40/010/31/040025,40,Séquence de messages supplémentaires d’observation par satellites,340010,,,040025,Indicateur d’interpolation pour la marée diurne moyenne Altimètre: bande Ku,,,,Operational
bufr4/3/40/010/32/022151,40,Séquence de messages supplémentaires d’observation par satellites,340010,,,022151,Intervalle océanique en bande Ku,,,,Operational
bufr4/3/40/010/33/022162,40,Séquence de messages supplémentaires d’observation par satellites,340010,,,022162,Moyenne quadratique de l’intervalle océanique à 20 Hz en bande Ku,,,,Operational
bufr4/3/40/010/34/022163,40,Séquence de messages supplémentaires d’observation par satellites,340010,,,022163,Nombre de points corrects à 20 Hz en bande Ku,,,,Operational
bufr4/3/40/010/35/025160,40,Séquence de messages supplémentaires d’observation par satellites,340010,,,025160,Correction finale de l’erreur instrumentale dans la bande Ku,,,,Operational
bufr4/3/40/010/36/025133,40,Séquence de messages supplémentaires d’observation par satellites,340010,,,025133,Correction du biais d’état de la mer en bande Ku,,,,Operational
bufr4/3/40/010/37/022156,40,Séquence de messages supplémentaires d’observation par satellites,340010,,,022156,Hauteur significative des vagues en bande Ku,,,,Operational
bufr4/3/40/010/38/022164,40,Séquence de messages supplémentaires d’observation par satellites,340010,,,022164,Moyenne quadratique de la hauteur significative des vagues à 20 Hz en bande Ku,,,,Operational
bufr4/3/40/010/39/022165,40,Séquence de messages supplémentaires d’observation par satellites,340010,,,022165,Nombre de points corrects à 20 Hz pour la hauteur significative des vagues en bande Ku,(à suivre),,,Operational
bufr4/3/40/010/40/022166,40,Séquence de messages supplémentaires d’observation par satellites,340010,,,022166,Correction finale de l’erreur instrumentale pour la hauteur significative des vagues dans la bande Ku,,,,Operational
bufr4/3/40/010/41/021137,40,Séquence de messages supplémentaires d’observation par satellites,340010,,,021137,Coefficient de rétrodiffusion corrigé pour l’océan en bande Ku,,,,Operational
bufr4/3/40/010/42/021138,40,Séquence de messages supplémentaires d’observation par satellites,340010,,,021138,Coefficient de rétrodiffusion corrigé type pour l’océan en bande Ku,,,,Operational
bufr4/3/40/010/43/022167,40,Séquence de messages supplémentaires d’observation par satellites,340010,,,022167,Nombre de points corrects de rétrodiffusion en bande Ku,,,,Operational
bufr4/3/40/010/44/021139,40,Séquence de messages supplémentaires d’observation par satellites,340010,,,021139,Correction finale de l’erreur instrumentale pour la commande automatique de gain dans la bande Ku,,,,Operational
bufr4/3/40/010/45/021118,40,Séquence de messages supplémentaires d’observation par satellites,340010,,,021118,Correction d’atténuation sur sigma-0,,,,Operational
bufr4/3/40/010/46/021145,40,Séquence de messages supplémentaires d’observation par satellites,340010,,,021145,Commande automatique de gain dans la bande Ku,,,,Operational
bufr4/3/40/010/47/021146,40,Séquence de messages supplémentaires d’observation par satellites,340010,,,021146,Moyenne quadratique de la commande automatique de gain dans la bande Ku,,,,Operational
bufr4/3/40/010/48/021147,40,Séquence de messages supplémentaires d’observation par satellites,340010,,,021147,Nombre de points corrects pour la commande automatique de gain dans la bande Ku Altimètre: bande C,,,,Operational
bufr4/3/40/010/49/022168,40,Séquence de messages supplémentaires d’observation par satellites,340010,,,022168,Intervalle océanique en bande C,,,,Operational
bufr4/3/40/010/50/022169,40,Séquence de messages supplémentaires d’observation par satellites,340010,,,022169,Moyenne quadratique de l’intervalle océanique en bande C,,,,Operational
bufr4/3/40/010/51/022170,40,Séquence de messages supplémentaires d’observation par satellites,340010,,,022170,Nombre de points corrects à 20 Hz en bande C,,,,Operational
bufr4/3/40/010/52/025161,40,Séquence de messages supplémentaires d’observation par satellites,340010,,,025161,Correction finale de l’erreur instrumentale dans la bande C,,,,Operational
bufr4/3/40/010/53/025162,40,Séquence de messages supplémentaires d’observation par satellites,340010,,,025162,Correction du biais d’état de la mer en bande C,,,,Operational
bufr4/3/40/010/54/022171,40,Séquence de messages supplémentaires d’observation par satellites,340010,,,022171,Hauteur significative des vagues en bande C,,,,Operational
bufr4/3/40/010/55/022172,40,Séquence de messages supplémentaires d’observation par satellites,340010,,,022172,Moyenne quadratique de la hauteur significative des vagues à 20 Hz en bande C,,,,Operational
bufr4/3/40/010/56/022173,40,Séquence de messages supplémentaires d’observation par satellites,340010,,,022173,Nombre de points corrects à 20 Hz pour la hauteur significative des vagues en bande C,,,,Operational
bufr4/3/40/010/57/022174,40,Séquence de messages supplémentaires d’observation par satellites,340010,,,022174,Correction finale de l’erreur instrumentale pour la hauteur significative des vagues dans la bande C,,,,Operational
bufr4/3/40/010/58/021170,40,Séquence de messages supplémentaires d’observation par satellites,340010,,,021170,Coefficient de rétrodiffusion corrigé pour l’océan en bande C,,,,Operational
bufr4/3/40/010/59/021171,40,Séquence de messages supplémentaires d’observation par satellites,340010,,,021171,Moyenne quadratique du coefficient de rétrodiffusion corrigé pour l’océan en bande C,,,,Operational
bufr4/3/40/010/60/022175,40,Séquence de messages supplémentaires d’observation par satellites,340010,,,022175,Nombre de points corrects de rétrodiffusion en bande C I. 2 – Table D/40 BUFR — 13,(à suivre),,,Operational
bufr4/3/40/010/61/021172,40,Séquence de messages supplémentaires d’observation par satellites,340010,,,021172,Correction finale de l’erreur instrumentale pour la commande automatique de gain dans la bande C,,,,Operational
bufr4/3/40/010/62/021118,40,Séquence de messages supplémentaires d’observation par satellites,340010,,,021118,Correction d’atténuation sur sigma-0,,,,Operational
bufr4/3/40/010/63/021173,40,Séquence de messages supplémentaires d’observation par satellites,340010,,,021173,Commande automatique de gain dans la bande C,,,,Operational
bufr4/3/40/010/64/021174,40,Séquence de messages supplémentaires d’observation par satellites,340010,,,021174,Moyenne quadratique de la commande automatique de gain dans la bande C,,,,Operational
bufr4/3/40/010/65/021175,40,Séquence de messages supplémentaires d’observation par satellites,340010,,,021175,Nombre de points corrects pour la commande automatique de gain dans la bande C Radiomètre,,,,Operational
bufr4/3/40/010/66/002153,40,Séquence de messages supplémentaires d’observation par satellites,340010,,,002153,Fréquence centrale du canal du satellite,,,,Operational
bufr4/3/40/010/67/012063,40,Séquence de messages supplémentaires d’observation par satellites,340010,,,012063,Température de luminance,,,,Operational
bufr4/3/40/010/68/002153,40,Séquence de messages supplémentaires d’observation par satellites,340010,,,002153,Fréquence centrale du canal du satellite,,,,Operational
bufr4/3/40/010/69/012063,40,Séquence de messages supplémentaires d’observation par satellites,340010,,,012063,Température de luminance,,,,Operational
bufr4/3/40/010/70/002153,40,Séquence de messages supplémentaires d’observation par satellites,340010,,,002153,Fréquence centrale du canal du satellite,,,,Operational
bufr4/3/40/010/71/012063,40,Séquence de messages supplémentaires d’observation par satellites,340010,,,012063,Température de luminance,,,,Operational
bufr4/3/40/010/72/013090,40,Séquence de messages supplémentaires d’observation par satellites,340010,,,013090,Teneur en vapeur d’eau indiquée par le radiomètre,,,,Operational
bufr4/3/40/010/73/013091,40,Séquence de messages supplémentaires d’observation par satellites,340010,,,013091,Teneur en eau liquide indiquée par le radiomètre Vent,,,,Operational
bufr4/3/40/010/74/007002,40,Séquence de messages supplémentaires d’observation par satellites,340010,,,007002,Hauteur ou altitude,,,,Operational
bufr4/3/40/010/75/011097,40,Séquence de messages supplémentaires d’observation par satellites,340010,,,011097,Vitesse du vent indiquée par l’altimètre,,,,Operational
bufr4/3/40/010/76/011098,40,Séquence de messages supplémentaires d’observation par satellites,340010,,,011098,Vitesse du vent indiquée par le radiomètre,,,,Operational
bufr4/3/40/010/77/007002,40,Séquence de messages supplémentaires d’observation par satellites,340010,,,007002,Hauteur ou altitude,,,,Operational
bufr4/3/40/010/78/011095,40,Séquence de messages supplémentaires d’observation par satellites,340010,,,011095,Composante u du vecteur vent – modèle,,,,Operational
bufr4/3/40/010/79/011096,40,Séquence de messages supplémentaires d’observation par satellites,340010,,,011096,Composante v du vecteur vent – modèle Topographie dynamique,,,,Operational
bufr4/3/40/010/80/010096,40,Séquence de messages supplémentaires d’observation par satellites,340010,,,010096,Topographie dynamique moyenne,,,,Operational
bufr4/3/40/010/81/010081,40,Séquence de messages supplémentaires d’observation par satellites,340010,,,010081,Altitude du centre de gravité au-dessus de l’ellipsoïde de référence,,,,Operational
bufr4/3/40/010/82/010082,40,Séquence de messages supplémentaires d’observation par satellites,340010,,,010082,Taux de variation d’altitude instantané,,,,Operational
bufr4/3/40/010/83/010083,40,Séquence de messages supplémentaires d’observation par satellites,340010,,,010083,"Carré de l’angle de décalage du satellite par rapport au nadir, calculé à partir de l’assiette de la plate-forme",,,,Operational
bufr4/3/40/010/84/010101,40,Séquence de messages supplémentaires d’observation par satellites,340010,,,010101,"Carré de l’angle de décalage du satellite par rapport au nadir, calculé à partir de la forme des ondes",,,,Operational
bufr4/3/40/010/85/025132,40,Séquence de messages supplémentaires d’observation par satellites,340010,,,025132,Correction ionosphérique – modèle en bande Ku,,,,Operational
bufr4/3/40/010/86/025163,40,Séquence de messages supplémentaires d’observation par satellites,340010,,,025163,Correction ionosphérique de l’altimètre en bande Ku,,,,Operational
bufr4/3/40/010/87/025126,40,Séquence de messages supplémentaires d’observation par satellites,340010,,,025126,Correction de troposphère sèche – modèle,(à suivre),,,Operational
bufr4/3/40/010/88/025128,40,Séquence de messages supplémentaires d’observation par satellites,340010,,,025128,Correction de troposphère humide – modèle,,,,Operational
bufr4/3/40/010/89/025164,40,Séquence de messages supplémentaires d’observation par satellites,340010,,,025164,Correction de troposphère humide du radiomètre,,,,Operational
bufr4/3/40/010/90/010085,40,Séquence de messages supplémentaires d’observation par satellites,340010,,,010085,Hauteur moyenne de la surface de la mer,,,,Operational
bufr4/3/40/010/91/010097,40,Séquence de messages supplémentaires d’observation par satellites,340010,,,010097,Hauteur moyenne de la surface de la mer fournie par l’altimètre seulement,,,,Operational
bufr4/3/40/010/92/010086,40,Séquence de messages supplémentaires d’observation par satellites,340010,,,010086,Hauteur du géoïde,,,,Operational
bufr4/3/40/010/93/010087,40,Séquence de messages supplémentaires d’observation par satellites,340010,,,010087,Profondeur de l’océan ou altitude des terres émergées,,,,Operational
bufr4/3/40/010/94/010092,40,Séquence de messages supplémentaires d’observation par satellites,340010,,,010092,Hauteur de marée terrestre,,,,Operational
bufr4/3/40/010/95/010088,40,Séquence de messages supplémentaires d’observation par satellites,340010,,,010088,Hauteur géocentrique totale de marée océanique (solution 1),,,,Operational
bufr4/3/40/010/96/010089,40,Séquence de messages supplémentaires d’observation par satellites,340010,,,010089,Hauteur géocentrique totale de marée océanique (solution 2),,,,Operational
bufr4/3/40/010/97/010098,40,Séquence de messages supplémentaires d’observation par satellites,340010,,,010098,Hauteur de la marée de charge pour le calcul de la marée géocentrique – solution 1,,,,Operational
bufr4/3/40/010/98/010099,40,Séquence de messages supplémentaires d’observation par satellites,340010,,,010099,Hauteur de la marée de charge pour le calcul de la marée géocentrique – solution 2,,,,Operational
bufr4/3/40/010/99/010090,40,Séquence de messages supplémentaires d’observation par satellites,340010,,,010090,Hauteur de marée pour une période prolongée,,,,Operational
bufr4/3/40/010/100/010100,40,Séquence de messages supplémentaires d’observation par satellites,340010,,,010100,Hauteur de marée pour une période prolongée hors d’équilibre,,,,Operational
bufr4/3/40/010/101/010093,40,Séquence de messages supplémentaires d’observation par satellites,340010,,,010093,Hauteur géocentrique de marée polaire,,,,Operational
bufr4/3/40/010/102/025127,40,Séquence de messages supplémentaires d’observation par satellites,340010,,,025127,Correction de baromètre inverse,Correction de la hauteur de la surface de la mer due à une charge barométrique,,,Operational
bufr4/3/40/010/103/040014,40,Séquence de messages supplémentaires d’observation par satellites,340010,,,040014,Fluctuations haute fréquence de la correction topographique de la surface de la mer,,,,Operational
bufr4/3/40/010/104/010102,40,Séquence de messages supplémentaires d’observation par satellites,340010,,,010102,Anomalie de hauteur de la surface de la mer,,,,Operational
bufr4/3/40/011/1/001007,40,Séquence de messages supplémentaires d’observation par satellites,340011,(SARAL Altika),,001007,Indicateur d’identification du satellite,,,,Operational
bufr4/3/40/011/2/002019,40,Séquence de messages supplémentaires d’observation par satellites,340011,(SARAL Altika),,002019,Instruments satellitaires,,,,Operational
bufr4/3/40/011/3/001096,40,Séquence de messages supplémentaires d’observation par satellites,340011,(SARAL Altika),,001096,Mise à poste,,,,Operational
bufr4/3/40/011/4/025061,40,Séquence de messages supplémentaires d’observation par satellites,340011,(SARAL Altika),,025061,Identification du logiciel et numéro de version,,,,Operational
bufr4/3/40/011/5/005044,40,Séquence de messages supplémentaires d’observation par satellites,340011,(SARAL Altika),,005044,Numéro de cycle du satellite,,,,Operational
bufr4/3/40/011/6/005040,40,Séquence de messages supplémentaires d’observation par satellites,340011,(SARAL Altika),,005040,Numéro de l’orbite,,,,Operational
bufr4/3/40/011/7/001030,40,Séquence de messages supplémentaires d’observation par satellites,340011,(SARAL Altika),,001030,Indicatif du modèle numérique,,,,Operational
bufr4/3/40/011/8/004001,40,Séquence de messages supplémentaires d’observation par satellites,340011,(SARAL Altika),,004001,Année,,,,Operational
bufr4/3/40/011/9/004002,40,Séquence de messages supplémentaires d’observation par satellites,340011,(SARAL Altika),,004002,Mois,,,,Operational
bufr4/3/40/011/10/004003,40,Séquence de messages supplémentaires d’observation par satellites,340011,(SARAL Altika),,004003,Jour,,,,Operational
bufr4/3/40/011/11/004004,40,Séquence de messages supplémentaires d’observation par satellites,340011,(SARAL Altika),,004004,Heure I. 2 – Table D/40 BUFR — 15,(à suivre),,,Operational
bufr4/3/40/011/12/004005,40,Séquence de messages supplémentaires d’observation par satellites,340011,,,004005,Minute,,,,Operational
bufr4/3/40/011/13/004007,40,Séquence de messages supplémentaires d’observation par satellites,340011,,,004007,Secondes par minute (à la microseconde près),,,,Operational
bufr4/3/40/011/14/005001,40,Séquence de messages supplémentaires d’observation par satellites,340011,,,005001,Latitude (précision élevée),,,,Operational
bufr4/3/40/011/15/006001,40,Séquence de messages supplémentaires d’observation par satellites,340011,,,006001,Longitude (précision élevée),,,,Operational
bufr4/3/40/011/16/008029,40,Séquence de messages supplémentaires d’observation par satellites,340011,,,008029,Type de surface,,,,Operational
bufr4/3/40/011/17/008077,40,Séquence de messages supplémentaires d’observation par satellites,340011,,,008077,Type de surface détecté par radiomètre,,,,Operational
bufr4/3/40/011/18/040011,40,Séquence de messages supplémentaires d’observation par satellites,340011,,,040011,Indicateur d’interpolation,,,,Operational
bufr4/3/40/011/19/025097,40,Séquence de messages supplémentaires d’observation par satellites,340011,,,025097,Erreur tridimensionnelle estimative de l’orbite du navigateur,,,,Operational
bufr4/3/40/011/20/025112,40,Séquence de messages supplémentaires d’observation par satellites,340011,,,025112,Indicateur de qualité des données de l’altimètre dans une bande précise,,,,Operational
bufr4/3/40/011/21/025113,40,Séquence de messages supplémentaires d’observation par satellites,340011,,,025113,Indicateur de qualité de la correction de l’altimètre dans une bande précise,,,,Operational
bufr4/3/40/011/22/021148,40,Séquence de messages supplémentaires d’observation par satellites,340011,,,021148,Indicateur de variation du front arrière,,,,Operational
bufr4/3/40/011/23/021169,40,Séquence de messages supplémentaires d’observation par satellites,340011,,,021169,Indicateur de présence de glace,,,,Operational
bufr4/3/40/011/24/040024,40,Séquence de messages supplémentaires d’observation par satellites,340011,,,040024,Existence de cartes météorologiques,,,,Operational
bufr4/3/40/011/25/040025,40,Séquence de messages supplémentaires d’observation par satellites,340011,,,040025,Indicateur d’interpolation pour la marée diurne moyenne,,,,Operational
bufr4/3/40/011/26/002153,40,Séquence de messages supplémentaires d’observation par satellites,340011,,,002153,Fréquence centrale du canal du satellite,,,,Operational
bufr4/3/40/011/27/022189,40,Séquence de messages supplémentaires d’observation par satellites,340011,,,022189,Intervalle océanique dans une bande précise,,,,Operational
bufr4/3/40/011/28/022191,40,Séquence de messages supplémentaires d’observation par satellites,340011,,,022191,Moyenne quadratique de l’intervalle océanique dans une bande précise,,,,Operational
bufr4/3/40/011/29/022130,40,Séquence de messages supplémentaires d’observation par satellites,340011,,,022130,Nombre de points corrects dans une bande précise,,,,Operational
bufr4/3/40/011/30/025167,40,Séquence de messages supplémentaires d’observation par satellites,340011,,,025167,Correction finale de l’erreur instrumentale dans une bande précise,,,,Operational
bufr4/3/40/011/31/025166,40,Séquence de messages supplémentaires d’observation par satellites,340011,,,025166,Correction du biais d’état de la mer dans une bande précise,,,,Operational
bufr4/3/40/011/32/022190,40,Séquence de messages supplémentaires d’observation par satellites,340011,,,022190,Hauteur significative des vagues dans une bande précise,,,,Operational
bufr4/3/40/011/33/022131,40,Séquence de messages supplémentaires d’observation par satellites,340011,,,022131,Moyenne quadratique de la hauteur significative des vagues dans une bande précise,,,,Operational
bufr4/3/40/011/34/022132,40,Séquence de messages supplémentaires d’observation par satellites,340011,,,022132,Nombre de points corrects de la hauteur significative des vagues dans une bande précise,,,,Operational
bufr4/3/40/011/35/022133,40,Séquence de messages supplémentaires d’observation par satellites,340011,,,022133,Correction finale de l’erreur instrumentale pour la hauteur significative des vagues dans une bande précise,,,,Operational
bufr4/3/40/011/36/021183,40,Séquence de messages supplémentaires d’observation par satellites,340011,,,021183,Coefficient de rétrodiffusion corrigé pour l’océan dans une bande précise,,,,Operational
bufr4/3/40/011/37/021184,40,Séquence de messages supplémentaires d’observation par satellites,340011,,,021184,Coefficient de rétrodiffusion corrigé type pour l’océan dans une bande précise,,,,Operational
bufr4/3/40/011/38/022134,40,Séquence de messages supplémentaires d’observation par satellites,340011,,,022134,Nombre de points corrects pour la rétrodiffusion dans une bande précise,(à suivre),,,Operational
bufr4/3/40/011/39/021185,40,Séquence de messages supplémentaires d’observation par satellites,340011,,,021185,Correction finale de l’erreur instrumentale pour la commande automatique de gain dans une bande précise,,,,Operational
bufr4/3/40/011/40/021118,40,Séquence de messages supplémentaires d’observation par satellites,340011,,,021118,Correction d’atténuation sur sigma-0,,,,Operational
bufr4/3/40/011/41/021186,40,Séquence de messages supplémentaires d’observation par satellites,340011,,,021186,Commande automatique de gain dans une bande précise,,,,Operational
bufr4/3/40/011/42/021187,40,Séquence de messages supplémentaires d’observation par satellites,340011,,,021187,Moyenne quadratique de la commande automatique de gain dans une bande précise,,,,Operational
bufr4/3/40/011/43/021188,40,Séquence de messages supplémentaires d’observation par satellites,340011,,,021188,Nombre de points corrects pour la commande automatique de gain dans une bande précise,,,,Operational
bufr4/3/40/011/44/002153,40,Séquence de messages supplémentaires d’observation par satellites,340011,,,002153,Fréquence centrale du canal du satellite,,,,Operational
bufr4/3/40/011/45/012063,40,Séquence de messages supplémentaires d’observation par satellites,340011,,,012063,Température de luminance,,,,Operational
bufr4/3/40/011/46/002153,40,Séquence de messages supplémentaires d’observation par satellites,340011,,,002153,Fréquence centrale du canal du satellite,,,,Operational
bufr4/3/40/011/47/012063,40,Séquence de messages supplémentaires d’observation par satellites,340011,,,012063,Température de luminance,,,,Operational
bufr4/3/40/011/48/013090,40,Séquence de messages supplémentaires d’observation par satellites,340011,,,013090,Teneur en vapeur d’eau indiquée par le radiomètre,,,,Operational
bufr4/3/40/011/49/013160,40,Séquence de messages supplémentaires d’observation par satellites,340011,,,013160,Teneur en eau liquide fournie par le radiomètre,,,,Operational
bufr4/3/40/011/50/007002,40,Séquence de messages supplémentaires d’observation par satellites,340011,,,007002,Hauteur ou altitude,,,,Operational
bufr4/3/40/011/51/011097,40,Séquence de messages supplémentaires d’observation par satellites,340011,,,011097,Vitesse du vent indiquée par l’altimètre,,,,Operational
bufr4/3/40/011/52/007002,40,Séquence de messages supplémentaires d’observation par satellites,340011,,,007002,Hauteur ou altitude,,,,Operational
bufr4/3/40/011/53/011095,40,Séquence de messages supplémentaires d’observation par satellites,340011,,,011095,Composante u du vecteur vent – modèle,,,,Operational
bufr4/3/40/011/54/011096,40,Séquence de messages supplémentaires d’observation par satellites,340011,,,011096,Composante v du vecteur vent – modèle,,,,Operational
bufr4/3/40/011/55/010096,40,Séquence de messages supplémentaires d’observation par satellites,340011,,,010096,Topographie dynamique moyenne,,,,Operational
bufr4/3/40/011/56/010081,40,Séquence de messages supplémentaires d’observation par satellites,340011,,,010081,Altitude du centre de gravité au-dessus de l’ellipsoïde de référence,,,,Operational
bufr4/3/40/011/57/010082,40,Séquence de messages supplémentaires d’observation par satellites,340011,,,010082,Taux de variation d’altitude instantané,,,,Operational
bufr4/3/40/011/58/010083,40,Séquence de messages supplémentaires d’observation par satellites,340011,,,010083,"Carré de l’angle de décalage du satellite par rapport au nadir, calculé à partir de l’assiette de la plate-forme",,,,Operational
bufr4/3/40/011/59/010101,40,Séquence de messages supplémentaires d’observation par satellites,340011,,,010101,"Carré de l’angle de décalage du satellite par rapport au nadir, calculé à partir de la forme des ondes",,,,Operational
bufr4/3/40/011/60/002153,40,Séquence de messages supplémentaires d’observation par satellites,340011,,,002153,Fréquence centrale du canal du satellite,,,,Operational
bufr4/3/40/011/61/025165,40,Séquence de messages supplémentaires d’observation par satellites,340011,,,025165,Correction ionosphérique – modèle dans une bande précise,,,,Operational
bufr4/3/40/011/62/025126,40,Séquence de messages supplémentaires d’observation par satellites,340011,,,025126,Correction de troposphère sèche – modèle,,,,Operational
bufr4/3/40/011/63/025128,40,Séquence de messages supplémentaires d’observation par satellites,340011,,,025128,Correction de troposphère humide – modèle,,,,Operational
bufr4/3/40/011/64/025164,40,Séquence de messages supplémentaires d’observation par satellites,340011,,,025164,Correction de troposphère humide du radiomètre,,,,Operational
bufr4/3/40/011/65/010085,40,Séquence de messages supplémentaires d’observation par satellites,340011,,,010085,Hauteur moyenne de la surface de la mer,,,,Operational
bufr4/3/40/011/66/010086,40,Séquence de messages supplémentaires d’observation par satellites,340011,,,010086,Hauteur du géoïde,,,,Operational
bufr4/3/40/011/67/010087,40,Séquence de messages supplémentaires d’observation par satellites,340011,,,010087,Profondeur de l’océan ou altitude des terres émergées,,,,Operational
bufr4/3/40/011/68/010092,40,Séquence de messages supplémentaires d’observation par satellites,340011,,,010092,Hauteur de marée terrestre I. 2 – Table D/40 BUFR — 17,(à suivre),,,Operational
bufr4/3/40/011/69/010088,40,Séquence de messages supplémentaires d’observation par satellites,340011,,,010088,Hauteur géocentrique totale de marée océanique (solution 1),,,,Operational
bufr4/3/40/011/70/010089,40,Séquence de messages supplémentaires d’observation par satellites,340011,,,010089,Hauteur géocentrique totale de marée océanique (solution 2),,,,Operational
bufr4/3/40/011/71/010098,40,Séquence de messages supplémentaires d’observation par satellites,340011,,,010098,Hauteur de la marée de charge pour le calcul de la marée géocentrique – solution 1,,,,Operational
bufr4/3/40/011/72/010099,40,Séquence de messages supplémentaires d’observation par satellites,340011,,,010099,Hauteur de la marée de charge pour le calcul de la marée géocentrique – solution 2,,,,Operational
bufr4/3/40/011/73/010090,40,Séquence de messages supplémentaires d’observation par satellites,340011,,,010090,Hauteur de marée pour une période prolongée,,,,Operational
bufr4/3/40/011/74/010100,40,Séquence de messages supplémentaires d’observation par satellites,340011,,,010100,Hauteur de marée pour une période prolongée hors d’équilibre,,,,Operational
bufr4/3/40/011/75/010093,40,Séquence de messages supplémentaires d’observation par satellites,340011,,,010093,Hauteur géocentrique de marée polaire,,,,Operational
bufr4/3/40/011/76/025127,40,Séquence de messages supplémentaires d’observation par satellites,340011,,,025127,Correction de baromètre inverse,,,,Operational
bufr4/3/40/011/77/040014,40,Séquence de messages supplémentaires d’observation par satellites,340011,,,040014,Fluctuations haute fréquence de la correction topographique de la surface de la mer,,,,Operational
bufr4/3/40/011/78/010102,40,Séquence de messages supplémentaires d’observation par satellites,340011,,,010102,Anomalie de hauteur de la surface de la mer,,,,Operational
bufr4/3/40/012/1/001007,40,Séquence de messages supplémentaires d’observation par satellites,340012,(Imageur hyperfréquence des précipitations à l’échelle du globe (GMI)),,001007,Indicateur d’identification du satellite,,,,Operational
bufr4/3/40/012/2/002019,40,Séquence de messages supplémentaires d’observation par satellites,340012,(Imageur hyperfréquence des précipitations à l’échelle du globe (GMI)),,002019,Instruments satellitaires,,,,Operational
bufr4/3/40/012/3/008091,40,Séquence de messages supplémentaires d’observation par satellites,340012,(Imageur hyperfréquence des précipitations à l’échelle du globe (GMI)),,008091,Caractéristique des coordonnées,= 0 Coordonnées du satellite,,,Operational
bufr4/3/40/012/4/005001,40,Séquence de messages supplémentaires d’observation par satellites,340012,(Imageur hyperfréquence des précipitations à l’échelle du globe (GMI)),,005001,Latitude (précision élevée),,,,Operational
bufr4/3/40/012/5/006001,40,Séquence de messages supplémentaires d’observation par satellites,340012,(Imageur hyperfréquence des précipitations à l’échelle du globe (GMI)),,006001,Longitude (précision élevée),,,,Operational
bufr4/3/40/012/6/007002,40,Séquence de messages supplémentaires d’observation par satellites,340012,(Imageur hyperfréquence des précipitations à l’échelle du globe (GMI)),,007002,Hauteur ou altitude,,,,Operational
bufr4/3/40/012/7/005063,40,Séquence de messages supplémentaires d’observation par satellites,340012,(Imageur hyperfréquence des précipitations à l’échelle du globe (GMI)),,005063,Roulis de l’engin spatial,,,,Operational
bufr4/3/40/012/8/005064,40,Séquence de messages supplémentaires d’observation par satellites,340012,(Imageur hyperfréquence des précipitations à l’échelle du globe (GMI)),,005064,Tangage de l’engin spatial,,,,Operational
bufr4/3/40/012/9/005066,40,Séquence de messages supplémentaires d’observation par satellites,340012,(Imageur hyperfréquence des précipitations à l’échelle du globe (GMI)),,005066,Lacet de l’engin spatial,,,,Operational
bufr4/3/40/012/10/005041,40,Séquence de messages supplémentaires d’observation par satellites,340012,(Imageur hyperfréquence des précipitations à l’échelle du globe (GMI)),,005041,Numéro de la ligne de balayage,,,,Operational
bufr4/3/40/012/11/005067,40,Séquence de messages supplémentaires d’observation par satellites,340012,(Imageur hyperfréquence des précipitations à l’échelle du globe (GMI)),,005067,Nombre de lignes de balayage,,,,Operational
bufr4/3/40/012/12/301011,40,Séquence de messages supplémentaires d’observation par satellites,340012,(Imageur hyperfréquence des précipitations à l’échelle du globe (GMI)),,301011,"Année, mois, jour",,,,Operational
bufr4/3/40/012/13/301012,40,Séquence de messages supplémentaires d’observation par satellites,340012,(Imageur hyperfréquence des précipitations à l’échelle du globe (GMI)),,301012,"Heure, minute",,,,Operational
bufr4/3/40/012/14/004007,40,Séquence de messages supplémentaires d’observation par satellites,340012,(Imageur hyperfréquence des précipitations à l’échelle du globe (GMI)),,004007,Secondes par minute (à la microseconde près),,,,Operational
bufr4/3/40/012/15/008091,40,Séquence de messages supplémentaires d’observation par satellites,340012,(Imageur hyperfréquence des précipitations à l’échelle du globe (GMI)),,008091,Caractéristique des coordonnées,= 1 Coordonnées des observations,,,Operational
bufr4/3/40/012/16/005001,40,Séquence de messages supplémentaires d’observation par satellites,340012,(Imageur hyperfréquence des précipitations à l’échelle du globe (GMI)),,005001,Latitude (précision élevée),,,,Operational
bufr4/3/40/012/17/006001,40,Séquence de messages supplémentaires d’observation par satellites,340012,(Imageur hyperfréquence des précipitations à l’échelle du globe (GMI)),,006001,Longitude (précision élevée),,,,Operational
bufr4/3/40/012/18/107000,40,Séquence de messages supplémentaires d’observation par satellites,340012,(Imageur hyperfréquence des précipitations à l’échelle du globe (GMI)),,107000,Répétition différée de 7 descripteurs,,,,Operational
bufr4/3/40/012/19/031001,40,Séquence de messages supplémentaires d’observation par satellites,340012,(Imageur hyperfréquence des précipitations à l’échelle du globe (GMI)),,031001,Facteur de répétition différée du descripteur,,,,Operational
bufr4/3/40/012/20/005042,40,Séquence de messages supplémentaires d’observation par satellites,340012,(Imageur hyperfréquence des précipitations à l’échelle du globe (GMI)),,005042,Numéro du canal,,,,Operational
bufr4/3/40/012/21/002153,40,Séquence de messages supplémentaires d’observation par satellites,340012,(Imageur hyperfréquence des précipitations à l’échelle du globe (GMI)),,002153,Fréquence centrale du canal du satellite,,,,Operational
bufr4/3/40/012/22/002104,40,Séquence de messages supplémentaires d’observation par satellites,340012,(Imageur hyperfréquence des précipitations à l’échelle du globe (GMI)),,002104,Polarisation de l’antenne,(à suivre),,,Operational
bufr4/3/40/012/23/040028,40,Séquence de messages supplémentaires d’observation par satellites,340012,,,040028,Indicateur de qualité des données du GMI,,,,Operational
bufr4/3/40/012/24/007024,40,Séquence de messages supplémentaires d’observation par satellites,340012,,,007024,Distance zénithale du satellite,,,,Operational
bufr4/3/40/012/25/040027,40,Séquence de messages supplémentaires d’observation par satellites,340012,,,040027,Angle du reflet solaire,,,,Operational
bufr4/3/40/012/26/012063,40,Séquence de messages supplémentaires d’observation par satellites,340012,,,012063,Température de luminance,,,,Operational
bufr4/3/40/013/1/001007,40,Séquence de messages supplémentaires d’observation par satellites,340013,(Données de niveau L2b de l’instrument laser à effet Doppler pour l’étude de l’atmosphère (ALADIN)),,001007,Indicateur d’identification du satellite,,,,Operational
bufr4/3/40/013/2/002019,40,Séquence de messages supplémentaires d’observation par satellites,340013,(Données de niveau L2b de l’instrument laser à effet Doppler pour l’étude de l’atmosphère (ALADIN)),,002019,Instruments satellitaires,,,,Operational
bufr4/3/40/013/3/001033,40,Séquence de messages supplémentaires d’observation par satellites,340013,(Données de niveau L2b de l’instrument laser à effet Doppler pour l’étude de l’atmosphère (ALADIN)),,001033,Identification du centre d’origine/de production,,,,Operational
bufr4/3/40/013/4/001034,40,Séquence de messages supplémentaires d’observation par satellites,340013,(Données de niveau L2b de l’instrument laser à effet Doppler pour l’étude de l’atmosphère (ALADIN)),,001034,Identification du centre secondaire d’origine/de production,,,,Operational
bufr4/3/40/013/5/004001,40,Séquence de messages supplémentaires d’observation par satellites,340013,(Données de niveau L2b de l’instrument laser à effet Doppler pour l’étude de l’atmosphère (ALADIN)),,004001,Année,,,,Operational
bufr4/3/40/013/6/004002,40,Séquence de messages supplémentaires d’observation par satellites,340013,(Données de niveau L2b de l’instrument laser à effet Doppler pour l’étude de l’atmosphère (ALADIN)),,004002,Mois,,,,Operational
bufr4/3/40/013/7/004003,40,Séquence de messages supplémentaires d’observation par satellites,340013,(Données de niveau L2b de l’instrument laser à effet Doppler pour l’étude de l’atmosphère (ALADIN)),,004003,Jour,,,,Operational
bufr4/3/40/013/8/004004,40,Séquence de messages supplémentaires d’observation par satellites,340013,(Données de niveau L2b de l’instrument laser à effet Doppler pour l’étude de l’atmosphère (ALADIN)),,004004,Heure,,,,Operational
bufr4/3/40/013/9/004005,40,Séquence de messages supplémentaires d’observation par satellites,340013,(Données de niveau L2b de l’instrument laser à effet Doppler pour l’étude de l’atmosphère (ALADIN)),,004005,Minute,,,,Operational
bufr4/3/40/013/10/004007,40,Séquence de messages supplémentaires d’observation par satellites,340013,(Données de niveau L2b de l’instrument laser à effet Doppler pour l’étude de l’atmosphère (ALADIN)),,004007,Secondes par minutes (à la microseconde près),,,,Operational
bufr4/3/40/013/11/005068,40,Séquence de messages supplémentaires d’observation par satellites,340013,(Données de niveau L2b de l’instrument laser à effet Doppler pour l’étude de l’atmosphère (ALADIN)),,005068,Numéro de profil,,,,Operational
bufr4/3/40/013/12/005070,40,Séquence de messages supplémentaires d’observation par satellites,340013,(Données de niveau L2b de l’instrument laser à effet Doppler pour l’étude de l’atmosphère (ALADIN)),,005070,Identifiant de l’observation,,,,Operational
bufr4/3/40/013/13/005069,40,Séquence de messages supplémentaires d’observation par satellites,340013,(Données de niveau L2b de l’instrument laser à effet Doppler pour l’étude de l’atmosphère (ALADIN)),,005069,Canal de réception,,,,Operational
bufr4/3/40/013/14/040036,40,Séquence de messages supplémentaires d’observation par satellites,340013,(Données de niveau L2b de l’instrument laser à effet Doppler pour l’étude de l’atmosphère (ALADIN)),,040036,Type de classification des produits Lidar de niveau L2b,,,,Operational
bufr4/3/40/013/15/008091,40,Séquence de messages supplémentaires d’observation par satellites,340013,(Données de niveau L2b de l’instrument laser à effet Doppler pour l’étude de l’atmosphère (ALADIN)),,008091,Caractéristique des coordonnées,= 2 Début de l’observation,,,Operational
bufr4/3/40/013/16/005001,40,Séquence de messages supplémentaires d’observation par satellites,340013,(Données de niveau L2b de l’instrument laser à effet Doppler pour l’étude de l’atmosphère (ALADIN)),,005001,Latitude (précision élevée),,,,Operational
bufr4/3/40/013/17/006001,40,Séquence de messages supplémentaires d’observation par satellites,340013,(Données de niveau L2b de l’instrument laser à effet Doppler pour l’étude de l’atmosphère (ALADIN)),,006001,Longitude (précision élevée),,,,Operational
bufr4/3/40/013/18/004016,40,Séquence de messages supplémentaires d’observation par satellites,340013,(Données de niveau L2b de l’instrument laser à effet Doppler pour l’étude de l’atmosphère (ALADIN)),,004016,Incrément temporel,,,,Operational
bufr4/3/40/013/19/008091,40,Séquence de messages supplémentaires d’observation par satellites,340013,(Données de niveau L2b de l’instrument laser à effet Doppler pour l’étude de l’atmosphère (ALADIN)),,008091,Caractéristique des coordonnées,= 3 Fin de l’observation,,,Operational
bufr4/3/40/013/20/005001,40,Séquence de messages supplémentaires d’observation par satellites,340013,(Données de niveau L2b de l’instrument laser à effet Doppler pour l’étude de l’atmosphère (ALADIN)),,005001,Latitude (précision élevée),,,,Operational
bufr4/3/40/013/21/006001,40,Séquence de messages supplémentaires d’observation par satellites,340013,(Données de niveau L2b de l’instrument laser à effet Doppler pour l’étude de l’atmosphère (ALADIN)),,006001,Longitude (précision élevée),,,,Operational
bufr4/3/40/013/22/004016,40,Séquence de messages supplémentaires d’observation par satellites,340013,(Données de niveau L2b de l’instrument laser à effet Doppler pour l’étude de l’atmosphère (ALADIN)),,004016,Incrément temporel,,,,Operational
bufr4/3/40/013/23/008091,40,Séquence de messages supplémentaires d’observation par satellites,340013,(Données de niveau L2b de l’instrument laser à effet Doppler pour l’étude de l’atmosphère (ALADIN)),,008091,Caractéristique des coordonnées,= 4 Centre de gravité de l’observation sur l’axe horizontal,,,Operational
bufr4/3/40/013/24/005001,40,Séquence de messages supplémentaires d’observation par satellites,340013,(Données de niveau L2b de l’instrument laser à effet Doppler pour l’étude de l’atmosphère (ALADIN)),,005001,Latitude (précision élevée),,,,Operational
bufr4/3/40/013/25/006001,40,Séquence de messages supplémentaires d’observation par satellites,340013,(Données de niveau L2b de l’instrument laser à effet Doppler pour l’étude de l’atmosphère (ALADIN)),,006001,Longitude (précision élevée),,,,Operational
bufr4/3/40/013/26/004016,40,Séquence de messages supplémentaires d’observation par satellites,340013,(Données de niveau L2b de l’instrument laser à effet Doppler pour l’étude de l’atmosphère (ALADIN)),,004016,Incrément temporel,,,,Operational
bufr4/3/40/013/27/008091,40,Séquence de messages supplémentaires d’observation par satellites,340013,(Données de niveau L2b de l’instrument laser à effet Doppler pour l’étude de l’atmosphère (ALADIN)),,008091,Caractéristique des coordonnées,= 6 Sommet de l’observation,,,Operational
bufr4/3/40/013/28/007071,40,Séquence de messages supplémentaires d’observation par satellites,340013,(Données de niveau L2b de l’instrument laser à effet Doppler pour l’étude de l’atmosphère (ALADIN)),,007071,Hauteur (haute résolution) I. 2 – Table D/40 BUFR — 19,(à suivre),,,Operational
bufr4/3/40/013/29/005021,40,Séquence de messages supplémentaires d’observation par satellites,340013,,,005021,Direction ou azimut,,,,Operational
bufr4/3/40/013/30/007021,40,Séquence de messages supplémentaires d’observation par satellites,340013,,,007021,Hauteur,,,,Operational
bufr4/3/40/013/31/040035,40,Séquence de messages supplémentaires d’observation par satellites,340013,,,040035,Distance du satellite,,,,Operational
bufr4/3/40/013/32/008091,40,Séquence de messages supplémentaires d’observation par satellites,340013,,,008091,Caractéristique des coordonnées,= 7 Base de l’observation,,,Operational
bufr4/3/40/013/33/007071,40,Séquence de messages supplémentaires d’observation par satellites,340013,,,007071,Hauteur (haute résolution),,,,Operational
bufr4/3/40/013/34/005021,40,Séquence de messages supplémentaires d’observation par satellites,340013,,,005021,Direction ou azimut,,,,Operational
bufr4/3/40/013/35/007021,40,Séquence de messages supplémentaires d’observation par satellites,340013,,,007021,Hauteur,,,,Operational
bufr4/3/40/013/36/040035,40,Séquence de messages supplémentaires d’observation par satellites,340013,,,040035,Distance du satellite,,,,Operational
bufr4/3/40/013/37/008091,40,Séquence de messages supplémentaires d’observation par satellites,340013,,,008091,Caractéristique des coordonnées,= 5 Centre de gravité de l’observation sur l’axe vertical,,,Operational
bufr4/3/40/013/38/007071,40,Séquence de messages supplémentaires d’observation par satellites,340013,,,007071,Hauteur (haute résolution),,,,Operational
bufr4/3/40/013/39/005021,40,Séquence de messages supplémentaires d’observation par satellites,340013,,,005021,Direction ou azimut,,,,Operational
bufr4/3/40/013/40/007021,40,Séquence de messages supplémentaires d’observation par satellites,340013,,,007021,Hauteur,,,,Operational
bufr4/3/40/013/41/040035,40,Séquence de messages supplémentaires d’observation par satellites,340013,,,040035,Distance du satellite,,,,Operational
bufr4/3/40/013/42/040029,40,Séquence de messages supplémentaires d’observation par satellites,340013,,,040029,Longueur d’intégration horizontale des observations,,,,Operational
bufr4/3/40/013/43/040030,40,Séquence de messages supplémentaires d’observation par satellites,340013,,,040030,Vent horizontal dans l’axe de visée,,,,Operational
bufr4/3/40/013/44/040031,40,Séquence de messages supplémentaires d’observation par satellites,340013,,,040031,Estimation des erreurs relatives au vent horizontal dans l’axe de visée,,,,Operational
bufr4/3/40/013/45/025187,40,Séquence de messages supplémentaires d’observation par satellites,340013,,,025187,Indicateur de confiance,,,,Operational
bufr4/3/40/013/46/010004,40,Séquence de messages supplémentaires d’observation par satellites,340013,,,010004,Pression,,,,Operational
bufr4/3/40/013/47/012001,40,Séquence de messages supplémentaires d’observation par satellites,340013,,,012001,Température/température de l’air,,,,Operational
bufr4/3/40/013/48/040037,40,Séquence de messages supplémentaires d’observation par satellites,340013,,,040037,Coefficient de rétrodiffusion,,,,Operational
bufr4/3/40/013/49/040032,40,Séquence de messages supplémentaires d’observation par satellites,340013,,,040032,Dérivée du vent par rapport à la pression,,,,Operational
bufr4/3/40/013/50/040033,40,Séquence de messages supplémentaires d’observation par satellites,340013,,,040033,Dérivée du vent par rapport à la température,,,,Operational
bufr4/3/40/013/51/040034,40,Séquence de messages supplémentaires d’observation par satellites,340013,,,040034,Dérivée du vent par rapport au coefficient de rétrodiffusion,,,,Operational
bufr4/3/40/015/1/001007,40,Séquence de messages supplémentaires d’observation par satellites,340015,(Données sur les précipitations – mesure des précipitations à l’échelle du globe (GPM)),,001007,Indicateur d’identification du satellite,,,,Operational
bufr4/3/40/015/2/002019,40,Séquence de messages supplémentaires d’observation par satellites,340015,(Données sur les précipitations – mesure des précipitations à l’échelle du globe (GPM)),,002019,Instruments satellitaires,,,,Operational
bufr4/3/40/015/3/301011,40,Séquence de messages supplémentaires d’observation par satellites,340015,(Données sur les précipitations – mesure des précipitations à l’échelle du globe (GPM)),,301011,"Année, mois, jour",,,,Operational
bufr4/3/40/015/4/301012,40,Séquence de messages supplémentaires d’observation par satellites,340015,(Données sur les précipitations – mesure des précipitations à l’échelle du globe (GPM)),,301012,"Heure, minute",,,,Operational
bufr4/3/40/015/5/004007,40,Séquence de messages supplémentaires d’observation par satellites,340015,(Données sur les précipitations – mesure des précipitations à l’échelle du globe (GPM)),,004007,Secondes par minute (à la microseconde près),,,,Operational
bufr4/3/40/015/6/201133,40,Séquence de messages supplémentaires d’observation par satellites,340015,(Données sur les précipitations – mesure des précipitations à l’échelle du globe (GPM)),,201133,Changer le champ de données,Augmenter le champ de données,,,Operational
bufr4/3/40/015/7/005041,40,Séquence de messages supplémentaires d’observation par satellites,340015,(Données sur les précipitations – mesure des précipitations à l’échelle du globe (GPM)),,005041,Numéro de la ligne de balayage,,,,Operational
bufr4/3/40/015/8/201000,40,Séquence de messages supplémentaires d’observation par satellites,340015,(Données sur les précipitations – mesure des précipitations à l’échelle du globe (GPM)),,201000,Changer le champ de données,Annuler l’augmentation du champ de données (à suivre),,,Operational
