Id,Category,CategoryOfSequences_fr,FXY1,Title_fr,SubTitle_fr,FXY2,ElementName_fr,ElementDescription_fr,Note_fr,noteIDs,Status
bufr4/3/02/001/1/010004,02,Séquences météorologiques communes aux données de surface,302001,Pression Pression au niveau de la station,,010004,Pression Pression au niveau de la station,,,,Operational
bufr4/3/02/001/2/010051,02,Séquences météorologiques communes aux données de surface,302001,Pression Pression au niveau de la station,,010051,Pression ramenée au niveau moyen de la mer,,,,Operational
bufr4/3/02/001/3/010061,02,Séquences météorologiques communes aux données de surface,302001,Pression Pression au niveau de la station,,010061,Variation de pression en 3 heures,,,,Operational
bufr4/3/02/001/4/010063,02,Séquences météorologiques communes aux données de surface,302001,Pression Pression au niveau de la station,,010063,Caractéristique de la tendance barométrique (Station à haute altitude),,,,Operational
bufr4/3/02/002/1/010004,02,Séquences météorologiques communes aux données de surface,302002,Pression Pression au niveau de la station,,010004,Pression Pression au niveau de la station,,,,Operational
bufr4/3/02/002/2/007004,02,Séquences météorologiques communes aux données de surface,302002,Pression Pression au niveau de la station,,007004,Pression Niveau barique,,,,Operational
bufr4/3/02/002/3/010003,02,Séquences météorologiques communes aux données de surface,302002,Pression Pression au niveau de la station,,010003,Géopotentiel Niveau barique,,,,Operational
bufr4/3/02/002/4/010061,02,Séquences météorologiques communes aux données de surface,302002,Pression Pression au niveau de la station,,010061,Variation de pression en 3 heures,,,,Operational
bufr4/3/02/002/5/010063,02,Séquences météorologiques communes aux données de surface,302002,Pression Pression au niveau de la station,,010063,"Caractéristique de la tendance barométrique (Vent, température, humidité, visibilité, temps)",,,,Operational
bufr4/3/02/003/1/011011,02,Séquences météorologiques communes aux données de surface,302003,Direction du vent à 10 m,,011011,Direction du vent à 10 m,,,,Operational
bufr4/3/02/003/2/011012,02,Séquences météorologiques communes aux données de surface,302003,Direction du vent à 10 m,,011012,Vitesse du vent à 10 m,,,,Operational
bufr4/3/02/003/3/012004,02,Séquences météorologiques communes aux données de surface,302003,Direction du vent à 10 m,,012004,Température de l’air à 2 m,,,,Operational
bufr4/3/02/003/4/012006,02,Séquences météorologiques communes aux données de surface,302003,Direction du vent à 10 m,,012006,Température du point de rosée à 2 m,,,,Operational
bufr4/3/02/003/5/013003,02,Séquences météorologiques communes aux données de surface,302003,Direction du vent à 10 m,,013003,Humidité relative,,,,Operational
bufr4/3/02/003/6/020001,02,Séquences météorologiques communes aux données de surface,302003,Direction du vent à 10 m,,020001,Visibilité horizontale,,,,Operational
bufr4/3/02/003/7/020003,02,Séquences météorologiques communes aux données de surface,302003,Direction du vent à 10 m,,020003,Temps présent,,,,Operational
bufr4/3/02/003/8/020004,02,Séquences météorologiques communes aux données de surface,302003,Direction du vent à 10 m,,020004,Temps passé (1),,,,Operational
bufr4/3/02/003/9/020005,02,Séquences météorologiques communes aux données de surface,302003,Direction du vent à 10 m,,020005,Temps passé (2) (Information générale sur les nuages),,,,Operational
bufr4/3/02/004/1/020010,02,Séquences météorologiques communes aux données de surface,302004,Nébulosité (totale),,020010,Nébulosité (totale),,,,Operational
bufr4/3/02/004/2/008002,02,Séquences météorologiques communes aux données de surface,302004,Nébulosité (totale),,008002,Caractéristique verticale (observations en surface),,,,Operational
bufr4/3/02/004/3/020011,02,Séquences météorologiques communes aux données de surface,302004,Nébulosité (totale),,020011,Nébulosité,,,,Operational
bufr4/3/02/004/4/020013,02,Séquences météorologiques communes aux données de surface,302004,Nébulosité (totale),,020013,Hauteur de la base des nuages,,,,Operational
bufr4/3/02/004/5/020012,02,Séquences météorologiques communes aux données de surface,302004,Nébulosité (totale),,020012,Type de nuage,,,,Operational
bufr4/3/02/004/6/020012,02,Séquences météorologiques communes aux données de surface,302004,Nébulosité (totale),,020012,Type de nuage,,,,Operational
bufr4/3/02/004/7/020012,02,Séquences météorologiques communes aux données de surface,302004,Nébulosité (totale),,020012,Type de nuage (Couche nuageuse),,,,Operational
bufr4/3/02/005/1/008002,02,Séquences météorologiques communes aux données de surface,302005,Caractéristique verticale (observations en surface),,008002,Caractéristique verticale (observations en surface),,,,Operational
bufr4/3/02/005/2/020011,02,Séquences météorologiques communes aux données de surface,302005,Caractéristique verticale (observations en surface),,020011,Nébulosité,,,,Operational
bufr4/3/02/005/3/020012,02,Séquences météorologiques communes aux données de surface,302005,Caractéristique verticale (observations en surface),,020012,Type de nuage,,,,Operational
bufr4/3/02/005/4/020013,02,Séquences météorologiques communes aux données de surface,302005,Caractéristique verticale (observations en surface),,020013,Hauteur de la base des nuages (Pression et variation de pression en 24 heures),,,,Operational
bufr4/3/02/006/1/010004,02,Séquences météorologiques communes aux données de surface,302006,Pression Pression au niveau de la station,,010004,Pression Pression au niveau de la station,,,,Operational
bufr4/3/02/006/2/010051,02,Séquences météorologiques communes aux données de surface,302006,Pression Pression au niveau de la station,,010051,Pression ramenée au niveau moyen de la mer,,,,Operational
bufr4/3/02/006/3/010062,02,Séquences météorologiques communes aux données de surface,302006,Pression Pression au niveau de la station,,010062,Variation de pression en 24 heures,,,,Operational
bufr4/3/02/006/4/010063,02,Séquences météorologiques communes aux données de surface,302006,Pression Pression au niveau de la station,,010063,Caractéristique de la tendance barométrique I. 2 – Table D/02 BUFR —,(à suivre) 1,,,Operational
bufr4/3/02/011/1/302001,02,Séquences météorologiques communes aux données de surface,302011,Pression et variation de pression en 3 heures,,302001,Pression et variation de pression en 3 heures,,,,Operational
bufr4/3/02/011/2/302003,02,Séquences météorologiques communes aux données de surface,302011,Pression et variation de pression en 3 heures,,302003,"Vent, température, humidité, visibilité, temps",,,,Operational
bufr4/3/02/011/3/302004,02,Séquences météorologiques communes aux données de surface,302011,Pression et variation de pression en 3 heures,,302004,Information générale sur les nuages Couche signifi-cative de nuages (Station à haute altitude),,,,Operational
bufr4/3/02/012/1/302002,02,Séquences météorologiques communes aux données de surface,302012,Station à haute altitude Pression et varia-tion de pression,,302002,Station à haute altitude Pression et varia-tion de pression,,,,Operational
bufr4/3/02/012/2/302003,02,Séquences météorologiques communes aux données de surface,302012,Station à haute altitude Pression et varia-tion de pression,,302003,"Vent, température, humidité, visibilité, temps",,,,Operational
bufr4/3/02/012/3/302004,02,Séquences météorologiques communes aux données de surface,302012,Station à haute altitude Pression et varia-tion de pression,,302004,Information générale sur les nuages Couche signifi-cative de nuages (Message d’observation en surface de base),,,,Operational
bufr4/3/02/013/1/302006,02,Séquences météorologiques communes aux données de surface,302013,Pression et variation de pression en 24 heures,,302006,Pression et variation de pression en 24 heures,,,,Operational
bufr4/3/02/013/2/302003,02,Séquences météorologiques communes aux données de surface,302013,Pression et variation de pression en 24 heures,,302003,"Vent, température, humidité, visibilité, temps",,,,Operational
bufr4/3/02/013/3/101000,02,Séquences météorologiques communes aux données de surface,302013,Pression et variation de pression en 24 heures,,101000,Répétition différée de 1 descripteur,,,,Operational
bufr4/3/02/013/4/031001,02,Séquences météorologiques communes aux données de surface,302013,Pression et variation de pression en 24 heures,,031001,Facteur de répétition différée du descripteur,,,,Operational
bufr4/3/02/013/5/302005,02,Séquences météorologiques communes aux données de surface,302013,Pression et variation de pression en 24 heures,,302005,Couche nuageuse (Vagues),,,,Operational
bufr4/3/02/021/1/022001,02,Séquences météorologiques communes aux données de surface,302021,Direction des vagues,,022001,Direction des vagues,,,,Operational
bufr4/3/02/021/2/022011,02,Séquences météorologiques communes aux données de surface,302021,Direction des vagues,,022011,Période des vagues,,,,Operational
bufr4/3/02/021/3/022021,02,Séquences météorologiques communes aux données de surface,302021,Direction des vagues,,022021,Hauteur des vagues (Vagues de la mer du vent),,,,Operational
bufr4/3/02/022/1/022002,02,Séquences météorologiques communes aux données de surface,302022,Direction des vagues de la mer du vent,,022002,Direction des vagues de la mer du vent,,,,Operational
bufr4/3/02/022/2/022012,02,Séquences météorologiques communes aux données de surface,302022,Direction des vagues de la mer du vent,,022012,Période des vagues de la mer du vent,,,,Operational
bufr4/3/02/022/3/022022,02,Séquences météorologiques communes aux données de surface,302022,Direction des vagues de la mer du vent,,022022,Hauteur des vagues de la mer du vent (Vagues de la houle),,,,Operational
bufr4/3/02/023/1/022003,02,Séquences météorologiques communes aux données de surface,302023,Direction des vagues de la houle,,022003,Direction des vagues de la houle,,,,Operational
bufr4/3/02/023/2/022013,02,Séquences météorologiques communes aux données de surface,302023,Direction des vagues de la houle,,022013,Période des vagues de la houle,,,,Operational
bufr4/3/02/023/3/022023,02,Séquences météorologiques communes aux données de surface,302023,Direction des vagues de la houle,,022023,Hauteur des vagues de la houle (Vagues de la mer du vent et de la houle),,,,Operational
bufr4/3/02/024/1/302022,02,Séquences météorologiques communes aux données de surface,302024,Vagues de la mer du vent,,302022,Vagues de la mer du vent,,,,Operational
bufr4/3/02/024/2/101002,02,Séquences météorologiques communes aux données de surface,302024,Vagues de la mer du vent,,101002,Répéter 1 descripteur 2 fois,,,,Operational
bufr4/3/02/024/3/302023,02,Séquences météorologiques communes aux données de surface,302024,Vagues de la mer du vent,,302023,Vagues de la houle 2 systèmes de houle (Information sur la pression),,,,Operational
bufr4/3/02/031/1/302001,02,Séquences météorologiques communes aux données de surface,302031,Pression et variation de pression en 3 heures,,302001,Pression et variation de pression en 3 heures,,,,Operational
bufr4/3/02/031/2/010062,02,Séquences météorologiques communes aux données de surface,302031,Pression et variation de pression en 3 heures,,010062,Variation de pression en 24 heures,,,,Operational
bufr4/3/02/031/3/007004,02,Séquences météorologiques communes aux données de surface,302031,Pression et variation de pression en 3 heures,,007004,Pression Pression isobare standard,,,,Operational
bufr4/3/02/031/4/010009,02,Séquences météorologiques communes aux données de surface,302031,Pression et variation de pression en 3 heures,,010009,Hauteur géopotentielle (Données sur la température et l’humidité),,,,Operational
bufr4/3/02/032/1/007032,02,Séquences météorologiques communes aux données de surface,302032,Hauteur du capteur au-dessus du sol Mesure de la (ou du pont sur une plate-forme marine) température et de l’humidité,,007032,Hauteur du capteur au-dessus du sol Mesure de la (ou du pont sur une plate-forme marine) température et de l’humidité,,,,Operational
bufr4/3/02/032/2/012101,02,Séquences météorologiques communes aux données de surface,302032,Hauteur du capteur au-dessus du sol Mesure de la (ou du pont sur une plate-forme marine) température et de l’humidité,,012101,Température/température de l’air Échelle: 2,,,,Operational
bufr4/3/02/032/3/012103,02,Séquences météorologiques communes aux données de surface,302032,Hauteur du capteur au-dessus du sol Mesure de la (ou du pont sur une plate-forme marine) température et de l’humidité,,012103,Point de rosée Échelle: 2,,,,Operational
bufr4/3/02/032/4/013003,02,Séquences météorologiques communes aux données de surface,302032,Hauteur du capteur au-dessus du sol Mesure de la (ou du pont sur une plate-forme marine) température et de l’humidité,,013003,Humidité relative,(à suivre),,,Operational
bufr4/3/02/033/1/007032,02,Séquences météorologiques communes aux données de surface,302033,Hauteur du capteur au-dessus du sol Mesure de la (ou du pont sur une plate-forme marine) visibilité,,007032,Hauteur du capteur au-dessus du sol Mesure de la (ou du pont sur une plate-forme marine) visibilité,,,,Operational
bufr4/3/02/033/2/020001,02,Séquences météorologiques communes aux données de surface,302033,Hauteur du capteur au-dessus du sol Mesure de la (ou du pont sur une plate-forme marine) visibilité,,020001,Visibilité horizontale (Précipitations sur les 24 heures écoulées),,,,Operational
bufr4/3/02/034/1/007032,02,Séquences météorologiques communes aux données de surface,302034,Hauteur du capteur au-dessus du sol Mesure des (ou du pont sur une plate-forme marine) précipitations,,007032,Hauteur du capteur au-dessus du sol Mesure des (ou du pont sur une plate-forme marine) précipitations,,,,Operational
bufr4/3/02/034/2/013023,02,Séquences météorologiques communes aux données de surface,302034,Hauteur du capteur au-dessus du sol Mesure des (ou du pont sur une plate-forme marine) précipitations,,013023,Quantité totale de précipitations au cours des 24 heures précédentes (Données synoptiques de base «instantanées»),,,,Operational
bufr4/3/02/035/1/302032,02,Séquences météorologiques communes aux données de surface,302035,Données sur la température et l’humidité,,302032,Données sur la température et l’humidité,,,,Operational
bufr4/3/02/035/2/302033,02,Séquences météorologiques communes aux données de surface,302035,Données sur la température et l’humidité,,302033,Données sur la visibilité,,,,Operational
bufr4/3/02/035/3/302034,02,Séquences météorologiques communes aux données de surface,302035,Données sur la température et l’humidité,,302034,Précipitations sur les 24 heures écoulées,,,,Operational
bufr4/3/02/035/4/007032,02,Séquences météorologiques communes aux données de surface,302035,Données sur la température et l’humidité,,007032,Hauteur du capteur au-dessus du sol Mis à valeur (ou du pont sur une plate-forme marine) manquante (annuler),,,,Operational
bufr4/3/02/035/5/302004,02,Séquences météorologiques communes aux données de surface,302035,Données sur la température et l’humidité,,302004,Information générale sur les nuages,,,,Operational
bufr4/3/02/035/6/101000,02,Séquences météorologiques communes aux données de surface,302035,Données sur la température et l’humidité,,101000,Répétition différée de 1 descripteur,,,,Operational
bufr4/3/02/035/7/031001,02,Séquences météorologiques communes aux données de surface,302035,Données sur la température et l’humidité,,031001,Facteur de répétition différée du descripteur,,,,Operational
bufr4/3/02/035/8/302005,02,Séquences météorologiques communes aux données de surface,302035,Données sur la température et l’humidité,,302005,Couche nuageuse Couche ou masse de nuages unique (Nuages dont la base se situe sous le niveau de la station),,,,Operational
bufr4/3/02/036/1/105000,02,Séquences météorologiques communes aux données de surface,302036,Répétition différée de 5 descripteurs,,105000,Répétition différée de 5 descripteurs,,,,Operational
bufr4/3/02/036/2/031001,02,Séquences météorologiques communes aux données de surface,302036,Répétition différée de 5 descripteurs,,031001,Facteur de répétition différée du descripteur,,,,Operational
bufr4/3/02/036/3/008002,02,Séquences météorologiques communes aux données de surface,302036,Répétition différée de 5 descripteurs,,008002,Caractéristique verticale (observations en surface),,,,Operational
bufr4/3/02/036/4/020011,02,Séquences météorologiques communes aux données de surface,302036,Répétition différée de 5 descripteurs,,020011,Nébulosité,,,,Operational
bufr4/3/02/036/5/020012,02,Séquences météorologiques communes aux données de surface,302036,Répétition différée de 5 descripteurs,,020012,Type de nuage,,,,Operational
bufr4/3/02/036/6/020014,02,Séquences météorologiques communes aux données de surface,302036,Répétition différée de 5 descripteurs,,020014,Hauteur du sommet des nuages,,,,Operational
bufr4/3/02/036/7/020017,02,Séquences météorologiques communes aux données de surface,302036,Répétition différée de 5 descripteurs,,020017,"Description du sommet des nuages (État du sol, hauteur de neige, température minimale au sol)",,,,Operational
bufr4/3/02/037/1/020062,02,Séquences météorologiques communes aux données de surface,302037,État du sol (recouvert ou non d’une couche de neige),,020062,État du sol (recouvert ou non d’une couche de neige),,,,Operational
bufr4/3/02/037/2/013013,02,Séquences météorologiques communes aux données de surface,302037,État du sol (recouvert ou non d’une couche de neige),,013013,Hauteur totale de la couche de neige,,,,Operational
bufr4/3/02/037/3/012113,02,Séquences météorologiques communes aux données de surface,302037,État du sol (recouvert ou non d’une couche de neige),,012113,"Température minimale au sol, au cours des Échelle: 2 12 heures précédentes (Temps présent et temps passé)",,,,Operational
bufr4/3/02/038/1/020003,02,Séquences météorologiques communes aux données de surface,302038,Temps présent,,020003,Temps présent,,,,Operational
bufr4/3/02/038/2/004024,02,Séquences météorologiques communes aux données de surface,302038,Temps présent,,004024,Période ou décalage dans le temps Heures,,,,Operational
bufr4/3/02/038/3/020004,02,Séquences météorologiques communes aux données de surface,302038,Temps présent,,020004,Temps passé (1),,,,Operational
bufr4/3/02/038/4/020005,02,Séquences météorologiques communes aux données de surface,302038,Temps présent,,020005,Temps passé (2) (Données sur l’insolation (sur une période d’une heure et de 24 heures)),,,,Operational
bufr4/3/02/039/1/004024,02,Séquences météorologiques communes aux données de surface,302039,Période ou décalage dans le temps Heures,,004024,Période ou décalage dans le temps Heures,,,,Operational
bufr4/3/02/039/2/014031,02,Séquences météorologiques communes aux données de surface,302039,Période ou décalage dans le temps Heures,,014031,Insolation totale I. 2 – Table D/02 BUFR —,(à suivre) 3,,,Operational
bufr4/3/02/040/1/007032,02,Séquences météorologiques communes aux données de surface,302040,Hauteur du capteur au-dessus du sol Mesure des (ou du pont sur une plate-forme marine) précipitations,,007032,Hauteur du capteur au-dessus du sol Mesure des (ou du pont sur une plate-forme marine) précipitations,,,,Operational
bufr4/3/02/040/2/102002,02,Séquences météorologiques communes aux données de surface,302040,Hauteur du capteur au-dessus du sol Mesure des (ou du pont sur une plate-forme marine) précipitations,,102002,Répéter 2 descripteurs 2 fois,,,,Operational
bufr4/3/02/040/3/004024,02,Séquences météorologiques communes aux données de surface,302040,Hauteur du capteur au-dessus du sol Mesure des (ou du pont sur une plate-forme marine) précipitations,,004024,Période ou décalage dans le temps Heures,,,,Operational
bufr4/3/02/040/4/013011,02,Séquences météorologiques communes aux données de surface,302040,Hauteur du capteur au-dessus du sol Mesure des (ou du pont sur une plate-forme marine) précipitations,,013011,Précipitations totales/valeur totale de l’équivalent en eau (Données sur les températures extrêmes),,,,Operational
bufr4/3/02/041/1/007032,02,Séquences météorologiques communes aux données de surface,302041,Hauteur du capteur au-dessus du sol Mesure de la (ou du pont sur une plate-forme marine) température,,007032,Hauteur du capteur au-dessus du sol Mesure de la (ou du pont sur une plate-forme marine) température,,,,Operational
bufr4/3/02/041/2/004024,02,Séquences météorologiques communes aux données de surface,302041,Hauteur du capteur au-dessus du sol Mesure de la (ou du pont sur une plate-forme marine) température,,004024,Période ou décalage dans le temps,,,,Operational
bufr4/3/02/041/3/004024,02,Séquences météorologiques communes aux données de surface,302041,Hauteur du capteur au-dessus du sol Mesure de la (ou du pont sur une plate-forme marine) température,,004024,Période ou décalage dans le temps (voir notes 1 et 2),,,,Operational
bufr4/3/02/041/4/012111,02,Séquences météorologiques communes aux données de surface,302041,Hauteur du capteur au-dessus du sol Mesure de la (ou du pont sur une plate-forme marine) température,,012111,"Température maximale, à une hauteur et Échelle: 2 sur une période déterminées",,,,Operational
bufr4/3/02/041/5/004024,02,Séquences météorologiques communes aux données de surface,302041,Hauteur du capteur au-dessus du sol Mesure de la (ou du pont sur une plate-forme marine) température,,004024,Période ou décalage dans le temps,,,,Operational
bufr4/3/02/041/6/004024,02,Séquences météorologiques communes aux données de surface,302041,Hauteur du capteur au-dessus du sol Mesure de la (ou du pont sur une plate-forme marine) température,,004024,Période ou décalage dans le temps (voir note 2),,,,Operational
bufr4/3/02/041/7/012112,02,Séquences météorologiques communes aux données de surface,302041,Hauteur du capteur au-dessus du sol Mesure de la (ou du pont sur une plate-forme marine) température,,012112,"Température minimale, à une hauteur et Échelle: 2 sur une période déterminées (Données sur le vent)",,,,Operational
bufr4/3/02/042/1/007032,02,Séquences météorologiques communes aux données de surface,302042,Hauteur du capteur au-dessus du sol Mesure du vent (ou du pont sur une plate-forme marine),,007032,Hauteur du capteur au-dessus du sol Mesure du vent (ou du pont sur une plate-forme marine),,,,Operational
bufr4/3/02/042/2/002002,02,Séquences météorologiques communes aux données de surface,302042,Hauteur du capteur au-dessus du sol Mesure du vent (ou du pont sur une plate-forme marine),,002002,Type d’instrument pour la mesure du vent,,,,Operational
bufr4/3/02/042/3/008021,02,Séquences météorologiques communes aux données de surface,302042,Hauteur du capteur au-dessus du sol Mesure du vent (ou du pont sur une plate-forme marine),,008021,Caractéristique temporelle = 2 Moyenne sur une certaine période,,,,Operational
bufr4/3/02/042/4/004025,02,Séquences météorologiques communes aux données de surface,302042,Hauteur du capteur au-dessus du sol Mesure du vent (ou du pont sur une plate-forme marine),,004025,Période ou décalage dans le temps =–10 minutes ou nombre de minutes après un change-ment significatif du vent,,,,Operational
bufr4/3/02/042/5/011001,02,Séquences météorologiques communes aux données de surface,302042,Hauteur du capteur au-dessus du sol Mesure du vent (ou du pont sur une plate-forme marine),,011001,Direction du vent,,,,Operational
bufr4/3/02/042/6/011002,02,Séquences météorologiques communes aux données de surface,302042,Hauteur du capteur au-dessus du sol Mesure du vent (ou du pont sur une plate-forme marine),,011002,Vitesse du vent,,,,Operational
bufr4/3/02/042/7/008021,02,Séquences météorologiques communes aux données de surface,302042,Hauteur du capteur au-dessus du sol Mesure du vent (ou du pont sur une plate-forme marine),,008021,Caractéristique temporelle Mis à valeur manquante,,,,Operational
bufr4/3/02/042/8/103002,02,Séquences météorologiques communes aux données de surface,302042,Hauteur du capteur au-dessus du sol Mesure du vent (ou du pont sur une plate-forme marine),,103002,Répéter 3 descripteurs 2 fois,,,,Operational
bufr4/3/02/042/9/004025,02,Séquences météorologiques communes aux données de surface,302042,Hauteur du capteur au-dessus du sol Mesure du vent (ou du pont sur une plate-forme marine),,004025,Période ou décalage dans le temps Minutes,,,,Operational
bufr4/3/02/042/10/011043,02,Séquences météorologiques communes aux données de surface,302042,Hauteur du capteur au-dessus du sol Mesure du vent (ou du pont sur une plate-forme marine),,011043,Direction de la rafale maximale,,,,Operational
bufr4/3/02/042/11/011041,02,Séquences météorologiques communes aux données de surface,302042,Hauteur du capteur au-dessus du sol Mesure du vent (ou du pont sur une plate-forme marine),,011041,Vitesse de la rafale maximale (Données synoptiques de base «pour la période»),,,,Operational
bufr4/3/02/043/1/302038,02,Séquences météorologiques communes aux données de surface,302043,Temps présent et temps passé,,302038,Temps présent et temps passé,,,,Operational
bufr4/3/02/043/2/101002,02,Séquences météorologiques communes aux données de surface,302043,Temps présent et temps passé,,101002,Répéter 1 descripteur 2 fois,,,,Operational
bufr4/3/02/043/3/302039,02,Séquences météorologiques communes aux données de surface,302043,Temps présent et temps passé,,302039,Données sur l’insolation (sur une période d’une heure et de 24 heures),,,,Operational
bufr4/3/02/043/4/302040,02,Séquences météorologiques communes aux données de surface,302043,Temps présent et temps passé,,302040,Mesure des précipitations,(à suivre),,,Operational
bufr4/3/02/043/1/302041,02,Séquences météorologiques communes aux données de surface,302043,Données sur les températures extrêmes,,302041,Données sur les températures extrêmes,,,,Operational
bufr4/3/02/043/2/302042,02,Séquences météorologiques communes aux données de surface,302043,Données sur les températures extrêmes,,302042,Données sur le vent,,,,Operational
bufr4/3/02/043/3/007032,02,Séquences météorologiques communes aux données de surface,302043,Données sur les températures extrêmes,,007032,Hauteur du capteur au-dessus du sol Mis à valeur (ou du pont sur une plate-forme marine) manquante (annuler) (Données sur l’évaporation),,,,Operational
bufr4/3/02/044/1/004024,02,Séquences météorologiques communes aux données de surface,302044,Période ou décalage dans le temps Heures,,004024,Période ou décalage dans le temps Heures,,,,Operational
bufr4/3/02/044/2/002004,02,Séquences météorologiques communes aux données de surface,302044,Période ou décalage dans le temps Heures,,002004,Type d’instrument utilisé pour la mesure de l’évaporation ou type de culture pour lequel est indiquée l’évapotranspiration,,,,Operational
bufr4/3/02/044/3/013033,02,Séquences météorologiques communes aux données de surface,302044,Période ou décalage dans le temps Heures,,013033,Évaporation/évapotranspiration (Données sur le rayonnement (sur une période d’une heure et de 24 heures)),,,,Operational
bufr4/3/02/045/1/004024,02,Séquences météorologiques communes aux données de surface,302045,Période ou décalage dans le temps Heures,,004024,Période ou décalage dans le temps Heures,,,,Operational
bufr4/3/02/045/2/014002,02,Séquences météorologiques communes aux données de surface,302045,Période ou décalage dans le temps Heures,,014002,"Rayonnement de grande longueur d’onde, intégré sur une période déterminée",,,,Operational
bufr4/3/02/045/3/014004,02,Séquences météorologiques communes aux données de surface,302045,Période ou décalage dans le temps Heures,,014004,"Rayonnement de courte longueur d’onde, intégré sur une période déterminée",,,,Operational
bufr4/3/02/045/4/014016,02,Séquences météorologiques communes aux données de surface,302045,Période ou décalage dans le temps Heures,,014016,"Bilan du rayonnement, intégré sur une période déterminée",,,,Operational
bufr4/3/02/045/5/014028,02,Séquences météorologiques communes aux données de surface,302045,Période ou décalage dans le temps Heures,,014028,"Rayonnement solaire global (précision élevée), intégré sur une période déterminée",,,,Operational
bufr4/3/02/045/6/014029,02,Séquences météorologiques communes aux données de surface,302045,Période ou décalage dans le temps Heures,,014029,"Rayonnement solaire diffus (précision élevée), intégré sur une période déterminée",,,,Operational
bufr4/3/02/045/7/014030,02,Séquences météorologiques communes aux données de surface,302045,Période ou décalage dans le temps Heures,,014030,"Rayonnement solaire direct (précision élevée), intégré sur une période déterminée (Variation de température)",,,,Operational
bufr4/3/02/046/1/004024,02,Séquences météorologiques communes aux données de surface,302046,Période ou décalage dans le temps,,004024,Période ou décalage dans le temps,,,,Operational
bufr4/3/02/046/2/004024,02,Séquences météorologiques communes aux données de surface,302046,Période ou décalage dans le temps,,004024,Période ou décalage dans le temps (voir note 3),,,,Operational
bufr4/3/02/046/3/012049,02,Séquences météorologiques communes aux données de surface,302046,Période ou décalage dans le temps,,012049,Variation de température sur une période déterminée (Direction de la dérive des nuages),,,,Operational
bufr4/3/02/047/1/102003,02,Séquences météorologiques communes aux données de surface,302047,Répéter 2 descripteurs 3 fois,,102003,Répéter 2 descripteurs 3 fois,,,,Operational
bufr4/3/02/047/2/008002,02,Séquences météorologiques communes aux données de surface,302047,Répéter 2 descripteurs 3 fois,,008002,Caractéristique verticale (observations en surface),,,,Operational
bufr4/3/02/047/3/020054,02,Séquences météorologiques communes aux données de surface,302047,Répéter 2 descripteurs 3 fois,,020054,Direction vraie d’où viennent ou dans laquelle sont observés le phénomène indiqué ou les nuages (Direction et hauteur des nuages),,,,Operational
bufr4/3/02/048/1/005021,02,Séquences météorologiques communes aux données de surface,302048,Direction ou azimut,,005021,Direction ou azimut,,,,Operational
bufr4/3/02/048/2/007021,02,Séquences météorologiques communes aux données de surface,302048,Direction ou azimut,,007021,Hauteur Hauteur angulaire,,,,Operational
bufr4/3/02/048/3/020012,02,Séquences météorologiques communes aux données de surface,302048,Direction ou azimut,,020012,Type de nuage I. 2 – Table D/02 BUFR —,(à suivre) 5,,,Operational
bufr4/3/02/048/1/005021,02,Séquences météorologiques communes aux données de surface,302048,Direction ou azimut Mis à valeur manquante (annuler),,005021,Direction ou azimut Mis à valeur manquante (annuler),,,,Operational
bufr4/3/02/048/2/007021,02,Séquences météorologiques communes aux données de surface,302048,Direction ou azimut Mis à valeur manquante (annuler),,007021,Hauteur Mis à valeur manquante (annuler) (Données sur les nuages transmises avec les sondages verticaux),,,,Operational
bufr4/3/02/049/1/008002,02,Séquences météorologiques communes aux données de surface,302049,Caractéristique verticale (observations en surface),,008002,Caractéristique verticale (observations en surface),,,,Operational
bufr4/3/02/049/2/020011,02,Séquences météorologiques communes aux données de surface,302049,Caractéristique verticale (observations en surface),,020011,Nébulosité Nuages de l’étage inférieur ou moyen N,h,,,Operational
bufr4/3/02/049/3/020013,02,Séquences météorologiques communes aux données de surface,302049,Caractéristique verticale (observations en surface),,020013,Hauteur de la base des nuages h,,,,Operational
bufr4/3/02/049/4/020012,02,Séquences météorologiques communes aux données de surface,302049,Caractéristique verticale (observations en surface),,020012,Type de nuage Nuages de l’étage inférieur C,L,,,Operational
bufr4/3/02/049/5/020012,02,Séquences météorologiques communes aux données de surface,302049,Caractéristique verticale (observations en surface),,020012,Type de nuage Nuages de l’étage moyen C,M,,,Operational
bufr4/3/02/049/6/020012,02,Séquences météorologiques communes aux données de surface,302049,Caractéristique verticale (observations en surface),,020012,Type de nuage Nuages de l’étage supérieur C,H,,,Operational
bufr4/3/02/049/7/008002,02,Séquences météorologiques communes aux données de surface,302049,Caractéristique verticale (observations en surface),,008002,Caractéristique verticale (observations Mis à valeur en surface) manquante (Radiosondage — observation en surface),,,,Operational
bufr4/3/02/050/1/008041,02,Séquences météorologiques communes aux données de surface,302050,Caractéristique des données = 5 Décalage entre l’observation de surface et le point de lâcher,,008041,Caractéristique des données = 5 Décalage entre l’observation de surface et le point de lâcher,,,,Operational
bufr4/3/02/050/2/005021,02,Séquences météorologiques communes aux données de surface,302050,Caractéristique des données = 5 Décalage entre l’observation de surface et le point de lâcher,,005021,Direction ou azimut,,,,Operational
bufr4/3/02/050/3/007005,02,Séquences météorologiques communes aux données de surface,302050,Caractéristique des données = 5 Décalage entre l’observation de surface et le point de lâcher,,007005,Incrément de hauteur,,,,Operational
bufr4/3/02/050/4/202130,02,Séquences météorologiques communes aux données de surface,302050,Caractéristique des données = 5 Décalage entre l’observation de surface et le point de lâcher,,202130,Changer d’échelle,,,,Operational
bufr4/3/02/050/5/006021,02,Séquences météorologiques communes aux données de surface,302050,Caractéristique des données = 5 Décalage entre l’observation de surface et le point de lâcher,,006021,Distance,,,,Operational
bufr4/3/02/050/6/202000,02,Séquences météorologiques communes aux données de surface,302050,Caractéristique des données = 5 Décalage entre l’observation de surface et le point de lâcher,,202000,Changement d’échelle Annuler,,,,Operational
bufr4/3/02/050/7/008041,02,Séquences météorologiques communes aux données de surface,302050,Caractéristique des données = 5 Décalage entre l’observation de surface et le point de lâcher,,008041,Caractéristique des données = 4 Observation de surface,,,,Operational
bufr4/3/02/050/8/201131,02,Séquences météorologiques communes aux données de surface,302050,Caractéristique des données = 5 Décalage entre l’observation de surface et le point de lâcher,,201131,Changer le champ de données,,,,Operational
bufr4/3/02/050/9/202129,02,Séquences météorologiques communes aux données de surface,302050,Caractéristique des données = 5 Décalage entre l’observation de surface et le point de lâcher,,202129,Changer d’échelle,,,,Operational
bufr4/3/02/050/10/002115,02,Séquences météorologiques communes aux données de surface,302050,Caractéristique des données = 5 Décalage entre l’observation de surface et le point de lâcher,,002115,Type d’équipement d’observation en surface,,,,Operational
bufr4/3/02/050/11/010004,02,Séquences météorologiques communes aux données de surface,302050,Caractéristique des données = 5 Décalage entre l’observation de surface et le point de lâcher,,010004,Pression,,,,Operational
bufr4/3/02/050/12/002115,02,Séquences météorologiques communes aux données de surface,302050,Caractéristique des données = 5 Décalage entre l’observation de surface et le point de lâcher,,002115,Type d’équipement d’observation en surface,,,,Operational
bufr4/3/02/050/13/013003,02,Séquences météorologiques communes aux données de surface,302050,Caractéristique des données = 5 Décalage entre l’observation de surface et le point de lâcher,,013003,Humidité relative,,,,Operational
bufr4/3/02/050/14/202000,02,Séquences météorologiques communes aux données de surface,302050,Caractéristique des données = 5 Décalage entre l’observation de surface et le point de lâcher,,202000,Changement d’échelle Annuler,,,,Operational
bufr4/3/02/050/15/201000,02,Séquences météorologiques communes aux données de surface,302050,Caractéristique des données = 5 Décalage entre l’observation de surface et le point de lâcher,,201000,Changement du champ de données Annuler,,,,Operational
bufr4/3/02/050/16/002115,02,Séquences météorologiques communes aux données de surface,302050,Caractéristique des données = 5 Décalage entre l’observation de surface et le point de lâcher,,002115,Type d’équipement d’observation en surface,,,,Operational
bufr4/3/02/050/17/011001,02,Séquences météorologiques communes aux données de surface,302050,Caractéristique des données = 5 Décalage entre l’observation de surface et le point de lâcher,,011001,Direction du vent,,,,Operational
bufr4/3/02/050/18/011002,02,Séquences météorologiques communes aux données de surface,302050,Caractéristique des données = 5 Décalage entre l’observation de surface et le point de lâcher,,011002,Vitesse du vent,,,,Operational
bufr4/3/02/050/19/002115,02,Séquences météorologiques communes aux données de surface,302050,Caractéristique des données = 5 Décalage entre l’observation de surface et le point de lâcher,,002115,Type d’équipement d’observation en surface,,,,Operational
bufr4/3/02/050/20/102002,02,Séquences météorologiques communes aux données de surface,302050,Caractéristique des données = 5 Décalage entre l’observation de surface et le point de lâcher,,102002,Répéter 2 descripteurs 2 fois,,,,Operational
bufr4/3/02/050/21/012101,02,Séquences météorologiques communes aux données de surface,302050,Caractéristique des données = 5 Décalage entre l’observation de surface et le point de lâcher,,012101,Température/température de l’air,(à suivre),,,Operational
bufr4/3/02/050/1/004024,02,Séquences météorologiques communes aux données de surface,302050,Période ou décalage dans le temps Heures,,004024,Période ou décalage dans le temps Heures,,,,Operational
bufr4/3/02/050/2/002115,02,Séquences météorologiques communes aux données de surface,302050,Période ou décalage dans le temps Heures,,002115,Type d’équipement d’observation en surface,,,,Operational
bufr4/3/02/050/3/012103,02,Séquences météorologiques communes aux données de surface,302050,Période ou décalage dans le temps Heures,,012103,Point de rosée,,,,Operational
bufr4/3/02/050/4/012102,02,Séquences météorologiques communes aux données de surface,302050,Période ou décalage dans le temps Heures,,012102,Température du thermomètre mouillé,,,,Operational
bufr4/3/02/050/5/101003,02,Séquences météorologiques communes aux données de surface,302050,Période ou décalage dans le temps Heures,,101003,Répéter 1 descripteur 3 fois,,,,Operational
bufr4/3/02/050/6/020012,02,Séquences météorologiques communes aux données de surface,302050,Période ou décalage dans le temps Heures,,020012,Type de nuage,,,,Operational
bufr4/3/02/050/7/020011,02,Séquences météorologiques communes aux données de surface,302050,Période ou décalage dans le temps Heures,,020011,Nébulosité,,,,Operational
bufr4/3/02/050/8/020013,02,Séquences météorologiques communes aux données de surface,302050,Période ou décalage dans le temps Heures,,020013,Hauteur de la base des nuages,,,,Operational
bufr4/3/02/050/9/101002,02,Séquences météorologiques communes aux données de surface,302050,Période ou décalage dans le temps Heures,,101002,Répéter 1 descripteur 2 fois,,,,Operational
bufr4/3/02/050/10/020003,02,Séquences météorologiques communes aux données de surface,302050,Période ou décalage dans le temps Heures,,020003,Temps présent,,,,Operational
bufr4/3/02/051/1/010004,02,Séquences météorologiques communes aux données de surface,302051,Pression,,010004,Pression,,,,Operational
bufr4/3/02/051/2/010051,02,Séquences météorologiques communes aux données de surface,302051,Pression,,010051,Pression ramenée au niveau moyen de la mer,,,,Operational
bufr4/3/02/051/3/007004,02,Séquences météorologiques communes aux données de surface,302051,Pression,,007004,Pression Position verticale,,,,Operational
bufr4/3/02/051/4/010003,02,Séquences météorologiques communes aux données de surface,302051,Pression,,010003,Géopotentiel,,,,Operational
bufr4/3/02/051/5/012004,02,Séquences météorologiques communes aux données de surface,302051,Pression,,012004,Température de l’air à 2 m,,,,Operational
bufr4/3/02/051/6/012051,02,Séquences météorologiques communes aux données de surface,302051,Pression,,012051,Écart type de la température,,,,Operational
bufr4/3/02/051/7/012016,02,Séquences météorologiques communes aux données de surface,302051,Pression,,012016,"Température maximale à 2 m, au cours des 24 heures précédentes",,,,Operational
bufr4/3/02/051/8/012017,02,Séquences météorologiques communes aux données de surface,302051,Pression,,012017,"Température minimale à 2 m, au cours des 24 heures précédentes",,,,Operational
bufr4/3/02/051/9/013004,02,Séquences météorologiques communes aux données de surface,302051,Pression,,013004,Tension de vapeur,,,,Operational
bufr4/3/02/051/10/102004,02,Séquences météorologiques communes aux données de surface,302051,Pression,,102004,Répéter 2 descripteurs 4 fois,,,,Operational
bufr4/3/02/051/11/008051,02,Séquences météorologiques communes aux données de surface,302051,Pression,,008051,Identificateur pour le nombre de valeurs manquantes dans le calcul des statistiques,,,,Operational
bufr4/3/02/051/12/008020,02,Séquences météorologiques communes aux données de surface,302051,Pression,,008020,Nombre total de valeurs manquantes (pour le calcul du total ou de la moyenne) (Données sur la température et l’humidité depuis le navire),,,,Operational
bufr4/3/02/052/1/007032,02,Séquences météorologiques communes aux données de surface,302052,Hauteur du capteur au-dessus du sol Mesure de la (ou du pont sur une plate-forme marine) température et de l’humidité,,007032,Hauteur du capteur au-dessus du sol Mesure de la (ou du pont sur une plate-forme marine) température et de l’humidité,,,,Operational
bufr4/3/02/052/2/007033,02,Séquences météorologiques communes aux données de surface,302052,Hauteur du capteur au-dessus du sol Mesure de la (ou du pont sur une plate-forme marine) température et de l’humidité,,007033,Hauteur du capteur au-dessus de la surface Mesure de la de l’eau température et de l’humidité,,,,Operational
bufr4/3/02/052/3/012101,02,Séquences météorologiques communes aux données de surface,302052,Hauteur du capteur au-dessus du sol Mesure de la (ou du pont sur une plate-forme marine) température et de l’humidité,,012101,Température/température de l’air Échelle: 2,,,,Operational
bufr4/3/02/052/4/002039,02,Séquences météorologiques communes aux données de surface,302052,Hauteur du capteur au-dessus du sol Mesure de la (ou du pont sur une plate-forme marine) température et de l’humidité,,002039,Méthode de mesure de la température du thermomètre mouillé,,,,Operational
bufr4/3/02/052/5/012102,02,Séquences météorologiques communes aux données de surface,302052,Hauteur du capteur au-dessus du sol Mesure de la (ou du pont sur une plate-forme marine) température et de l’humidité,,012102,Température du thermomètre mouillé Échelle: 2,,,,Operational
bufr4/3/02/052/6/012103,02,Séquences météorologiques communes aux données de surface,302052,Hauteur du capteur au-dessus du sol Mesure de la (ou du pont sur une plate-forme marine) température et de l’humidité,,012103,Point de rosée Échelle: 2,,,,Operational
bufr4/3/02/052/7/013003,02,Séquences météorologiques communes aux données de surface,302052,Hauteur du capteur au-dessus du sol Mesure de la (ou du pont sur une plate-forme marine) température et de l’humidité,,013003,Humidité relative (Données sur la visibilité depuis le navire),,,,Operational
bufr4/3/02/053/1/007032,02,Séquences météorologiques communes aux données de surface,302053,Hauteur du capteur au-dessus du sol Mesure de (ou du pont sur une plate-forme marine) la visibilité,,007032,Hauteur du capteur au-dessus du sol Mesure de (ou du pont sur une plate-forme marine) la visibilité,,,,Operational
bufr4/3/02/053/2/007033,02,Séquences météorologiques communes aux données de surface,302053,Hauteur du capteur au-dessus du sol Mesure de (ou du pont sur une plate-forme marine) la visibilité,,007033,Hauteur du capteur au-dessus de la surface Mesure de de l’eau la visibilité,,,,Operational
bufr4/3/02/053/3/020001,02,Séquences météorologiques communes aux données de surface,302053,Hauteur du capteur au-dessus du sol Mesure de (ou du pont sur une plate-forme marine) la visibilité,,020001,Visibilité horizontale I. 2 – Table D/02 BUFR —,(à suivre) 7,,,Operational
bufr4/3/02/054/1/302052,02,Séquences météorologiques communes aux données de surface,302054,Données sur la température et l’humidité depuis le navire,,302052,Données sur la température et l’humidité depuis le navire,,,,Operational
bufr4/3/02/054/2/302053,02,Séquences météorologiques communes aux données de surface,302054,Données sur la température et l’humidité depuis le navire,,302053,Données sur la visibilité depuis le navire,,,,Operational
bufr4/3/02/054/3/007033,02,Séquences météorologiques communes aux données de surface,302054,Données sur la température et l’humidité depuis le navire,,007033,Hauteur du capteur au-dessus de la surface Mis à valeur de l’eau manquante (annuler),,,,Operational
bufr4/3/02/054/4/302034,02,Séquences météorologiques communes aux données de surface,302054,Données sur la température et l’humidité depuis le navire,,302034,Précipitations sur les 24 heures écoulées,,,,Operational
bufr4/3/02/054/5/007032,02,Séquences météorologiques communes aux données de surface,302054,Données sur la température et l’humidité depuis le navire,,007032,Hauteur du capteur au-dessus du sol Mis à valeur (ou du pont sur une plate-forme marine) manquante (annuler),,,,Operational
bufr4/3/02/054/6/302004,02,Séquences météorologiques communes aux données de surface,302054,Données sur la température et l’humidité depuis le navire,,302004,Information générale sur les nuages,,,,Operational
bufr4/3/02/054/7/101000,02,Séquences météorologiques communes aux données de surface,302054,Données sur la température et l’humidité depuis le navire,,101000,Répétition différée de 1 descripteur,,,,Operational
bufr4/3/02/054/8/031001,02,Séquences météorologiques communes aux données de surface,302054,Données sur la température et l’humidité depuis le navire,,031001,Facteur de répétition différée du descripteur,,,,Operational
bufr4/3/02/054/9/302005,02,Séquences météorologiques communes aux données de surface,302054,Données sur la température et l’humidité depuis le navire,,302005,Couche nuageuse (Givrage et glace),,,,Operational
bufr4/3/02/055/1/020031,02,Séquences météorologiques communes aux données de surface,302055,Dépôt de glace (épaisseur),,020031,Dépôt de glace (épaisseur),,,,Operational
bufr4/3/02/055/2/020032,02,Séquences météorologiques communes aux données de surface,302055,Dépôt de glace (épaisseur),,020032,Vitesse d’accumulation de la glace (estimation),,,,Operational
bufr4/3/02/055/3/020033,02,Séquences météorologiques communes aux données de surface,302055,Dépôt de glace (épaisseur),,020033,Cause de l’accumulation de la glace,,,,Operational
bufr4/3/02/055/4/020034,02,Séquences météorologiques communes aux données de surface,302055,Dépôt de glace (épaisseur),,020034,Concentration des glaces de mer,,,,Operational
bufr4/3/02/055/5/020035,02,Séquences météorologiques communes aux données de surface,302055,Dépôt de glace (épaisseur),,020035,Quantité et type de glace,,,,Operational
bufr4/3/02/055/6/020036,02,Séquences météorologiques communes aux données de surface,302055,Dépôt de glace (épaisseur),,020036,Situation des glaces,,,,Operational
bufr4/3/02/055/7/020037,02,Séquences météorologiques communes aux données de surface,302055,Dépôt de glace (épaisseur),,020037,Évolution de la glace,,,,Operational
bufr4/3/02/055/8/020038,02,Séquences météorologiques communes aux données de surface,302055,Dépôt de glace (épaisseur),,020038,Direction de la lisière des glaces (Température de la mer/de l’eau),,,,Operational
bufr4/3/02/056/1/002038,02,Séquences météorologiques communes aux données de surface,302056,Méthode de mesure de la température et/ou de la salinité de l’eau,,002038,Méthode de mesure de la température et/ou de la salinité de l’eau,,,,Operational
bufr4/3/02/056/2/007063,02,Séquences météorologiques communes aux données de surface,302056,Méthode de mesure de la température et/ou de la salinité de l’eau,,007063,Profondeur sous la surface de la mer/ Mesure de la tem-de l’eau (cm) pérature de surface de la mer,,,,Operational
bufr4/3/02/056/3/022043,02,Séquences météorologiques communes aux données de surface,302056,Méthode de mesure de la température et/ou de la salinité de l’eau,,022043,Température de la mer/de l’eau,,,,Operational
bufr4/3/02/056/4/007063,02,Séquences météorologiques communes aux données de surface,302056,Méthode de mesure de la température et/ou de la salinité de l’eau,,007063,Profondeur sous la surface de la mer/ Mis à valeur de l’eau (cm) manquante (annuler) (Données océanographiques depuis le navire),,,,Operational
bufr4/3/02/057/1/302056,02,Séquences météorologiques communes aux données de surface,302057,"Température de la mer/de l’eau Température de surface de la mer, méthode de mesure et profondeur sous la surface",,302056,"Température de la mer/de l’eau Température de surface de la mer, méthode de mesure et profondeur sous la surface",,,,Operational
bufr4/3/02/057/2/302021,02,Séquences météorologiques communes aux données de surface,302057,"Température de la mer/de l’eau Température de surface de la mer, méthode de mesure et profondeur sous la surface",,302021,Vagues,,,,Operational
bufr4/3/02/057/3/302024,02,Séquences météorologiques communes aux données de surface,302057,"Température de la mer/de l’eau Température de surface de la mer, méthode de mesure et profondeur sous la surface",,302024,Vagues de la mer du vent et de la houle (Données sur les températures extrêmes depuis le navire),,,,Operational
bufr4/3/02/058/1/007032,02,Séquences météorologiques communes aux données de surface,302058,Hauteur du capteur au-dessus du sol Mesure de (ou du pont sur une plate-forme marine) la température,,007032,Hauteur du capteur au-dessus du sol Mesure de (ou du pont sur une plate-forme marine) la température,(à suivre),,,Operational
bufr4/3/02/058/1/007033,02,Séquences météorologiques communes aux données de surface,302058,Hauteur du capteur au-dessus de la surface Mesure de de l’eau la température,,007033,Hauteur du capteur au-dessus de la surface Mesure de de l’eau la température,,,,Operational
bufr4/3/02/058/2/004024,02,Séquences météorologiques communes aux données de surface,302058,Hauteur du capteur au-dessus de la surface Mesure de de l’eau la température,,004024,Période ou décalage dans le temps,,,,Operational
bufr4/3/02/058/3/004024,02,Séquences météorologiques communes aux données de surface,302058,Hauteur du capteur au-dessus de la surface Mesure de de l’eau la température,,004024,Période ou décalage dans le temps (voir notes 1 et 2),,,,Operational
bufr4/3/02/058/4/012111,02,Séquences météorologiques communes aux données de surface,302058,Hauteur du capteur au-dessus de la surface Mesure de de l’eau la température,,012111,"Température maximale, à une hauteur et Échelle: 2 sur une période déterminées",,,,Operational
bufr4/3/02/058/5/004024,02,Séquences météorologiques communes aux données de surface,302058,Hauteur du capteur au-dessus de la surface Mesure de de l’eau la température,,004024,Période ou décalage dans le temps,,,,Operational
bufr4/3/02/058/6/004024,02,Séquences météorologiques communes aux données de surface,302058,Hauteur du capteur au-dessus de la surface Mesure de de l’eau la température,,004024,Période ou décalage dans le temps (voir note 2),,,,Operational
bufr4/3/02/058/7/012112,02,Séquences météorologiques communes aux données de surface,302058,Hauteur du capteur au-dessus de la surface Mesure de de l’eau la température,,012112,"Température minimale, à une hauteur et Échelle: 2 sur une période déterminées (Données sur le vent depuis le navire)",,,,Operational
bufr4/3/02/059/1/007032,02,Séquences météorologiques communes aux données de surface,302059,Hauteur du capteur au-dessus du sol Mesure du vent (ou du pont sur une plate-forme marine),,007032,Hauteur du capteur au-dessus du sol Mesure du vent (ou du pont sur une plate-forme marine),,,,Operational
bufr4/3/02/059/2/007033,02,Séquences météorologiques communes aux données de surface,302059,Hauteur du capteur au-dessus du sol Mesure du vent (ou du pont sur une plate-forme marine),,007033,Hauteur du capteur au-dessus de la surface Mesure du vent de l’eau,,,,Operational
bufr4/3/02/059/3/002002,02,Séquences météorologiques communes aux données de surface,302059,Hauteur du capteur au-dessus du sol Mesure du vent (ou du pont sur une plate-forme marine),,002002,Type d’instrument pour la mesure du vent,,,,Operational
bufr4/3/02/059/4/008021,02,Séquences météorologiques communes aux données de surface,302059,Hauteur du capteur au-dessus du sol Mesure du vent (ou du pont sur une plate-forme marine),,008021,Caractéristique temporelle = 2 Moyenne sur une certaine période,,,,Operational
bufr4/3/02/059/5/004025,02,Séquences météorologiques communes aux données de surface,302059,Hauteur du capteur au-dessus du sol Mesure du vent (ou du pont sur une plate-forme marine),,004025,"Période ou décalage dans le temps =–10 minutes, ou nombre de minutes après un changement significatif du vent",,,,Operational
bufr4/3/02/059/6/011001,02,Séquences météorologiques communes aux données de surface,302059,Hauteur du capteur au-dessus du sol Mesure du vent (ou du pont sur une plate-forme marine),,011001,Direction du vent,,,,Operational
bufr4/3/02/059/7/011002,02,Séquences météorologiques communes aux données de surface,302059,Hauteur du capteur au-dessus du sol Mesure du vent (ou du pont sur une plate-forme marine),,011002,Vitesse du vent,,,,Operational
bufr4/3/02/059/8/008021,02,Séquences météorologiques communes aux données de surface,302059,Hauteur du capteur au-dessus du sol Mesure du vent (ou du pont sur une plate-forme marine),,008021,Caractéristique temporelle Mis à valeur manquante,,,,Operational
bufr4/3/02/059/9/103002,02,Séquences météorologiques communes aux données de surface,302059,Hauteur du capteur au-dessus du sol Mesure du vent (ou du pont sur une plate-forme marine),,103002,Répéter 3 descripteurs 2 fois,,,,Operational
bufr4/3/02/059/10/004025,02,Séquences météorologiques communes aux données de surface,302059,Hauteur du capteur au-dessus du sol Mesure du vent (ou du pont sur une plate-forme marine),,004025,Période ou décalage dans le temps Minutes,,,,Operational
bufr4/3/02/059/11/011043,02,Séquences météorologiques communes aux données de surface,302059,Hauteur du capteur au-dessus du sol Mesure du vent (ou du pont sur une plate-forme marine),,011043,Direction de la rafale maximale,,,,Operational
bufr4/3/02/059/12/011041,02,Séquences météorologiques communes aux données de surface,302059,Hauteur du capteur au-dessus du sol Mesure du vent (ou du pont sur une plate-forme marine),,011041,Vitesse de la rafale maximale (Données «pour la période» depuis le navire),,,,Operational
bufr4/3/02/060/1/302038,02,Séquences météorologiques communes aux données de surface,302060,Temps présent et temps passé,,302038,Temps présent et temps passé,,,,Operational
bufr4/3/02/060/2/302040,02,Séquences météorologiques communes aux données de surface,302060,Temps présent et temps passé,,302040,Mesure des précipitations,,,,Operational
bufr4/3/02/060/3/302058,02,Séquences météorologiques communes aux données de surface,302060,Temps présent et temps passé,,302058,Données sur les températures extrêmes depuis le navire,,,,Operational
bufr4/3/02/060/4/302059,02,Séquences météorologiques communes aux données de surface,302060,Temps présent et temps passé,,302059,Données sur le vent depuis le navire (Données «instantanées» depuis le navire),,,,Operational
bufr4/3/02/062/1/025188,02,Séquences météorologiques communes aux données de surface,302062,Méthode employée pour ramener la pression au niveau de la mer,,025188,Méthode employée pour ramener la pression au niveau de la mer,,,,Operational
bufr4/3/02/062/2/302001,02,Séquences météorologiques communes aux données de surface,302062,Méthode employée pour ramener la pression au niveau de la mer,,302001,Pression et variation de pression en 3 heures,,,,Operational
bufr4/3/02/062/3/302093,02,Séquences météorologiques communes aux données de surface,302062,Méthode employée pour ramener la pression au niveau de la mer,,302093,Données supplémentaires sur la température et l’humidité depuis le navire,,,,Operational
bufr4/3/02/062/4/101000,02,Séquences météorologiques communes aux données de surface,302062,Méthode employée pour ramener la pression au niveau de la mer,,101000,Répétition différée de 1 descripteur I. 2 – Table D/02 BUFR —,(à suivre) 9,,,Operational
bufr4/3/02/062/1/031000,02,Séquences météorologiques communes aux données de surface,302062,Facteur de répétition légèrement différée du descripteur,,031000,Facteur de répétition légèrement différée du descripteur,,,,Operational
bufr4/3/02/062/2/302053,02,Séquences météorologiques communes aux données de surface,302062,Facteur de répétition légèrement différée du descripteur,,302053,Données sur la visibilité depuis le navire,,,,Operational
bufr4/3/02/062/3/007032,02,Séquences météorologiques communes aux données de surface,302062,Facteur de répétition légèrement différée du descripteur,,007032,Hauteur du capteur au-dessus du sol Mis à valeur (ou du pont sur une plate-forme marine) manquante (annuler),,,,Operational
bufr4/3/02/062/4/007033,02,Séquences météorologiques communes aux données de surface,302062,Facteur de répétition légèrement différée du descripteur,,007033,Hauteur du capteur au-dessus de la surface Mis à valeur de l’eau manquante (annuler),,,,Operational
bufr4/3/02/062/5/101000,02,Séquences météorologiques communes aux données de surface,302062,Facteur de répétition légèrement différée du descripteur,,101000,Répétition différée de 1 descripteur,,,,Operational
bufr4/3/02/062/6/031000,02,Séquences météorologiques communes aux données de surface,302062,Facteur de répétition légèrement différée du descripteur,,031000,Facteur de répétition légèrement différée du descripteur,,,,Operational
bufr4/3/02/062/7/302004,02,Séquences météorologiques communes aux données de surface,302062,Facteur de répétition légèrement différée du descripteur,,302004,Information générale sur les nuages,,,,Operational
bufr4/3/02/062/8/101000,02,Séquences météorologiques communes aux données de surface,302062,Facteur de répétition légèrement différée du descripteur,,101000,Répétition différée de 1 descripteur,,,,Operational
bufr4/3/02/062/9/031001,02,Séquences météorologiques communes aux données de surface,302062,Facteur de répétition légèrement différée du descripteur,,031001,Facteur de répétition différée du descripteur,,,,Operational
bufr4/3/02/062/10/302005,02,Séquences météorologiques communes aux données de surface,302062,Facteur de répétition légèrement différée du descripteur,,302005,Couche nuageuse,,,,Operational
bufr4/3/02/062/11/008002,02,Séquences météorologiques communes aux données de surface,302062,Facteur de répétition légèrement différée du descripteur,,008002,Caractéristique verticale (observations en Mis à valeur surface) manquante (annuler),,,,Operational
bufr4/3/02/062/12/101000,02,Séquences météorologiques communes aux données de surface,302062,Facteur de répétition légèrement différée du descripteur,,101000,Répétition différée de 1 descripteur,,,,Operational
bufr4/3/02/062/13/031000,02,Séquences météorologiques communes aux données de surface,302062,Facteur de répétition légèrement différée du descripteur,,031000,Facteur de répétition légèrement différée du descripteur,,,,Operational
bufr4/3/02/062/14/302055,02,Séquences météorologiques communes aux données de surface,302062,Facteur de répétition légèrement différée du descripteur,,302055,Givrage et glace,,,,Operational
bufr4/3/02/062/15/101000,02,Séquences météorologiques communes aux données de surface,302062,Facteur de répétition légèrement différée du descripteur,,101000,Répétition différée de 1 descripteur,,,,Operational
bufr4/3/02/062/16/031000,02,Séquences météorologiques communes aux données de surface,302062,Facteur de répétition légèrement différée du descripteur,,031000,Facteur de répétition légèrement différée du descripteur,,,,Operational
bufr4/3/02/062/17/302056,02,Séquences météorologiques communes aux données de surface,302062,Facteur de répétition légèrement différée du descripteur,,302056,Température de la mer/de l’eau,,,,Operational
bufr4/3/02/062/18/101000,02,Séquences météorologiques communes aux données de surface,302062,Facteur de répétition légèrement différée du descripteur,,101000,Répétition différée de 1 descripteur,,,,Operational
bufr4/3/02/062/19/031000,02,Séquences météorologiques communes aux données de surface,302062,Facteur de répétition légèrement différée du descripteur,,031000,Facteur de répétition légèrement différée du descripteur,,,,Operational
bufr4/3/02/062/20/302021,02,Séquences météorologiques communes aux données de surface,302062,Facteur de répétition légèrement différée du descripteur,,302021,Vagues,,,,Operational
bufr4/3/02/062/21/101000,02,Séquences météorologiques communes aux données de surface,302062,Facteur de répétition légèrement différée du descripteur,,101000,Répétition différée de 1 descripteur,,,,Operational
bufr4/3/02/062/22/031000,02,Séquences météorologiques communes aux données de surface,302062,Facteur de répétition légèrement différée du descripteur,,031000,Facteur de répétition légèrement différée du descripteur,,,,Operational
bufr4/3/02/062/23/302024,02,Séquences météorologiques communes aux données de surface,302062,Facteur de répétition légèrement différée du descripteur,,302024,Vagues de la mer du vent et de la houle (Données «pour la période» depuis le navire),,,,Operational
bufr4/3/02/063/1/302038,02,Séquences météorologiques communes aux données de surface,302063,Temps présent et temps passé,,302038,Temps présent et temps passé,,,,Operational
bufr4/3/02/063/2/101000,02,Séquences météorologiques communes aux données de surface,302063,Temps présent et temps passé,,101000,Répétition différée de 1 descripteur,,,,Operational
bufr4/3/02/063/3/031000,02,Séquences météorologiques communes aux données de surface,302063,Temps présent et temps passé,,031000,Facteur de répétition légèrement différée du descripteur,,,,Operational
bufr4/3/02/063/4/302040,02,Séquences météorologiques communes aux données de surface,302063,Temps présent et temps passé,,302040,Mesure des précipitations,,,,Operational
bufr4/3/02/063/5/101000,02,Séquences météorologiques communes aux données de surface,302063,Temps présent et temps passé,,101000,Répétition différée de 1 descripteur,,,,Operational
bufr4/3/02/063/6/031000,02,Séquences météorologiques communes aux données de surface,302063,Temps présent et temps passé,,031000,Facteur de répétition légèrement différée du descripteur,,,,Operational
bufr4/3/02/063/7/302034,02,Séquences météorologiques communes aux données de surface,302063,Temps présent et temps passé,,302034,Précipitations sur les 24 heures écoulées,,,,Operational
bufr4/3/02/063/8/007032,02,Séquences météorologiques communes aux données de surface,302063,Temps présent et temps passé,,007032,Hauteur du capteur au-dessus du sol Mis à valeur (ou du pont sur une plate-forme marine) manquante (annuler),(à suivre),,,Operational
bufr4/3/02/063/1/101000,02,Séquences météorologiques communes aux données de surface,302063,Répétition différée de 1 descripteur,,101000,Répétition différée de 1 descripteur,,,,Operational
bufr4/3/02/063/2/031000,02,Séquences météorologiques communes aux données de surface,302063,Répétition différée de 1 descripteur,,031000,Facteur de répétition légèrement différée du descripteur,,,,Operational
bufr4/3/02/063/3/302058,02,Séquences météorologiques communes aux données de surface,302063,Répétition différée de 1 descripteur,,302058,Données sur les températures extrêmes depuis le navire,,,,Operational
bufr4/3/02/063/4/101000,02,Séquences météorologiques communes aux données de surface,302063,Répétition différée de 1 descripteur,,101000,Répétition différée de 1 descripteur,,,,Operational
bufr4/3/02/063/5/031000,02,Séquences météorologiques communes aux données de surface,302063,Répétition différée de 1 descripteur,,031000,Facteur de répétition légèrement différée du descripteur,,,,Operational
bufr4/3/02/063/6/302064,02,Séquences météorologiques communes aux données de surface,302063,Répétition différée de 1 descripteur,,302064,Données sur le vent depuis le navire ou la plate-forme marine (Données sur le vent depuis le navire ou la plate-forme marine),,,,Operational
bufr4/3/02/064/1/007032,02,Séquences météorologiques communes aux données de surface,302064,Hauteur du capteur au-dessus du sol (ou du pont sur une plate-forme marine),,007032,Hauteur du capteur au-dessus du sol (ou du pont sur une plate-forme marine),,,,Operational
bufr4/3/02/064/2/007033,02,Séquences météorologiques communes aux données de surface,302064,Hauteur du capteur au-dessus du sol (ou du pont sur une plate-forme marine),,007033,Hauteur du capteur au-dessus de la surface de l’eau,,,,Operational
bufr4/3/02/064/3/002002,02,Séquences météorologiques communes aux données de surface,302064,Hauteur du capteur au-dessus du sol (ou du pont sur une plate-forme marine),,002002,Type d’instrument pour la mesure du vent,,,,Operational
bufr4/3/02/064/4/008021,02,Séquences météorologiques communes aux données de surface,302064,Hauteur du capteur au-dessus du sol (ou du pont sur une plate-forme marine),,008021,Caractéristique temporelle = 2 Moyenne sur une certaine période,,,,Operational
bufr4/3/02/064/5/004025,02,Séquences météorologiques communes aux données de surface,302064,Hauteur du capteur au-dessus du sol (ou du pont sur une plate-forme marine),,004025,Période ou décalage dans le temps,,,,Operational
bufr4/3/02/064/6/011001,02,Séquences météorologiques communes aux données de surface,302064,Hauteur du capteur au-dessus du sol (ou du pont sur une plate-forme marine),,011001,Direction du vent,,,,Operational
bufr4/3/02/064/7/011002,02,Séquences météorologiques communes aux données de surface,302064,Hauteur du capteur au-dessus du sol (ou du pont sur une plate-forme marine),,011002,Vitesse du vent,,,,Operational
bufr4/3/02/064/8/008021,02,Séquences météorologiques communes aux données de surface,302064,Hauteur du capteur au-dessus du sol (ou du pont sur une plate-forme marine),,008021,Caractéristique temporelle Mis à valeur manquante (annuler),,,,Operational
bufr4/3/02/064/9/103000,02,Séquences météorologiques communes aux données de surface,302064,Hauteur du capteur au-dessus du sol (ou du pont sur une plate-forme marine),,103000,Répétition différée de 3 descripteurs,,,,Operational
bufr4/3/02/064/10/031001,02,Séquences météorologiques communes aux données de surface,302064,Hauteur du capteur au-dessus du sol (ou du pont sur une plate-forme marine),,031001,Facteur de répétition différée du descripteur,,,,Operational
bufr4/3/02/064/11/004025,02,Séquences météorologiques communes aux données de surface,302064,Hauteur du capteur au-dessus du sol (ou du pont sur une plate-forme marine),,004025,Période ou décalage dans le temps,,,,Operational
bufr4/3/02/064/12/011043,02,Séquences météorologiques communes aux données de surface,302064,Hauteur du capteur au-dessus du sol (ou du pont sur une plate-forme marine),,011043,Direction de la rafale maximale,,,,Operational
bufr4/3/02/064/13/011041,02,Séquences météorologiques communes aux données de surface,302064,Hauteur du capteur au-dessus du sol (ou du pont sur une plate-forme marine),,011041,Vitesse de la rafale maximale (Phénomènes météorologiques dangereux),,,,Operational
bufr4/3/02/066/1/020023,02,Séquences météorologiques communes aux données de surface,302066,Autres phénomènes météorologiques,,020023,Autres phénomènes météorologiques,,,,Operational
bufr4/3/02/066/2/020024,02,Séquences météorologiques communes aux données de surface,302066,Autres phénomènes météorologiques,,020024,Intensité du phénomène,,,,Operational
bufr4/3/02/066/3/020027,02,Séquences météorologiques communes aux données de surface,302066,Autres phénomènes météorologiques,,020027,Apparition du phénomène,,,,Operational
bufr4/3/02/066/4/020054,02,Séquences météorologiques communes aux données de surface,302066,Autres phénomènes météorologiques,,020054,Direction vraie d’où viennent ou dans laquelle sont observés le phénomène indiqué ou les nuages,,,,Operational
bufr4/3/02/066/5/020023,02,Séquences météorologiques communes aux données de surface,302066,Autres phénomènes météorologiques,,020023,Autres phénomènes météorologiques,,,,Operational
bufr4/3/02/066/6/020027,02,Séquences météorologiques communes aux données de surface,302066,Autres phénomènes météorologiques,,020027,Apparition du phénomène,,,,Operational
bufr4/3/02/066/7/020054,02,Séquences météorologiques communes aux données de surface,302066,Autres phénomènes météorologiques,,020054,Direction vraie d’où viennent ou dans laquelle sont observés le phénomène indiqué ou les nuages,,,,Operational
bufr4/3/02/066/8/020025,02,Séquences météorologiques communes aux données de surface,302066,Autres phénomènes météorologiques,,020025,Obscurcissement,,,,Operational
bufr4/3/02/066/9/020026,02,Séquences météorologiques communes aux données de surface,302066,Autres phénomènes météorologiques,,020026,Caractéristique de l’obscurcissement,,,,Operational
bufr4/3/02/066/10/020027,02,Séquences météorologiques communes aux données de surface,302066,Autres phénomènes météorologiques,,020027,Apparition du phénomène,,,,Operational
bufr4/3/02/066/11/020040,02,Séquences météorologiques communes aux données de surface,302066,Autres phénomènes météorologiques,,020040,Évolution de la chasse-neige,,,,Operational
bufr4/3/02/066/12/020066,02,Séquences météorologiques communes aux données de surface,302066,Autres phénomènes météorologiques,,020066,Diamètre maximal des grêlons I. 2 – Table D/02 BUFR —,(à suivre) 11,,,Operational
bufr4/3/02/066/1/020027,02,Séquences météorologiques communes aux données de surface,302066,Apparition du phénomène,,020027,Apparition du phénomène,,,,Operational
bufr4/3/02/066/2/020021,02,Séquences météorologiques communes aux données de surface,302066,Apparition du phénomène,,020021,Type de précipitation,,,,Operational
bufr4/3/02/066/3/020067,02,Séquences météorologiques communes aux données de surface,302066,Apparition du phénomène,,020067,Diamètre du dépôt,,,,Operational
bufr4/3/02/066/4/020027,02,Séquences météorologiques communes aux données de surface,302066,Apparition du phénomène,,020027,Apparition du phénomène (Paramètres synoptiques supplémentaires),,,,Operational
bufr4/3/02/067/1/001023,02,Séquences météorologiques communes aux données de surface,302067,Numéro de la séquence d’observations Données «instantanées» supplémentaires,,001023,Numéro de la séquence d’observations Données «instantanées» supplémentaires,,,,Operational
bufr4/3/02/067/2/004025,02,Séquences météorologiques communes aux données de surface,302067,Numéro de la séquence d’observations Données «instantanées» supplémentaires,,004025,Période ou décalage dans le temps = 0 minute,,,,Operational
bufr4/3/02/067/3/002177,02,Séquences météorologiques communes aux données de surface,302067,Numéro de la séquence d’observations Données «instantanées» supplémentaires,,002177,"Méthode de mesure de l’épaisseur de neige /voir colonne de = 0 Observation manuelle, gauche = 1 Ultrasons, = 2 Caméra vidéo, = 3 Laser, = 4–13 En réserve, = 14 Autre, = 15 Valeur manquante Données supplémentaires sur le temps présent",,,,Operational
bufr4/3/02/067/4/101000,02,Séquences météorologiques communes aux données de surface,302067,Numéro de la séquence d’observations Données «instantanées» supplémentaires,,101000,Répétition différée de 1 descripteur,,,,Operational
bufr4/3/02/067/5/031001,02,Séquences météorologiques communes aux données de surface,302067,Numéro de la séquence d’observations Données «instantanées» supplémentaires,,031001,Facteur de répétition différée du descripteur,,,,Operational
bufr4/3/02/067/6/020003,02,Séquences météorologiques communes aux données de surface,302067,Numéro de la séquence d’observations Données «instantanées» supplémentaires,,020003,"Temps présent 960ww, 961ww Visibilité dans différentes directions",,,,Operational
bufr4/3/02/067/7/103000,02,Séquences météorologiques communes aux données de surface,302067,Numéro de la séquence d’observations Données «instantanées» supplémentaires,,103000,Répétition différée de 3 descripteurs,,,,Operational
bufr4/3/02/067/8/031001,02,Séquences météorologiques communes aux données de surface,302067,Numéro de la séquence d’observations Données «instantanées» supplémentaires,,031001,Facteur de répétition différée du descripteur,,,,Operational
bufr4/3/02/067/9/005021,02,Séquences météorologiques communes aux données de surface,302067,Numéro de la séquence d’observations Données «instantanées» supplémentaires,,005021,Direction ou azimut 981VV–988VV,,,,Operational
bufr4/3/02/067/10/020001,02,Séquences météorologiques communes aux données de surface,302067,Numéro de la séquence d’observations Données «instantanées» supplémentaires,,020001,Visibilité horizontale VV,,,,Operational
bufr4/3/02/067/11/005021,02,Séquences météorologiques communes aux données de surface,302067,Numéro de la séquence d’observations Données «instantanées» supplémentaires,,005021,Direction ou azimut Mis à valeur manquante (annuler) Données sur la mer (observations émanant d’une station côtière),,,,Operational
bufr4/3/02/067/12/101000,02,Séquences météorologiques communes aux données de surface,302067,Numéro de la séquence d’observations Données «instantanées» supplémentaires,,101000,Répétition différée de 1 descripteur,,,,Operational
bufr4/3/02/067/13/031000,02,Séquences météorologiques communes aux données de surface,302067,Numéro de la séquence d’observations Données «instantanées» supplémentaires,,031000,Facteur de répétition légèrement différée du descripteur,,,,Operational
bufr4/3/02/067/14/302056,02,Séquences météorologiques communes aux données de surface,302067,Numéro de la séquence d’observations Données «instantanées» supplémentaires,,302056,"Température de la mer/de l’eau Température de surface de la mer/ de l’eau, méthode de mesure et profondeur sous la surface de l’eau",,,,Operational
bufr4/3/02/067/15/103000,02,Séquences météorologiques communes aux données de surface,302067,Numéro de la séquence d’observations Données «instantanées» supplémentaires,,103000,Répétition différée de 3 descripteurs,,,,Operational
bufr4/3/02/067/16/031000,02,Séquences météorologiques communes aux données de surface,302067,Numéro de la séquence d’observations Données «instantanées» supplémentaires,,031000,Facteur de répétition légèrement différée du descripteur,,,,Operational
bufr4/3/02/067/17/033041,02,Séquences météorologiques communes aux données de surface,302067,Numéro de la séquence d’observations Données «instantanées» supplémentaires,,033041,Caractéristique de la valeur suivante,,,,Operational
bufr4/3/02/067/18/020058,02,Séquences météorologiques communes aux données de surface,302067,Numéro de la séquence d’observations Données «instantanées» supplémentaires,,020058,Visibilité sur la mer depuis une station côtière 980V,V s s,,,Operational
bufr4/3/02/067/19/022061,02,Séquences météorologiques communes aux données de surface,302067,Numéro de la séquence d’observations Données «instantanées» supplémentaires,,022061,État de la mer 924SV,s,,,Operational
bufr4/3/02/067/20/101000,02,Séquences météorologiques communes aux données de surface,302067,Numéro de la séquence d’observations Données «instantanées» supplémentaires,,101000,Répétition différée de 1 descripteur,,,,Operational
bufr4/3/02/067/21/031000,02,Séquences météorologiques communes aux données de surface,302067,Numéro de la séquence d’observations Données «instantanées» supplémentaires,,031000,Facteur de répétition légèrement différée du descripteur,,,,Operational
bufr4/3/02/067/22/302022,02,Séquences météorologiques communes aux données de surface,302067,Numéro de la séquence d’observations Données «instantanées» supplémentaires,,302022,Vagues de la mer du vent,,,,Operational
bufr4/3/02/067/23/101000,02,Séquences météorologiques communes aux données de surface,302067,Numéro de la séquence d’observations Données «instantanées» supplémentaires,,101000,Répétition différée de 1 descripteur,,,,Operational
bufr4/3/02/067/24/031001,02,Séquences météorologiques communes aux données de surface,302067,Numéro de la séquence d’observations Données «instantanées» supplémentaires,,031001,Facteur de répétition différée du descripteur,(à suivre),,,Operational
bufr4/3/02/067/1/302023,02,Séquences météorologiques communes aux données de surface,302067,Vagues de la houle Nébulosité,,302023,Vagues de la houle Nébulosité,,,,Operational
bufr4/3/02/067/2/104000,02,Séquences météorologiques communes aux données de surface,302067,Vagues de la houle Nébulosité,,104000,Répétition différée de 4 descripteurs,,,,Operational
bufr4/3/02/067/3/031001,02,Séquences météorologiques communes aux données de surface,302067,Vagues de la houle Nébulosité,,031001,Facteur de répétition différée du descripteur,,,,Operational
bufr4/3/02/067/4/020054,02,Séquences météorologiques communes aux données de surface,302067,Vagues de la houle Nébulosité,,020054,Direction vraie d’où viennent ou dans laquelle D sont observés le phénomène indiqué ou les nuages,", D a p",,,Operational
bufr4/3/02/067/5/020137,02,Séquences météorologiques communes aux données de surface,302067,Vagues de la houle Nébulosité,,020137,Évolution des nuages 940Cn,3,,,Operational
bufr4/3/02/067/6/020012,02,Séquences météorologiques communes aux données de surface,302067,Vagues de la houle Nébulosité,,020012,Type de nuage 941CD,", 943C D p L p",,,Operational
bufr4/3/02/067/7/020090,02,Séquences météorologiques communes aux données de surface,302067,Vagues de la houle Nébulosité,,020090,Nuages spéciaux 993C,D s a,,,Operational
bufr4/3/02/067/8/103000,02,Séquences météorologiques communes aux données de surface,302067,Vagues de la houle Nébulosité,,103000,Répétition différée de 3 descripteurs,,,,Operational
bufr4/3/02/067/9/031001,02,Séquences météorologiques communes aux données de surface,302067,Vagues de la houle Nébulosité,,031001,Facteur de répétition différée du descripteur,,,,Operational
bufr4/3/02/067/10/020054,02,Séquences météorologiques communes aux données de surface,302067,Vagues de la houle Nébulosité,,020054,Direction vraie d’où viennent ou dans laquelle sont observés le phénomène indiqué ou les nuages,,,,Operational
bufr4/3/02/067/11/020137,02,Séquences météorologiques communes aux données de surface,302067,Vagues de la houle Nébulosité,,020137,Évolution des nuages,,,,Operational
bufr4/3/02/067/12/020136,02,Séquences météorologiques communes aux données de surface,302067,Vagues de la houle Nébulosité,,020136,Types de nuages supplémentaires 948C 950N Données supplémentaires pour la «période»,"D , 949C D , 0 a a a n , 951N n m 3 v 4",,,Operational
bufr4/3/02/067/13/004025,02,Séquences météorologiques communes aux données de surface,302067,Vagues de la houle Nébulosité,,004025,Période ou décalage dans le temps Période de référence de la neige fraîche,,,,Operational
bufr4/3/02/067/14/013012,02,Séquences météorologiques communes aux données de surface,302067,Vagues de la houle Nébulosité,,013012,Épaisseur de neige fraîche Données supplémentaires sur le vent,,,,Operational
bufr4/3/02/067/15/004025,02,Séquences météorologiques communes aux données de surface,302067,Vagues de la houle Nébulosité,,004025,Période ou décalage dans le temps =–60 minutes,,,,Operational
bufr4/3/02/067/16/011042,02,Séquences météorologiques communes aux données de surface,302067,Vagues de la houle Nébulosité,,011042,Vitesse maximale du vent (vent moyen sur 912ff 902tt 912ff .. 10 minutes) obligatoire si ff ≥ 18,,,,Operational
bufr4/3/02/067/17/104000,02,Séquences météorologiques communes aux données de surface,302067,Vagues de la houle Nébulosité,,104000,Répétition différée de 4 descripteurs,,,,Operational
bufr4/3/02/067/18/031001,02,Séquences météorologiques communes aux données de surface,302067,Vagues de la houle Nébulosité,,031001,Facteur de répétition différée du descripteur,,,,Operational
bufr4/3/02/067/19/008021,02,Séquences météorologiques communes aux données de surface,302067,Vagues de la houle Nébulosité,,008021,"Caractéristique temporelle = 30 Heure d’apparition, = 17 Début du phénomène",,,,Operational
bufr4/3/02/067/20/004025,02,Séquences météorologiques communes aux données de surface,302067,Vagues de la houle Nébulosité,,004025,Période ou décalage dans le temps = –xx,902tt |,,,Operational
bufr4/3/02/067/21/011042,02,Séquences météorologiques communes aux données de surface,302067,Vagues de la houle Nébulosité,,011042,Vitesse maximale du vent (vent moyen sur 912ff 10 minutes),,,,Operational
bufr4/3/02/067/22/008021,02,Séquences météorologiques communes aux données de surface,302067,Vagues de la houle Nébulosité,,008021,Caractéristique temporelle Mis à valeur manquante (annuler) Changement significatif de la vitesse et/ou de la direction du vent,,,,Operational
bufr4/3/02/067/23/115000,02,Séquences météorologiques communes aux données de surface,302067,Vagues de la houle Nébulosité,,115000,Répétition différée de 15 descripteurs,,,,Operational
bufr4/3/02/067/24/031001,02,Séquences météorologiques communes aux données de surface,302067,Vagues de la houle Nébulosité,,031001,Facteur de répétition différée du descripteur,,,,Operational
bufr4/3/02/067/25/008021,02,Séquences météorologiques communes aux données de surface,302067,Vagues de la houle Nébulosité,,008021,"Caractéristique temporelle = 30 Heure d’apparition, = 17 Début du phénomène I. 2 – Table D/02 BUFR —",(à suivre) 13,,,Operational
bufr4/3/02/067/1/004015,02,Séquences météorologiques communes aux données de surface,302067,Incrément temporel = –xx1,,004015,Incrément temporel = –xx1,,,,Operational
bufr4/3/02/067/2/008021,02,Séquences météorologiques communes aux données de surface,302067,Incrément temporel = –xx1,,008021,Caractéristique temporelle = 2 Moyenne sur la période,,,,Operational
bufr4/3/02/067/3/004025,02,Séquences météorologiques communes aux données de surface,302067,Incrément temporel = –xx1,,004025,"Période ou décalage dans le temps =–10 minutes, ou nombre de minutes après un changement significatif du vent",,,,Operational
bufr4/3/02/067/4/011001,02,Séquences météorologiques communes aux données de surface,302067,Incrément temporel = –xx1,,011001,Direction du vent 915dd,,,,Operational
bufr4/3/02/067/5/011002,02,Séquences météorologiques communes aux données de surface,302067,Incrément temporel = –xx1,,011002,Vitesse du vent 913ff,,,,Operational
bufr4/3/02/067/6/008021,02,Séquences météorologiques communes aux données de surface,302067,Incrément temporel = –xx1,,008021,Caractéristique temporelle = 22 Heure du changement du vent,,,,Operational
bufr4/3/02/067/7/004015,02,Séquences météorologiques communes aux données de surface,302067,Incrément temporel = –xx1,,004015,Incrément temporel = +xx2,,,,Operational
bufr4/3/02/067/8/008021,02,Séquences météorologiques communes aux données de surface,302067,Incrément temporel = –xx1,,008021,Caractéristique temporelle = 2 Moyenne sur la période,,,,Operational
bufr4/3/02/067/9/004025,02,Séquences météorologiques communes aux données de surface,302067,Incrément temporel = –xx1,,004025,"Période ou décalage dans le temps =–10 minutes, ou nombre de minutes après un changement significatif du vent",,,,Operational
bufr4/3/02/067/10/011001,02,Séquences météorologiques communes aux données de surface,302067,Incrément temporel = –xx1,,011001,Direction du vent 915dd,,,,Operational
bufr4/3/02/067/11/011002,02,Séquences météorologiques communes aux données de surface,302067,Incrément temporel = –xx1,,011002,Vitesse du vent 913ff,,,,Operational
bufr4/3/02/067/12/008021,02,Séquences météorologiques communes aux données de surface,302067,Incrément temporel = –xx1,,008021,Caractéristique temporelle Mis à valeur manquante (annuler),,,,Operational
bufr4/3/02/067/13/004025,02,Séquences météorologiques communes aux données de surface,302067,Incrément temporel = –xx1,,004025,Période ou décalage dans le temps = 0 minute,,,,Operational
bufr4/3/02/067/14/004015,02,Séquences météorologiques communes aux données de surface,302067,Incrément temporel = –xx1,,004015,Incrément temporel = +(xx1–xx2) négatif pour remettre à l’heure Renseignements supplémentaires sur le temps,Non |,,,Operational
bufr4/3/02/067/15/103000,02,Séquences météorologiques communes aux données de surface,302067,Incrément temporel = –xx1,,103000,Répétition différée de 3 descripteurs,,,,Operational
bufr4/3/02/067/16/031001,02,Séquences météorologiques communes aux données de surface,302067,Incrément temporel = –xx1,,031001,Facteur de répétition différée du descripteur,,,,Operational
bufr4/3/02/067/17/004025,02,Séquences météorologiques communes aux données de surface,302067,Incrément temporel = –xx1,,004025,"Période ou décalage dans le temps = –xx, c-a-d à partir de",,,,Operational
bufr4/3/02/067/18/004025,02,Séquences météorologiques communes aux données de surface,302067,Incrément temporel = –xx1,,004025,"Période ou décalage dans le temps = –xx, c-a-d jusqu’à",,,,Operational
bufr4/3/02/067/19/020003,02,Séquences météorologiques communes aux données de surface,302067,Incrément temporel = –xx1,,020003,"Temps présent 962ww, 963w 964ww, 965w 966ww, 967w Groupes 9S S s s supplémentaires P P p p","w , 1 1 w , 1 1 w 1 1",,,Operational
bufr4/3/02/067/20/110000,02,Séquences météorologiques communes aux données de surface,302067,Incrément temporel = –xx1,,110000,Répétition différée de 10 descripteurs,,,,Operational
bufr4/3/02/067/21/031001,02,Séquences météorologiques communes aux données de surface,302067,Incrément temporel = –xx1,,031001,Facteur de répétition différée du descripteur,,,,Operational
bufr4/3/02/067/22/004025,02,Séquences météorologiques communes aux données de surface,302067,Incrément temporel = –xx1,,004025,"Période ou décalage dans le temps = –xx, c-a-d à partir de",,,,Operational
bufr4/3/02/067/23/004025,02,Séquences météorologiques communes aux données de surface,302067,Incrément temporel = –xx1,,004025,"Période ou décalage dans le temps = –xx, c-a-d jusqu’à",(à suivre),,,Operational
bufr4/3/02/067/1/005021,02,Séquences météorologiques communes aux données de surface,302067,Direction ou azimut D,,005021,Direction ou azimut D,", D a p",,,Operational
bufr4/3/02/067/2/005021,02,Séquences météorologiques communes aux données de surface,302067,Direction ou azimut D,,005021,Direction ou azimut D,", D a p",,,Operational
bufr4/3/02/067/3/020054,02,Séquences météorologiques communes aux données de surface,302067,Direction ou azimut D,,020054,Direction vraie d’où viennent ou dans D laquelle sont observés le phénomène indiqué ou les nuages,", D a p",,,Operational
bufr4/3/02/067/4/020024,02,Séquences météorologiques communes aux données de surface,302067,Direction ou azimut D,,020024,"Intensité du phénomène = 1 Léger, = 2 Modéré, = 3 Fort, = 4 Violent, = 5 Dangereux",,,,Operational
bufr4/3/02/067/5/020025,02,Séquences météorologiques communes aux données de surface,302067,Direction ou azimut D,,020025,Obscurcissement,,,,Operational
bufr4/3/02/067/6/020026,02,Séquences météorologiques communes aux données de surface,302067,Direction ou azimut D,,020026,Caractéristique de l’obscurcissement,,,,Operational
bufr4/3/02/067/7/020027,02,Séquences météorologiques communes aux données de surface,302067,Direction ou azimut D,,020027,Apparition du phénomène,,,,Operational
bufr4/3/02/067/8/020063,02,Séquences météorologiques communes aux données de surface,302067,Direction ou azimut D,,020063,Phénomènes spéciaux (Données sur la visibilité),,,,Operational
bufr4/3/02/069/1/007032,02,Séquences météorologiques communes aux données de surface,302069,Hauteur du capteur au-dessus du sol (ou du pont sur une plate-forme marine),,007032,Hauteur du capteur au-dessus du sol (ou du pont sur une plate-forme marine),,,,Operational
bufr4/3/02/069/2/007033,02,Séquences météorologiques communes aux données de surface,302069,Hauteur du capteur au-dessus du sol (ou du pont sur une plate-forme marine),,007033,Hauteur du capteur au-dessus de la surface de l’eau,,,,Operational
bufr4/3/02/069/3/033041,02,Séquences météorologiques communes aux données de surface,302069,Hauteur du capteur au-dessus du sol (ou du pont sur une plate-forme marine),,033041,Caractéristique de la valeur suivante,,,,Operational
bufr4/3/02/069/4/020001,02,Séquences météorologiques communes aux données de surface,302069,Hauteur du capteur au-dessus du sol (ou du pont sur une plate-forme marine),,020001,Visibilité horizontale (Données sur le vent),,,,Operational
bufr4/3/02/070/1/007032,02,Séquences météorologiques communes aux données de surface,302070,Hauteur du capteur au-dessus du sol (ou du pont sur une plate-forme marine),,007032,Hauteur du capteur au-dessus du sol (ou du pont sur une plate-forme marine),,,,Operational
bufr4/3/02/070/2/007033,02,Séquences météorologiques communes aux données de surface,302070,Hauteur du capteur au-dessus du sol (ou du pont sur une plate-forme marine),,007033,Hauteur du capteur au-dessus de la surface de l’eau,,,,Operational
bufr4/3/02/070/3/011001,02,Séquences météorologiques communes aux données de surface,302070,Hauteur du capteur au-dessus du sol (ou du pont sur une plate-forme marine),,011001,Direction du vent,,,,Operational
bufr4/3/02/070/4/011002,02,Séquences météorologiques communes aux données de surface,302070,Hauteur du capteur au-dessus du sol (ou du pont sur une plate-forme marine),,011002,Vitesse du vent,,,,Operational
bufr4/3/02/070/5/011043,02,Séquences météorologiques communes aux données de surface,302070,Hauteur du capteur au-dessus du sol (ou du pont sur une plate-forme marine),,011043,Direction de la rafale maximale,,,,Operational
bufr4/3/02/070/6/011041,02,Séquences météorologiques communes aux données de surface,302070,Hauteur du capteur au-dessus du sol (ou du pont sur une plate-forme marine),,011041,Vitesse de la rafale maximale,,,,Operational
bufr4/3/02/070/7/011016,02,Séquences météorologiques communes aux données de surface,302070,Hauteur du capteur au-dessus du sol (ou du pont sur une plate-forme marine),,011016,Direction du vent extrême dans le sens contraire des aiguilles d’une montre (vent variable),,,,Operational
bufr4/3/02/070/8/011017,02,Séquences météorologiques communes aux données de surface,302070,Hauteur du capteur au-dessus du sol (ou du pont sur une plate-forme marine),,011017,Direction du vent extrême dans le sens des aiguilles d’une montre (vent variable) (Données sur le vent relevées sur une heure),,,,Operational
bufr4/3/02/071/1/007032,02,Séquences météorologiques communes aux données de surface,302071,Hauteur du capteur au-dessus du sol (ou du pont sur une plate-forme marine),,007032,Hauteur du capteur au-dessus du sol (ou du pont sur une plate-forme marine),,,,Operational
bufr4/3/02/071/2/007033,02,Séquences météorologiques communes aux données de surface,302071,Hauteur du capteur au-dessus du sol (ou du pont sur une plate-forme marine),,007033,Hauteur du capteur au-dessus de la surface de l’eau,,,,Operational
bufr4/3/02/071/3/008021,02,Séquences météorologiques communes aux données de surface,302071,Hauteur du capteur au-dessus du sol (ou du pont sur une plate-forme marine),,008021,Caractéristique temporelle = 2 Moyenne sur une certaine période,,,,Operational
bufr4/3/02/071/4/004025,02,Séquences météorologiques communes aux données de surface,302071,Hauteur du capteur au-dessus du sol (ou du pont sur une plate-forme marine),,004025,"Période ou décalage dans le temps =–10 minutes, ou nombre de minutes après un changement significatif du vent, le cas échéant I. 2 – Table D/02 BUFR —",(à suivre) 15,,,Operational
bufr4/3/02/071/1/011001,02,Séquences météorologiques communes aux données de surface,302071,Direction du vent,,011001,Direction du vent,,,,Operational
bufr4/3/02/071/2/011002,02,Séquences météorologiques communes aux données de surface,302071,Direction du vent,,011002,Vitesse du vent,,,,Operational
bufr4/3/02/071/3/008021,02,Séquences météorologiques communes aux données de surface,302071,Direction du vent,,008021,Caractéristique temporelle Mis à valeur manquante,,,,Operational
bufr4/3/02/071/4/103002,02,Séquences météorologiques communes aux données de surface,302071,Direction du vent,,103002,Répéter 3 descripteurs 2 fois,,,,Operational
bufr4/3/02/071/5/004025,02,Séquences météorologiques communes aux données de surface,302071,Direction du vent,,004025,"Période ou décalage dans le temps =–10 minutes pour la première répétition, =–60 minutes pour la deuxième répétition",,,,Operational
bufr4/3/02/071/6/011043,02,Séquences météorologiques communes aux données de surface,302071,Direction du vent,,011043,Direction de la rafale maximale,,,,Operational
bufr4/3/02/071/7/011041,02,Séquences météorologiques communes aux données de surface,302071,Direction du vent,,011041,Vitesse de la rafale maximale,,,,Operational
bufr4/3/02/071/8/004025,02,Séquences météorologiques communes aux données de surface,302071,Direction du vent,,004025,Période ou décalage dans le temps =–10 minutes,,,,Operational
bufr4/3/02/071/9/011016,02,Séquences météorologiques communes aux données de surface,302071,Direction du vent,,011016,Direction du vent extrême dans le sens contraire des aiguilles d’une montre (vent variable),,,,Operational
bufr4/3/02/071/10/011017,02,Séquences météorologiques communes aux données de surface,302071,Direction du vent,,011017,Direction du vent extrême dans le sens des aiguilles d’une montre (vent variable) (Données sur la température et l’humidité),,,,Operational
bufr4/3/02/072/1/007032,02,Séquences météorologiques communes aux données de surface,302072,Hauteur du capteur au-dessus du sol (ou du pont sur une plate-forme marine),,007032,Hauteur du capteur au-dessus du sol (ou du pont sur une plate-forme marine),,,,Operational
bufr4/3/02/072/2/007033,02,Séquences météorologiques communes aux données de surface,302072,Hauteur du capteur au-dessus du sol (ou du pont sur une plate-forme marine),,007033,Hauteur du capteur au-dessus de la surface de l’eau,,,,Operational
bufr4/3/02/072/3/012101,02,Séquences météorologiques communes aux données de surface,302072,Hauteur du capteur au-dessus du sol (ou du pont sur une plate-forme marine),,012101,Température/température de l’air Échelle: 2,,,,Operational
bufr4/3/02/072/4/012103,02,Séquences météorologiques communes aux données de surface,302072,Hauteur du capteur au-dessus du sol (ou du pont sur une plate-forme marine),,012103,Point de rosée Échelle: 2,,,,Operational
bufr4/3/02/072/5/013003,02,Séquences météorologiques communes aux données de surface,302072,Hauteur du capteur au-dessus du sol (ou du pont sur une plate-forme marine),,013003,Humidité relative (Données sur les nuages),,,,Operational
bufr4/3/02/073/1/020010,02,Séquences météorologiques communes aux données de surface,302073,Nébulosité (totale),,020010,Nébulosité (totale),,,,Operational
bufr4/3/02/073/2/105004,02,Séquences météorologiques communes aux données de surface,302073,Nébulosité (totale),,105004,Répéter 5 descripteurs 4 fois,,,,Operational
bufr4/3/02/073/3/008002,02,Séquences météorologiques communes aux données de surface,302073,Nébulosité (totale),,008002,Caractéristique verticale (observations en surface),,,,Operational
bufr4/3/02/073/4/020011,02,Séquences météorologiques communes aux données de surface,302073,Nébulosité (totale),,020011,Nébulosité,,,,Operational
bufr4/3/02/073/5/020012,02,Séquences météorologiques communes aux données de surface,302073,Nébulosité (totale),,020012,Type de nuage,,,,Operational
bufr4/3/02/073/6/033041,02,Séquences météorologiques communes aux données de surface,302073,Nébulosité (totale),,033041,Caractéristique de la valeur suivante,,,,Operational
bufr4/3/02/073/7/020013,02,Séquences météorologiques communes aux données de surface,302073,Nébulosité (totale),,020013,Hauteur de la base des nuages (Temps présent et temps passé),,,,Operational
bufr4/3/02/074/1/020003,02,Séquences météorologiques communes aux données de surface,302074,Temps présent,,020003,Temps présent,,,,Operational
bufr4/3/02/074/2/004025,02,Séquences météorologiques communes aux données de surface,302074,Temps présent,,004025,Période ou décalage dans le temps,,,,Operational
bufr4/3/02/074/3/020004,02,Séquences météorologiques communes aux données de surface,302074,Temps présent,,020004,Temps passé (1),,,,Operational
bufr4/3/02/074/4/020005,02,Séquences météorologiques communes aux données de surface,302074,Temps présent,,020005,"Temps passé (2) (Intensité des précipitations, taille de l’élément de précipitations)",,,,Operational
bufr4/3/02/075/1/008021,02,Séquences météorologiques communes aux données de surface,302075,Caractéristique temporelle = 2 Moyenne sur une certaine période,,008021,Caractéristique temporelle = 2 Moyenne sur une certaine période,,,,Operational
bufr4/3/02/075/2/004025,02,Séquences météorologiques communes aux données de surface,302075,Caractéristique temporelle = 2 Moyenne sur une certaine période,,004025,Période ou décalage dans le temps =–10 minutes,(à suivre),,,Operational
bufr4/3/02/075/1/013055,02,Séquences météorologiques communes aux données de surface,302075,Intensité des précipitations,,013055,Intensité des précipitations,,,,Operational
bufr4/3/02/075/2/013058,02,Séquences météorologiques communes aux données de surface,302075,Intensité des précipitations,,013058,Diamètre des particules formant les précipitations,,,,Operational
bufr4/3/02/075/3/008021,02,Séquences météorologiques communes aux données de surface,302075,Intensité des précipitations,,008021,"Caractéristique temporelle Mis à valeur manquante (Précipitations, obscurcissement et autres phénomènes)",,,,Operational
bufr4/3/02/076/1/020021,02,Séquences météorologiques communes aux données de surface,302076,Type de précipitation,,020021,Type de précipitation,,,,Operational
bufr4/3/02/076/2/020022,02,Séquences météorologiques communes aux données de surface,302076,Type de précipitation,,020022,Caractéristique de la précipitation,,,,Operational
bufr4/3/02/076/3/026020,02,Séquences météorologiques communes aux données de surface,302076,Type de précipitation,,026020,Durée des précipitations,,,,Operational
bufr4/3/02/076/4/020023,02,Séquences météorologiques communes aux données de surface,302076,Type de précipitation,,020023,Autres phénomènes météorologiques,,,,Operational
bufr4/3/02/076/5/020024,02,Séquences météorologiques communes aux données de surface,302076,Type de précipitation,,020024,Intensité du phénomène,,,,Operational
bufr4/3/02/076/6/020025,02,Séquences météorologiques communes aux données de surface,302076,Type de précipitation,,020025,Obscurcissement,,,,Operational
bufr4/3/02/076/7/020026,02,Séquences météorologiques communes aux données de surface,302076,Type de précipitation,,020026,Caractéristique de l’obscurcissement (Données sur les extrêmes de température),,,,Operational
bufr4/3/02/077/1/007032,02,Séquences météorologiques communes aux données de surface,302077,Hauteur du capteur au-dessus du sol (ou du pont sur une plate-forme marine),,007032,Hauteur du capteur au-dessus du sol (ou du pont sur une plate-forme marine),,,,Operational
bufr4/3/02/077/2/007033,02,Séquences météorologiques communes aux données de surface,302077,Hauteur du capteur au-dessus du sol (ou du pont sur une plate-forme marine),,007033,Hauteur du capteur au-dessus de la surface de l’eau,,,,Operational
bufr4/3/02/077/3/004025,02,Séquences météorologiques communes aux données de surface,302077,Hauteur du capteur au-dessus du sol (ou du pont sur une plate-forme marine),,004025,Période ou décalage dans le temps,,,,Operational
bufr4/3/02/077/4/012111,02,Séquences météorologiques communes aux données de surface,302077,Hauteur du capteur au-dessus du sol (ou du pont sur une plate-forme marine),,012111,"Température maximale, à une hauteur et Échelle: 2 sur une période déterminées",,,,Operational
bufr4/3/02/077/5/012112,02,Séquences météorologiques communes aux données de surface,302077,Hauteur du capteur au-dessus du sol (ou du pont sur une plate-forme marine),,012112,"Température minimale, à une hauteur et Échelle: 2 sur une période déterminées",,,,Operational
bufr4/3/02/077/6/007032,02,Séquences météorologiques communes aux données de surface,302077,Hauteur du capteur au-dessus du sol (ou du pont sur une plate-forme marine),,007032,Hauteur du capteur au-dessus du sol Température (ou du pont sur une plate-forme marine) au sol,,,,Operational
bufr4/3/02/077/7/004025,02,Séquences météorologiques communes aux données de surface,302077,Hauteur du capteur au-dessus du sol (ou du pont sur une plate-forme marine),,004025,Période ou décalage dans le temps,,,,Operational
bufr4/3/02/077/8/012112,02,Séquences météorologiques communes aux données de surface,302077,Hauteur du capteur au-dessus du sol (ou du pont sur une plate-forme marine),,012112,"Température minimale, à une hauteur et Échelle: 2 sur une période déterminées pérature au sol (Mesure de l’état du sol et de la hauteur de la couche de neige)",Tem- ⎮,,,Operational
bufr4/3/02/078/1/002176,02,Séquences météorologiques communes aux données de surface,302078,Méthode de mesure de l’état du sol,,002176,Méthode de mesure de l’état du sol,,,,Operational
bufr4/3/02/078/2/020062,02,Séquences météorologiques communes aux données de surface,302078,Méthode de mesure de l’état du sol,,020062,État du sol (recouvert ou non d’une couche de neige),,,,Operational
bufr4/3/02/078/3/002177,02,Séquences météorologiques communes aux données de surface,302078,Méthode de mesure de l’état du sol,,002177,Méthode de mesure de l’épaisseur de neige,,,,Operational
bufr4/3/02/078/4/013013,02,Séquences météorologiques communes aux données de surface,302078,Méthode de mesure de l’état du sol,,013013,Hauteur totale de la couche de neige (Mesure des précipitations),,,,Operational
bufr4/3/02/079/1/007032,02,Séquences météorologiques communes aux données de surface,302079,Hauteur du capteur au-dessus du sol (ou du pont sur une plate-forme marine),,007032,Hauteur du capteur au-dessus du sol (ou du pont sur une plate-forme marine),,,,Operational
bufr4/3/02/079/2/002175,02,Séquences météorologiques communes aux données de surface,302079,Hauteur du capteur au-dessus du sol (ou du pont sur une plate-forme marine),,002175,Méthode de mesure des précipitations,,,,Operational
bufr4/3/02/079/3/002178,02,Séquences météorologiques communes aux données de surface,302079,Hauteur du capteur au-dessus du sol (ou du pont sur une plate-forme marine),,002178,Méthode de mesure de la teneur en eau à l’état liquide des précipitations,,,,Operational
bufr4/3/02/079/4/004025,02,Séquences météorologiques communes aux données de surface,302079,Hauteur du capteur au-dessus du sol (ou du pont sur une plate-forme marine),,004025,Période ou décalage dans le temps,,,,Operational
bufr4/3/02/079/5/013011,02,Séquences météorologiques communes aux données de surface,302079,Hauteur du capteur au-dessus du sol (ou du pont sur une plate-forme marine),,013011,Quantité totale de précipitations/valeur totale de l’équivalent en eau I. 2 – Table D/02 BUFR — 17,(à suivre),,,Operational
bufr4/3/02/080/1/002185,02,Séquences météorologiques communes aux données de surface,302080,Méthode de mesure de l’évaporation,,002185,Méthode de mesure de l’évaporation,,,,Operational
bufr4/3/02/080/2/004025,02,Séquences météorologiques communes aux données de surface,302080,Méthode de mesure de l’évaporation,,004025,Période ou décalage dans le temps,,,,Operational
bufr4/3/02/080/3/013033,02,Séquences météorologiques communes aux données de surface,302080,Méthode de mesure de l’évaporation,,013033,Évaporation /évapotranspiration (Données sur l’insolation totale),,,,Operational
bufr4/3/02/081/1/004025,02,Séquences météorologiques communes aux données de surface,302081,Période ou décalage dans le temps,,004025,Période ou décalage dans le temps,,,,Operational
bufr4/3/02/081/2/014031,02,Séquences météorologiques communes aux données de surface,302081,Période ou décalage dans le temps,,014031,Insolation totale (Données sur le rayonnement),,,,Operational
bufr4/3/02/082/1/004025,02,Séquences météorologiques communes aux données de surface,302082,Période ou décalage dans le temps,,004025,Période ou décalage dans le temps,,,,Operational
bufr4/3/02/082/2/014002,02,Séquences météorologiques communes aux données de surface,302082,Période ou décalage dans le temps,,014002,"Rayonnement de grande longueur d’onde, intégré sur une période déterminée",,,,Operational
bufr4/3/02/082/3/014004,02,Séquences météorologiques communes aux données de surface,302082,Période ou décalage dans le temps,,014004,"Rayonnement de courte longueur d’onde, intégré sur une période déterminée",,,,Operational
bufr4/3/02/082/4/014016,02,Séquences météorologiques communes aux données de surface,302082,Période ou décalage dans le temps,,014016,"Bilan du rayonnement, intégré sur une période déterminée",,,,Operational
bufr4/3/02/082/5/014028,02,Séquences météorologiques communes aux données de surface,302082,Période ou décalage dans le temps,,014028,"Rayonnement solaire global (précision élevée), intégré sur une période déterminée",,,,Operational
bufr4/3/02/082/6/014029,02,Séquences météorologiques communes aux données de surface,302082,Période ou décalage dans le temps,,014029,"Rayonnement solaire diffus (précision élevée), intégré sur une période déterminée",,,,Operational
bufr4/3/02/082/7/014030,02,Séquences météorologiques communes aux données de surface,302082,Période ou décalage dans le temps,,014030,"Rayonnement solaire direct (précision élevée), intégré sur une période déterminée (Statistiques de premier ordre — données sur la pression, le vent, la température et l’humidité)",,,,Operational
bufr4/3/02/083/1/004025,02,Séquences météorologiques communes aux données de surface,302083,Période ou décalage dans le temps,,004025,Période ou décalage dans le temps,,,,Operational
bufr4/3/02/083/2/008023,02,Séquences météorologiques communes aux données de surface,302083,Période ou décalage dans le temps,,008023,Statistiques de premier ordre,,,,Operational
bufr4/3/02/083/3/010004,02,Séquences météorologiques communes aux données de surface,302083,Période ou décalage dans le temps,,010004,Pression,,,,Operational
bufr4/3/02/083/4/011001,02,Séquences météorologiques communes aux données de surface,302083,Période ou décalage dans le temps,,011001,Direction du vent,,,,Operational
bufr4/3/02/083/5/011002,02,Séquences météorologiques communes aux données de surface,302083,Période ou décalage dans le temps,,011002,Vitesse du vent,,,,Operational
bufr4/3/02/083/6/012101,02,Séquences météorologiques communes aux données de surface,302083,Période ou décalage dans le temps,,012101,Température/température de l’air Échelle: 2,,,,Operational
bufr4/3/02/083/7/013003,02,Séquences météorologiques communes aux données de surface,302083,Période ou décalage dans le temps,,013003,Humidité relative,,,,Operational
bufr4/3/02/083/8/008023,02,Séquences météorologiques communes aux données de surface,302083,Période ou décalage dans le temps,,008023,Statistique de premier ordre Mis à valeur manquante (Données «instantanées» de la séquence 3 07 096),,,,Operational
bufr4/3/02/084/1/302031,02,Séquences météorologiques communes aux données de surface,302084,Information sur la pression,,302031,Information sur la pression,,,,Operational
bufr4/3/02/084/2/302072,02,Séquences météorologiques communes aux données de surface,302084,Information sur la pression,,302072,Données sur la température et l’humidité,,,,Operational
bufr4/3/02/084/3/103000,02,Séquences météorologiques communes aux données de surface,302084,Information sur la pression,,103000,Répétition différée de 3 descripteurs,,,,Operational
bufr4/3/02/084/4/031000,02,Séquences météorologiques communes aux données de surface,302084,Information sur la pression,,031000,Facteur de répétition légèrement différée du descripteur,,,,Operational
bufr4/3/02/084/5/101005,02,Séquences météorologiques communes aux données de surface,302084,Information sur la pression,,101005,Répéter 1 descripteur 5 fois,,,,Operational
bufr4/3/02/084/6/307063,02,Séquences météorologiques communes aux données de surface,302084,Information sur la pression,,307063,Profondeur sous la surface terrestre et température du sol,,,,Operational
bufr4/3/02/084/7/007061,02,Séquences météorologiques communes aux données de surface,302084,Information sur la pression,,007061,Profondeur sous la surface terrestre Mis à valeur manquante (annuler) Données sur la visibilité,,,,Operational
bufr4/3/02/084/8/101000,02,Séquences météorologiques communes aux données de surface,302084,Information sur la pression,,101000,Répétition différée de 1 descripteur,,,,Operational
bufr4/3/02/084/9/031000,02,Séquences météorologiques communes aux données de surface,302084,Information sur la pression,,031000,Facteur de répétition légèrement différée du descripteur,(à suivre),,,Operational
bufr4/3/02/084/1/302069,02,Séquences météorologiques communes aux données de surface,302084,Données sur la visibilité,,302069,Données sur la visibilité,,,,Operational
bufr4/3/02/084/2/007032,02,Séquences météorologiques communes aux données de surface,302084,Données sur la visibilité,,007032,Hauteur du capteur au-dessus du sol Mis à valeur (ou du pont sur une plate-forme marine) manquante (annuler),,,,Operational
bufr4/3/02/084/3/007033,02,Séquences météorologiques communes aux données de surface,302084,Données sur la visibilité,,007033,Hauteur du capteur au-dessus de la surface Mis à valeur de l’eau manquante (annuler) Données océanographiques,,,,Operational
bufr4/3/02/084/4/105000,02,Séquences météorologiques communes aux données de surface,302084,Données sur la visibilité,,105000,Répétition différée de 5 descripteurs,,,,Operational
bufr4/3/02/084/5/031000,02,Séquences météorologiques communes aux données de surface,302084,Données sur la visibilité,,031000,Facteur de répétition légèrement différée du descripteur,,,,Operational
bufr4/3/02/084/6/020031,02,Séquences météorologiques communes aux données de surface,302084,Données sur la visibilité,,020031,Dépôt de glace (épaisseur),,,,Operational
bufr4/3/02/084/7/020032,02,Séquences météorologiques communes aux données de surface,302084,Données sur la visibilité,,020032,Vitesse d’accumulation de la galce (estimation),,,,Operational
bufr4/3/02/084/8/002038,02,Séquences météorologiques communes aux données de surface,302084,Données sur la visibilité,,002038,Méthode de mesure de la température et/ou de la salinité de l’eau,,,,Operational
bufr4/3/02/084/9/022043,02,Séquences météorologiques communes aux données de surface,302084,Données sur la visibilité,,022043,Température de la mer/de l’eau Échelle: 2,,,,Operational
bufr4/3/02/084/10/302021,02,Séquences météorologiques communes aux données de surface,302084,Données sur la visibilité,,302021,Vagues Mesure de l’état du sol et de la hauteur de la couche de neige,,,,Operational
bufr4/3/02/084/11/101000,02,Séquences météorologiques communes aux données de surface,302084,Données sur la visibilité,,101000,Répétition différée de 1 descripteur,,,,Operational
bufr4/3/02/084/12/031000,02,Séquences météorologiques communes aux données de surface,302084,Données sur la visibilité,,031000,Facteur de répétition légèrement différée du descripteur,,,,Operational
bufr4/3/02/084/13/302078,02,Séquences météorologiques communes aux données de surface,302084,Données sur la visibilité,,302078,Mesure de l’état du sol et de la hauteur de la couche de neige,,,,Operational
bufr4/3/02/084/14/012113,02,Séquences météorologiques communes aux données de surface,302084,Données sur la visibilité,,012113,"Température minimale au sol, au cours des Échelle: 2 12 heures précédentes Données sur les nuages",,,,Operational
bufr4/3/02/084/15/101000,02,Séquences météorologiques communes aux données de surface,302084,Données sur la visibilité,,101000,Répétition différée de 1 descripteur,,,,Operational
bufr4/3/02/084/16/031000,02,Séquences météorologiques communes aux données de surface,302084,Données sur la visibilité,,031000,Facteur de répétition légèrement différée du descripteur,,,,Operational
bufr4/3/02/084/17/302004,02,Séquences météorologiques communes aux données de surface,302084,Données sur la visibilité,,302004,Information générale sur les nuages,,,,Operational
bufr4/3/02/084/18/105000,02,Séquences météorologiques communes aux données de surface,302084,Données sur la visibilité,,105000,Répétition différée de 5 descripteurs,,,,Operational
bufr4/3/02/084/19/031001,02,Séquences météorologiques communes aux données de surface,302084,Données sur la visibilité,,031001,Facteur de répétition différée du descripteur,,,,Operational
bufr4/3/02/084/20/008002,02,Séquences météorologiques communes aux données de surface,302084,Données sur la visibilité,,008002,Caractéristique verticale (observations en surface),,,,Operational
bufr4/3/02/084/21/020011,02,Séquences météorologiques communes aux données de surface,302084,Données sur la visibilité,,020011,Nébulosité,,,,Operational
bufr4/3/02/084/22/020012,02,Séquences météorologiques communes aux données de surface,302084,Données sur la visibilité,,020012,Type de nuage,,,,Operational
bufr4/3/02/084/23/033041,02,Séquences météorologiques communes aux données de surface,302084,Données sur la visibilité,,033041,Caractéristique de la valeur suivante,,,,Operational
bufr4/3/02/084/24/020013,02,Séquences météorologiques communes aux données de surface,302084,Données sur la visibilité,,020013,Hauteur de la base des nuages,,,,Operational
bufr4/3/02/084/25/302036,02,Séquences météorologiques communes aux données de surface,302084,Données sur la visibilité,,302036,Nuages dont la base se situe sous le niveau de la station Direction de la dérive des nuages 6D D D L M H,,,,Operational
bufr4/3/02/084/26/101000,02,Séquences météorologiques communes aux données de surface,302084,Données sur la visibilité,,101000,Répétition différée de 1 descripteur,,,,Operational
bufr4/3/02/084/27/031000,02,Séquences météorologiques communes aux données de surface,302084,Données sur la visibilité,,031000,Facteur de répétition légèrement différée du descripteur,,,,Operational
bufr4/3/02/084/28/302047,02,Séquences météorologiques communes aux données de surface,302084,Données sur la visibilité,,302047,Direction de la dérive des nuages,,,,Operational
bufr4/3/02/084/29/008002,02,Séquences météorologiques communes aux données de surface,302084,Données sur la visibilité,,008002,Caractéristique verticale (observations en Mis à valeur surface) manquante (annuler) I. 2 – Table D/02 BUFR — 19,(à suivre),,,Operational
bufr4/3/02/084/1/101000,02,Séquences météorologiques communes aux données de surface,302084,Direction et hauteur des nuages 57CD e a c,,101000,Répétition différée de 1 descripteur,,,,Operational
bufr4/3/02/084/2/031000,02,Séquences météorologiques communes aux données de surface,302084,Direction et hauteur des nuages 57CD e a c,,031000,Facteur de répétition légèrement différée du descripteur,,,,Operational
bufr4/3/02/084/3/302048,02,Séquences météorologiques communes aux données de surface,302084,Direction et hauteur des nuages 57CD e a c,,302048,Direction et hauteur des nuages (Données «pour la période» de la séquence 3 07 096) Données sur le temps présent et le temps passé,,,,Operational
bufr4/3/02/085/1/105000,02,Séquences météorologiques communes aux données de surface,302085,Répétition différée de 5 descripteurs,,105000,Répétition différée de 5 descripteurs,,,,Operational
bufr4/3/02/085/2/031000,02,Séquences météorologiques communes aux données de surface,302085,Répétition différée de 5 descripteurs,,031000,Facteur de répétition légèrement différée du descripteur,,,,Operational
bufr4/3/02/085/3/020003,02,Séquences météorologiques communes aux données de surface,302085,Répétition différée de 5 descripteurs,,020003,Temps présent,,,,Operational
bufr4/3/02/085/4/103002,02,Séquences météorologiques communes aux données de surface,302085,Répétition différée de 5 descripteurs,,103002,Répéter 3 descripteurs 2 fois,,,,Operational
bufr4/3/02/085/5/004024,02,Séquences météorologiques communes aux données de surface,302085,Répétition différée de 5 descripteurs,,004024,"Période ou décalage dans le temps /voir colonne de =–1 heure pour la première répétition, gauche = –x heures pour la deuxième répétition, W x correspondant à la période de W 1 2 dans le message SYNOP",,,,Operational
bufr4/3/02/085/6/020004,02,Séquences météorologiques communes aux données de surface,302085,Répétition différée de 5 descripteurs,,020004,Temps passé (1),,,,Operational
bufr4/3/02/085/7/020005,02,Séquences météorologiques communes aux données de surface,302085,Répétition différée de 5 descripteurs,,020005,"Temps passé (2) Intensité des précipitations, taille de l’élément de précipitations",,,,Operational
bufr4/3/02/085/8/101000,02,Séquences météorologiques communes aux données de surface,302085,Répétition différée de 5 descripteurs,,101000,Répétition différée de 1 descripteur,,,,Operational
bufr4/3/02/085/9/031000,02,Séquences météorologiques communes aux données de surface,302085,Répétition différée de 5 descripteurs,,031000,Facteur de répétition légèrement différée du descripteur,,,,Operational
bufr4/3/02/085/10/302175,02,Séquences météorologiques communes aux données de surface,302085,Répétition différée de 5 descripteurs,,302175,"Intensité des précipitations, taille de l’élément de précipitations Précipitations, obscurcissement et autres phénomènes",,,,Operational
bufr4/3/02/085/11/102000,02,Séquences météorologiques communes aux données de surface,302085,Répétition différée de 5 descripteurs,,102000,Répétition différée de 2 descripteurs,,,,Operational
bufr4/3/02/085/12/031000,02,Séquences météorologiques communes aux données de surface,302085,Répétition différée de 5 descripteurs,,031000,Facteur de répétition légèrement différée du descripteur,,,,Operational
bufr4/3/02/085/13/004025,02,Séquences météorologiques communes aux données de surface,302085,Répétition différée de 5 descripteurs,,004025,Période ou décalage dans le temps =–10 minutes,,,,Operational
bufr4/3/02/085/14/302076,02,Séquences météorologiques communes aux données de surface,302085,Répétition différée de 5 descripteurs,,302076,"Précipitations, obscurcissement et autres phénomènes Données sur la foudre",,,,Operational
bufr4/3/02/085/15/102000,02,Séquences météorologiques communes aux données de surface,302085,Répétition différée de 5 descripteurs,,102000,Répétition différée de 2 descripteurs,,,,Operational
bufr4/3/02/085/16/031000,02,Séquences météorologiques communes aux données de surface,302085,Répétition différée de 5 descripteurs,,031000,Facteur de répétition légèrement différée du descripteur,,,,Operational
bufr4/3/02/085/17/004025,02,Séquences météorologiques communes aux données de surface,302085,Répétition différée de 5 descripteurs,,004025,Période ou décalage dans le temps =–10 minutes,,,,Operational
bufr4/3/02/085/18/013059,02,Séquences météorologiques communes aux données de surface,302085,Répétition différée de 5 descripteurs,,013059,Nombre d’éclairs (orage) Données sur le vent,,,,Operational
bufr4/3/02/085/19/007032,02,Séquences météorologiques communes aux données de surface,302085,Répétition différée de 5 descripteurs,,007032,Hauteur du capteur au-dessus du sol (ou du pont sur une plate-forme marine),,,,Operational
bufr4/3/02/085/20/007033,02,Séquences météorologiques communes aux données de surface,302085,Répétition différée de 5 descripteurs,,007033,Hauteur du capteur au-dessus de la surface de l’eau,,,,Operational
bufr4/3/02/085/21/008021,02,Séquences météorologiques communes aux données de surface,302085,Répétition différée de 5 descripteurs,,008021,Caractéristique temporelle = 2 Moyenne sur une certaine période,(à suivre),,,Operational
bufr4/3/02/085/1/004025,02,Séquences météorologiques communes aux données de surface,302085,"Période ou décalage dans le temps =–10 minutes, ou nombre de minutes après un changement significatif du vent",,004025,"Période ou décalage dans le temps =–10 minutes, ou nombre de minutes après un changement significatif du vent",,,,Operational
bufr4/3/02/085/2/011001,02,Séquences météorologiques communes aux données de surface,302085,"Période ou décalage dans le temps =–10 minutes, ou nombre de minutes après un changement significatif du vent",,011001,Direction du vent,,,,Operational
bufr4/3/02/085/3/011002,02,Séquences météorologiques communes aux données de surface,302085,"Période ou décalage dans le temps =–10 minutes, ou nombre de minutes après un changement significatif du vent",,011002,Vitesse du vent,,,,Operational
bufr4/3/02/085/4/008021,02,Séquences météorologiques communes aux données de surface,302085,"Période ou décalage dans le temps =–10 minutes, ou nombre de minutes après un changement significatif du vent",,008021,Caractéristique temporelle Mis à valeur manquante,,,,Operational
bufr4/3/02/085/5/103003,02,Séquences météorologiques communes aux données de surface,302085,"Période ou décalage dans le temps =–10 minutes, ou nombre de minutes après un changement significatif du vent",,103003,Répéter 3 descripteurs 3 fois,,,,Operational
bufr4/3/02/085/6/004025,02,Séquences météorologiques communes aux données de surface,302085,"Période ou décalage dans le temps =–10 minutes, ou nombre de minutes après un changement significatif du vent",,004025,"Période ou décalage dans le temps /voir colonne de =–10 minutes pour la première gauche répétition, =–60 minutes pour la deuxième répétition, =–60x3 ou 60x6 minutes pour la troisième répétition",,,,Operational
bufr4/3/02/085/7/011043,02,Séquences météorologiques communes aux données de surface,302085,"Période ou décalage dans le temps =–10 minutes, ou nombre de minutes après un changement significatif du vent",,011043,Direction de la rafale maximale,,,,Operational
bufr4/3/02/085/8/011041,02,Séquences météorologiques communes aux données de surface,302085,"Période ou décalage dans le temps =–10 minutes, ou nombre de minutes après un changement significatif du vent",,011041,Vitesse de la rafale maximale,,,,Operational
bufr4/3/02/085/9/004025,02,Séquences météorologiques communes aux données de surface,302085,"Période ou décalage dans le temps =–10 minutes, ou nombre de minutes après un changement significatif du vent",,004025,Période ou décalage dans le temps =–10 minutes,,,,Operational
bufr4/3/02/085/10/011016,02,Séquences météorologiques communes aux données de surface,302085,"Période ou décalage dans le temps =–10 minutes, ou nombre de minutes après un changement significatif du vent",,011016,Direction du vent extrême dans le sens contraire des aiguilles d’une montre (vent variable),,,,Operational
bufr4/3/02/085/11/011017,02,Séquences météorologiques communes aux données de surface,302085,"Période ou décalage dans le temps =–10 minutes, ou nombre de minutes après un changement significatif du vent",,011017,Direction du vent extrême dans le sens des aiguilles d’une montre (vent variable) Données sur les températures extrêmes,,,,Operational
bufr4/3/02/085/12/302077,02,Séquences météorologiques communes aux données de surface,302085,"Période ou décalage dans le temps =–10 minutes, ou nombre de minutes après un changement significatif du vent",,302077,Données sur les extrêmes de température,,,,Operational
bufr4/3/02/085/13/007033,02,Séquences météorologiques communes aux données de surface,302085,"Période ou décalage dans le temps =–10 minutes, ou nombre de minutes après un changement significatif du vent",,007033,Hauteur du capteur au-dessus de la surface Mis à valeur de l’eau manquante (annuler),,,,Operational
bufr4/3/02/085/14/302041,02,Séquences météorologiques communes aux données de surface,302085,"Période ou décalage dans le temps =–10 minutes, ou nombre de minutes après un changement significatif du vent",,302041,Données sur les températures extrêmes Mesure des précipitations,,,,Operational
bufr4/3/02/085/15/106000,02,Séquences météorologiques communes aux données de surface,302085,"Période ou décalage dans le temps =–10 minutes, ou nombre de minutes après un changement significatif du vent",,106000,Répétition différée de 6 descripteurs,,,,Operational
bufr4/3/02/085/16/031000,02,Séquences météorologiques communes aux données de surface,302085,"Période ou décalage dans le temps =–10 minutes, ou nombre de minutes après un changement significatif du vent",,031000,Facteur de répétition légèrement différée du descripteur,,,,Operational
bufr4/3/02/085/17/007032,02,Séquences météorologiques communes aux données de surface,302085,"Période ou décalage dans le temps =–10 minutes, ou nombre de minutes après un changement significatif du vent",,007032,Hauteur du capteur au-dessus du sol (ou du pont sur une plate-forme marine),,,,Operational
bufr4/3/02/085/18/002175,02,Séquences météorologiques communes aux données de surface,302085,"Période ou décalage dans le temps =–10 minutes, ou nombre de minutes après un changement significatif du vent",,002175,Méthode de mesure des précipitations,,,,Operational
bufr4/3/02/085/19/002178,02,Séquences météorologiques communes aux données de surface,302085,"Période ou décalage dans le temps =–10 minutes, ou nombre de minutes après un changement significatif du vent",,002178,Méthode de mesure de la teneur en eau à l’état liquide des précipitations,,,,Operational
bufr4/3/02/085/20/102005,02,Séquences météorologiques communes aux données de surface,302085,"Période ou décalage dans le temps =–10 minutes, ou nombre de minutes après un changement significatif du vent",,102005,Répéter 2 descripteurs 5 fois,,,,Operational
bufr4/3/02/085/21/004024,02,Séquences météorologiques communes aux données de surface,302085,"Période ou décalage dans le temps =–10 minutes, ou nombre de minutes après un changement significatif du vent",,004024,"Période ou décalage dans le temps =–1 heure pour la première répétition, =–3,–6,–12 et–24 heures pour les autres répétitions",,,,Operational
bufr4/3/02/085/22/013011,02,Séquences météorologiques communes aux données de surface,302085,"Période ou décalage dans le temps =–10 minutes, ou nombre de minutes après un changement significatif du vent",,013011,Précipitations totales/valeur totale de l’équivalent en eau I. 2 – Table D/02 BUFR — 21,(à suivre),,,Operational
bufr4/3/02/085/1/007032,02,Séquences météorologiques communes aux données de surface,302085,Hauteur du capteur au-dessus du sol Mis à valeur (ou du pont sur une plate-forme marine) manquante (annuler) Données sur l’évaporation,,007032,Hauteur du capteur au-dessus du sol Mis à valeur (ou du pont sur une plate-forme marine) manquante (annuler) Données sur l’évaporation,,,,Operational
bufr4/3/02/085/2/103000,02,Séquences météorologiques communes aux données de surface,302085,Hauteur du capteur au-dessus du sol Mis à valeur (ou du pont sur une plate-forme marine) manquante (annuler) Données sur l’évaporation,,103000,Répétition différée de 3 descripteurs,,,,Operational
bufr4/3/02/085/3/031000,02,Séquences météorologiques communes aux données de surface,302085,Hauteur du capteur au-dessus du sol Mis à valeur (ou du pont sur une plate-forme marine) manquante (annuler) Données sur l’évaporation,,031000,Facteur de répétition légèrement différée du descripteur,,,,Operational
bufr4/3/02/085/4/002185,02,Séquences météorologiques communes aux données de surface,302085,Hauteur du capteur au-dessus du sol Mis à valeur (ou du pont sur une plate-forme marine) manquante (annuler) Données sur l’évaporation,,002185,Méthode de mesure de l’évaporation,,,,Operational
bufr4/3/02/085/5/101002,02,Séquences météorologiques communes aux données de surface,302085,Hauteur du capteur au-dessus du sol Mis à valeur (ou du pont sur une plate-forme marine) manquante (annuler) Données sur l’évaporation,,101002,Répéter 1 descripteur 2 fois,,,,Operational
bufr4/3/02/085/6/302044,02,Séquences météorologiques communes aux données de surface,302085,Hauteur du capteur au-dessus du sol Mis à valeur (ou du pont sur une plate-forme marine) manquante (annuler) Données sur l’évaporation,,302044,Données sur l’évaporation Données sur l’insolation totale,,,,Operational
bufr4/3/02/085/7/102000,02,Séquences météorologiques communes aux données de surface,302085,Hauteur du capteur au-dessus du sol Mis à valeur (ou du pont sur une plate-forme marine) manquante (annuler) Données sur l’évaporation,,102000,Répétition différée de 2 descripteurs,,,,Operational
bufr4/3/02/085/8/031000,02,Séquences météorologiques communes aux données de surface,302085,Hauteur du capteur au-dessus du sol Mis à valeur (ou du pont sur une plate-forme marine) manquante (annuler) Données sur l’évaporation,,031000,Facteur de répétition légèrement différée du descripteur,,,,Operational
bufr4/3/02/085/9/101002,02,Séquences météorologiques communes aux données de surface,302085,Hauteur du capteur au-dessus du sol Mis à valeur (ou du pont sur une plate-forme marine) manquante (annuler) Données sur l’évaporation,,101002,Répéter 1 descripteur 2 fois,,,,Operational
bufr4/3/02/085/10/302039,02,Séquences météorologiques communes aux données de surface,302085,Hauteur du capteur au-dessus du sol Mis à valeur (ou du pont sur une plate-forme marine) manquante (annuler) Données sur l’évaporation,,302039,Données sur l’insolation (sur une période d’une heure et de 24 heures) Données sur le rayonnement,,,,Operational
bufr4/3/02/085/11/102000,02,Séquences météorologiques communes aux données de surface,302085,Hauteur du capteur au-dessus du sol Mis à valeur (ou du pont sur une plate-forme marine) manquante (annuler) Données sur l’évaporation,,102000,Répétition différée de 2 descripteurs,,,,Operational
bufr4/3/02/085/12/031000,02,Séquences météorologiques communes aux données de surface,302085,Hauteur du capteur au-dessus du sol Mis à valeur (ou du pont sur une plate-forme marine) manquante (annuler) Données sur l’évaporation,,031000,Facteur de répétition légèrement différée du descripteur,,,,Operational
bufr4/3/02/085/13/101002,02,Séquences météorologiques communes aux données de surface,302085,Hauteur du capteur au-dessus du sol Mis à valeur (ou du pont sur une plate-forme marine) manquante (annuler) Données sur l’évaporation,,101002,Répéter 1 descripteur 2 fois,,,,Operational
bufr4/3/02/085/14/302045,02,Séquences météorologiques communes aux données de surface,302085,Hauteur du capteur au-dessus du sol Mis à valeur (ou du pont sur une plate-forme marine) manquante (annuler) Données sur l’évaporation,,302045,Données sur le rayonnement (sur une période d’une heure et de 24 heures) Variation de température groupe 54g s d 0 n T,,,,Operational
bufr4/3/02/085/15/101000,02,Séquences météorologiques communes aux données de surface,302085,Hauteur du capteur au-dessus du sol Mis à valeur (ou du pont sur une plate-forme marine) manquante (annuler) Données sur l’évaporation,,101000,Répétition différée de 1 descripteur,,,,Operational
bufr4/3/02/085/16/031000,02,Séquences météorologiques communes aux données de surface,302085,Hauteur du capteur au-dessus du sol Mis à valeur (ou du pont sur une plate-forme marine) manquante (annuler) Données sur l’évaporation,,031000,Facteur de répétition légèrement différée du descripteur,,,,Operational
bufr4/3/02/085/17/302046,02,Séquences météorologiques communes aux données de surface,302085,Hauteur du capteur au-dessus du sol Mis à valeur (ou du pont sur une plate-forme marine) manquante (annuler) Données sur l’évaporation,,302046,"Variation de température Statistiques de premier ordre – données sur la pression, le vent, la température et l’humidité",,,,Operational
bufr4/3/02/085/18/101000,02,Séquences météorologiques communes aux données de surface,302085,Hauteur du capteur au-dessus du sol Mis à valeur (ou du pont sur une plate-forme marine) manquante (annuler) Données sur l’évaporation,,101000,Répétition différée de 1 descripteur,,,,Operational
bufr4/3/02/085/19/031000,02,Séquences météorologiques communes aux données de surface,302085,Hauteur du capteur au-dessus du sol Mis à valeur (ou du pont sur une plate-forme marine) manquante (annuler) Données sur l’évaporation,,031000,Facteur de répétition légèrement différée du descripteur,,,,Operational
bufr4/3/02/085/20/302083,02,Séquences météorologiques communes aux données de surface,302085,Hauteur du capteur au-dessus du sol Mis à valeur (ou du pont sur une plate-forme marine) manquante (annuler) Données sur l’évaporation,,302083,"Statistiques de premier ordre – données sur la pression, le vent, la température et l’humidité (Informations sur les acridiens)",,,,Operational
bufr4/3/02/089/1/020101,02,Séquences météorologiques communes aux données de surface,302089,Nom de l’acridien L n,,020101,Nom de l’acridien L n,,,,Operational
bufr4/3/02/089/2/020102,02,Séquences météorologiques communes aux données de surface,302089,Nom de l’acridien L n,,020102,Couleur de l’acridien (maturité) L c,,,,Operational
bufr4/3/02/089/3/020103,02,Séquences météorologiques communes aux données de surface,302089,Nom de l’acridien L n,,020103,Stade de développement des acridiens L d,,,,Operational
bufr4/3/02/089/4/020104,02,Séquences météorologiques communes aux données de surface,302089,Nom de l’acridien L n,,020104,Degré d’organisation de l’essaim ou L g de la bande d’acridiens,,,,Operational
bufr4/3/02/089/5/020105,02,Séquences météorologiques communes aux données de surface,302089,Nom de l’acridien L n,,020105,Dimension de l’essaim ou de la bande s L d’acridiens et durée du passage de l’essaim,,,,Operational
bufr4/3/02/089/6/020106,02,Séquences météorologiques communes aux données de surface,302089,Nom de l’acridien L n,,020106,Densité de la population d’acridiens d L,(à suivre),,,Operational
bufr4/3/02/089/1/020107,02,Séquences météorologiques communes aux données de surface,302089,Direction du déplacement de l’essaim D d’acridiens,,020107,Direction du déplacement de l’essaim D d’acridiens,L,,,Operational
bufr4/3/02/089/2/020108,02,Séquences météorologiques communes aux données de surface,302089,Direction du déplacement de l’essaim D d’acridiens,,020108,Étendue de la végétation v e (Température de la mer/de l’eau de grande précision),,,,Operational
bufr4/3/02/090/1/002038,02,Séquences météorologiques communes aux données de surface,302090,Méthode de mesure de la température et/ou de la salinité de l’eau,,002038,Méthode de mesure de la température et/ou de la salinité de l’eau,,,,Operational
bufr4/3/02/090/2/007063,02,Séquences météorologiques communes aux données de surface,302090,Méthode de mesure de la température et/ou de la salinité de l’eau,,007063,Profondeur sous la surface de la mer/ Mesure de la de l’eau (cm) température de surface de la mer,,,,Operational
bufr4/3/02/090/3/022045,02,Séquences météorologiques communes aux données de surface,302090,Méthode de mesure de la température et/ou de la salinité de l’eau,,022045,Température de la mer/de l’eau (Séquence pour la représentation des observations météorologiques annexes),,,,Operational
bufr4/3/02/091/1/020001,02,Séquences météorologiques communes aux données de surface,302091,Visibilité horizontale,,020001,Visibilité horizontale,,,,Operational
bufr4/3/02/091/2/004024,02,Séquences météorologiques communes aux données de surface,302091,Visibilité horizontale,,004024,Période ou décalage dans le temps,,,,Operational
bufr4/3/02/091/3/013011,02,Séquences météorologiques communes aux données de surface,302091,Visibilité horizontale,,013011,Précipitations totales/valeur totale de l’équivalent en eau (Éléments de données VOSClim),,,,Operational
bufr4/3/02/092/1/011104,02,Séquences météorologiques communes aux données de surface,302092,"Cap vrai de l’aéronef, du navire ou de Cap vrai du navire la plate-forme mobile",,011104,"Cap vrai de l’aéronef, du navire ou de Cap vrai du navire la plate-forme mobile",,,,Operational
bufr4/3/02/092/2/001012,02,Séquences météorologiques communes aux données de surface,302092,"Cap vrai de l’aéronef, du navire ou de Cap vrai du navire la plate-forme mobile",,001012,Direction de déplacement de la plate-forme Trajectoire du d’observation mobile navire par rapport au sol,,,,Operational
bufr4/3/02/092/3/001013,02,Séquences météorologiques communes aux données de surface,302092,"Cap vrai de l’aéronef, du navire ou de Cap vrai du navire la plate-forme mobile",,001013,Vitesse de déplacement de la plate-forme Vitesse du navire d’observation mobile par rapport au sol,,,,Operational
bufr4/3/02/092/4/010038,02,Séquences météorologiques communes aux données de surface,302092,"Cap vrai de l’aéronef, du navire ou de Cap vrai du navire la plate-forme mobile",,010038,Hauteur maximale de la pontée au-dessus de la ligne de charge d’été,,,,Operational
bufr4/3/02/092/5/010039,02,Séquences météorologiques communes aux données de surface,302092,"Cap vrai de l’aéronef, du navire ou de Cap vrai du navire la plate-forme mobile",,010039,Écart entre le niveau de référence (ligne de charge d’été maximale) et le niveau réel de la mer,,,,Operational
bufr4/3/02/092/6/011007,02,Séquences météorologiques communes aux données de surface,302092,"Cap vrai de l’aéronef, du navire ou de Cap vrai du navire la plate-forme mobile",,011007,Direction du vent relatif (en degrés par rapport à la position de la proue),,,,Operational
bufr4/3/02/092/7/011008,02,Séquences météorologiques communes aux données de surface,302092,"Cap vrai de l’aéronef, du navire ou de Cap vrai du navire la plate-forme mobile",,011008,Vitesse du vent relatif (Données supplémentaires sur la température et l’humidité depuis le navire),,,,Operational
bufr4/3/02/093/1/007032,02,Séquences météorologiques communes aux données de surface,302093,Hauteur du capteur au-dessus du sol (ou du pont sur une plate-forme marine),,007032,Hauteur du capteur au-dessus du sol (ou du pont sur une plate-forme marine),,,,Operational
bufr4/3/02/093/2/007033,02,Séquences météorologiques communes aux données de surface,302093,Hauteur du capteur au-dessus du sol (ou du pont sur une plate-forme marine),,007033,Hauteur du capteur au-dessus de la surface de l’eau,,,,Operational
bufr4/3/02/093/3/303099,02,Séquences météorologiques communes aux données de surface,302093,Hauteur du capteur au-dessus du sol (ou du pont sur une plate-forme marine),,303099,Métadonnées communes aux capteurs de température/d’humidité,,,,Operational
bufr4/3/02/093/4/012101,02,Séquences météorologiques communes aux données de surface,302093,Hauteur du capteur au-dessus du sol (ou du pont sur une plate-forme marine),,012101,Température/température de l’air,,,,Operational
bufr4/3/02/093/5/103000,02,Séquences météorologiques communes aux données de surface,302093,Hauteur du capteur au-dessus du sol (ou du pont sur une plate-forme marine),,103000,Répétition différée de 3 descripteurs I. 2 – Table D/02 BUFR — 23,(à suivre),,,Operational
bufr4/3/02/093/1/031000,02,Séquences météorologiques communes aux données de surface,302093,"Facteur de répétition légèrement différée Chiffré 0 si rien du descripteur n’a changé par rapport aux valeurs précédentes, 1 en cas de changement",,031000,"Facteur de répétition légèrement différée Chiffré 0 si rien du descripteur n’a changé par rapport aux valeurs précédentes, 1 en cas de changement",,,,Operational
bufr4/3/02/093/2/007032,02,Séquences météorologiques communes aux données de surface,302093,"Facteur de répétition légèrement différée Chiffré 0 si rien du descripteur n’a changé par rapport aux valeurs précédentes, 1 en cas de changement",,007032,Hauteur du capteur au-dessus du sol (ou du pont sur une plate-forme marine),,,,Operational
bufr4/3/02/093/3/007033,02,Séquences météorologiques communes aux données de surface,302093,"Facteur de répétition légèrement différée Chiffré 0 si rien du descripteur n’a changé par rapport aux valeurs précédentes, 1 en cas de changement",,007033,Hauteur du capteur au-dessus de la surface de l’eau,,,,Operational
bufr4/3/02/093/4/303099,02,Séquences météorologiques communes aux données de surface,302093,"Facteur de répétition légèrement différée Chiffré 0 si rien du descripteur n’a changé par rapport aux valeurs précédentes, 1 en cas de changement",,303099,Métadonnées communes aux capteurs de température/d’humidité,,,,Operational
bufr4/3/02/093/5/002039,02,Séquences météorologiques communes aux données de surface,302093,"Facteur de répétition légèrement différée Chiffré 0 si rien du descripteur n’a changé par rapport aux valeurs précédentes, 1 en cas de changement",,002039,Méthode de mesure de la température du thermomètre mouillé,,,,Operational
bufr4/3/02/093/6/002097,02,Séquences météorologiques communes aux données de surface,302093,"Facteur de répétition légèrement différée Chiffré 0 si rien du descripteur n’a changé par rapport aux valeurs précédentes, 1 en cas de changement",,002097,Type de capteur d’humidité,,,,Operational
bufr4/3/02/093/7/003024,02,Séquences météorologiques communes aux données de surface,302093,"Facteur de répétition légèrement différée Chiffré 0 si rien du descripteur n’a changé par rapport aux valeurs précédentes, 1 en cas de changement",,003024,Coefficient psychrométrique Chiffré comme valeur manquante si le capteur d’humidité n’est pas un psychromètre,,,,Operational
bufr4/3/02/093/8/003021,02,Séquences météorologiques communes aux données de surface,302093,"Facteur de répétition légèrement différée Chiffré 0 si rien du descripteur n’a changé par rapport aux valeurs précédentes, 1 en cas de changement",,003021,Chauffage de l’hygromètre,,,,Operational
bufr4/3/02/093/9/012102,02,Séquences météorologiques communes aux données de surface,302093,"Facteur de répétition légèrement différée Chiffré 0 si rien du descripteur n’a changé par rapport aux valeurs précédentes, 1 en cas de changement",,012102,Température du thermomètre mouillé,,,,Operational
bufr4/3/02/093/10/012103,02,Séquences météorologiques communes aux données de surface,302093,"Facteur de répétition légèrement différée Chiffré 0 si rien du descripteur n’a changé par rapport aux valeurs précédentes, 1 en cas de changement",,012103,Point de rosée,,,,Operational
bufr4/3/02/093/11/013003,02,Séquences météorologiques communes aux données de surface,302093,"Facteur de répétition légèrement différée Chiffré 0 si rien du descripteur n’a changé par rapport aux valeurs précédentes, 1 en cas de changement",,013003,Humidité relative,,,,Operational
bufr4/3/02/093/12/007032,02,Séquences météorologiques communes aux données de surface,302093,"Facteur de répétition légèrement différée Chiffré 0 si rien du descripteur n’a changé par rapport aux valeurs précédentes, 1 en cas de changement",,007032,Hauteur du capteur au-dessus du sol Mis à valeur (ou du pont sur une plate-forme marine) manquante (annuler),,,,Operational
bufr4/3/02/093/13/007033,02,Séquences météorologiques communes aux données de surface,302093,"Facteur de répétition légèrement différée Chiffré 0 si rien du descripteur n’a changé par rapport aux valeurs précédentes, 1 en cas de changement",,007033,Hauteur du capteur au-dessus de la surface Mis à valeur de l’eau manquante (annuler),,,,Operational
bufr4/3/02/093/14/303099,02,Séquences météorologiques communes aux données de surface,302093,"Facteur de répétition légèrement différée Chiffré 0 si rien du descripteur n’a changé par rapport aux valeurs précédentes, 1 en cas de changement",,303099,Métadonnées communes aux capteurs de Tous les éléments température/d’humidité successifs sont chiffrés comme valeur manquante (annuler),,,,Operational
bufr4/3/02/093/15/002039,02,Séquences météorologiques communes aux données de surface,302093,"Facteur de répétition légèrement différée Chiffré 0 si rien du descripteur n’a changé par rapport aux valeurs précédentes, 1 en cas de changement",,002039,Méthode de mesure de la température du Mis à valeur thermomètre mouillé manquante (annuler),,,,Operational
bufr4/3/02/093/16/002097,02,Séquences météorologiques communes aux données de surface,302093,"Facteur de répétition légèrement différée Chiffré 0 si rien du descripteur n’a changé par rapport aux valeurs précédentes, 1 en cas de changement",,002097,Type de capteur d’humidité Mis à valeur manquante (annuler),,,,Operational
bufr4/3/02/093/17/003021,02,Séquences météorologiques communes aux données de surface,302093,"Facteur de répétition légèrement différée Chiffré 0 si rien du descripteur n’a changé par rapport aux valeurs précédentes, 1 en cas de changement",,003021,Chauffage de l’hygromètre Mis à valeur manquante (annuler),,,,Operational
bufr4/3/02/093/18/003024,02,Séquences météorologiques communes aux données de surface,302093,"Facteur de répétition légèrement différée Chiffré 0 si rien du descripteur n’a changé par rapport aux valeurs précédentes, 1 en cas de changement",,003024,Coefficient psychrométrique Mis à valeur manquante (annuler),(à suivre),,,Operational
bufr4/3/02/175/1/008021,02,Séquences météorologiques communes aux données de surface,302175,Caractéristique temporelle,,008021,Caractéristique temporelle,,,,Operational
bufr4/3/02/175/2/004025,02,Séquences météorologiques communes aux données de surface,302175,Caractéristique temporelle,,004025,Période ou décalage dans le temps,,,,Operational
bufr4/3/02/175/3/013155,02,Séquences météorologiques communes aux données de surface,302175,Caractéristique temporelle,,013155,Intensité des précipitations (précision élevée),,,,Operational
bufr4/3/02/175/4/013058,02,Séquences météorologiques communes aux données de surface,302175,Caractéristique temporelle,,013058,Diamètre des particules formant les précipitations,,,,Operational
bufr4/3/02/175/5/008021,02,Séquences météorologiques communes aux données de surface,302175,Caractéristique temporelle,,008021,Caractéristique temporelle Si la période se termine à I. 2 – Table D/02 BUFR — 25,. Si la période,,,Operational
