Id,FXY,ElementName_fr,CodeFigure,EntryName_fr,EntryName_sub1_fr,EntryName_sub2_fr,Note_fr,noteIDs,Status,translated_by
bufr4/0/02/001/0,2001,Type de station,0,Station automatique,,,,,Operational,Original
bufr4/0/02/001/1,2001,Type de station,1,Station dotée de personnel,,,,,Operational,Original
bufr4/0/02/001/2,2001,Type de station,2,Station mixte: automatique et dotée de personnel,,,,,Operational,Original
bufr4/0/02/001/3,2001,Type de station,3,Valeur manquante,,,,,Operational,Original
bufr4/0/02/002/1,2002,Type d'instrument pour la mesure du vent,1,Instruments homologués,,,,,Operational,Original
bufr4/0/02/002/2,2002,Type d'instrument pour la mesure du vent,2,Mesuré initialement en nœuds,,,,,Operational,Original
bufr4/0/02/002/3,2002,Type d'instrument pour la mesure du vent,3,Mesuré initialement en km h–1,,,,,Operational,Original
bufr4/0/02/002/All-4,2002,Type d'instrument pour la mesure du vent,All 4,Valeur manquante,,,,,Operational,Original
bufr4/0/02/003/0,2003,Type d'équipement de mesure utilisé,0,Instruments de mesure de la pression associés à l'équipement de mesure du vent,,,,,Operational,Original
bufr4/0/02/003/1,2003,Type d'équipement de mesure utilisé,1,Théodolite optique,,,,,Operational,Original
bufr4/0/02/003/2,2003,Type d'équipement de mesure utilisé,2,Radiothéodolite,,,,,Operational,Original
bufr4/0/02/003/3,2003,Type d'équipement de mesure utilisé,3,Radar,,,,,Operational,Original
bufr4/0/02/003/4,2003,Type d'équipement de mesure utilisé,4,Système Oméga en ondes myriamétriques,,,,,Operational,Original
bufr4/0/02/003/5,2003,Type d'équipement de mesure utilisé,5,Loran-C,,,,,Operational,Original
bufr4/0/02/003/6,2003,Type d'équipement de mesure utilisé,6,Profileur de vent,,,,,Operational,Original
bufr4/0/02/003/7,2003,Type d'équipement de mesure utilisé,7,Localisation par satellite,,,,,Operational,Original
bufr4/0/02/003/8,2003,Type d'équipement de mesure utilisé,8,Système de sondage radio-acoustique (RASS),,,,,Operational,Original
bufr4/0/02/003/9,2003,Type d'équipement de mesure utilisé,9,Sodar,,,,,Operational,Original
bufr4/0/02/003/10,2003,Type d'équipement de mesure utilisé,10,Lidar,,,,,Operational,Original
bufr4/0/02/003/11-13,2003,Type d'équipement de mesure utilisé,11-13,En réserve,,,,,Operational,Original
bufr4/0/02/003/14,2003,Type d'équipement de mesure utilisé,14,"Instruments de mesure de la pression associés à l'équipement de mesure du vent, mais les instruments de mesure de la pression sont tombés en panne pendant la montée",,,,,Operational,Original
bufr4/0/02/003/15,2003,Type d'équipement de mesure utilisé,15,Valeur manquante,,,,,Operational,Original
bufr4/0/02/004/0,2004,Type d'instrument utilisé pour la mesure de l'évaporation ou type de culture pour lequel est indiquée l'évapotranspiration Instrument ou type de culture Type de données,0,Bac ouvert américain (non couvert),Évaporation,,,,Operational,Original
bufr4/0/02/004/1,2004,Type d'instrument utilisé pour la mesure de l'évaporation ou type de culture pour lequel est indiquée l'évapotranspiration Instrument ou type de culture Type de données,1,Bac ouvert américain (couvert d'un treillis),Évaporation,,,,Operational,Original
bufr4/0/02/004/2,2004,Type d'instrument utilisé pour la mesure de l'évaporation ou type de culture pour lequel est indiquée l'évapotranspiration Instrument ou type de culture Type de données,2,Evaporomètre GGI-3000 (bac enterré),Évaporation,,,,Operational,Original
bufr4/0/02/004/3,2004,Type d'instrument utilisé pour la mesure de l'évaporation ou type de culture pour lequel est indiquée l'évapotranspiration Instrument ou type de culture Type de données,3,Bassin de 20 m2,Évaporation,,,,Operational,Original
bufr4/0/02/004/4,2004,Type d'instrument utilisé pour la mesure de l'évaporation ou type de culture pour lequel est indiquée l'évapotranspiration Instrument ou type de culture Type de données,4,Autres instruments,Évaporation,,,,Operational,Original
bufr4/0/02/004/5,2004,Type d'instrument utilisé pour la mesure de l'évaporation ou type de culture pour lequel est indiquée l'évapotranspiration Instrument ou type de culture Type de données,5,Riz,Évapotranspiration,,,,Operational,Original
bufr4/0/02/004/6,2004,Type d'instrument utilisé pour la mesure de l'évaporation ou type de culture pour lequel est indiquée l'évapotranspiration Instrument ou type de culture Type de données,6,Blé,Évapotranspiration,,,,Operational,Original
bufr4/0/02/004/7,2004,Type d'instrument utilisé pour la mesure de l'évaporation ou type de culture pour lequel est indiquée l'évapotranspiration Instrument ou type de culture Type de données,7,Maïs,Évapotranspiration,,,,Operational,Original
bufr4/0/02/004/8,2004,Type d'instrument utilisé pour la mesure de l'évaporation ou type de culture pour lequel est indiquée l'évapotranspiration Instrument ou type de culture Type de données,8,Sorgho,Évapotranspiration,,,,Operational,Original
bufr4/0/02/004/9,2004,Type d'instrument utilisé pour la mesure de l'évaporation ou type de culture pour lequel est indiquée l'évapotranspiration Instrument ou type de culture Type de données,9,Autres cultures,Évapotranspiration,,,,Operational,Original
bufr4/0/02/004/10-14,2004,Type d'instrument utilisé pour la mesure de l'évaporation ou type de culture pour lequel est indiquée l'évapotranspiration Instrument ou type de culture Type de données,10-14,En réserve,Évapotranspiration,,,,Operational,Original
bufr4/0/02/004/15,2004,Type d'instrument utilisé pour la mesure de l'évaporation ou type de culture pour lequel est indiquée l'évapotranspiration Instrument ou type de culture Type de données,15,Valeur manquante,,,,,Operational,Original
bufr4/0/02/007/0,2007,Type de capteur pour les instruments de mesure de la hauteur d'eau,0,En réserve,,,,,Operational,Original
bufr4/0/02/007/1,2007,Type de capteur pour les instruments de mesure de la hauteur d'eau,1,Codeur rotatif et flotteur,,,,,Operational,Original
bufr4/0/02/007/2,2007,Type de capteur pour les instruments de mesure de la hauteur d'eau,2,Ultrasons,,,,,Operational,Original
bufr4/0/02/007/3,2007,Type de capteur pour les instruments de mesure de la hauteur d'eau,3,Radar,,,,,Operational,Original
bufr4/0/02/007/4,2007,Type de capteur pour les instruments de mesure de la hauteur d'eau,4,Pression (transducteur unique),,,,,Operational,Original
bufr4/0/02/007/5,2007,Type de capteur pour les instruments de mesure de la hauteur d'eau,5,Pression (transducteur multiple),,,,,Operational,Original
bufr4/0/02/007/6,2007,Type de capteur pour les instruments de mesure de la hauteur d'eau,6,Pression (puits de limnigraphe),,,,,Operational,Original
bufr4/0/02/007/7,2007,Type de capteur pour les instruments de mesure de la hauteur d'eau,7,Pression (système «bulle à bulle»),,,,,Operational,Original
bufr4/0/02/007/8,2007,Type de capteur pour les instruments de mesure de la hauteur d'eau,8,Acoustique (tube de sonde),,,,,Operational,Original
bufr4/0/02/007/9,2007,Type de capteur pour les instruments de mesure de la hauteur d'eau,9,Acoustique (à l'air libre),,,,,Operational,Original
bufr4/0/02/007/10-62,2007,Type de capteur pour les instruments de mesure de la hauteur d'eau,10-62,En réserve,,,,,Operational,Original
bufr4/0/02/007/63,2007,Type de capteur pour les instruments de mesure de la hauteur d'eau,63,Valeur manquante,,,,,Operational,Original
bufr4/0/02/008/0,2008,Type de plate-forme en mer,0,Plate-forme fixe,,,,,Operational,Original
bufr4/0/02/008/1,2008,Type de plate-forme en mer,1,Navire de forage constituant une plate-forme mobile,,,,,Operational,Original
bufr4/0/02/008/2,2008,Type de plate-forme en mer,2,Plate-forme à vérins,,,,,Operational,Original
bufr4/0/02/008/3,2008,Type de plate-forme en mer,3,Plate-forme semi-submersible,,,,,Operational,Original
bufr4/0/02/008/4,2008,Type de plate-forme en mer,4,"Unité flottante de production, stockage et déchargement (FPSO)",,,,,Operational,Original
bufr4/0/02/008/5,2008,Type de plate-forme en mer,5,Bateau-feu,,,,,Operational,Original
bufr4/0/02/008/6-14,2008,Type de plate-forme en mer,6-14,En réserve,,,,,Operational,Original
bufr4/0/02/008/15,2008,Type de plate-forme en mer,15,Valeur manquante,,,,,Operational,Original
bufr4/0/02/011,2011,Type de radiosonde (Voir la table de code commune C–2 dans la Partie C/c.),,,,,,,Operational,Original
bufr4/0/02/012,2012,Méthode de calcul des données de radiosondage (À établir),,,,,,,Operational,Original
bufr4/0/02/013/0,2013,Correction du rayonnement solaire et infrarouge,0,Pas de correction,,,,,Operational,Original
bufr4/0/02/013/1,2013,Correction du rayonnement solaire et infrarouge,1,Correction solaire CIMO et correction infrarouge CIMO,,,,,Operational,Original
bufr4/0/02/013/2,2013,Correction du rayonnement solaire et infrarouge,2,Correction solaire CIMO et correction infrarouge,,,,,Operational,Original
bufr4/0/02/013/3,2013,Correction du rayonnement solaire et infrarouge,3,Correction solaire CIMO seulement,,,,,Operational,Original
bufr4/0/02/013/4,2013,Correction du rayonnement solaire et infrarouge,4,Correction solaire et infrarouge automatique par système de radiosonde,,,,,Operational,Original
bufr4/0/02/013/5,2013,Correction du rayonnement solaire et infrarouge,5,Correction solaire automatique par système de radiosonde,,,,,Operational,Original
bufr4/0/02/013/6,2013,Correction du rayonnement solaire et infrarouge,6,"Correction solaire et infrarouge, selon indications données par pays",,,,,Operational,Original
bufr4/0/02/013/7,2013,Correction du rayonnement solaire et infrarouge,7,"Correction solaire, selon indications données par pays",,,,,Operational,Original
bufr4/0/02/013/8,2013,Correction du rayonnement solaire et infrarouge,8,"Correction du rayonnement solaire et infrarouge, selon les indications du GRUAN",,,,,Operational,Original
bufr4/0/02/013/9,2013,Correction du rayonnement solaire et infrarouge,9,"Correction du rayonnement solaire, selon les indications du GRUAN",,,,,Operational,Original
bufr4/0/02/013/10-14,2013,Correction du rayonnement solaire et infrarouge,10-14,En réserve,,,,,Operational,Original
bufr4/0/02/013/15,2013,Correction du rayonnement solaire et infrarouge,15,Valeur manquante,,,,,Operational,Original
bufr4/0/02/014,2014,Technique de poursuite/état du système utilisé (Voir la table de code commune C–7 dans la Partie C/c.),,,,,,,Operational,Original
bufr4/0/02/015/0,2015,Degré d'équipement de la radiosonde,0,En réserve,,,,,Operational,Original
bufr4/0/02/015/1,2015,Degré d'équipement de la radiosonde,1,Radiosonde uniquement pour la mesure de la pression,,,,,Operational,Original
bufr4/0/02/015/2,2015,Degré d'équipement de la radiosonde,2,"Radiosonde uniquement pour la mesure de la pression, équipée d'un transpondeur",,,,,Operational,Original
bufr4/0/02/015/3,2015,Degré d'équipement de la radiosonde,3,"Radiosonde uniquement pour la mesure de la pression, équipée d'un réflecteur radar",,,,,Operational,Original
bufr4/0/02/015/4,2015,Degré d'équipement de la radiosonde,4,"Radiosonde ne mesurant pas la pression, équipée d'un transpondeur",,,,,Operational,Original
bufr4/0/02/015/5,2015,Degré d'équipement de la radiosonde,5,"Radiosonde ne mesurant pas la pression, équipée d'un réflecteur radar",,,,,Operational,Original
bufr4/0/02/015/6-14,2015,Degré d'équipement de la radiosonde,6-14,En réserve,,,,,Operational,Original
bufr4/0/02/015/15,2015,Degré d'équipement de la radiosonde,15,Valeur manquante,,,,,Operational,Original
bufr4/0/02/016/1,2016,Configuration de la radiosonde,1,Régulateur de traîne,,,,,Operational,Original
bufr4/0/02/016/2,2016,Configuration de la radiosonde,2,Charge légère,,,,,Operational,Original
bufr4/0/02/016/3,2016,Configuration de la radiosonde,3,Parachute,,,,,Operational,Original
bufr4/0/02/016/4,2016,Configuration de la radiosonde,4,Lâcher à partir d'un toit,,,,,Operational,Original
bufr4/0/02/016/All-5,2016,Configuration de la radiosonde,All 5,Valeur manquante,,,,,Operational,Original
bufr4/0/02/017/0,2017,Algorithmes de correction pour les mesures d'humidité,0,Pas de correction,,,,,Operational,Original
bufr4/0/02/017/1,2017,Algorithmes de correction pour les mesures d'humidité,1,Correction du décalage dans le temps fournie par le fabricant,,,,,Operational,Original
bufr4/0/02/017/2,2017,Algorithmes de correction pour les mesures d'humidité,2,Correction du rayonnement solaire fournie par le fabricant,,,,,Operational,Original
bufr4/0/02/017/3,2017,Algorithmes de correction pour les mesures d'humidité,3,Correction du rayonnement solaire et du décalage dans le temps fournie par le fabricant,,,,,Operational,Original
bufr4/0/02/017/4-6,2017,Algorithmes de correction pour les mesures d'humidité,4-6,En réserve,,,,,Operational,Original
bufr4/0/02/017/7,2017,Algorithmes de correction pour les mesures d'humidité,7,"Correction du rayonnement solaire et du décalage dans le temps, selon les indications du GRUAN",,,,,Operational,Original
bufr4/0/02/017/8-30,2017,Algorithmes de correction pour les mesures d'humidité,8-30,En réserve,,,,,Operational,Original
bufr4/0/02/017/31,2017,Algorithmes de correction pour les mesures d'humidité,31,Valeur manquante,,,,,Operational,Original
bufr4/0/02/019,2019,Instruments satellitaires (Voir la table de code commune C–8 dans la Partie C/c.),,,,,,,Operational,Original
bufr4/0/02/020/0,2020,Classification des satellites,0,Nimbus,,,,,Operational,Original
bufr4/0/02/020/1,2020,Classification des satellites,1,VTPR,,,,,Operational,Original
bufr4/0/02/020/2,2020,Classification des satellites,2,"Tiros 1 (Tiros, NOAA–6 à NOAA–13)",,,,,Operational,Original
bufr4/0/02/020/3,2020,Classification des satellites,3,Tiros 2 (NOAA–14 et suivants),,,,,Operational,Original
bufr4/0/02/020/10,2020,Classification des satellites,10,EOS,,,,,Operational,Original
bufr4/0/02/020/20,2020,Classification des satellites,20,GPM–core,,,,,Operational,Original
bufr4/0/02/020/31,2020,Classification des satellites,31,DMSP,,,,,Operational,Original
bufr4/0/02/020/61,2020,Classification des satellites,61,Système polaire EUMETSAT (EPS),,,,,Operational,Original
bufr4/0/02/020/91,2020,Classification des satellites,91,ERS,,,,,Operational,Original
bufr4/0/02/020/92,2020,Classification des satellites,92,Sentinel–3,,,,,Operational,Original
bufr4/0/02/020/121,2020,Classification des satellites,121,ADEOS,,,,,Operational,Original
bufr4/0/02/020/122,2020,Classification des satellites,122,GCOM,,,,,Operational,Original
bufr4/0/02/020/241,2020,Classification des satellites,241,GOES,,,,,Operational,Original
bufr4/0/02/020/261,2020,Classification des satellites,261,JASON,,,,,Operational,Original
bufr4/0/02/020/271,2020,Classification des satellites,271,GMS,,,,,Operational,Original
bufr4/0/02/020/272,2020,Classification des satellites,272,MTSAT,,,,,Operational,Original
bufr4/0/02/020/273,2020,Classification des satellites,273,Himawari,,,,,Operational,Original
bufr4/0/02/020/281,2020,Classification des satellites,281,COMS,,,,,Operational,Original
bufr4/0/02/020/301,2020,Classification des satellites,301,INSAT,,,,,Operational,Original
bufr4/0/02/020/331,2020,Classification des satellites,331,Programme opérationnel METEOSAT (MOP),,,,,Operational,Original
bufr4/0/02/020/332,2020,Classification des satellites,332,Programme METEOSAT de transition (MTP),,,,,Operational,Original
bufr4/0/02/020/333,2020,Classification des satellites,333,Programme de satellites METEOSAT de la seconde génération (MSG),,,,,Operational,Original
bufr4/0/02/020/351,2020,Classification des satellites,351,GOMS,,,,,Operational,Original
bufr4/0/02/020/380,2020,Classification des satellites,380,FY–1,,,,,Operational,Original
bufr4/0/02/020/381,2020,Classification des satellites,381,FY–2,,,,,Operational,Original
bufr4/0/02/020/382,2020,Classification des satellites,382,FY–3,,,,,Operational,Original
bufr4/0/02/020/383,2020,Classification des satellites,383,FY–4,,,,,Operational,Original
bufr4/0/02/020/384-400,2020,Classification des satellites,384-400,En réserve,,,,,Operational,Original
bufr4/0/02/020/401,2020,Classification des satellites,401,GPS,,,,,Operational,Original
bufr4/0/02/020/402,2020,Classification des satellites,402,GLONASS,,,,,Operational,Original
bufr4/0/02/020/403,2020,Classification des satellites,403,GALILEO,,,,,Operational,Original
bufr4/0/02/020/404,2020,Classification des satellites,404,BDS (Système de navigation par satellite Beidou),,,,,Operational,Original
bufr4/0/02/020/405-510,2020,Classification des satellites,405-510,En réserve,,,,,Operational,Original
bufr4/0/02/020/511,2020,Classification des satellites,511,Valeur manquante,,,,,Operational,Original
bufr4/0/02/021/1,2021,Données instrumentales satellitaires utilisées dans le traitement,1,Sondeur en infrarouge à grand pouvoir séparateur (HIRS),,,,,Operational,Original
bufr4/0/02/021/2,2021,Données instrumentales satellitaires utilisées dans le traitement,2,Sondeur à hyperfréquence (MSU),,,,,Operational,Original
bufr4/0/02/021/3,2021,Données instrumentales satellitaires utilisées dans le traitement,3,Sondeur stratosphérique (SSU),,,,,Operational,Original
bufr4/0/02/021/4,2021,Données instrumentales satellitaires utilisées dans le traitement,4,AMI mode vent,,,,,Operational,Original
bufr4/0/02/021/5,2021,Données instrumentales satellitaires utilisées dans le traitement,5,AMI mode onde,,,,,Operational,Original
bufr4/0/02/021/6,2021,Données instrumentales satellitaires utilisées dans le traitement,6,AMI mode image,,,,,Operational,Original
bufr4/0/02/021/7,2021,Données instrumentales satellitaires utilisées dans le traitement,7,Altimètre RADAR,,,,,Operational,Original
bufr4/0/02/021/8,2021,Données instrumentales satellitaires utilisées dans le traitement,8,ATSR (radiomètre à balayage dans le sens de la trace au sol),,,,,Operational,Original
bufr4/0/02/021/All-9,2021,Données instrumentales satellitaires utilisées dans le traitement,All 9,Valeur manquante,,,,,Operational,Original
bufr4/0/02/022/1,2022,Technique utilisée pour le traitement des données satellitaires,1,Technique de traitement non définie,,,,,Operational,Original
bufr4/0/02/022/2,2022,Technique utilisée pour le traitement des données satellitaires,2,Régression statistique automatique,,,,,Operational,Original
bufr4/0/02/022/3,2022,Technique utilisée pour le traitement des données satellitaires,3,Mesure ciel clair,,,(voir Note 2),28,Operational,Original
bufr4/0/02/022/4,2022,Technique utilisée pour le traitement des données satellitaires,4,Mesure ciel partiellement couvert,,,(voir Note 3),62,Operational,Original
bufr4/0/02/022/5,2022,Technique utilisée pour le traitement des données satellitaires,5,Mesure ciel couvert,,,(voir Note 4),30,Operational,Original
bufr4/0/02/022/6-7,2022,Technique utilisée pour le traitement des données satellitaires,6-7,En réserve,,,,,Operational,Original
bufr4/0/02/022/All-8,2022,Technique utilisée pour le traitement des données satellitaires,All 8,Valeur manquante,,,,,Operational,Original
bufr4/0/02/023/0,2023,Méthode de calcul du vent à partir de données satellitaires,0,En réserve,,,,,Operational,Original
bufr4/0/02/023/1,2023,Méthode de calcul du vent à partir de données satellitaires,1,Vent dérivé du déplacement des nuages observé dans le canal infrarouge,,,,,Operational,Original
bufr4/0/02/023/2,2023,Méthode de calcul du vent à partir de données satellitaires,2,Vent dérivé du déplacement des nuages observé dans le canal visible,,,,,Operational,Original
bufr4/0/02/023/3,2023,Méthode de calcul du vent à partir de données satellitaires,3,Vent dérivé des déplacements des nuages observés dans le canal de la vapeur d'eau,,,,,Operational,Original
bufr4/0/02/023/4,2023,Méthode de calcul du vent à partir de données satellitaires,4,Vent dérivé des mouvements observés dans plusieurs canaux spectraux combinés,,,,,Operational,Original
bufr4/0/02/023/5,2023,Méthode de calcul du vent à partir de données satellitaires,5,Vent dérivé des mouvements observés dans le canal de la vapeur d'eau en ciel clair,,,,,Operational,Original
bufr4/0/02/023/6,2023,Méthode de calcul du vent à partir de données satellitaires,6,Vent dérivé des mouvements observés dans le canal de l'ozone,,,,,Operational,Original
bufr4/0/02/023/7,2023,Méthode de calcul du vent à partir de données satellitaires,7,Vent dérivé du déplacement observé dans le canal de la vapeur d'eau (ciel couvert ou ciel clair non précisé),,,,,Operational,Original
bufr4/0/02/023/8-12,2023,Méthode de calcul du vent à partir de données satellitaires,8-12,En réserve,,,,,Operational,Original
bufr4/0/02/023/13,2023,Méthode de calcul du vent à partir de données satellitaires,13,Racine carrée moyenne,,,,,Operational,Original
bufr4/0/02/023/14,2023,Méthode de calcul du vent à partir de données satellitaires,14,En réserve,,,,,Operational,Original
bufr4/0/02/023/15,2023,Méthode de calcul du vent à partir de données satellitaires,15,Valeur manquante,,,,,Operational,Original
bufr4/0/02/024/0,2024,Méthode de calcul de l'humidité moyenne intégrée,0,En réserve,,,,,Operational,Original
bufr4/0/02/024/1,2024,Méthode de calcul de l'humidité moyenne intégrée,1,Table indiquant toute la variation de l'humidité dans la couche,,,,,Operational,Original
bufr4/0/02/024/2,2024,Méthode de calcul de l'humidité moyenne intégrée,2,Technique de régression appliquée à 2 valeurs hygrométriques de la couche,,,,,Operational,Original
bufr4/0/02/024/3-14,2024,Méthode de calcul de l'humidité moyenne intégrée,3-14,En réserve,,,,,Operational,Original
bufr4/0/02/024/15,2024,Méthode de calcul de l'humidité moyenne intégrée,15,Valeur manquante,,,,,Operational,Original
bufr4/0/02/025/1,2025,Canal (canaux) de satellite utilisé(s) pour les calculs d'indicateurs,1,En réserve,,,,,Operational,Original
bufr4/0/02/025//1,2025,Canal (canaux) de satellite utilisé(s) pour les calculs d'indicateurs,,"Groupe 1 — Eau précipitable pour les couches: surface à 700 hPa, 700 à 500 hPa, et 500 à 300 hPa",,,,,Operational,Original
bufr4/0/02/025/2,2025,Canal (canaux) de satellite utilisé(s) pour les calculs d'indicateurs,2,HIRS,,,,,Operational,Original
bufr4/0/02/025/3,2025,Canal (canaux) de satellite utilisé(s) pour les calculs d'indicateurs,3,MSU,,,,,Operational,Original
bufr4/0/02/025/4-5,2025,Canal (canaux) de satellite utilisé(s) pour les calculs d'indicateurs,4-5,En réserve,,,,,Operational,Original
bufr4/0/02/025//2,2025,Canal (canaux) de satellite utilisé(s) pour les calculs d'indicateurs,,Groupe 2 — Température et pression au niveau de la tropopause,,,,,Operational,Original
bufr4/0/02/025/6,2025,Canal (canaux) de satellite utilisé(s) pour les calculs d'indicateurs,6,HIRS,,,,,Operational,Original
bufr4/0/02/025/7,2025,Canal (canaux) de satellite utilisé(s) pour les calculs d'indicateurs,7,MSU,,,,,Operational,Original
bufr4/0/02/025/8-9,2025,Canal (canaux) de satellite utilisé(s) pour les calculs d'indicateurs,8-9,En réserve,,,,,Operational,Original
bufr4/0/02/025//3,2025,Canal (canaux) de satellite utilisé(s) pour les calculs d'indicateurs,,Groupe 3 — Ozone total,,,,,Operational,Original
bufr4/0/02/025/10,2025,Canal (canaux) de satellite utilisé(s) pour les calculs d'indicateurs,10,"HIRS (1, 2, 3, 8, 9, 16, 17)",,,,,Operational,Original
bufr4/0/02/025/11,2025,Canal (canaux) de satellite utilisé(s) pour les calculs d'indicateurs,11,"HIRS (1, 2, 3, 9, 17)",,,,,Operational,Original
bufr4/0/02/025/12,2025,Canal (canaux) de satellite utilisé(s) pour les calculs d'indicateurs,12,MSU,,,,,Operational,Original
bufr4/0/02/025/13-14,2025,Canal (canaux) de satellite utilisé(s) pour les calculs d'indicateurs,13-14,En réserve,,,,,Operational,Original
bufr4/0/02/025//4,2025,Canal (canaux) de satellite utilisé(s) pour les calculs d'indicateurs,,"Groupe 4 — Température moyenne pour les couches: surface à 850 hPa, 850 à 700 hPa, 700 à 500 hPa, 500 à 400 hPa, 400 à 300 hPa, 300 à 200 hPa, et 200 à 100 hPa",,,,,Operational,Original
bufr4/0/02/025/15,2025,Canal (canaux) de satellite utilisé(s) pour les calculs d'indicateurs,15,HIRS,,,,,Operational,Original
bufr4/0/02/025/16,2025,Canal (canaux) de satellite utilisé(s) pour les calculs d'indicateurs,16,HIRS*,,,(voir Note 2),47,Operational,Original
bufr4/0/02/025/17,2025,Canal (canaux) de satellite utilisé(s) pour les calculs d'indicateurs,17,MSU,,,,,Operational,Original
bufr4/0/02/025/18,2025,Canal (canaux) de satellite utilisé(s) pour les calculs d'indicateurs,18,SKINTK (océan uniquement),,,,,Operational,Original
bufr4/0/02/025/19-20,2025,Canal (canaux) de satellite utilisé(s) pour les calculs d'indicateurs,19-20,En réserve,,,,,Operational,Original
bufr4/0/02/025//5,2025,Canal (canaux) de satellite utilisé(s) pour les calculs d'indicateurs,,"Groupe 5 — Combinaison de canaux utilisés pour obtenir des températures moyennes pour les couches: 100 à 70 hPa, 70 à 50 hPa, 50 à 30 hPa, 30 à 10 hPa, 10 à 5 hPa, 5 à 2 hPa, 2 à 1 hPa, 1 à 0,4 hPa",,,,,Operational,Original
bufr4/0/02/025/21,2025,Canal (canaux) de satellite utilisé(s) pour les calculs d'indicateurs,21,HIRS*,,,(voir Note 2),47,Operational,Original
bufr4/0/02/025/22,2025,Canal (canaux) de satellite utilisé(s) pour les calculs d'indicateurs,22,SSU,,,,,Operational,Original
bufr4/0/02/025/23,2025,Canal (canaux) de satellite utilisé(s) pour les calculs d'indicateurs,23,"MSU (3, 4)",,,,,Operational,Original
bufr4/0/02/025/24,2025,Canal (canaux) de satellite utilisé(s) pour les calculs d'indicateurs,24,En réserve,,,,,Operational,Original
bufr4/0/02/025/All-25,2025,Canal (canaux) de satellite utilisé(s) pour les calculs d'indicateurs,All 25,Valeur manquante,,,,,Operational,Original
bufr4/0/02/030/0,2030,Méthode de mesure du courant,0,En réserve,,,,,Operational,Original
bufr4/0/02/030/1,2030,Méthode de mesure du courant,1,Profileur acoustique de courant Doppler,,,,,Operational,Original
bufr4/0/02/030/2,2030,Méthode de mesure du courant,2,GEK (électrocinétographe géomagnétique),,,,,Operational,Original
bufr4/0/02/030/3,2030,Méthode de mesure du courant,3,Direction et dérive du navire déterminées par des relevés effectués à intervalles de 3 à 6 heures,,,,,Operational,Original
bufr4/0/02/030/4,2030,Méthode de mesure du courant,4,"Direction et dérive du navire déterminées par des relevés effectués à intervalles de plus de 6 heures, mais de moins de 12 heures",,,,,Operational,Original
bufr4/0/02/030/5,2030,Méthode de mesure du courant,5,Dérive de la bouée,,,,,Operational,Original
bufr4/0/02/030/6,2030,Méthode de mesure du courant,6,Profileur acoustique de courant Doppler,,,,,Operational,Original
bufr4/0/02/030/7,2030,Méthode de mesure du courant,7,Valeur manquante,,,,,Operational,Original
bufr4/0/02/031/0,2031,Durée et heure de la mesure du courant,0,En réserve,,,,,Operational,Original
bufr4/0/02/031/1,2031,Durée et heure de la mesure du courant,1,Mesure instantanée,,,,,Operational,Original
bufr4/0/02/031/2,2031,Durée et heure de la mesure du courant,2,Valeur moyenne mesurée sur 3 min ou moins,La mesure a été faite entre H - 1 et H,,,,Operational,Original
bufr4/0/02/031/3,2031,Durée et heure de la mesure du courant,3,"Valeur moyenne mesurée sur plus de 3 min, mais pas au-delà de 6 min",La mesure a été faite entre H - 1 et H,,,,Operational,Original
bufr4/0/02/031/4,2031,Durée et heure de la mesure du courant,4,"Valeur moyenne mesurée sur plus de 6 min, mais pas au-delà de 12 min",La mesure a été faite entre H - 1 et H,,,,Operational,Original
bufr4/0/02/031/5,2031,Durée et heure de la mesure du courant,5,Mesure instantanée,,,,,Operational,Original
bufr4/0/02/031/6,2031,Durée et heure de la mesure du courant,6,Valeur moyenne mesurée sur 3 min ou moins,La mesure a été faite entre H - 2 et H - 1,,,,Operational,Original
bufr4/0/02/031/7,2031,Durée et heure de la mesure du courant,7,"Valeur moyenne mesurée sur plus de 3 min, mais pas au-delà de 6 min",La mesure a été faite entre H - 2 et H - 1,,,,Operational,Original
bufr4/0/02/031/8,2031,Durée et heure de la mesure du courant,8,"Valeur moyenne mesurée sur plus de 6 min, mais pas au-delà de 12 min",La mesure a été faite entre H - 2 et H - 1,,,,Operational,Original
bufr4/0/02/031/9,2031,Durée et heure de la mesure du courant,9,La méthode vectorielle ou la méthode Doppler d'établissement du profil du courant ne sont pas utilisées,,,,,Operational,Original
bufr4/0/02/031/10,2031,Durée et heure de la mesure du courant,10,En réserve,,,,,Operational,Original
bufr4/0/02/031/11,2031,Durée et heure de la mesure du courant,11,1 heure ou moins,,,,,Operational,Original
bufr4/0/02/031/12,2031,Durée et heure de la mesure du courant,12,"Plus de 1 heure, mais pas au-delà de 2 heures",,,,,Operational,Original
bufr4/0/02/031/13,2031,Durée et heure de la mesure du courant,13,"Plus de 2 heures, mais pas au-delà de 4 heures",,,,,Operational,Original
bufr4/0/02/031/14,2031,Durée et heure de la mesure du courant,14,"Plus de 4 heures, mais pas au-delà de 8 heures",,,,,Operational,Original
bufr4/0/02/031/15,2031,Durée et heure de la mesure du courant,15,"Plus de 8 heures, mais pas au-delà de 12 heures",,,,,Operational,Original
bufr4/0/02/031/16,2031,Durée et heure de la mesure du courant,16,"Plus de 12 heures, mais pas au-delà de 18 heures",,,,,Operational,Original
bufr4/0/02/031/17,2031,Durée et heure de la mesure du courant,17,"Plus de 18 heures, mais pas au-delà de 24 heures",,,,,Operational,Original
bufr4/0/02/031/18,2031,Durée et heure de la mesure du courant,18,En réserve,,,,,Operational,Original
bufr4/0/02/031/19,2031,Durée et heure de la mesure du courant,19,La méthode de la dérive n'est pas utilisée,,,,,Operational,Original
bufr4/0/02/031/20-30,2031,Durée et heure de la mesure du courant,20-30,En réserve,,,,,Operational,Original
bufr4/0/02/031/31,2031,Durée et heure de la mesure du courant,31,Valeur manquante,,,,,Operational,Original
bufr4/0/02/032/0,2032,Indicateur de numérisation,0,Valeurs correspondant à des profondeurs sélectionnées (points de données fixés par l'instrument ou choisis par toute autre méthode),,,,,Operational,Original
bufr4/0/02/032/1,2032,Indicateur de numérisation,1,Valeurs correspondant à des profondeurs sélectionnées (points de données choisis sur les traces à des profondeurs significatives),,,,,Operational,Original
bufr4/0/02/032/2,2032,Indicateur de numérisation,2,En réserve,,,,,Operational,Original
bufr4/0/02/032/3,2032,Indicateur de numérisation,3,Valeur manquante,,,,,Operational,Original
bufr4/0/02/033/0,2033,Méthode de mesure de la salinité en fonction de la profondeur,0,Pas de mesure de la salinité,,,,,Operational,Original
bufr4/0/02/033/1,2033,Méthode de mesure de la salinité en fonction de la profondeur,1,"Salinomètre in situ , exactitude meilleure que 0,02 0 / 00",,,,,Operational,Original
bufr4/0/02/033/2,2033,Méthode de mesure de la salinité en fonction de la profondeur,2,"Salinomètre in situ , exactitude inférieure à 0,02 0 / 00",,,,,Operational,Original
bufr4/0/02/033/3,2033,Méthode de mesure de la salinité en fonction de la profondeur,3,Analyse d'échantillons,,,,,Operational,Original
bufr4/0/02/033/4-6,2033,Méthode de mesure de la salinité en fonction de la profondeur,4-6,En réserve,,,,,Operational,Original
bufr4/0/02/033/7,2033,Méthode de mesure de la salinité en fonction de la profondeur,7,Valeur manquante,,,,,Operational,Original
bufr4/0/02/034/0,2034,Type de lest (stabilisateur),0,Lest non précisé,,,,,Operational,Original
bufr4/0/02/034/1,2034,Type de lest (stabilisateur),1,Cylindre troué,,,,,Operational,Original
bufr4/0/02/034/2,2034,Type de lest (stabilisateur),2,TRISTAR,,,,,Operational,Original
bufr4/0/02/034/3,2034,Type de lest (stabilisateur),3,Type fenêtre,,,,,Operational,Original
bufr4/0/02/034/4,2034,Type de lest (stabilisateur),4,Parachute,,,,,Operational,Original
bufr4/0/02/034/5,2034,Type de lest (stabilisateur),5,Ancre flottante non lagrangienne,,,,,Operational,Original
bufr4/0/02/034/6-30,2034,Type de lest (stabilisateur),6-30,En réserve,,,,,Operational,Original
bufr4/0/02/034/31,2034,Type de lest (stabilisateur),31,Valeur manquante,,,,,Operational,Original
bufr4/0/02/036/0,2036,Type de bouée,0,Bouée dérivante,,,,,Operational,Original
bufr4/0/02/036/1,2036,Type de bouée,1,Bouée ancrée,,,,,Operational,Original
bufr4/0/02/036/2,2036,Type de bouée,2,Flotteur immergé (en mouvement),,,,,Operational,Original
bufr4/0/02/036/3,2036,Type de bouée,3,Valeur manquante,,,,,Operational,Original
bufr4/0/02/037/0,2037,Méthode d'observation des marées,0,En réserve,,,,,Operational,Original
bufr4/0/02/037/1,2037,Méthode d'observation des marées,1,Lecture manuelle sur une échelle verticale de marée,,,,,Operational,Original
bufr4/0/02/037/2,2037,Méthode d'observation des marées,2,Lecture manuelle dans la station sur un seul enregistreur automatique,,,,,Operational,Original
bufr4/0/02/037/3,2037,Méthode d'observation des marées,3,Lecture manuelle dans la station sur plusieurs enregistreurs automatiques,,,,,Operational,Original
bufr4/0/02/037/4,2037,Méthode d'observation des marées,4,Lecture automatique dans la station sur un seul enregistreur automatique sans contrôle de la référence de niveau,,,,,Operational,Original
bufr4/0/02/037/5,2037,Méthode d'observation des marées,5,"Lecture automatique dans la station sur un seul enregistreur automatique avec contrôle de la référence de niveau, ou sur plusieurs enregistreurs automatiques",,,,,Operational,Original
bufr4/0/02/037/6,2037,Méthode d'observation des marées,6,En réserve,,,,,Operational,Original
bufr4/0/02/037/7,2037,Méthode d'observation des marées,7,Valeur manquante,,,,,Operational,Original
bufr4/0/02/038/0,2038,Méthode de mesure de la température et/ou de la salinité de l'eau,0,Prise d'eau du navire,,,,,Operational,Original
bufr4/0/02/038/1,2038,Méthode de mesure de la température et/ou de la salinité de l'eau,1,Seau,,,,,Operational,Original
bufr4/0/02/038/2,2038,Méthode de mesure de la température et/ou de la salinité de l'eau,2,Capteur au contact avec la coque,,,,,Operational,Original
bufr4/0/02/038/3,2038,Méthode de mesure de la température et/ou de la salinité de l'eau,3,Thermomètre à renversement,,,,,Operational,Original
bufr4/0/02/038/4,2038,Méthode de mesure de la température et/ou de la salinité de l'eau,4,Capteur STP/CTP,,,,,Operational,Original
bufr4/0/02/038/5,2038,Méthode de mesure de la température et/ou de la salinité de l'eau,5,BT mécanique,,,,,Operational,Original
bufr4/0/02/038/6,2038,Méthode de mesure de la température et/ou de la salinité de l'eau,6,BT non récupérable,,,,,Operational,Original
bufr4/0/02/038/7,2038,Méthode de mesure de la température et/ou de la salinité de l'eau,7,BT numérique,,,,,Operational,Original
bufr4/0/02/038/8,2038,Méthode de mesure de la température et/ou de la salinité de l'eau,8,Chaîne de thermistances,,,,,Operational,Original
bufr4/0/02/038/9,2038,Méthode de mesure de la température et/ou de la salinité de l'eau,9,Balayeur à infrarouge,,,,,Operational,Original
bufr4/0/02/038/10,2038,Méthode de mesure de la température et/ou de la salinité de l'eau,10,Balayeur en hyperfréquences,,,,,Operational,Original
bufr4/0/02/038/11,2038,Méthode de mesure de la température et/ou de la salinité de l'eau,11,Radiomètre infrarouge,,,,,Operational,Original
bufr4/0/02/038/12,2038,Méthode de mesure de la température et/ou de la salinité de l'eau,12,Thermosalinographe en continu,,,,,Operational,Original
bufr4/0/02/038/13,2038,Méthode de mesure de la température et/ou de la salinité de l'eau,13,Corps remorqué,,,,,Operational,Original
bufr4/0/02/038/14,2038,Méthode de mesure de la température et/ou de la salinité de l'eau,14,Autres,,,,,Operational,Original
bufr4/0/02/038/15,2038,Méthode de mesure de la température et/ou de la salinité de l'eau,15,Valeur manquante,,,,,Operational,Original
bufr4/0/02/039/0,2039,Méthode de mesure de la température du thermomètre mouillé,0,Valeur mesurée de la température du thermomètre mouillé,,,,,Operational,Original
bufr4/0/02/039/1,2039,Méthode de mesure de la température du thermomètre mouillé,1,Température du thermomètre mouillé mesurée sur thermomètre à réservoir recouvert de glace,,,,,Operational,Original
bufr4/0/02/039/2,2039,Méthode de mesure de la température du thermomètre mouillé,2,Valeur calculée de la température du thermomètre mouillé,,,,,Operational,Original
bufr4/0/02/039/3,2039,Méthode de mesure de la température du thermomètre mouillé,3,Température du thermomètre mouillé calculée à partir d'un thermomètre à réservoir recouvert de glace,,,,,Operational,Original
bufr4/0/02/039/4-6,2039,Méthode de mesure de la température du thermomètre mouillé,4-6,En réserve,,,,,Operational,Original
bufr4/0/02/039/7,2039,Méthode de mesure de la température du thermomètre mouillé,7,Valeur manquante,,,,,Operational,Original
bufr4/0/02/040/0,2040,Méthode d'élimination des effets de la vitesse et du mouvement de la plate-forme dans les mesures de courant ,0,Mouvement du navire éliminé par l'établissement de la moyenne,Vitesse du navire éliminée par un système de localisation du fond de l'océan,,,,Operational,Original
bufr4/0/02/040/1,2040,Méthode d'élimination des effets de la vitesse et du mouvement de la plate-forme dans les mesures de courant ,1,Mouvement du navire éliminé par compensation,Vitesse du navire éliminée par un système de localisation du fond de l'océan,,,,Operational,Original
bufr4/0/02/040/2,2040,Méthode d'élimination des effets de la vitesse et du mouvement de la plate-forme dans les mesures de courant ,2,Mouvement du navire non éliminé,Vitesse du navire éliminée par un système de localisation du fond de l'océan,,,,Operational,Original
bufr4/0/02/040/3,2040,Méthode d'élimination des effets de la vitesse et du mouvement de la plate-forme dans les mesures de courant ,3,Mouvement du navire éliminé par l'établissement de la moyenne,Vitesse du navire éliminée par d'autres systèmes de navigation,,,,Operational,Original
bufr4/0/02/040/4,2040,Méthode d'élimination des effets de la vitesse et du mouvement de la plate-forme dans les mesures de courant ,4,Mouvement du navire éliminé par compensation,Vitesse du navire éliminée par d'autres systèmes de navigation,,,,Operational,Original
bufr4/0/02/040/5,2040,Méthode d'élimination des effets de la vitesse et du mouvement de la plate-forme dans les mesures de courant ,5,Mouvement du navire non éliminé,Vitesse du navire éliminée par d'autres systèmes de navigation,,,,Operational,Original
bufr4/0/02/040/6,2040,Méthode d'élimination des effets de la vitesse et du mouvement de la plate-forme dans les mesures de courant ,6,Méthode Doppler d'établissement du profil du courant non utilisée,Vitesse du navire éliminée par d'autres systèmes de navigation,,,,Operational,Original
bufr4/0/02/040/7-14,2040,Méthode d'élimination des effets de la vitesse et du mouvement de la plate-forme dans les mesures de courant ,7-14,En réserve,,,,,Operational,Original
bufr4/0/02/040/15,2040,Méthode d'élimination des effets de la vitesse et du mouvement de la plate-forme dans les mesures de courant ,15,Valeur manquante,,,,,Operational,Original
bufr4/0/02/041/0,2041,Méthode d'estimation utilisée pour les comptes rendus relatifs aux caractéristiques synoptiques,0,Informations fondées sur l'analyse manuelle,,,,,Operational,Original
bufr4/0/02/041/1,2041,Méthode d'estimation utilisée pour les comptes rendus relatifs aux caractéristiques synoptiques,1,Informations fondées sur l'analyse informatique,,,,,Operational,Original
bufr4/0/02/041/2,2041,Méthode d'estimation utilisée pour les comptes rendus relatifs aux caractéristiques synoptiques,2,Informations fondées sur l'assimilation des données,,,,,Operational,Original
bufr4/0/02/041/3,2041,Méthode d'estimation utilisée pour les comptes rendus relatifs aux caractéristiques synoptiques,3,"Informations fondées sur l'analyse informatique ou l'assimilation des données, modifiées manuellement",,,,,Operational,Original
bufr4/0/02/041/4-9,2041,Méthode d'estimation utilisée pour les comptes rendus relatifs aux caractéristiques synoptiques,4-9,En réserve,,,,,Operational,Original
bufr4/0/02/041/10,2041,Méthode d'estimation utilisée pour les comptes rendus relatifs aux caractéristiques synoptiques,10,Informations fondées sur la prévision numérique du temps,,,,,Operational,Original
bufr4/0/02/041/11-62,2041,Méthode d'estimation utilisée pour les comptes rendus relatifs aux caractéristiques synoptiques,11-62,En réserve pour un usage futur,,,,,Operational,Original
bufr4/0/02/041/63,2041,Méthode d'estimation utilisée pour les comptes rendus relatifs aux caractéristiques synoptiques,63,Valeur manquante,,,,,Operational,Original
bufr4/0/02/042/0,2042,Indicateur de l'unité de vitesse du courant marin de surface,0,Valeur transmise à l'origine en m/s,,,,,Operational,Original
bufr4/0/02/042/1,2042,Indicateur de l'unité de vitesse du courant marin de surface,1,Valeur transmise à l'origine en nœuds,,,,,Operational,Original
bufr4/0/02/042/2,2042,Indicateur de l'unité de vitesse du courant marin de surface,2,Aucune donnée disponible sur le courant,,,,,Operational,Original
bufr4/0/02/042/3,2042,Indicateur de l'unité de vitesse du courant marin de surface,3,Valeur manquante,,,,,Operational,Original
bufr4/0/02/044/0,2044,Indicateur destiné à préciser la méthode de calcul des données spectrales concernant les vagues,0,En réserve pour utilisation future,,,,,Operational,Original
bufr4/0/02/044/1,2044,Indicateur destiné à préciser la méthode de calcul des données spectrales concernant les vagues,1,Longuet-Higgins (1964),,,,,Operational,Original
bufr4/0/02/044/2,2044,Indicateur destiné à préciser la méthode de calcul des données spectrales concernant les vagues,2,Longuet-Higgins (méthode F3),,,,,Operational,Original
bufr4/0/02/044/3,2044,Indicateur destiné à préciser la méthode de calcul des données spectrales concernant les vagues,3,Méthode de probabilité maximale,,,,,Operational,Original
bufr4/0/02/044/4,2044,Indicateur destiné à préciser la méthode de calcul des données spectrales concernant les vagues,4,Méthode d'entropie maximale,,,,,Operational,Original
bufr4/0/02/044/5-14,2044,Indicateur destiné à préciser la méthode de calcul des données spectrales concernant les vagues,5-14,En réserve,,,,,Operational,Original
bufr4/0/02/044/15,2044,Indicateur destiné à préciser la méthode de calcul des données spectrales concernant les vagues,15,Valeur manquante,,,,,Operational,Original
bufr4/0/02/045/0,2045,Indicateur destiné à préciser le type de plate-forme,0,Station maritime,,,,,Operational,Original
bufr4/0/02/045/1,2045,Indicateur destiné à préciser le type de plate-forme,1,Bouée d'acquisition automatique de données,,,,,Operational,Original
bufr4/0/02/045/2,2045,Indicateur destiné à préciser le type de plate-forme,2,Aéronef,,,,,Operational,Original
bufr4/0/02/045/3,2045,Indicateur destiné à préciser le type de plate-forme,3,Satellite,,,,,Operational,Original
bufr4/0/02/045/4-14,2045,Indicateur destiné à préciser le type de plate-forme,4-14,En réserve,,,,,Operational,Original
bufr4/0/02/045/15,2045,Indicateur destiné à préciser le type de plate-forme,15,Valeur manquante,,,,,Operational,Original
bufr4/0/02/046/0,2046,Instruments de mesure des vagues,0,En réserve pour utilisation future,,,,,Operational,Original
bufr4/0/02/046/1,2046,Instruments de mesure des vagues,1,Capteur de houle,,,,,Operational,Original
bufr4/0/02/046/2,2046,Instruments de mesure des vagues,2,Capteur de pente,,,,,Operational,Original
bufr4/0/02/046/3-14,2046,Instruments de mesure des vagues,3-14,En réserve,,,,,Operational,Original
bufr4/0/02/046/15,2046,Instruments de mesure des vagues,15,Valeur manquante,,,,,Operational,Original
bufr4/0/02/047/0,2047,Type du tsunamimètre installé à grande profondeur,0,En réserve,,,,,Operational,Original
bufr4/0/02/047/1,2047,Type du tsunamimètre installé à grande profondeur,1,DART II (PMEL),,,,,Operational,Original
bufr4/0/02/047/2,2047,Type du tsunamimètre installé à grande profondeur,2,DART ETD,,,,,Operational,Original
bufr4/0/02/047/3,2047,Type du tsunamimètre installé à grande profondeur,3,Bouée de détection de tsunamis SAIC (STB),,,,,Operational,Original
bufr4/0/02/047/4,2047,Type du tsunamimètre installé à grande profondeur,4,GFZ-Potsdam,,,,,Operational,Original
bufr4/0/02/047/5,2047,Type du tsunamimètre installé à grande profondeur,5,INCOIS (Inde),,,,,Operational,Original
bufr4/0/02/047/6,2047,Type du tsunamimètre installé à grande profondeur,6,InaBuoy (Indonésie),,,,,Operational,Original
bufr4/0/02/047/7,2047,Type du tsunamimètre installé à grande profondeur,7,Envirtech,,,,,Operational,Original
bufr4/0/02/047/8-99,2047,Type du tsunamimètre installé à grande profondeur,8-99,En réserve 100–126 Inutilisé,,,,,Operational,Original
bufr4/0/02/047/127,2047,Type du tsunamimètre installé à grande profondeur,127,Valeur manquante,,,,,Operational,Original
bufr4/0/02/048/0,2048,Indicateur de détecteur de satellite,0,HIRS,,,,,Operational,Original
bufr4/0/02/048/1,2048,Indicateur de détecteur de satellite,1,MSU,,,,,Operational,Original
bufr4/0/02/048/2,2048,Indicateur de détecteur de satellite,2,SSU,,,,,Operational,Original
bufr4/0/02/048/3,2048,Indicateur de détecteur de satellite,3,AMSU-A,,,,,Operational,Original
bufr4/0/02/048/4,2048,Indicateur de détecteur de satellite,4,AMSU-B,,,,,Operational,Original
bufr4/0/02/048/5,2048,Indicateur de détecteur de satellite,5,AVHRR,,,,,Operational,Original
bufr4/0/02/048/6,2048,Indicateur de détecteur de satellite,6,SSMI,,,,,Operational,Original
bufr4/0/02/048/7,2048,Indicateur de détecteur de satellite,7,NSCAT,,,,,Operational,Original
bufr4/0/02/048/8,2048,Indicateur de détecteur de satellite,8,SEAWINDS,,,,,Operational,Original
bufr4/0/02/048/9,2048,Indicateur de détecteur de satellite,9,Altimètre de POSEIDON,,,,,Operational,Original
bufr4/0/02/048/10,2048,Indicateur de détecteur de satellite,10,Radiomètre en hyperfréquences de JASON,,,,,Operational,Original
bufr4/0/02/048/11,2048,Indicateur de détecteur de satellite,11,MHS,,,,,Operational,Original
bufr4/0/02/048/12,2048,Indicateur de détecteur de satellite,12,ASCAT,,,,,Operational,Original
bufr4/0/02/048/13-14,2048,Indicateur de détecteur de satellite,13-14,En réserve,,,,,Operational,Original
bufr4/0/02/048/15,2048,Indicateur de détecteur de satellite,15,Valeur manquante,,,,,Operational,Original
bufr4/0/02/049/1,2049,Technique utilisée pour le traitement des données de satellite géostationnaire,1,Technique de traitement non définie,,,,,Operational,Original
bufr4/0/02/049/2,2049,Technique utilisée pour le traitement des données de satellite géostationnaire,2,Extraction physique simultanée,,,,,Operational,Original
bufr4/0/02/049/3,2049,Technique utilisée pour le traitement des données de satellite géostationnaire,3,Sondage par atmosphère claire,,,(voir Note 1),29,Operational,Original
bufr4/0/02/049/4,2049,Technique utilisée pour le traitement des données de satellite géostationnaire,4,Sondage par atmosphère nuageuse,,,(voir Note 2),31,Operational,Original
bufr4/0/02/049/5-7,2049,Technique utilisée pour le traitement des données de satellite géostationnaire,5-7,En réserve pour utilisation future,,,,,Operational,Original
bufr4/0/02/049/All-8,2049,Technique utilisée pour le traitement des données de satellite géostationnaire,All 8,Valeur manquante,,,,,Operational,Original
bufr4/0/02/050/1,2050,Canaux utilisés par le sondeur du satellite géostationnaire,1,1,"14,71",,,,Operational,Original
bufr4/0/02/050/2,2050,Canaux utilisés par le sondeur du satellite géostationnaire,2,2,"14,37",,,,Operational,Original
bufr4/0/02/050/3,2050,Canaux utilisés par le sondeur du satellite géostationnaire,3,3,"14,06",,,,Operational,Original
bufr4/0/02/050/4,2050,Canaux utilisés par le sondeur du satellite géostationnaire,4,4,"13,64",,,,Operational,Original
bufr4/0/02/050/5,2050,Canaux utilisés par le sondeur du satellite géostationnaire,5,5,"13,37",,,,Operational,Original
bufr4/0/02/050/6,2050,Canaux utilisés par le sondeur du satellite géostationnaire,6,6,"12,66",,,,Operational,Original
bufr4/0/02/050/7,2050,Canaux utilisés par le sondeur du satellite géostationnaire,7,7,"12,02",,,,Operational,Original
bufr4/0/02/050/8,2050,Canaux utilisés par le sondeur du satellite géostationnaire,8,8,"11,03",,,,Operational,Original
bufr4/0/02/050/9,2050,Canaux utilisés par le sondeur du satellite géostationnaire,9,9,"9,71",,,,Operational,Original
bufr4/0/02/050/10,2050,Canaux utilisés par le sondeur du satellite géostationnaire,10,10,"7,43",,,,Operational,Original
bufr4/0/02/050/11,2050,Canaux utilisés par le sondeur du satellite géostationnaire,11,11,"7,02",,,,Operational,Original
bufr4/0/02/050/12,2050,Canaux utilisés par le sondeur du satellite géostationnaire,12,12,"6,51",,,,Operational,Original
bufr4/0/02/050/13,2050,Canaux utilisés par le sondeur du satellite géostationnaire,13,13,"4,57",,,,Operational,Original
bufr4/0/02/050/14,2050,Canaux utilisés par le sondeur du satellite géostationnaire,14,14,"4,52",,,,Operational,Original
bufr4/0/02/050/15,2050,Canaux utilisés par le sondeur du satellite géostationnaire,15,15,"4,45",,,,Operational,Original
bufr4/0/02/050/16,2050,Canaux utilisés par le sondeur du satellite géostationnaire,16,16,"4,13",,,,Operational,Original
bufr4/0/02/050/17,2050,Canaux utilisés par le sondeur du satellite géostationnaire,17,17,"3,98",,,,Operational,Original
bufr4/0/02/050/18,2050,Canaux utilisés par le sondeur du satellite géostationnaire,18,18,"3,74",,,,Operational,Original
bufr4/0/02/050/19,2050,Canaux utilisés par le sondeur du satellite géostationnaire,19,19,"0,969",,,,Operational,Original
bufr4/0/02/050/All-20,2050,Canaux utilisés par le sondeur du satellite géostationnaire,All 20,Valeur manquante,,,,,Operational,Original
bufr4/0/02/051/0,2051,Indicateur servant à préciser la méthode d'observation des températures extrêmes,0,En réserve,,,,,Operational,Original
bufr4/0/02/051/1,2051,Indicateur servant à préciser la méthode d'observation des températures extrêmes,1,Thermomètres à maximum et à minimum,,,,,Operational,Original
bufr4/0/02/051/2,2051,Indicateur servant à préciser la méthode d'observation des températures extrêmes,2,Instruments automatiques,,,,,Operational,Original
bufr4/0/02/051/3,2051,Indicateur servant à préciser la méthode d'observation des températures extrêmes,3,Thermographe,,,,,Operational,Original
bufr4/0/02/051/4-14,2051,Indicateur servant à préciser la méthode d'observation des températures extrêmes,4-14,En réserve,,,,,Operational,Original
bufr4/0/02/051/15,2051,Indicateur servant à préciser la méthode d'observation des températures extrêmes,15,Valeur manquante,,,,,Operational,Original
bufr4/0/02/052/1,2052,Canaux utilisés par l'imageur du satellite géostationnaire,1,1,"0,55 – 0,75",,,,Operational,Original
bufr4/0/02/052/2,2052,Canaux utilisés par l'imageur du satellite géostationnaire,2,2,"3,9",,,,Operational,Original
bufr4/0/02/052/3,2052,Canaux utilisés par l'imageur du satellite géostationnaire,3,3,"6,7",,,,Operational,Original
bufr4/0/02/052/4,2052,Canaux utilisés par l'imageur du satellite géostationnaire,4,4,"10,7",,,,Operational,Original
bufr4/0/02/052/5,2052,Canaux utilisés par l'imageur du satellite géostationnaire,5,5,"12,0",,,,Operational,Original
bufr4/0/02/052/All-6,2052,Canaux utilisés par l'imageur du satellite géostationnaire,All 6,Valeur manquante,,,,,Operational,Original
bufr4/0/02/053/0,2053,Caractéristiques de la température de luminance observée par satellite GOES-I/M,0,Température de luminance observée,,,,,Operational,Original
bufr4/0/02/053/1,2053,Caractéristiques de la température de luminance observée par satellite GOES-I/M,1,Température de luminance avec application d'une correction de distorsion,,,,,Operational,Original
bufr4/0/02/053/2,2053,Caractéristiques de la température de luminance observée par satellite GOES-I/M,2,Température de luminance calculée à partir d'une première approximation,,,,,Operational,Original
bufr4/0/02/053/3,2053,Caractéristiques de la température de luminance observée par satellite GOES-I/M,3,Température de luminance calculée à partir de sondages,,,,,Operational,Original
bufr4/0/02/053/4-14,2053,Caractéristiques de la température de luminance observée par satellite GOES-I/M,4-14,En réserve,,,,,Operational,Original
bufr4/0/02/053/15,2053,Caractéristiques de la température de luminance observée par satellite GOES-I/M,15,Valeur manquante,,,,,Operational,Original
bufr4/0/02/054/0,2054,Caractéristiques des paramètres de sondages effectués par satellite GOES-I/M,0,Paramètre tiré des températures de luminance observées par sondeur,,,,,Operational,Original
bufr4/0/02/054/1,2054,Caractéristiques des paramètres de sondages effectués par satellite GOES-I/M,1,Paramètre tiré des températures de luminance observées par imageur,,,,,Operational,Original
bufr4/0/02/054/2,2054,Caractéristiques des paramètres de sondages effectués par satellite GOES-I/M,2,Paramètre tiré des renseignements fournis par première approximation,,,,,Operational,Original
bufr4/0/02/054/3,2054,Caractéristiques des paramètres de sondages effectués par satellite GOES-I/M,3,Paramètre tiré des renseignements d'analyse d'un CMN,,,,,Operational,Original
bufr4/0/02/054/4,2054,Caractéristiques des paramètres de sondages effectués par satellite GOES-I/M,4,Paramètre tiré de renseignements fournis par radiosonde,,,,,Operational,Original
bufr4/0/02/054/5-14,2054,Caractéristiques des paramètres de sondages effectués par satellite GOES-I/M,5-14,En réserve,,,,,Operational,Original
bufr4/0/02/054/15,2054,Caractéristiques des paramètres de sondages effectués par satellite GOES-I/M,15,Valeur manquante,,,,,Operational,Original
bufr4/0/02/055/0,2055,Paramètres statistiques des sondages par satellite géostationnaire,0,Statistiques établies par comparaison des données d'extraction avec les données de radiosondage,,,,,Operational,Original
bufr4/0/02/055/1,2055,Paramètres statistiques des sondages par satellite géostationnaire,1,Statistiques établies par comparaison des données d'extraction avec les données de première approximation,,,,,Operational,Original
bufr4/0/02/055/2,2055,Paramètres statistiques des sondages par satellite géostationnaire,2,Statistiques établies par comparaison des données de radiosondage avec les données de première approximation,,,,,Operational,Original
bufr4/0/02/055/3,2055,Paramètres statistiques des sondages par satellite géostationnaire,3,Statistiques établies par comparaison des données observées avec les données d'extraction,,,,,Operational,Original
bufr4/0/02/055/4,2055,Paramètres statistiques des sondages par satellite géostationnaire,4,Statistiques établies par comparaison des données observées avec les données de première approximation,,,,,Operational,Original
bufr4/0/02/055/5,2055,Paramètres statistiques des sondages par satellite géostationnaire,5,Statistiques établies par comparaison des données de radiosondage avec les données d'imageur,,,,,Operational,Original
bufr4/0/02/055/6,2055,Paramètres statistiques des sondages par satellite géostationnaire,6,Statistiques établies par comparaison des données de radiosondage avec les données de sondeur,,,,,Operational,Original
bufr4/0/02/055/7,2055,Paramètres statistiques des sondages par satellite géostationnaire,7,Statistiques établies pour radiosondage,,,,,Operational,Original
bufr4/0/02/055/8,2055,Paramètres statistiques des sondages par satellite géostationnaire,8,Statistiques établies pour première approximation,,,,,Operational,Original
bufr4/0/02/055/9-14,2055,Paramètres statistiques des sondages par satellite géostationnaire,9-14,En réserve,,,,,Operational,Original
bufr4/0/02/055/15,2055,Paramètres statistiques des sondages par satellite géostationnaire,15,Valeur manquante,,,,,Operational,Original
bufr4/0/02/056/0,2056,Statistiques sur l'exactitude des sondages par satellite géostationnaire,0,Sommes des différences,,,,,Operational,Original
bufr4/0/02/056/1,2056,Statistiques sur l'exactitude des sondages par satellite géostationnaire,1,Sommes des différences au carré,,,,,Operational,Original
bufr4/0/02/056/2,2056,Statistiques sur l'exactitude des sondages par satellite géostationnaire,2,Taille de l'échantillon,,,,,Operational,Original
bufr4/0/02/056/3,2056,Statistiques sur l'exactitude des sondages par satellite géostationnaire,3,Différence minimale,,,,,Operational,Original
bufr4/0/02/056/4,2056,Statistiques sur l'exactitude des sondages par satellite géostationnaire,4,Différence maximale,,,,,Operational,Original
bufr4/0/02/056/5-14,2056,Statistiques sur l'exactitude des sondages par satellite géostationnaire,5-14,En réserve,,,,,Operational,Original
bufr4/0/02/056/15,2056,Statistiques sur l'exactitude des sondages par satellite géostationnaire,15,Valeur manquante,,,,,Operational,Original
bufr4/0/02/057/0,2057,Origine des renseignements de première approximation pour sondages par satellite géostationnaire GOES-I/M,0,Modèle à grilles emboîtées (NGM),,,,,Operational,Original
bufr4/0/02/057/1,2057,Origine des renseignements de première approximation pour sondages par satellite géostationnaire GOES-I/M,1,Modèle d'aviation (AVN),,,,,Operational,Original
bufr4/0/02/057/2,2057,Origine des renseignements de première approximation pour sondages par satellite géostationnaire GOES-I/M,2,Modèle de prévision à moyenne échéance,,,,,Operational,Original
bufr4/0/02/057/3,2057,Origine des renseignements de première approximation pour sondages par satellite géostationnaire GOES-I/M,3,Modèle de prévision du Système mondial d'assimilation des données (GDAS),,,,,Operational,Original
bufr4/0/02/057/4,2057,Origine des renseignements de première approximation pour sondages par satellite géostationnaire GOES-I/M,4,Sondages préalables (dans les trois heures qui précèdent),,,,,Operational,Original
bufr4/0/02/057/5,2057,Origine des renseignements de première approximation pour sondages par satellite géostationnaire GOES-I/M,5,Climatologie,,,,,Operational,Original
bufr4/0/02/057/6-14,2057,Origine des renseignements de première approximation pour sondages par satellite géostationnaire GOES-I/M,6-14,En réserve,,,,,Operational,Original
bufr4/0/02/057/15,2057,Origine des renseignements de première approximation pour sondages par satellite géostationnaire GOES-I/M,15,Valeur manquante,,,,,Operational,Original
bufr4/0/02/058/0,2058,Périodes de validité des renseignements de première approximation pour sondages par satellite GOES-I/M,0,12 heures et 18 heures,,,,,Operational,Original
bufr4/0/02/058/1,2058,Périodes de validité des renseignements de première approximation pour sondages par satellite GOES-I/M,1,18 heures et 24 heures,,,,,Operational,Original
bufr4/0/02/058/2,2058,Périodes de validité des renseignements de première approximation pour sondages par satellite GOES-I/M,2,6 heures et 12 heures,,,,,Operational,Original
bufr4/0/02/058/3,2058,Périodes de validité des renseignements de première approximation pour sondages par satellite GOES-I/M,3,Plus de 24 heures,,,,,Operational,Original
bufr4/0/02/058/4-14,2058,Périodes de validité des renseignements de première approximation pour sondages par satellite GOES-I/M,4-14,En réserve,,,,,Operational,Original
bufr4/0/02/058/15,2058,Périodes de validité des renseignements de première approximation pour sondages par satellite GOES-I/M,15,Valeur manquante,,,,,Operational,Original
bufr4/0/02/059/0,2059,Origine des renseignements d'analyse pour sondages par satellite GOES-I/M,0,Analyses du modèle à grilles emboîtées (NGM) NCEP,,,,,Operational,Original
bufr4/0/02/059/1,2059,Origine des renseignements d'analyse pour sondages par satellite GOES-I/M,1,Analyses du modèle d'aviation (AVN) NCEP,,,,,Operational,Original
bufr4/0/02/059/2,2059,Origine des renseignements d'analyse pour sondages par satellite GOES-I/M,2,Analyses du modèle de prévision à moyenne échéance NCEP,,,,,Operational,Original
bufr4/0/02/059/3,2059,Origine des renseignements d'analyse pour sondages par satellite GOES-I/M,3,Analyses du modèle de prévision du Système mondial d'assimilation des données (GDAS) NCEP,,,,,Operational,Original
bufr4/0/02/059/4-14,2059,Origine des renseignements d'analyse pour sondages par satellite GOES-I/M,4-14,En réserve,,,,,Operational,Original
bufr4/0/02/059/15,2059,Origine des renseignements d'analyse pour sondages par satellite GOES-I/M,15,Valeur manquante,,,,,Operational,Original
bufr4/0/02/060/0,2060,Origine des renseignements de surface pour sondages par satellite GOES-I/M,0,Messages de surface en heure présente,,,,,Operational,Original
bufr4/0/02/060/1,2060,Origine des renseignements de surface pour sondages par satellite GOES-I/M,1,Messages de navire en heure présente,,,,,Operational,Original
bufr4/0/02/060/2,2060,Origine des renseignements de surface pour sondages par satellite GOES-I/M,2,Messages de bouée en heure présente,,,,,Operational,Original
bufr4/0/02/060/3,2060,Origine des renseignements de surface pour sondages par satellite GOES-I/M,3,Messages de surface datant d'une heure,,,,,Operational,Original
bufr4/0/02/060/4,2060,Origine des renseignements de surface pour sondages par satellite GOES-I/M,4,Messages de navire datant d'une heure,,,,,Operational,Original
bufr4/0/02/060/5,2060,Origine des renseignements de surface pour sondages par satellite GOES-I/M,5,Messages de bouée datant d'une heure,,,,,Operational,Original
bufr4/0/02/060/6-14,2060,Origine des renseignements de surface pour sondages par satellite GOES-I/M,6-14,En réserve,,,,,Operational,Original
bufr4/0/02/060/15,2060,Origine des renseignements de surface pour sondages par satellite GOES-I/M,15,Valeur manquante,,,,,Operational,Original
bufr4/0/02/061/0,2061,Système de navigation pour l'aéronautique,0,Système de navigation par inertie,,,,,Operational,Original
bufr4/0/02/061/1,2061,Système de navigation pour l'aéronautique,1,OMEGA,,,,,Operational,Original
bufr4/0/02/061/2-6,2061,Système de navigation pour l'aéronautique,2-6,En réserve,,,,,Operational,Original
bufr4/0/02/061/7,2061,Système de navigation pour l'aéronautique,7,Valeur manquante,,,,,Operational,Original
bufr4/0/02/062/0,2062,Type de système de retransmission des données d'aéronef,0,ASDAR,,,,,Operational,Original
bufr4/0/02/062/1,2062,Type de système de retransmission des données d'aéronef,1,ASDAR (système ACARS aussi disponible mais pas opérationnel),,,,,Operational,Original
bufr4/0/02/062/2,2062,Type de système de retransmission des données d'aéronef,2,ASDAR (système ACARS aussi disponible et opérationnel),,,,,Operational,Original
bufr4/0/02/062/3,2062,Type de système de retransmission des données d'aéronef,3,ACARS,,,,,Operational,Original
bufr4/0/02/062/4,2062,Type de système de retransmission des données d'aéronef,4,ACARS (système ASDAR aussi disponible mais pas opérationnel),,,,,Operational,Original
bufr4/0/02/062/5,2062,Type de système de retransmission des données d'aéronef,5,ACARS (système ASDAR aussi disponible et opérationnel),,,,,Operational,Original
bufr4/0/02/062/6-14,2062,Type de système de retransmission des données d'aéronef,6-14,En réserve,,,,,Operational,Original
bufr4/0/02/062/15,2062,Type de système de retransmission des données d'aéronef,15,Valeur manquante,,,,,Operational,Original
bufr4/0/02/064/0,2064,Qualité de l'angle de roulis de l'aéronef,0,Bonne,,,,,Operational,Original
bufr4/0/02/064/1,2064,Qualité de l'angle de roulis de l'aéronef,1,Mauvaise,,,(voir Note),20,Operational,Original
bufr4/0/02/064/2,2064,Qualité de l'angle de roulis de l'aéronef,2,En réserve,,,,,Operational,Original
bufr4/0/02/064/3,2064,Qualité de l'angle de roulis de l'aéronef,3,Valeur manquante,,,Une mauvaise qualité est actuellement définie comme correspondant à un angle de roulis supérieur à 5 degrés par rapport à la verticale.,,Operational,Original
bufr4/0/02/066/0,2066,Système de réception au sol des données de radiosondage,0,InterMet IMS 2000,,,,,Operational,Original
bufr4/0/02/066/1,2066,Système de réception au sol des données de radiosondage,1,InterMet IMS 1500C,,,,,Operational,Original
bufr4/0/02/066/2,2066,Système de réception au sol des données de radiosondage,2,"GTC1, Shanghai",,,,,Operational,Original
bufr4/0/02/066/3,2066,Système de réception au sol des données de radiosondage,3,"GTC2, Nanjing",,,,,Operational,Original
bufr4/0/02/066/4,2066,Système de réception au sol des données de radiosondage,4,"GFE(L)1, Nanjing",,,,,Operational,Original
bufr4/0/02/066/5,2066,Système de réception au sol des données de radiosondage,5,Radar MARL-A,,,,,Operational,Original
bufr4/0/02/066/6,2066,Système de réception au sol des données de radiosondage,6,Radar VEKTOR-M,,,,,Operational,Original
bufr4/0/02/066/7-61,2066,Système de réception au sol des données de radiosondage,7-61,En réserve,,,,,Operational,Original
bufr4/0/02/066/62,2066,Système de réception au sol des données de radiosondage,62,Autre,,,,,Operational,Original
bufr4/0/02/066/63,2066,Système de réception au sol des données de radiosondage,63,Valeur manquante,,,,,Operational,Original
bufr4/0/02/070/0,2070,Spécification originale de la latitude/longitude,0,Position réelle en secondes,,,,,Operational,Original
bufr4/0/02/070/1,2070,Spécification originale de la latitude/longitude,1,Position réelle en minutes,,,,,Operational,Original
bufr4/0/02/070/2,2070,Spécification originale de la latitude/longitude,2,Position réelle en degrés,,,,,Operational,Original
bufr4/0/02/070/3,2070,Spécification originale de la latitude/longitude,3,Position réelle en dixièmes de degré,,,,,Operational,Original
bufr4/0/02/070/4,2070,Spécification originale de la latitude/longitude,4,Position réelle en centièmes de degré,,,,,Operational,Original
bufr4/0/02/070/5,2070,Spécification originale de la latitude/longitude,5,"Position par rapport à un point de contrôle, en secondes",,,,,Operational,Original
bufr4/0/02/070/6,2070,Spécification originale de la latitude/longitude,6,"Position par rapport à un point de contrôle, en minutes",,,,,Operational,Original
bufr4/0/02/070/7,2070,Spécification originale de la latitude/longitude,7,"Position par rapport à un point de contrôle, en degrés",,,,,Operational,Original
bufr4/0/02/070/8,2070,Spécification originale de la latitude/longitude,8,"Position par rapport à un point de contrôle, en dixièmes de degré",,,,,Operational,Original
bufr4/0/02/070/9,2070,Spécification originale de la latitude/longitude,9,"Position par rapport à un point de contrôle, en centièmes de degré",,,,,Operational,Original
bufr4/0/02/070/10,2070,Spécification originale de la latitude/longitude,10,Position réelle en dixièmes de minute,,,,,Operational,Original
bufr4/0/02/070/11,2070,Spécification originale de la latitude/longitude,11,"Position par rapport à un point de contrôle, en dixièmes de minute",,,,,Operational,Original
bufr4/0/02/070/12-14,2070,Spécification originale de la latitude/longitude,12-14,En réserve,,,,,Operational,Original
bufr4/0/02/070/15,2070,Spécification originale de la latitude/longitude,15,Valeur manquante,,,,,Operational,Original
bufr4/0/02/080/0,2080,Fabricant du ballon,0,Kaysam,,,,,Operational,Original
bufr4/0/02/080/1,2080,Fabricant du ballon,1,Totex,,,,,Operational,Original
bufr4/0/02/080/2,2080,Fabricant du ballon,2,KKS,,,,,Operational,Original
bufr4/0/02/080/3,2080,Fabricant du ballon,3,Guangzhou Shuangyi (Chine),,,,,Operational,Original
bufr4/0/02/080/4,2080,Fabricant du ballon,4,ChemChina Zhuzhou (Chine),,,,,Operational,Original
bufr4/0/02/080/5-61,2080,Fabricant du ballon,5-61,En réserve,,,,,Operational,Original
bufr4/0/02/080/62,2080,Fabricant du ballon,62,Autre,,,,,Operational,Original
bufr4/0/02/080/63,2080,Fabricant du ballon,63,Valeur manquante,,,,,Operational,Original
bufr4/0/02/081/0,2081,Type de ballon,0,GP26,,,,,Operational,Original
bufr4/0/02/081/1,2081,Type de ballon,1,GP28,,,,,Operational,Original
bufr4/0/02/081/2,2081,Type de ballon,2,GP30,,,,,Operational,Original
bufr4/0/02/081/3,2081,Type de ballon,3,HM26,,,,,Operational,Original
bufr4/0/02/081/4,2081,Type de ballon,4,HM28,,,,,Operational,Original
bufr4/0/02/081/5,2081,Type de ballon,5,HM30,,,,,Operational,Original
bufr4/0/02/081/6,2081,Type de ballon,6,SV16,,,,,Operational,Original
bufr4/0/02/081/7,2081,Type de ballon,7,Totex TA,,,,,Operational,Original
bufr4/0/02/081/8,2081,Type de ballon,8,Totex TX,,,,,Operational,Original
bufr4/0/02/081/9-29,2081,Type de ballon,9-29,En réserve,,,,,Operational,Original
bufr4/0/02/081/30,2081,Type de ballon,30,Autre,,,,,Operational,Original
bufr4/0/02/081/31,2081,Type de ballon,31,Valeur manquante,,,,,Operational,Original
bufr4/0/02/083/0,2083,Type d'abri de gonflement,0,Haut de plafond,,,,,Operational,Original
bufr4/0/02/083/1,2083,Type d'abri de gonflement,1,Bas de plafond,,,,,Operational,Original
bufr4/0/02/083/2,2083,Type d'abri de gonflement,2,BILS (balloon-inflated launch system),,,,,Operational,Original
bufr4/0/02/083/3,2083,Type d'abri de gonflement,3,BILS sur toit,,,,,Operational,Original
bufr4/0/02/083/4,2083,Type d'abri de gonflement,4,Système de sondage automatique,,,,,Operational,Original
bufr4/0/02/083/5-13,2083,Type d'abri de gonflement,5-13,En réserve,,,,,Operational,Original
bufr4/0/02/083/14,2083,Type d'abri de gonflement,14,Autre,,,,,Operational,Original
bufr4/0/02/083/15,2083,Type d'abri de gonflement,15,Valeur manquante,,,,,Operational,Original
bufr4/0/02/084/0,2084,Type de gaz insufflé,0,Hydrogène,,,,,Operational,Original
bufr4/0/02/084/1,2084,Type de gaz insufflé,1,Hélium,,,,,Operational,Original
bufr4/0/02/084/2,2084,Type de gaz insufflé,2,Gaz naturel,,,,,Operational,Original
bufr4/0/02/084/3-13,2084,Type de gaz insufflé,3-13,En réserve,,,,,Operational,Original
bufr4/0/02/084/14,2084,Type de gaz insufflé,14,Autre,,,,,Operational,Original
bufr4/0/02/084/15,2084,Type de gaz insufflé,15,Valeur manquante,,,,,Operational,Original
bufr4/0/02/092/0,2092,Méthode de calcul du profil de l'ozone,0,Extraction à partir du canal UV,,,,,Operational,Original
bufr4/0/02/092/1,2092,Méthode de calcul du profil de l'ozone,1,Extraction à partir du canal visible,,,,,Operational,Original
bufr4/0/02/092/2,2092,Méthode de calcul du profil de l'ozone,2,Extraction combinée à partir du canal visible et du canal UV,,,,,Operational,Original
bufr4/0/02/092/3-6,2092,Méthode de calcul du profil de l'ozone,3-6,En réserve,,,,,Operational,Original
bufr4/0/02/092/7,2092,Méthode de calcul du profil de l'ozone,7,Valeur manquante,,,,,Operational,Original
bufr4/0/02/095/0,2095,Type de capteur de pression,0,Capacitif anéroïde,,,,,Operational,Original
bufr4/0/02/095/1,2095,Type de capteur de pression,1,Pression dérivée du GPS,,,,,Operational,Original
bufr4/0/02/095/2,2095,Type de capteur de pression,2,Extensomètre,,,,,Operational,Original
bufr4/0/02/095/3,2095,Type de capteur de pression,3,Condensateur en silicium,,,,,Operational,Original
bufr4/0/02/095/4,2095,Type de capteur de pression,4,Dérivé(e) de l'altitude radar,,,,,Operational,Original
bufr4/0/02/095/5-29,2095,Type de capteur de pression,5-29,En réserve,,,,,Operational,Original
bufr4/0/02/095/30,2095,Type de capteur de pression,30,Autre,,,,,Operational,Original
bufr4/0/02/095/31,2095,Type de capteur de pression,31,Valeur manquante,,,,,Operational,Original
bufr4/0/02/096/0,2096,Type de capteur de température,0,Thermistance-tige,,,,,Operational,Original
bufr4/0/02/096/1,2096,Type de capteur de température,1,Thermistance sphérique,,,,,Operational,Original
bufr4/0/02/096/2,2096,Type de capteur de température,2,Bille capacitive,,,,,Operational,Original
bufr4/0/02/096/3,2096,Type de capteur de température,3,Fil capacitif,,,,,Operational,Original
bufr4/0/02/096/4,2096,Type de capteur de température,4,Capteur résistif,,,,,Operational,Original
bufr4/0/02/096/5,2096,Type de capteur de température,5,Thermistance pavé,,,,,Operational,Original
bufr4/0/02/096/6,2096,Type de capteur de température,6,Thermomètre à mercure,,,,,Operational,Original
bufr4/0/02/096/7,2096,Type de capteur de température,7,Thermomètre à alcool/glycol,,,,,Operational,Original
bufr4/0/02/096/8-30,2096,Type de capteur de température,8-30,En réserve pour un usage futur,,,,,Operational,Original
bufr4/0/02/096/31,2096,Type de capteur de température,31,Valeur manquante,,,,,Operational,Original
bufr4/0/02/097/0,2097,Type de capteur de l'humidité,0,Hygristor carbone VIZ Mark II,,,,,Operational,Original
bufr4/0/02/097/1,2097,Type de capteur de l'humidité,1,Hygristor VIZ B2,,,,,Operational,Original
bufr4/0/02/097/2,2097,Type de capteur de l'humidité,2,A-Humicap Vaisala,,,,,Operational,Original
bufr4/0/02/097/3,2097,Type de capteur de l'humidité,3,H-Humicap Vaisala,,,,,Operational,Original
bufr4/0/02/097/4,2097,Type de capteur de l'humidité,4,Capteur capacitif,,,,,Operational,Original
bufr4/0/02/097/5,2097,Type de capteur de l'humidité,5,Vaisala RS90,,,,,Operational,Original
bufr4/0/02/097/6,2097,Type de capteur de l'humidité,6,Hygristor carbone Sippican Mark IIA Deux capteurs capacitifs Humicap chauffés alternativement,,,,,Operational,Original
bufr4/0/02/097/7,2097,Type de capteur de l'humidité,7,Deux capteurs capacitifs Humicap chauffés alternativement,,,,,Operational,Original
bufr4/0/02/097/8,2097,Type de capteur de l'humidité,8,Capteur capacitif Humicap avec dégivrage actif,,,,,Operational,Original
bufr4/0/02/097/9,2097,Type de capteur de l'humidité,9,Hygristor au carbone,,,,,Operational,Original
bufr4/0/02/097/10,2097,Type de capteur de l'humidité,10,Psychromètre,,,,,Operational,Original
bufr4/0/02/097/11,2097,Type de capteur de l'humidité,11,Capteur capacitif (polymère),,,,,Operational,Original
bufr4/0/02/097/12,2097,Type de capteur de l'humidité,12,"Capteur capacitif (céramique, dont oxyde métallique)",,,,,Operational,Original
bufr4/0/02/097/13,2097,Type de capteur de l'humidité,13,Capteur résistif (générique) Capteur résistif (polymère salin),,,,,Operational,Original
bufr4/0/02/097/14,2097,Type de capteur de l'humidité,14,Capteur résistif (polymère salin),,,,,Operational,Original
bufr4/0/02/097/15,2097,Type de capteur de l'humidité,15,Capteur résistif (polymère conducteur),,,,,Operational,Original
bufr4/0/02/097/16,2097,Type de capteur de l'humidité,16,Capteur à conductivité thermique,,,,,Operational,Original
bufr4/0/02/097/17,2097,Type de capteur de l'humidité,17,Capteur gravimétrique,,,,,Operational,Original
bufr4/0/02/097/18,2097,Type de capteur de l'humidité,18,Capteur à ressort métallique,,,,,Operational,Original
bufr4/0/02/097/19,2097,Type de capteur de l'humidité,19,Hygromètre à cheveu ordinaire,,,,,Operational,Original
bufr4/0/02/097/20,2097,Type de capteur de l'humidité,20,Hygromètre à cheveu laminé (torsion) Hygromètre à peau de batteur d'or,,,,,Operational,Original
bufr4/0/02/097/21,2097,Type de capteur de l'humidité,21,Hygromètre à peau de batteur d'or,,,,,Operational,Original
bufr4/0/02/097/22,2097,Type de capteur de l'humidité,22,Hygromètre à miroir refroidi,,,,,Operational,Original
bufr4/0/02/097/23,2097,Type de capteur de l'humidité,23,Cellule à point de rosée,,,,,Operational,Original
bufr4/0/02/097/24,2097,Type de capteur de l'humidité,24,Capteur d'absorption optique,,,,,Operational,Original
bufr4/0/02/097/25-30,2097,Type de capteur de l'humidité,25-30,En réserve pour un usage futur,,,,,Operational,Original
bufr4/0/02/097/31,2097,Type de capteur de l'humidité,31,Valeur manquante,,,,,Operational,Original
bufr4/0/02/099/0,2099,Polarisation,0,Polarisation HH,,,,,Operational,Original
bufr4/0/02/099/1,2099,Polarisation,1,Polarisation VV,,,,,Operational,Original
bufr4/0/02/099/2,2099,Polarisation,2,Composante réelle de polarisation HV,,,,,Operational,Original
bufr4/0/02/099/3,2099,Polarisation,3,Composante imaginaire de polarisation HV,,,,,Operational,Original
bufr4/0/02/099/4-6,2099,Polarisation,4-6,En réserve,,,,,Operational,Original
bufr4/0/02/099/7,2099,Polarisation,7,Valeur manquante,,,,,Operational,Original
bufr4/0/02/101/0,2101,Type d'antenne,0,Paraboloïde à alimentation frontale centré Paraboloïde à alimentation frontale excentré,,,,,Operational,Original
bufr4/0/02/101/1,2101,Type d'antenne,1,Paraboloïde à alimentation frontale excentré,,,,,Operational,Original
bufr4/0/02/101/2,2101,Type d'antenne,2,Paraboloïde Cassegrain centré,,,,,Operational,Original
bufr4/0/02/101/3,2101,Type d'antenne,3,Paraboloïde Cassegrain excentré,,,,,Operational,Original
bufr4/0/02/101/4,2101,Type d'antenne,4,Réseau d'éléments plan,,,,,Operational,Original
bufr4/0/02/101/5,2101,Type d'antenne,5,Réseau coaxial-collinéaire,,,,,Operational,Original
bufr4/0/02/101/6,2101,Type d'antenne,6,Réseau d'éléments Yagi,,,,,Operational,Original
bufr4/0/02/101/7,2101,Type d'antenne,7,Microligne à ruban,,,,,Operational,Original
bufr4/0/02/101/8-13,2101,Type d'antenne,8-13,En réserve,,,,,Operational,Original
bufr4/0/02/101/14,2101,Type d'antenne,14,Autre,,,,,Operational,Original
bufr4/0/02/101/15,2101,Type d'antenne,15,Valeur manquante,,,,,Operational,Original
bufr4/0/02/103/1,2103,Radôme,1,L'antenne radar est protégée par un radôme,,,,,Operational,Original
bufr4/0/02/103/All-2,2103,Radôme,All 2,Valeur manquante,,,,,Operational,Original
bufr4/0/02/104/0,2104,Polarisation de l'antenne,0,Polarisation horizontale,,,,,Operational,Original
bufr4/0/02/104/1,2104,Polarisation de l'antenne,1,Polarisation verticale,,,,,Operational,Original
bufr4/0/02/104/2,2104,Polarisation de l'antenne,2,Polarisation circulaire droite,,,,,Operational,Original
bufr4/0/02/104/3,2104,Polarisation de l'antenne,3,Polarisation circulaire gauche,,,,,Operational,Original
bufr4/0/02/104/4,2104,Polarisation de l'antenne,4,Polarisation horizontale et verticale,,,,,Operational,Original
bufr4/0/02/104/5,2104,Polarisation de l'antenne,5,Polarisation circulaire droite et gauche,,,,,Operational,Original
bufr4/0/02/104/6,2104,Polarisation de l'antenne,6,Polarisation quasi horizontale,,,,,Operational,Original
bufr4/0/02/104/7,2104,Polarisation de l'antenne,7,Polarisation quasi verticale,,,,,Operational,Original
bufr4/0/02/104/8-14,2104,Polarisation de l'antenne,8-14,En réserve,,,,,Operational,Original
bufr4/0/02/104/15,2104,Polarisation de l'antenne,15,Valeur manquante,,,,,Operational,Original
bufr4/0/02/115/0,2115,Type d'équipement d'observation en surface,0,Banque de données ponctuelles (PDB),,,,,Operational,Original
bufr4/0/02/115/1,2115,Type d'équipement d'observation en surface,1,RSOIS,,,,,Operational,Original
bufr4/0/02/115/2,2115,Type d'équipement d'observation en surface,2,ASOS,,,,,Operational,Original
bufr4/0/02/115/3,2115,Type d'équipement d'observation en surface,3,Psychromètre,,,,,Operational,Original
bufr4/0/02/115/4,2115,Type d'équipement d'observation en surface,4,F420,,,,,Operational,Original
bufr4/0/02/115/5-29,2115,Type d'équipement d'observation en surface,5-29,En réserve,,,,,Operational,Original
bufr4/0/02/115/30,2115,Type d'équipement d'observation en surface,30,Autre,,,,,Operational,Original
bufr4/0/02/115/31,2115,Type d'équipement d'observation en surface,31,Valeur manquante,,,,,Operational,Original
bufr4/0/02/119/0,2119,Fonctionnement de l'instrument RA-2,0,Mode d'étalonnage en fréquence intermédiaire (IF CAL),,,,,Operational,Original
bufr4/0/02/119/1,2119,Fonctionnement de l'instrument RA-2,1,Dispositif de test intégré – numérique (BITE DGT),,,,,Operational,Original
bufr4/0/02/119/2,2119,Fonctionnement de l'instrument RA-2,2,Dispositif de test intégré – radiofréquence (BITE RF),,,,,Operational,Original
bufr4/0/02/119/3,2119,Fonctionnement de l'instrument RA-2,3,Poursuite préréglée (PSET TRK),,,,,Operational,Original
bufr4/0/02/119/4,2119,Fonctionnement de l'instrument RA-2,4,Boucle de sortie préréglée,,,,,Operational,Original
bufr4/0/02/119/5,2119,Fonctionnement de l'instrument RA-2,5,Acquisition,,,,,Operational,Original
bufr4/0/02/119/6,2119,Fonctionnement de l'instrument RA-2,6,Poursuite,,,,,Operational,Original
bufr4/0/02/119/7,2119,Fonctionnement de l'instrument RA-2,7,Valeur manquante,,,,,Operational,Original
bufr4/0/02/131/1,2131,Commande de gain variable dans le temps,1,Commande de gain variable dans le temps opérationnelle,,,,,Operational,Original
bufr4/0/02/131/All-2,2131,Commande de gain variable dans le temps,All 2,Valeur manquante,,,,,Operational,Original
bufr4/0/02/137/1,2137,Rapport de double fréquence de répétition des impulsions du radar,1,3:2,,,,,Operational,Original
bufr4/0/02/137/2,2137,Rapport de double fréquence de répétition des impulsions du radar,2,4:3,,,,,Operational,Original
bufr4/0/02/137/3,2137,Rapport de double fréquence de répétition des impulsions du radar,3,5:4,,,,,Operational,Original
bufr4/0/02/137/4-14,2137,Rapport de double fréquence de répétition des impulsions du radar,4-14,En réserve,,,,,Operational,Original
bufr4/0/02/137/15,2137,Rapport de double fréquence de répétition des impulsions du radar,15,Valeur manquante,,,,,Operational,Original
bufr4/0/02/138/1,2138,Direction de rotation de l'antenne,1,Rotation dans le sens des aiguilles d'une montre,,,,,Operational,Original
bufr4/0/02/138/2,2138,Direction de rotation de l'antenne,2,Rotation dans le sens inverse des aiguilles d'une montre,,,,,Operational,Original
bufr4/0/02/138/3,2138,Direction de rotation de l'antenne,3,Valeur manquante,,,,,Operational,Original
bufr4/0/02/139/0,2139,Configuration de l'instrument SIRAL,0,SIRAL nominal,,,,,Operational,Original
bufr4/0/02/139/1,2139,Configuration de l'instrument SIRAL,1,SIRAL redondant,,,,,Operational,Original
bufr4/0/02/139/2,2139,Configuration de l'instrument SIRAL,2,Valeur manquante,,,,,Operational,Original
bufr4/0/02/143/0,2143,Type d'instrument de mesure de l'ozone,0,En réserve,,,,,Operational,Original
bufr4/0/02/143/1,2143,Type d'instrument de mesure de l'ozone,1,Spectrophotomètre de Brewer,,,,,Operational,Original
bufr4/0/02/143/2,2143,Type d'instrument de mesure de l'ozone,2,Caver Teichert,,,,,Operational,Original
bufr4/0/02/143/3,2143,Type d'instrument de mesure de l'ozone,3,Dobson,,,,,Operational,Original
bufr4/0/02/143/4,2143,Type d'instrument de mesure de l'ozone,4,Dobson (Japon),,,,,Operational,Original
bufr4/0/02/143/5,2143,Type d'instrument de mesure de l'ozone,5,Ehmet,,,,,Operational,Original
bufr4/0/02/143/6,2143,Type d'instrument de mesure de l'ozone,6,Télescope Fecker,,,,,Operational,Original
bufr4/0/02/143/7,2143,Type d'instrument de mesure de l'ozone,7,Hoelper,,,,,Operational,Original
bufr4/0/02/143/8,2143,Type d'instrument de mesure de l'ozone,8,Jodmètre,,,,,Operational,Original
bufr4/0/02/143/9,2143,Type d'instrument de mesure de l'ozone,9,Ozonomètre à filtre M-83,,,,,Operational,Original
bufr4/0/02/143/10,2143,Type d'instrument de mesure de l'ozone,10,Mast,,,,,Operational,Original
bufr4/0/02/143/11,2143,Type d'instrument de mesure de l'ozone,11,Oxford,,,,,Operational,Original
bufr4/0/02/143/12,2143,Type d'instrument de mesure de l'ozone,12,Paetzold,,,,,Operational,Original
bufr4/0/02/143/13,2143,Type d'instrument de mesure de l'ozone,13,Regener,,,,,Operational,Original
bufr4/0/02/143/14,2143,Type d'instrument de mesure de l'ozone,14,Réservé pour utilisation future,,,,,Operational,Original
bufr4/0/02/143/15,2143,Type d'instrument de mesure de l'ozone,15,Ozonomètre à filtre Vassy,,,,,Operational,Original
bufr4/0/02/143/16,2143,Type d'instrument de mesure de l'ozone,16,Iodure de carbone,,,,,Operational,Original
bufr4/0/02/143/17,2143,Type d'instrument de mesure de l'ozone,17,Barboteur pour mesure de l'ozone en surface,,,,,Operational,Original
bufr4/0/02/143/18,2143,Type d'instrument de mesure de l'ozone,18,Ozonomètre à filtre M-124,,,,,Operational,Original
bufr4/0/02/143/19,2143,Type d'instrument de mesure de l'ozone,19,Sonde à cellule électrochimique,,,,,Operational,Original
bufr4/0/02/143/20-126,2143,Type d'instrument de mesure de l'ozone,20-126,En réserve,,,,,Operational,Original
bufr4/0/02/143/127,2143,Type d'instrument de mesure de l'ozone,127,Valeur manquante,,,,,Operational,Original
bufr4/0/02/144/0,2144,Type de source lumineuse pour spectrophotomètres Brewer,0,"Rayonnement solaire direct Rayonnement solaire direct, atténuateur #1",,,,,Operational,Original
bufr4/0/02/144/1,2144,Type de source lumineuse pour spectrophotomètres Brewer,1,"Rayonnement solaire direct, atténuateur #1",,,(voir Note),38,Operational,Original
bufr4/0/02/144/2,2144,Type de source lumineuse pour spectrophotomètres Brewer,2,"Rayonnement solaire direct, atténuateur #2",,,(voir Note),38,Operational,Original
bufr4/0/02/144/3,2144,Type de source lumineuse pour spectrophotomètres Brewer,3,Mise au point sur la Lune,,,,,Operational,Original
bufr4/0/02/144/4,2144,Type de source lumineuse pour spectrophotomètres Brewer,4,Mise au point sur le Soleil,,,,,Operational,Original
bufr4/0/02/144/5,2144,Type de source lumineuse pour spectrophotomètres Brewer,5,Mise au point sur le Soleil avec corrections provenant de mesures du ciel adjacent,,,,,Operational,Original
bufr4/0/02/144/6,2144,Type de source lumineuse pour spectrophotomètres Brewer,6,Rayonnement du ciel au zénith,,,,,Operational,Original
bufr4/0/02/144/7-14,2144,Type de source lumineuse pour spectrophotomètres Brewer,7-14,En réserve,,,,,Operational,Original
bufr4/0/02/144/15,2144,Type de source lumineuse pour spectrophotomètres Brewer,15,Valeur manquante,,,Les entrées 1 et 2 ne doivent pas être utilisées.,,Operational,Original
bufr4/0/02/145/0,2145,Longueurs d'ondes et réglage pour instruments Dobson,0,"Longueurs d'ondes AD, réglage normal",,,,,Operational,Original
bufr4/0/02/145/1,2145,Longueurs d'ondes et réglage pour instruments Dobson,1,"Longueurs d'ondes BD, réglage normal",,,,,Operational,Original
bufr4/0/02/145/2,2145,Longueurs d'ondes et réglage pour instruments Dobson,2,"Longueurs d'ondes CD, réglage normal",,,,,Operational,Original
bufr4/0/02/145/3,2145,Longueurs d'ondes et réglage pour instruments Dobson,3,"Longueurs d'ondes CC´, réglage normal",,,,,Operational,Original
bufr4/0/02/145/4,2145,Longueurs d'ondes et réglage pour instruments Dobson,4,"Longueurs d'ondes AD, image mise au point",,,,,Operational,Original
bufr4/0/02/145/5,2145,Longueurs d'ondes et réglage pour instruments Dobson,5,"Longueurs d'ondes BD, image mise au point",,,,,Operational,Original
bufr4/0/02/145/6,2145,Longueurs d'ondes et réglage pour instruments Dobson,6,"Longueurs d'ondes CD, image mise au point",,,,,Operational,Original
bufr4/0/02/145/7,2145,Longueurs d'ondes et réglage pour instruments Dobson,7,"Longueurs d'ondes CC´, image mise au point",,,,,Operational,Original
bufr4/0/02/145/8-14,2145,Longueurs d'ondes et réglage pour instruments Dobson,8-14,En réserve,,,,,Operational,Original
bufr4/0/02/145/15,2145,Longueurs d'ondes et réglage pour instruments Dobson,15,Valeur manquante,,,,,Operational,Original
bufr4/0/02/146/0,2146,État de la source lumineuse pour instruments Dobson,0,Rayonnement solaire,,,,,Operational,Original
bufr4/0/02/146/1,2146,État de la source lumineuse pour instruments Dobson,1,Rayonnement lunaire,,,,,Operational,Original
bufr4/0/02/146/2,2146,État de la source lumineuse pour instruments Dobson,2,Rayonnement du ciel clair,,,,,Operational,Original
bufr4/0/02/146/3,2146,État de la source lumineuse pour instruments Dobson,3,"Nuage au zénith (couche uniforme stratifiée, de faible opacité)",,,,,Operational,Original
bufr4/0/02/146/4,2146,État de la source lumineuse pour instruments Dobson,4,"Nuage au zénith (couche uniforme ou modérément variable, d'opacité moyenne)",,,,,Operational,Original
bufr4/0/02/146/5,2146,État de la source lumineuse pour instruments Dobson,5,"Nuage au zénith (couche uniforme ou modérément variable, de forte opacité) Nuage au zénith (opacité très variable, avec ou sans précipitation)",,,,,Operational,Original
bufr4/0/02/146/6,2146,État de la source lumineuse pour instruments Dobson,6,"Nuage au zénith (opacité très variable, avec ou sans précipitation)",,,,,Operational,Original
bufr4/0/02/146/7,2146,État de la source lumineuse pour instruments Dobson,7,Nuage au zénith (brouillard),,,,,Operational,Original
bufr4/0/02/146/8,2146,État de la source lumineuse pour instruments Dobson,8,Brume au zénith,,,,,Operational,Original
bufr4/0/02/146/9,2146,État de la source lumineuse pour instruments Dobson,9,"Rayonnement solaire à travers un nuage, du brouillard ou de la brume légère En réserve",,,,,Operational,Original
bufr4/0/02/146/10-14,2146,État de la source lumineuse pour instruments Dobson,10-14,En réserve,,,,,Operational,Original
bufr4/0/02/146/15,2146,État de la source lumineuse pour instruments Dobson,15,Valeur manquante,,,,,Operational,Original
bufr4/0/02/147/0,2147,Mode de transmission au centre de collecte des données,0,En réserve,,,,,Operational,Original
bufr4/0/02/147/1,2147,Mode de transmission au centre de collecte des données,1,Liaison spécialisée directe,,,,,Operational,Original
bufr4/0/02/147/2,2147,Mode de transmission au centre de collecte des données,2,Ligne commutée,,,,,Operational,Original
bufr4/0/02/147/3,2147,Mode de transmission au centre de collecte des données,3,Fournisseur d'accès Internet,,,,,Operational,Original
bufr4/0/02/147/4,2147,Mode de transmission au centre de collecte des données,4,"DCP par satellite (MTSAT, Météosat, etc.)",,,,,Operational,Original
bufr4/0/02/147/5,2147,Mode de transmission au centre de collecte des données,5,VSAT,,,,,Operational,Original
bufr4/0/02/147/6,2147,Mode de transmission au centre de collecte des données,6,"GAN*, BGAN**",,,,,Operational,Original
bufr4/0/02/147/7,2147,Mode de transmission au centre de collecte des données,7,Terminal THISS,,,,,Operational,Original
bufr4/0/02/147/8,2147,Mode de transmission au centre de collecte des données,8,Satellites Iridium,,,,,Operational,Original
bufr4/0/02/147/9,2147,Mode de transmission au centre de collecte des données,9,Téléphonie mobile En réserve,,,,,Operational,Original
bufr4/0/02/147/10-62,2147,Mode de transmission au centre de collecte des données,10-62,En réserve,,,,,Operational,Original
bufr4/0/02/147/63,2147,Mode de transmission au centre de collecte des données,63,Valeur manquante ___ * Réseau mondial ** Réseau mondial à large bande,,,,,Operational,Original
bufr4/0/02/148/0,2148,Système de collecte des données et/ou de positionnement,0,En réserve,,,,,Operational,Original
bufr4/0/02/148/1,2148,Système de collecte des données et/ou de positionnement,1,Argos,,,,,Operational,Original
bufr4/0/02/148/2,2148,Système de collecte des données et/ou de positionnement,2,GPS,,,,,Operational,Original
bufr4/0/02/148/3,2148,Système de collecte des données et/ou de positionnement,3,GOES DCP,,,,,Operational,Original
bufr4/0/02/148/4,2148,Système de collecte des données et/ou de positionnement,4,METEOSAT DCP,,,,,Operational,Original
bufr4/0/02/148/5,2148,Système de collecte des données et/ou de positionnement,5,ORBCOMM,,,,,Operational,Original
bufr4/0/02/148/6,2148,Système de collecte des données et/ou de positionnement,6,INMARSAT,,,,,Operational,Original
bufr4/0/02/148/7,2148,Système de collecte des données et/ou de positionnement,7,Iridium,,,,,Operational,Original
bufr4/0/02/148/8,2148,Système de collecte des données et/ou de positionnement,8,Iridium et GPS,,,,,Operational,Original
bufr4/0/02/148/9,2148,Système de collecte des données et/ou de positionnement,9,Argos-3,,,,,Operational,Original
bufr4/0/02/148/10,2148,Système de collecte des données et/ou de positionnement,10,Argos-4,,,,,Operational,Original
bufr4/0/02/148/11-30,2148,Système de collecte des données et/ou de positionnement,11-30,En réserve,,,,,Operational,Original
bufr4/0/02/148/31,2148,Système de collecte des données et/ou de positionnement,31,Valeur manquante,,,,,Operational,Original
bufr4/0/02/149/0,2149,Type de bouée de collecte de données,0,Bouée dérivante non précisée,,,,,Operational,Original
bufr4/0/02/149/1,2149,Type de bouée de collecte de données,1,Bouée dérivante lagrangienne standard,,,,,Operational,Original
bufr4/0/02/149/2,2149,Type de bouée de collecte de données,2,Bouée dérivante standard de type PEMG (bouée dérivante météorologique non lagrangienne),,,,,Operational,Original
bufr4/0/02/149/3,2149,Type de bouée de collecte de données,3,Bouée dérivante de type PEMG de mesure du vent (bouée dérivante météorologique non lagrangienne),,,,,Operational,Original
bufr4/0/02/149/4,2149,Type de bouée de collecte de données,4,Bouée dérivante posée sur la glace,,,,,Operational,Original
bufr4/0/02/149/5,2149,Type de bouée de collecte de données,5,Bouée dérivante lagrangienne standard SVPG avec GPS,,,,,Operational,Original
bufr4/0/02/149/6,2149,Type de bouée de collecte de données,6,Bouée dérivante SVP-HR avec capteur de température haute résolution ou chaîne à thermistance,,,,,Operational,Original
bufr4/0/02/149/7,2149,Type de bouée de collecte de données,7,En réserve,,,,,Operational,Original
bufr4/0/02/149/8,2149,Type de bouée de collecte de données,8,Flotteur immergé non précisé,,,,,Operational,Original
bufr4/0/02/149/9,2149,Type de bouée de collecte de données,9,SOFAR,,,,,Operational,Original
bufr4/0/02/149/10,2149,Type de bouée de collecte de données,10,ALACE,,,,,Operational,Original
bufr4/0/02/149/11,2149,Type de bouée de collecte de données,11,MARVOR,,,,,Operational,Original
bufr4/0/02/149/12,2149,Type de bouée de collecte de données,12,RAFOS,,,,,Operational,Original
bufr4/0/02/149/13,2149,Type de bouée de collecte de données,13,PROVOR,,,,,Operational,Original
bufr4/0/02/149/14,2149,Type de bouée de collecte de données,14,SOLO,,,,,Operational,Original
bufr4/0/02/149/15,2149,Type de bouée de collecte de données,15,APEX,,,,,Operational,Original
bufr4/0/02/149/16,2149,Type de bouée de collecte de données,16,Bouée ancrée non précisée,,,,,Operational,Original
bufr4/0/02/149/17,2149,Type de bouée de collecte de données,17,NOMAD,,,,,Operational,Original
bufr4/0/02/149/18,2149,Type de bouée de collecte de données,18,Diamètre de 3 mètres,,,,,Operational,Original
bufr4/0/02/149/19,2149,Type de bouée de collecte de données,19,Diamètre de 10–12 mètres,,,,,Operational,Original
bufr4/0/02/149/20,2149,Type de bouée de collecte de données,20,Série SADO 30,,,,,Operational,Original
bufr4/0/02/149/21,2149,Type de bouée de collecte de données,21,ATLAS (par exemple zone TAO),,,,,Operational,Original
bufr4/0/02/149/22,2149,Type de bouée de collecte de données,22,Bouée TRITON,,,,,Operational,Original
bufr4/0/02/149/23,2149,Type de bouée de collecte de données,23,Ancrage FLEX (par exemple zone TIP),,,,,Operational,Original
bufr4/0/02/149/24,2149,Type de bouée de collecte de données,24,Enregistreur de vagues omnidirectionnel,,,,,Operational,Original
bufr4/0/02/149/25,2149,Type de bouée de collecte de données,25,Enregistreur de vagues directionnel,,,,,Operational,Original
bufr4/0/02/149/26,2149,Type de bouée de collecte de données,26,Flotteur immergé ARGO,,,,,Operational,Original
bufr4/0/02/149/27,2149,Type de bouée de collecte de données,27,PALACE,,,,,Operational,Original
bufr4/0/02/149/28,2149,Type de bouée de collecte de données,28,NEMO,,,,,Operational,Original
bufr4/0/02/149/29,2149,Type de bouée de collecte de données,29,NINJA,,,,,Operational,Original
bufr4/0/02/149/30,2149,Type de bouée de collecte de données,30,Bouée/flotteur sur glaces dérivantes (POPS ou ITP),,,,,Operational,Original
bufr4/0/02/149/31-33,2149,Type de bouée de collecte de données,31-33,En réserve,,,,,Operational,Original
bufr4/0/02/149/34,2149,Type de bouée de collecte de données,34,Bouée ancrée océanographique,,,,,Operational,Original
bufr4/0/02/149/35,2149,Type de bouée de collecte de données,35,Bouée ancrée météorologique,,,,,Operational,Original
bufr4/0/02/149/36,2149,Type de bouée de collecte de données,36,Bouée ancrée multi-paramètres (OceanSITES),,,,,Operational,Original
bufr4/0/02/149/37,2149,Type de bouée de collecte de données,37,Marégraphe ou bouée Tsunami,,,,,Operational,Original
bufr4/0/02/149/38,2149,Type de bouée de collecte de données,38,Balise de glace,,,,,Operational,Original
bufr4/0/02/149/39,2149,Type de bouée de collecte de données,39,Bouée de mesure du bilan de masse des glaces,,,,,Operational,Original
bufr4/0/02/149/40-62,2149,Type de bouée de collecte de données,40-62,En réserve,,,,,Operational,Original
bufr4/0/02/149/63,2149,Type de bouée de collecte de données,63,Valeur manquante,,,,,Operational,Original
bufr4/0/02/150/0,2150,Numéro du canal de l'instrument TOVS/ATOVS/AVHRR,0,En réserve,,,,,Operational,Original
bufr4/0/02/150/1,2150,Numéro du canal de l'instrument TOVS/ATOVS/AVHRR,1,HIRS 1,,,,,Operational,Original
bufr4/0/02/150/2,2150,Numéro du canal de l'instrument TOVS/ATOVS/AVHRR,2,HIRS 2,,,,,Operational,Original
bufr4/0/02/150/3,2150,Numéro du canal de l'instrument TOVS/ATOVS/AVHRR,3,HIRS 3,,,,,Operational,Original
bufr4/0/02/150/4,2150,Numéro du canal de l'instrument TOVS/ATOVS/AVHRR,4,HIRS 4,,,,,Operational,Original
bufr4/0/02/150/5,2150,Numéro du canal de l'instrument TOVS/ATOVS/AVHRR,5,HIRS 5,,,,,Operational,Original
bufr4/0/02/150/6,2150,Numéro du canal de l'instrument TOVS/ATOVS/AVHRR,6,HIRS 6,,,,,Operational,Original
bufr4/0/02/150/7,2150,Numéro du canal de l'instrument TOVS/ATOVS/AVHRR,7,HIRS 7,,,,,Operational,Original
bufr4/0/02/150/8,2150,Numéro du canal de l'instrument TOVS/ATOVS/AVHRR,8,HIRS 8,,,,,Operational,Original
bufr4/0/02/150/9,2150,Numéro du canal de l'instrument TOVS/ATOVS/AVHRR,9,HIRS 9,,,,,Operational,Original
bufr4/0/02/150/10,2150,Numéro du canal de l'instrument TOVS/ATOVS/AVHRR,10,HIRS 10,,,,,Operational,Original
bufr4/0/02/150/11,2150,Numéro du canal de l'instrument TOVS/ATOVS/AVHRR,11,HIRS 11,,,,,Operational,Original
bufr4/0/02/150/12,2150,Numéro du canal de l'instrument TOVS/ATOVS/AVHRR,12,HIRS 12,,,,,Operational,Original
bufr4/0/02/150/13,2150,Numéro du canal de l'instrument TOVS/ATOVS/AVHRR,13,HIRS 13,,,,,Operational,Original
bufr4/0/02/150/14,2150,Numéro du canal de l'instrument TOVS/ATOVS/AVHRR,14,HIRS 14,,,,,Operational,Original
bufr4/0/02/150/15,2150,Numéro du canal de l'instrument TOVS/ATOVS/AVHRR,15,HIRS 15,,,,,Operational,Original
bufr4/0/02/150/16,2150,Numéro du canal de l'instrument TOVS/ATOVS/AVHRR,16,HIRS 16,,,,,Operational,Original
bufr4/0/02/150/17,2150,Numéro du canal de l'instrument TOVS/ATOVS/AVHRR,17,HIRS 17,,,,,Operational,Original
bufr4/0/02/150/18,2150,Numéro du canal de l'instrument TOVS/ATOVS/AVHRR,18,HIRS 18,,,,,Operational,Original
bufr4/0/02/150/19,2150,Numéro du canal de l'instrument TOVS/ATOVS/AVHRR,19,HIRS 19,,,,,Operational,Original
bufr4/0/02/150/20,2150,Numéro du canal de l'instrument TOVS/ATOVS/AVHRR,20,HIRS 20,,,,,Operational,Original
bufr4/0/02/150/21,2150,Numéro du canal de l'instrument TOVS/ATOVS/AVHRR,21,MSU 1,,,,,Operational,Original
bufr4/0/02/150/22,2150,Numéro du canal de l'instrument TOVS/ATOVS/AVHRR,22,MSU 2,,,,,Operational,Original
bufr4/0/02/150/23,2150,Numéro du canal de l'instrument TOVS/ATOVS/AVHRR,23,MSU 3,,,,,Operational,Original
bufr4/0/02/150/24,2150,Numéro du canal de l'instrument TOVS/ATOVS/AVHRR,24,MSU 4,,,,,Operational,Original
bufr4/0/02/150/25,2150,Numéro du canal de l'instrument TOVS/ATOVS/AVHRR,25,SSU 1,,,,,Operational,Original
bufr4/0/02/150/26,2150,Numéro du canal de l'instrument TOVS/ATOVS/AVHRR,26,SSU 2,,,,,Operational,Original
bufr4/0/02/150/27,2150,Numéro du canal de l'instrument TOVS/ATOVS/AVHRR,27,SSU 3,,,,,Operational,Original
bufr4/0/02/150/28,2150,Numéro du canal de l'instrument TOVS/ATOVS/AVHRR,28,AMSU–A 1,,,,,Operational,Original
bufr4/0/02/150/29,2150,Numéro du canal de l'instrument TOVS/ATOVS/AVHRR,29,AMSU–A 2,,,,,Operational,Original
bufr4/0/02/150/30,2150,Numéro du canal de l'instrument TOVS/ATOVS/AVHRR,30,AMSU–A 3,,,,,Operational,Original
bufr4/0/02/150/31,2150,Numéro du canal de l'instrument TOVS/ATOVS/AVHRR,31,AMSU–A 4,,,,,Operational,Original
bufr4/0/02/150/32,2150,Numéro du canal de l'instrument TOVS/ATOVS/AVHRR,32,AMSU–A 5,,,,,Operational,Original
bufr4/0/02/150/33,2150,Numéro du canal de l'instrument TOVS/ATOVS/AVHRR,33,AMSU–A 6,,,,,Operational,Original
bufr4/0/02/150/34,2150,Numéro du canal de l'instrument TOVS/ATOVS/AVHRR,34,AMSU–A 7,,,,,Operational,Original
bufr4/0/02/150/35,2150,Numéro du canal de l'instrument TOVS/ATOVS/AVHRR,35,AMSU–A 8,,,,,Operational,Original
bufr4/0/02/150/36,2150,Numéro du canal de l'instrument TOVS/ATOVS/AVHRR,36,AMSU–A 9,,,,,Operational,Original
bufr4/0/02/150/37,2150,Numéro du canal de l'instrument TOVS/ATOVS/AVHRR,37,AMSU–A 10,,,,,Operational,Original
bufr4/0/02/150/38,2150,Numéro du canal de l'instrument TOVS/ATOVS/AVHRR,38,AMSU–A 11,,,,,Operational,Original
bufr4/0/02/150/39,2150,Numéro du canal de l'instrument TOVS/ATOVS/AVHRR,39,AMSU–A 12,,,,,Operational,Original
bufr4/0/02/150/40,2150,Numéro du canal de l'instrument TOVS/ATOVS/AVHRR,40,AMSU–A 13,,,,,Operational,Original
bufr4/0/02/150/41,2150,Numéro du canal de l'instrument TOVS/ATOVS/AVHRR,41,AMSU–A 14,,,,,Operational,Original
bufr4/0/02/150/42,2150,Numéro du canal de l'instrument TOVS/ATOVS/AVHRR,42,AMSU–A 15,,,,,Operational,Original
bufr4/0/02/150/43,2150,Numéro du canal de l'instrument TOVS/ATOVS/AVHRR,43,AMSU–B 1/MHS 1,,,,,Operational,Original
bufr4/0/02/150/44,2150,Numéro du canal de l'instrument TOVS/ATOVS/AVHRR,44,AMSU–B 2/MHS 2,,,,,Operational,Original
bufr4/0/02/150/45,2150,Numéro du canal de l'instrument TOVS/ATOVS/AVHRR,45,AMSU–B 3/MHS 3,,,,,Operational,Original
bufr4/0/02/150/46,2150,Numéro du canal de l'instrument TOVS/ATOVS/AVHRR,46,AMSU–B 4/MHS 4,,,,,Operational,Original
bufr4/0/02/150/47,2150,Numéro du canal de l'instrument TOVS/ATOVS/AVHRR,47,AMSU–B 5/MHS 5,,,,,Operational,Original
bufr4/0/02/150/48,2150,Numéro du canal de l'instrument TOVS/ATOVS/AVHRR,48,AVHRR 1,,,,,Operational,Original
bufr4/0/02/150/49,2150,Numéro du canal de l'instrument TOVS/ATOVS/AVHRR,49,AVHRR 2,,,,,Operational,Original
bufr4/0/02/150/50,2150,Numéro du canal de l'instrument TOVS/ATOVS/AVHRR,50,AVHRR 3a,,,,,Operational,Original
bufr4/0/02/150/51,2150,Numéro du canal de l'instrument TOVS/ATOVS/AVHRR,51,AVHRR 3b,,,,,Operational,Original
bufr4/0/02/150/52,2150,Numéro du canal de l'instrument TOVS/ATOVS/AVHRR,52,AVHRR 4,,,,,Operational,Original
bufr4/0/02/150/53,2150,Numéro du canal de l'instrument TOVS/ATOVS/AVHRR,53,AVHRR 5,,,,,Operational,Original
bufr4/0/02/150/54-62,2150,Numéro du canal de l'instrument TOVS/ATOVS/AVHRR,54-62,En réserve,,,,,Operational,Original
bufr4/0/02/150/63,2150,Numéro du canal de l'instrument TOVS/ATOVS/AVHRR,63,Valeur manquante,,,,,Operational,Original
bufr4/0/02/151/0,2151,Indicateur d'identification du radiomètre,0,HIRS,,,,,Operational,Original
bufr4/0/02/151/1,2151,Indicateur d'identification du radiomètre,1,MSU,,,,,Operational,Original
bufr4/0/02/151/2,2151,Indicateur d'identification du radiomètre,2,SSU,,,,,Operational,Original
bufr4/0/02/151/3,2151,Indicateur d'identification du radiomètre,3,AMSU-A1-1,,,,,Operational,Original
bufr4/0/02/151/4,2151,Indicateur d'identification du radiomètre,4,AMSU-A1-2,,,,,Operational,Original
bufr4/0/02/151/5,2151,Indicateur d'identification du radiomètre,5,AMSU-A2,,,,,Operational,Original
bufr4/0/02/151/6,2151,Indicateur d'identification du radiomètre,6,AMSU-B,,,,,Operational,Original
bufr4/0/02/151/7,2151,Indicateur d'identification du radiomètre,7,AVHRR,,,,,Operational,Original
bufr4/0/02/151/8,2151,Indicateur d'identification du radiomètre,8,En réserve,,,,,Operational,Original
bufr4/0/02/151/9,2151,Indicateur d'identification du radiomètre,9,MHS 10–2046 En réserve,,,,,Operational,Original
bufr4/0/02/151/2047,2151,Indicateur d'identification du radiomètre,2047,Valeur manquante,,,,,Operational,Original
bufr4/0/02/152/1,2152,Instrument de satellite utilisé dans le traitement des données,1,Sondeur en infrarouge à grand pouvoir séparateur (HIRS),,,,,Operational,Original
bufr4/0/02/152/2,2152,Instrument de satellite utilisé dans le traitement des données,2,Sondeur à hyperfréquence (MSU),,,,,Operational,Original
bufr4/0/02/152/3,2152,Instrument de satellite utilisé dans le traitement des données,3,Sondeur stratosphérique (SSU),,,,,Operational,Original
bufr4/0/02/152/4,2152,Instrument de satellite utilisé dans le traitement des données,4,AMI mode vent,,,,,Operational,Original
bufr4/0/02/152/5,2152,Instrument de satellite utilisé dans le traitement des données,5,AMI mode vague,,,,,Operational,Original
bufr4/0/02/152/6,2152,Instrument de satellite utilisé dans le traitement des données,6,AMI mode image,,,,,Operational,Original
bufr4/0/02/152/7,2152,Instrument de satellite utilisé dans le traitement des données,7,Altimètre RADAR,,,,,Operational,Original
bufr4/0/02/152/8,2152,Instrument de satellite utilisé dans le traitement des données,8,ATSR,,,,,Operational,Original
bufr4/0/02/152/9,2152,Instrument de satellite utilisé dans le traitement des données,9,Imageur géostationnaire,,,,,Operational,Original
bufr4/0/02/152/10,2152,Instrument de satellite utilisé dans le traitement des données,10,Sondeur géostationnaire,,,,,Operational,Original
bufr4/0/02/152/11,2152,Instrument de satellite utilisé dans le traitement des données,11,Instrument de mesure géostationnaire du bilan radiatif de la Terre (GERB),,,,,Operational,Original
bufr4/0/02/152/12,2152,Instrument de satellite utilisé dans le traitement des données,12,Radiomètre à balayage multibande,,,,,Operational,Original
bufr4/0/02/152/13,2152,Instrument de satellite utilisé dans le traitement des données,13,Imageur en orbite polaire,,,,,Operational,Original
bufr4/0/02/152/14-30,2152,Instrument de satellite utilisé dans le traitement des données,14-30,En réserve,,,,,Operational,Original
bufr4/0/02/152/All-31,2152,Instrument de satellite utilisé dans le traitement des données,All 31,Valeur manquante,,,,,Operational,Original
bufr4/0/02/158/1,2158,Instrument RA-2,1,Non-concordance du vecteur redondant – amplificateur de grande puissance,,,,,Operational,Original
bufr4/0/02/158/2,2158,Instrument RA-2,2,Non-concordance du vecteur redondant – RFSS,,,,,Operational,Original
bufr4/0/02/158/3,2158,Instrument RA-2,3,Bande d'étalonnage de la PTR: 320 MHz (Ku),,,,,Operational,Original
bufr4/0/02/158/4,2158,Instrument RA-2,4,Bande d'étalonnage de la PTR: 80 MHz (Ku),,,,,Operational,Original
bufr4/0/02/158/5,2158,Instrument RA-2,5,Bande d'étalonnage de la PTR: 20 MHz (Ku),,,,,Operational,Original
bufr4/0/02/158/6,2158,Instrument RA-2,6,Bande d'étalonnage de la PTR: 160 MHz (S),,,,,Operational,Original
bufr4/0/02/158/7,2158,Instrument RA-2,7,Paramètres d'étalonnage en vol disponibles pour la bande Ku,,,,,Operational,Original
bufr4/0/02/158/8,2158,Instrument RA-2,8,Paramètres d'étalonnage en vol disponibles pour la bande S,,,,,Operational,Original
bufr4/0/02/158/All-9,2158,Instrument RA-2,All 9,Valeur manquante,,,,,Operational,Original
bufr4/0/02/159/1,2159,Instrument MWR,1,Manque d'uniformité de la température,,,,,Operational,Original
bufr4/0/02/159/2,2159,Instrument MWR,2,Données manquantes,,,,,Operational,Original
bufr4/0/02/159/3,2159,Instrument MWR,3,Canal redondant,,,,,Operational,Original
bufr4/0/02/159/4,2159,Instrument MWR,4,Protection du circuit d'alimentation,,,,,Operational,Original
bufr4/0/02/159/5,2159,Instrument MWR,5,Protection contre surtension ou surcharge,,,,,Operational,Original
bufr4/0/02/159/6,2159,Instrument MWR,6,En réserve,,,,,Operational,Original
bufr4/0/02/159/7,2159,Instrument MWR,7,En réserve,,,,,Operational,Original
bufr4/0/02/159/All-8,2159,Instrument MWR,All 8,Valeur manquante,,,,,Operational,Original
bufr4/0/02/160/0,2160,Longueur d'onde sur laquelle fonctionne le radar,0,En réserve,,,,,Operational,Original
bufr4/0/02/160/1,2160,Longueur d'onde sur laquelle fonctionne le radar,1,De 10 à moins de 20 mm,,,,,Operational,Original
bufr4/0/02/160/2,2160,Longueur d'onde sur laquelle fonctionne le radar,2,En réserve,,,,,Operational,Original
bufr4/0/02/160/3,2160,Longueur d'onde sur laquelle fonctionne le radar,3,De 20 à moins de 40 mm,,,,,Operational,Original
bufr4/0/02/160/4,2160,Longueur d'onde sur laquelle fonctionne le radar,4,En réserve,,,,,Operational,Original
bufr4/0/02/160/5,2160,Longueur d'onde sur laquelle fonctionne le radar,5,De 40 à moins de 60 mm,,,,,Operational,Original
bufr4/0/02/160/6,2160,Longueur d'onde sur laquelle fonctionne le radar,6,En réserve,,,,,Operational,Original
bufr4/0/02/160/7,2160,Longueur d'onde sur laquelle fonctionne le radar,7,De 60 à moins de 90 mm,,,,,Operational,Original
bufr4/0/02/160/8,2160,Longueur d'onde sur laquelle fonctionne le radar,8,De 90 à moins de 110 mm,,,,,Operational,Original
bufr4/0/02/160/9,2160,Longueur d'onde sur laquelle fonctionne le radar,9,110 mm et plus,,,,,Operational,Original
bufr4/0/02/160/10-14,2160,Longueur d'onde sur laquelle fonctionne le radar,10-14,Non utilisé,,,,,Operational,Original
bufr4/0/02/160/15,2160,Longueur d'onde sur laquelle fonctionne le radar,15,Valeur manquante,,,,,Operational,Original
bufr4/0/02/161/1-10,2161,Méthode de traitement des données du vent,1-10,En réserve,,,,,Operational,Original
bufr4/0/02/161/11,2161,Méthode de traitement des données du vent,11,Hauteur du vent calculée à partir de la pression médiane de la cible au sommet des nuages,,,,,Operational,Original
bufr4/0/02/161/12,2161,Méthode de traitement des données du vent,12,La cible est nuageuse,,,,,Operational,Original
bufr4/0/02/161/13,2161,Méthode de traitement des données du vent,13,Inversion à faible niveau,,,,,Operational,Original
bufr4/0/02/161/14,2161,Méthode de traitement des données du vent,14,Méthode de contribution de la corrélation croisée (CCC),,,,,Operational,Original
bufr4/0/02/161/15,2161,Méthode de traitement des données du vent,15,Suivi «imbriqué»,,,,,Operational,Original
bufr4/0/02/161/All-16,2161,Méthode de traitement des données du vent,All 16,Valeur manquante,,,,,Operational,Original
bufr4/0/02/162/0,2162,Méthode élargie de détermination de l'altitude,0,Éditeur automatique,,,,,Operational,Original
bufr4/0/02/162/1,2162,Méthode élargie de détermination de l'altitude,1,Détermination de l'altitude dans le canal infrarouge,,,,,Operational,Original
bufr4/0/02/162/2,2162,Méthode élargie de détermination de l'altitude,2,Détermination de l'altitude dans le canal de la vapeur d'eau,,,,,Operational,Original
bufr4/0/02/162/3,2162,Méthode élargie de détermination de l'altitude,3,Détermination de l'altitude dans le canal H O par interception 2,,,,,Operational,Original
bufr4/0/02/162/4,2162,Méthode élargie de détermination de l'altitude,4,Détermination de l'altitude dans le canal CO par découpage 2,,,,,Operational,Original
bufr4/0/02/162/5,2162,Méthode élargie de détermination de l'altitude,5,Gradient maximum dans les pixels à faible résolution,,,,,Operational,Original
bufr4/0/02/162/6,2162,Méthode élargie de détermination de l'altitude,6,Gradient maximum dans les pixels à haute résolution,,,,,Operational,Original
bufr4/0/02/162/7,2162,Méthode élargie de détermination de l'altitude,7,Détermination primaire de l'altitude,,,,,Operational,Original
bufr4/0/02/162/8,2162,Méthode élargie de détermination de l'altitude,8,Détermination de l'épaisseur de la couche,,,,,Operational,Original
bufr4/0/02/162/9,2162,Méthode élargie de détermination de l'altitude,9,Fonction de contribution cumulative – 10 % de l'altitude,,,,,Operational,Original
bufr4/0/02/162/10,2162,Méthode élargie de détermination de l'altitude,10,Fonction de contribution cumulative – 50 % de l'altitude,,,,,Operational,Original
bufr4/0/02/162/11,2162,Méthode élargie de détermination de l'altitude,11,Fonction de contribution cumulative – 90 % de l'altitude,,,,,Operational,Original
bufr4/0/02/162/12,2162,Méthode élargie de détermination de l'altitude,12,Fonction de contribution cumulative – altitude du gradient maximal,,,,,Operational,Original
bufr4/0/02/162/13,2162,Méthode élargie de détermination de l'altitude,13,Méthode du quotient – un canal infrarouge sur deux canaux vapeur d'eau,,,,,Operational,Original
bufr4/0/02/162/14,2162,Méthode élargie de détermination de l'altitude,14,Détermination de l'altitude à partir de plusieurs éléments,,,,,Operational,Original
bufr4/0/02/162/15,2162,Méthode élargie de détermination de l'altitude,15,Estimation optimale,,,,,Operational,Original
bufr4/0/02/162/16,2162,Méthode élargie de détermination de l'altitude,16,Correction d'inversion,,,,,Operational,Original
bufr4/0/02/162/17,2162,Méthode élargie de détermination de l'altitude,17,Détermination géométrique de l'altitude,,,,,Operational,Original
bufr4/0/02/162/18-62,2162,Méthode élargie de détermination de l'altitude,18-62,En réserve,,,,,Operational,Original
bufr4/0/02/162/63,2162,Méthode élargie de détermination de l'altitude,63,Valeur manquante,,,,,Operational,Original
bufr4/0/02/163/0,2163,Méthode de détermination de l'altitude,0,Êditeur automatique,,,,,Operational,Original
bufr4/0/02/163/1,2163,Méthode de détermination de l'altitude,1,Détermination de l'altitude dans le canal infrarouge,,,,,Operational,Original
bufr4/0/02/163/2,2163,Méthode de détermination de l'altitude,2,Détermination de l'altitude dans le canal de la vapeur d'eau,,,,,Operational,Original
bufr4/0/02/163/3,2163,Méthode de détermination de l'altitude,3,Détermination de l'altitude dans le canal H O par interception 2,,,,,Operational,Original
bufr4/0/02/163/4,2163,Méthode de détermination de l'altitude,4,Détermination de l'altitude dans le canal CO par découpage 2,,,,,Operational,Original
bufr4/0/02/163/5,2163,Méthode de détermination de l'altitude,5,Gradient maximum dans les pixels à faible résolution,,,,,Operational,Original
bufr4/0/02/163/6,2163,Méthode de détermination de l'altitude,6,Gradient maximum dans les pixels à plus haute résolution,,,,,Operational,Original
bufr4/0/02/163/7,2163,Méthode de détermination de l'altitude,7,Détermination primaire de l'altitude,,,,,Operational,Original
bufr4/0/02/163/8,2163,Méthode de détermination de l'altitude,8,Détermination de l'épaisseur de la couche,,,,,Operational,Original
bufr4/0/02/163/9,2163,Méthode de détermination de l'altitude,9,Fonction de contribution cumulative – 10 pour cent de l'altitude,,,,,Operational,Original
bufr4/0/02/163/10,2163,Méthode de détermination de l'altitude,10,Fonction de contribution cumulative – 50 pour cent de l'altitude,,,,,Operational,Original
bufr4/0/02/163/11,2163,Méthode de détermination de l'altitude,11,Fonction de contribution cumulative – 90 pour cent de l'altitude,,,,,Operational,Original
bufr4/0/02/163/12,2163,Méthode de détermination de l'altitude,12,Fonction de contribution cumulative – altitude du gradient maximal,,,,,Operational,Original
bufr4/0/02/163/13,2163,Méthode de détermination de l'altitude,13,Méthode du quotient un canal infrarouge sur deux canaux vapeur d'eau,,,,,Operational,Original
bufr4/0/02/163/14,2163,Méthode de détermination de l'altitude,14,Détermination de l'altitude à partir de plusieurs éléments,,,,,Operational,Original
bufr4/0/02/163/15,2163,Méthode de détermination de l'altitude,15,Valeur manquante,,,,,Operational,Original
bufr4/0/02/164/0,2164,Méthode de corrélation des traceurs,0,LP – Norme basée sur un minimum au sens des moindres carrés,,,,,Operational,Original
bufr4/0/02/164/1,2164,Méthode de corrélation des traceurs,1,EN – Norme euclidienne avec corrélation des luminances énergétiques,,,,,Operational,Original
bufr4/0/02/164/2,2164,Méthode de corrélation des traceurs,2,CC – Corrélation croisée,,,,,Operational,Original
bufr4/0/02/164/3,2164,Méthode de corrélation des traceurs,3,Stéréocorrespondance,,,,,Operational,Original
bufr4/0/02/164/4-6,2164,Méthode de corrélation des traceurs,4-6,En réserve,,,,,Operational,Original
bufr4/0/02/164/7,2164,Méthode de corrélation des traceurs,7,Valeur manquante,,,,,Operational,Original
bufr4/0/02/165/1,2165,Indicateur de type de luminance énergétique,1,Voie dégagée,,,,,Operational,Original
bufr4/0/02/165/2,2165,Indicateur de type de luminance énergétique,2,Voie partiellement nuageuse,,,,,Operational,Original
bufr4/0/02/165/3,2165,Indicateur de type de luminance énergétique,3,Voie nuageuse,,,,,Operational,Original
bufr4/0/02/165/4,2165,Indicateur de type de luminance énergétique,4,Signal apodisé,,,,,Operational,Original
bufr4/0/02/165/5,2165,Indicateur de type de luminance énergétique,5,Signal non apodisé,,,,,Operational,Original
bufr4/0/02/165/6,2165,Indicateur de type de luminance énergétique,6,Signal reconstruit,,,,,Operational,Original
bufr4/0/02/165/7,2165,Indicateur de type de luminance énergétique,7,Signal débarrassé de l'influence des nuages,,,,,Operational,Original
bufr4/0/02/165/8-14,2165,Indicateur de type de luminance énergétique,8-14,En réserve,,,,,Operational,Original
bufr4/0/02/165/All-15,2165,Indicateur de type de luminance énergétique,All 15,Valeur manquante,,,,,Operational,Original
bufr4/0/02/166/0,2166,Type de luminance énergétique,0,Type non défini,,,,,Operational,Original
bufr4/0/02/166/1,2166,Type de luminance énergétique,1,Régression statistique automatique,,,,,Operational,Original
bufr4/0/02/166/2,2166,Type de luminance énergétique,2,Mesure ciel clair,,,,,Operational,Original
bufr4/0/02/166/3,2166,Type de luminance énergétique,3,Mesure ciel partiellement couvert,,,,,Operational,Original
bufr4/0/02/166/4,2166,Type de luminance énergétique,4,Mesure ciel couvert,,,,,Operational,Original
bufr4/0/02/166/5-14,2166,Type de luminance énergétique,5-14,En réserve,,,,,Operational,Original
bufr4/0/02/166/15,2166,Type de luminance énergétique,15,Valeur manquante,,,,,Operational,Original
bufr4/0/02/167/0,2167,Méthode de calcul de la luminance énergétique,0,Méthode non définie,,,,,Operational,Original
bufr4/0/02/167/1,2167,Méthode de calcul de la luminance énergétique,1,Luminance énergétique – données brutes de niveau 1b,,,,,Operational,Original
bufr4/0/02/167/2,2167,Méthode de calcul de la luminance énergétique,2,Luminance énergétique – données traitées,,,,,Operational,Original
bufr4/0/02/167/3-14,2167,Méthode de calcul de la luminance énergétique,3-14,En réserve,,,,,Operational,Original
bufr4/0/02/167/15,2167,Méthode de calcul de la luminance énergétique,15,Valeur manquante,,,,,Operational,Original
bufr4/0/02/169/0,2169,Type d'anémomètre,0,Anémomètre à coupelles,,,,,Operational,Original
bufr4/0/02/169/1,2169,Type d'anémomètre,1,Anémomètre à hélice,,,,,Operational,Original
bufr4/0/02/169/2,2169,Type d'anémomètre,2,Vent déduit du bruit ambiant (WOTAN),,,,,Operational,Original
bufr4/0/02/169/3,2169,Type d'anémomètre,3,Anémomètre sonique,,,,,Operational,Original
bufr4/0/02/169/4-14,2169,Type d'anémomètre,4-14,En réserve,,,,,Operational,Original
bufr4/0/02/169/15,2169,Type d'anémomètre,15,Valeur manquante,,,,,Operational,Original
bufr4/0/02/170/0,2170,Capteur d'humidité de l'aéronef Type de capteur,0,"WVSS-II, Version 1, SpectraSensors",,,,,Operational,Original
bufr4/0/02/170/1,2170,Capteur d'humidité de l'aéronef Type de capteur,1,"WVSS-II, Version 2, SpectraSensors",,,,,Operational,Original
bufr4/0/02/170/2,2170,Capteur d'humidité de l'aéronef Type de capteur,2,"WVSS-II, Version 3, SpectraSensors",,,,,Operational,Original
bufr4/0/02/170/3-61,2170,Capteur d'humidité de l'aéronef Type de capteur,3-61,En réserve,,,,,Operational,Original
bufr4/0/02/170/62,2170,Capteur d'humidité de l'aéronef Type de capteur,62,Autre,,,,,Operational,Original
bufr4/0/02/170/63,2170,Capteur d'humidité de l'aéronef Type de capteur,63,Valeur manquante,,,,,Operational,Original
bufr4/0/02/172/0,2172,Type de produit pour les données extraites concernant les gaz atmosphériques,0,En réserve,,,,,Operational,Original
bufr4/0/02/172/1,2172,Type de produit pour les données extraites concernant les gaz atmosphériques,1,Donnée extraite d'un sondage au nadir,,,,,Operational,Original
bufr4/0/02/172/2,2172,Type de produit pour les données extraites concernant les gaz atmosphériques,2,Donnée extraite d'un sondage au limbe En réserve,,,,,Operational,Original
bufr4/0/02/172/3-254,2172,Type de produit pour les données extraites concernant les gaz atmosphériques,3-254,En réserve,,,,,Operational,Original
bufr4/0/02/172/255,2172,Type de produit pour les données extraites concernant les gaz atmosphériques,255,Valeur manquante,,,,,Operational,Original
bufr4/0/02/175/0,2175,Méthode de mesure des précipitations,0,Mesure manuelle,,,,,Operational,Original
bufr4/0/02/175/1,2175,Méthode de mesure des précipitations,1,Instrument à augets basculeurs,,,,,Operational,Original
bufr4/0/02/175/2,2175,Méthode de mesure des précipitations,2,Instrument à pesée,,,,,Operational,Original
bufr4/0/02/175/3,2175,Méthode de mesure des précipitations,3,Instrument optique,,,,,Operational,Original
bufr4/0/02/175/4,2175,Méthode de mesure des précipitations,4,Instrument à capteur de pression,,,,,Operational,Original
bufr4/0/02/175/5,2175,Méthode de mesure des précipitations,5,Instrument à flotteur,,,,,Operational,Original
bufr4/0/02/175/6,2175,Méthode de mesure des précipitations,6,Instrument compte-gouttes,,,,,Operational,Original
bufr4/0/02/175/7-13,2175,Méthode de mesure des précipitations,7-13,En réserve,,,,,Operational,Original
bufr4/0/02/175/14,2175,Méthode de mesure des précipitations,14,Autre,,,,,Operational,Original
bufr4/0/02/175/15,2175,Méthode de mesure des précipitations,15,Valeur manquante,,,,,Operational,Original
bufr4/0/02/176/0,2176,Méthode de mesure de l'état du sol,0,Observation manuelle,,,,,Operational,Original
bufr4/0/02/176/1,2176,Méthode de mesure de l'état du sol,1,Caméra vidéo,,,,,Operational,Original
bufr4/0/02/176/2,2176,Méthode de mesure de l'état du sol,2,Infrarouge,,,,,Operational,Original
bufr4/0/02/176/3,2176,Méthode de mesure de l'état du sol,3,Laser,,,,,Operational,Original
bufr4/0/02/176/4-13,2176,Méthode de mesure de l'état du sol,4-13,En réserve,,,,,Operational,Original
bufr4/0/02/176/14,2176,Méthode de mesure de l'état du sol,14,Autre,,,,,Operational,Original
bufr4/0/02/176/15,2176,Méthode de mesure de l'état du sol,15,Valeur manquante,,,,,Operational,Original
bufr4/0/02/177/0,2177,Méthode de mesure de l'épaisseur de neige,0,Observation manuelle,,,,,Operational,Original
bufr4/0/02/177/1,2177,Méthode de mesure de l'épaisseur de neige,1,Ultrasons,,,,,Operational,Original
bufr4/0/02/177/2,2177,Méthode de mesure de l'épaisseur de neige,2,Caméra vidéo,,,,,Operational,Original
bufr4/0/02/177/3,2177,Méthode de mesure de l'épaisseur de neige,3,Laser,,,,,Operational,Original
bufr4/0/02/177/4-13,2177,Méthode de mesure de l'épaisseur de neige,4-13,En réserve,,,,,Operational,Original
bufr4/0/02/177/14,2177,Méthode de mesure de l'épaisseur de neige,14,Autre,,,,,Operational,Original
bufr4/0/02/177/15,2177,Méthode de mesure de l'épaisseur de neige,15,Valeur manquante,,,,,Operational,Original
bufr4/0/02/178/0,2178,Méthode de mesure de la teneur en eau à l'état liquide des précipitations,0,Observation manuelle,,,,,Operational,Original
bufr4/0/02/178/1,2178,Méthode de mesure de la teneur en eau à l'état liquide des précipitations,1,Mesure optique,,,,,Operational,Original
bufr4/0/02/178/2,2178,Méthode de mesure de la teneur en eau à l'état liquide des précipitations,2,Mesure capacitive,,,,,Operational,Original
bufr4/0/02/178/3-13,2178,Méthode de mesure de la teneur en eau à l'état liquide des précipitations,3-13,En réserve,,,,,Operational,Original
bufr4/0/02/178/14,2178,Méthode de mesure de la teneur en eau à l'état liquide des précipitations,14,Autre,,,,,Operational,Original
bufr4/0/02/178/15,2178,Méthode de mesure de la teneur en eau à l'état liquide des précipitations,15,Valeur manquante,,,,,Operational,Original
bufr4/0/02/179/0,2179,Type d'algorithme utilisé pour l'état du ciel,0,Observation manuelle,,,,,Operational,Original
bufr4/0/02/179/1,2179,Type d'algorithme utilisé pour l'état du ciel,1,Algorithme VAISALA,,,,,Operational,Original
bufr4/0/02/179/2,2179,Type d'algorithme utilisé pour l'état du ciel,2,Algorithme ASOS (FAA),,,,,Operational,Original
bufr4/0/02/179/3,2179,Type d'algorithme utilisé pour l'état du ciel,3,Algorithme AWOS (Canada),,,,,Operational,Original
bufr4/0/02/179/4-13,2179,Type d'algorithme utilisé pour l'état du ciel,4-13,En réserve,,,,,Operational,Original
bufr4/0/02/179/14,2179,Type d'algorithme utilisé pour l'état du ciel,14,Autre,,,,,Operational,Original
bufr4/0/02/179/15,2179,Type d'algorithme utilisé pour l'état du ciel,15,Valeur manquante,,,,,Operational,Original
bufr4/0/02/180/0,2180,Système principal de détection du temps présent,0,Observation manuelle,,,,,Operational,Original
bufr4/0/02/180/1,2180,Système principal de détection du temps présent,1,Système de mesure de la diffusion optique en combinaison avec un système de détection de l'apparition des précipitations,,,,,Operational,Original
bufr4/0/02/180/2,2180,Système principal de détection du temps présent,2,Système de mesure de la diffusion vers l'avant et/ou de la rétrodiffusion d'un faisceau lumineux visible,,,,,Operational,Original
bufr4/0/02/180/3,2180,Système principal de détection du temps présent,3,Système de mesure de la diffusion vers l'avant et/ou de la rétrodiffusion d'un faisceau lumineux infrarouge,,,,,Operational,Original
bufr4/0/02/180/4,2180,Système principal de détection du temps présent,4,Système à diode électroluminescente dans l'infrarouge (IRED),,,,,Operational,Original
bufr4/0/02/180/5,2180,Système principal de détection du temps présent,5,Système à radar Doppler,,,,,Operational,Original
bufr4/0/02/180/6-13,2180,Système principal de détection du temps présent,6-13,En réserve,,,,,Operational,Original
bufr4/0/02/180/14,2180,Système principal de détection du temps présent,14,Autre,,,,,Operational,Original
bufr4/0/02/180/15,2180,Système principal de détection du temps présent,15,Valeur manquante,,,,,Operational,Original
bufr4/0/02/181/1,2181,Capteur supplémentaire du temps présent,1,Détecteur de pluie,,,,,Operational,Original
bufr4/0/02/181/2,2181,Capteur supplémentaire du temps présent,2,Capteur de pluie se congelant,,,,,Operational,Original
bufr4/0/02/181/3,2181,Capteur supplémentaire du temps présent,3,Détecteur de glace,,,,,Operational,Original
bufr4/0/02/181/4,2181,Capteur supplémentaire du temps présent,4,Capteur de grêle et granules de glace,,,,,Operational,Original
bufr4/0/02/181/5-19,2181,Capteur supplémentaire du temps présent,5-19,En réserve,,,,,Operational,Original
bufr4/0/02/181/20,2181,Capteur supplémentaire du temps présent,20,Autre,,,,,Operational,Original
bufr4/0/02/181/All-21,2181,Capteur supplémentaire du temps présent,All 21,Valeur manquante,,,,,Operational,Original
bufr4/0/02/182/0,2182,Système de mesure de la visibilité,0,Mesure manuelle,,,,,Operational,Original
bufr4/0/02/182/1,2182,Système de mesure de la visibilité,1,Système à transmissiomètre (base > 25 m),,,,,Operational,Original
bufr4/0/02/182/2,2182,Système de mesure de la visibilité,2,Système à transmissiomètre (base < 25 m),,,,,Operational,Original
bufr4/0/02/182/3,2182,Système de mesure de la visibilité,3,Système de mesure de la diffusion vers l'avant,,,,,Operational,Original
bufr4/0/02/182/4,2182,Système de mesure de la visibilité,4,Système de mesure de la rétrodiffusion,,,,,Operational,Original
bufr4/0/02/182/5-13,2182,Système de mesure de la visibilité,5-13,En réserve,,,,,Operational,Original
bufr4/0/02/182/14,2182,Système de mesure de la visibilité,14,Autre,,,,,Operational,Original
bufr4/0/02/182/15,2182,Système de mesure de la visibilité,15,Valeur manquante,,,,,Operational,Original
bufr4/0/02/183/0,2183,Système de détection des nuages,0,Observation manuelle,,,,,Operational,Original
bufr4/0/02/183/1,2183,Système de détection des nuages,1,Système à célomètre,,,,,Operational,Original
bufr4/0/02/183/2,2183,Système de détection des nuages,2,Système à caméra infrarouge,,,,,Operational,Original
bufr4/0/02/183/3,2183,Système de détection des nuages,3,Système à caméra dans le visible et en hyperfréquences,,,,,Operational,Original
bufr4/0/02/183/4,2183,Système de détection des nuages,4,Système à imageur du ciel,,,,,Operational,Original
bufr4/0/02/183/5,2183,Système de détection des nuages,5,Système à chrono-caméra vidéo,,,,,Operational,Original
bufr4/0/02/183/6,2183,Système de détection des nuages,6,Système à lidar à micro-impulsions,,,,,Operational,Original
bufr4/0/02/183/7-13,2183,Système de détection des nuages,7-13,En réserve,,,,,Operational,Original
bufr4/0/02/183/14,2183,Système de détection des nuages,14,Autre,,,,,Operational,Original
bufr4/0/02/183/15,2183,Système de détection des nuages,15,Valeur manquante,,,,,Operational,Original
bufr4/0/02/184/0,2184,Type de capteur de détection de la foudre,0,Observation manuelle,,,,,Operational,Original
bufr4/0/02/184/1,2184,Type de capteur de détection de la foudre,1,Capteur imageur d'éclairs,,,,,Operational,Original
bufr4/0/02/184/2,2184,Type de capteur de détection de la foudre,2,Détecteur d'orages électriques,,,,,Operational,Original
bufr4/0/02/184/3,2184,Type de capteur de détection de la foudre,3,Capteur magnétique,,,,,Operational,Original
bufr4/0/02/184/4,2184,Type de capteur de détection de la foudre,4,Capteur du type d'éclairs,,,,,Operational,Original
bufr4/0/02/184/5,2184,Type de capteur de détection de la foudre,5,Compteur d'éclairs,,,,,Operational,Original
bufr4/0/02/184/6,2184,Type de capteur de détection de la foudre,6,Capteur à corrélation de formes d'onde ATDnet VLF,,,,,Operational,Original
bufr4/0/02/184/7-13,2184,Type de capteur de détection de la foudre,7-13,En réserve,,,,,Operational,Original
bufr4/0/02/184/14,2184,Type de capteur de détection de la foudre,14,Autre,,,,,Operational,Original
bufr4/0/02/184/15,2184,Type de capteur de détection de la foudre,15,Valeur manquante,,,,,Operational,Original
bufr4/0/02/185/0,2185,Méthode de mesure de l'évaporation,0,Mesure manuelle,,,,,Operational,Original
bufr4/0/02/185/1,2185,Méthode de mesure de l'évaporation,1,Instrument à flotteur équilibré,,,,,Operational,Original
bufr4/0/02/185/2,2185,Méthode de mesure de l'évaporation,2,Instrument à capteur de pression,,,,,Operational,Original
bufr4/0/02/185/3,2185,Méthode de mesure de l'évaporation,3,Méthode ultrasonique,,,,,Operational,Original
bufr4/0/02/185/4,2185,Méthode de mesure de l'évaporation,4,Méthode hydraulique,,,,,Operational,Original
bufr4/0/02/185/5-13,2185,Méthode de mesure de l'évaporation,5-13,En réserve,,,,,Operational,Original
bufr4/0/02/185/14,2185,Méthode de mesure de l'évaporation,14,Autre,,,,,Operational,Original
bufr4/0/02/185/15,2185,Méthode de mesure de l'évaporation,15,Valeur manquante,,,,,Operational,Original
bufr4/0/02/186/1,2186,Détection des divers types de précipitations,1,Type de précipitation inconnu,,,,,Operational,Original
bufr4/0/02/186/2,2186,Détection des divers types de précipitations,2,Précipitation liquide ne se congelant pas,,,,,Operational,Original
bufr4/0/02/186/3,2186,Détection des divers types de précipitations,3,Précipitation liquide se congelant,,,,,Operational,Original
bufr4/0/02/186/4,2186,Détection des divers types de précipitations,4,Bruine,,,,,Operational,Original
bufr4/0/02/186/5,2186,Détection des divers types de précipitations,5,Pluie,,,,,Operational,Original
bufr4/0/02/186/6,2186,Détection des divers types de précipitations,6,Précipitation solide,,,,,Operational,Original
bufr4/0/02/186/7,2186,Détection des divers types de précipitations,7,Neige,,,,,Operational,Original
bufr4/0/02/186/8,2186,Détection des divers types de précipitations,8,Neige en grains,,,,,Operational,Original
bufr4/0/02/186/9,2186,Détection des divers types de précipitations,9,Neige roulée,,,,,Operational,Original
bufr4/0/02/186/10,2186,Détection des divers types de précipitations,10,Granules de glace,,,,,Operational,Original
bufr4/0/02/186/11,2186,Détection des divers types de précipitations,11,Cristaux de glace,,,,,Operational,Original
bufr4/0/02/186/12,2186,Détection des divers types de précipitations,12,Poudrin de glace,,,,,Operational,Original
bufr4/0/02/186/13,2186,Détection des divers types de précipitations,13,Grésil,,,,,Operational,Original
bufr4/0/02/186/14,2186,Détection des divers types de précipitations,14,Grêle,,,,,Operational,Original
bufr4/0/02/186/15,2186,Détection des divers types de précipitations,15,Verglas,,,,,Operational,Original
bufr4/0/02/186/16,2186,Détection des divers types de précipitations,16,Givre,,,,,Operational,Original
bufr4/0/02/186/17,2186,Détection des divers types de précipitations,17,Givre mou,,,,,Operational,Original
bufr4/0/02/186/18,2186,Détection des divers types de précipitations,18,Givre dur Givre transparent,,,,,Operational,Original
bufr4/0/02/186/19,2186,Détection des divers types de précipitations,19,Givre transparent,,,,,Operational,Original
bufr4/0/02/186/20,2186,Détection des divers types de précipitations,20,Neige mouillée,,,,,Operational,Original
bufr4/0/02/186/21,2186,Détection des divers types de précipitations,21,Gelée blanche,,,,,Operational,Original
bufr4/0/02/186/22,2186,Détection des divers types de précipitations,22,Rosée,,,,,Operational,Original
bufr4/0/02/186/23,2186,Détection des divers types de précipitations,23,Rosée blanche,,,,,Operational,Original
bufr4/0/02/186/24,2186,Détection des divers types de précipitations,24,Précipitations convectives,,,,,Operational,Original
bufr4/0/02/186/25-29,2186,Détection des divers types de précipitations,25-29,En réserve,,,,,Operational,Original
bufr4/0/02/186/All-30,2186,Détection des divers types de précipitations,All 30,Valeur manquante,,,,,Operational,Original
bufr4/0/02/187/1,2187,Détection d'autres phénomènes météorologiques,1,Tourbillon de poussière/de sable,,,,,Operational,Original
bufr4/0/02/187/2,2187,Détection d'autres phénomènes météorologiques,2,Grains,,,,,Operational,Original
bufr4/0/02/187/3,2187,Détection d'autres phénomènes météorologiques,3,Tempête de sable,,,,,Operational,Original
bufr4/0/02/187/4,2187,Détection d'autres phénomènes météorologiques,4,Tempête de poussière,,,,,Operational,Original
bufr4/0/02/187/5,2187,Détection d'autres phénomènes météorologiques,5,Foudre – nuage à surface,,,,,Operational,Original
bufr4/0/02/187/6,2187,Détection d'autres phénomènes météorologiques,6,Foudre – nuage à nuage,,,,,Operational,Original
bufr4/0/02/187/7,2187,Détection d'autres phénomènes météorologiques,7,Foudre – distante,,,,,Operational,Original
bufr4/0/02/187/8,2187,Détection d'autres phénomènes météorologiques,8,Orage,,,,,Operational,Original
bufr4/0/02/187/9,2187,Détection d'autres phénomènes météorologiques,9,Nuage en entonnoir ne touchant pas la surface,,,,,Operational,Original
bufr4/0/02/187/10,2187,Détection d'autres phénomènes météorologiques,10,Nuage en entonnoir touchant la surface,,,,,Operational,Original
bufr4/0/02/187/11,2187,Détection d'autres phénomènes météorologiques,11,Embruns,,,,,Operational,Original
bufr4/0/02/187/12-17,2187,Détection d'autres phénomènes météorologiques,12-17,En réserve,,,,,Operational,Original
bufr4/0/02/187/All-18,2187,Détection d'autres phénomènes météorologiques,All 18,Valeur manquante,,,,,Operational,Original
bufr4/0/02/188/1,2188,Détection d'un obscurcissement,1,Brouillard,,,,,Operational,Original
bufr4/0/02/188/2,2188,Détection d'un obscurcissement,2,Brouillard glacé Brouillard d'évaporation,,,,,Operational,Original
bufr4/0/02/188/3,2188,Détection d'un obscurcissement,3,Brouillard d'évaporation,,,,,Operational,Original
bufr4/0/02/188/4-6,2188,Détection d'un obscurcissement,4-6,En réserve,,,,,Operational,Original
bufr4/0/02/188/7,2188,Détection d'un obscurcissement,7,Brume,,,,,Operational,Original
bufr4/0/02/188/8,2188,Détection d'un obscurcissement,8,Brume sèche,,,,,Operational,Original
bufr4/0/02/188/9,2188,Détection d'un obscurcissement,9,Fumée,,,,,Operational,Original
bufr4/0/02/188/10,2188,Détection d'un obscurcissement,10,Cendre volcanique,,,,,Operational,Original
bufr4/0/02/188/11,2188,Détection d'un obscurcissement,11,Poussière,,,,,Operational,Original
bufr4/0/02/188/12,2188,Détection d'un obscurcissement,12,Sable,,,,,Operational,Original
bufr4/0/02/188/13,2188,Détection d'un obscurcissement,13,Neige,,,,,Operational,Original
bufr4/0/02/188/14-20,2188,Détection d'un obscurcissement,14-20,En réserve,,,,,Operational,Original
bufr4/0/02/188/All-21,2188,Détection d'un obscurcissement,All 21,Valeur manquante,,,,,Operational,Original
bufr4/0/02/189/1,2189,Distinction entre les différents types d'éclairs,1,Observation manuelle Tous les éclairs sans différenciation,,,,,Operational,Original
bufr4/0/02/189/2,2189,Distinction entre les différents types d'éclairs,2,Tous les éclairs sans différenciation,,,,,Operational,Original
bufr4/0/02/189/3,2189,Distinction entre les différents types d'éclairs,3,Éclairs de nuage à surface seulement,,,,,Operational,Original
bufr4/0/02/189/4,2189,Distinction entre les différents types d'éclairs,4,Tous les éclairs avec une différenciation entre nuage à surface et nuage à nuage,,,,,Operational,Original
bufr4/0/02/189/5-11,2189,Distinction entre les différents types d'éclairs,5-11,En réserve,,,,,Operational,Original
bufr4/0/02/189/All-12,2189,Distinction entre les différents types d'éclairs,All 12,Valeur manquante,,,,,Operational,Original
bufr4/0/02/191/0,2191,Calcul de la hauteur géopotentielle,0,"Altitude géopotentielle, basée sur la pression",,,,,Operational,Original
bufr4/0/02/191/1,2191,Calcul de la hauteur géopotentielle,1,"Altitude géopotentielle, basée sur l'altitude GPS",,,,,Operational,Original
bufr4/0/02/191/2,2191,Calcul de la hauteur géopotentielle,2,"Altitude géopotentielle, basée sur l'altitude radar",,,,,Operational,Original
bufr4/0/02/191/3-14,2191,Calcul de la hauteur géopotentielle,3-14,En réserve,,,,,Operational,Original
bufr4/0/02/191/15,2191,Calcul de la hauteur géopotentielle,15,Valeur manquante,,,,,Operational,Original