Id,FXY,ElementName_es,CodeFigure,EntryName_es,EntryName_sub1_es,EntryName_sub2_es,Note_es,noteIDs,Status,translated_by
bufr4/0/33/002/0,33002,Información sobre la calidad,0,Datos no sospechosos,,,,,Operational,Original
bufr4/0/33/002/1,33002,Información sobre la calidad,1,Datos sospechosos,,,,,Operational,Original
bufr4/0/33/002/2,33002,Información sobre la calidad,2,Reservada,,,,,Operational,Original
bufr4/0/33/002/3,33002,Información sobre la calidad,3,Información sobre la calidad no proporcionada,,,,,Operational,Original
bufr4/0/33/003/0,33003,Información sobre la calidad,0,Datos no sospechosos,,,,,Operational,Original
bufr4/0/33/003/1,33003,Información sobre la calidad,1,Datos ligeramente sospechosos,,,,,Operational,Original
bufr4/0/33/003/2,33003,Información sobre la calidad,2,Datos muy sospechosos,,,,,Operational,Original
bufr4/0/33/003/3,33003,Información sobre la calidad,3,Datos considerados inapropiados para utilizarlos,,,,,Operational,Original
bufr4/0/33/003/4-6,33003,Información sobre la calidad,4-6,Reservadas,,,,,Operational,Original
bufr4/0/33/003/7,33003,Información sobre la calidad,7,Información sobre la calidad no proporcionada,,,,,Operational,Original
bufr4/0/33/005/1,33005,Información sobre la calidad (datos EMA),1,Verificaciones automáticas de datos meteorológicos no realizadas,,,,,Operational,Original
bufr4/0/33/005/2,33005,Información sobre la calidad (datos EMA),2,Datos de presión sospechosos,,,,,Operational,Original
bufr4/0/33/005/3,33005,Información sobre la calidad (datos EMA),3,Datos de viento sospechosos,,,,,Operational,Original
bufr4/0/33/005/4,33005,Información sobre la calidad (datos EMA),4,Datos de temperatura del aire sospechosos,,,,,Operational,Original
bufr4/0/33/005/5,33005,Información sobre la calidad (datos EMA),5,Datos de temperatura de bulbo húmedo sospechosos,,,,,Operational,Original
bufr4/0/33/005/6,33005,Información sobre la calidad (datos EMA),6,Datos de humedad sospechosos,,,,,Operational,Original
bufr4/0/33/005/7,33005,Información sobre la calidad (datos EMA),7,Datos de temperatura del terreno sospechosos,,,,,Operational,Original
bufr4/0/33/005/8,33005,Información sobre la calidad (datos EMA),8,Datos de temperatura del suelo (profundidad 1) sospechosos,,,,,Operational,Original
bufr4/0/33/005/9,33005,Información sobre la calidad (datos EMA),9,Datos de temperatura del suelo (profundidad 2) sospechosos,,,,,Operational,Original
bufr4/0/33/005/10,33005,Información sobre la calidad (datos EMA),10,Datos de temperatura del suelo (profundidad 3) sospechosos,,,,,Operational,Original
bufr4/0/33/005/11,33005,Información sobre la calidad (datos EMA),11,Datos de temperatura del suelo (profundidad 4) sospechosos,,,,,Operational,Original
bufr4/0/33/005/12,33005,Información sobre la calidad (datos EMA),12,Datos de temperatura del suelo (profundidad 5) sospechosos,,,,,Operational,Original
bufr4/0/33/005/13,33005,Información sobre la calidad (datos EMA),13,Datos de nubes sospechosos,,,,,Operational,Original
bufr4/0/33/005/14,33005,Información sobre la calidad (datos EMA),14,Datos de visibilidad sospechosos,,,,,Operational,Original
bufr4/0/33/005/15,33005,Información sobre la calidad (datos EMA),15,Datos de tiempo presente sospechosos,,,,,Operational,Original
bufr4/0/33/005/16,33005,Información sobre la calidad (datos EMA),16,Datos de rayos sospechosos,,,,,Operational,Original
bufr4/0/33/005/17,33005,Información sobre la calidad (datos EMA),17,Datos de depósito de hielo sospechosos,,,,,Operational,Original
bufr4/0/33/005/18,33005,Información sobre la calidad (datos EMA),18,Datos de precipitación sospechosos,,,,,Operational,Original
bufr4/0/33/005/19,33005,Información sobre la calidad (datos EMA),19,Datos de estado del terreno sospechosos,,,,,Operational,Original
bufr4/0/33/005/20,33005,Información sobre la calidad (datos EMA),20,Datos de nieve sospechosos,,,,,Operational,Original
bufr4/0/33/005/21,33005,Información sobre la calidad (datos EMA),21,Datos de contenido de agua sospechosos,,,,,Operational,Original
bufr4/0/33/005/22,33005,Información sobre la calidad (datos EMA),22,Datos de evaporación/evapotranspiración sospechosos,,,,,Operational,Original
bufr4/0/33/005/23,33005,Información sobre la calidad (datos EMA),23,Datos de insolación sospechosos,,,,,Operational,Original
bufr4/0/33/005/24-29,33005,Información sobre la calidad (datos EMA),24-29,Reservados,,,,,Operational,Original
bufr4/0/33/005/All-30,33005,Información sobre la calidad (datos EMA),Los 30,Valor faltante,,,,,Operational,Original
bufr4/0/33/006/0,33006,Información interna sobre el estado de la medición (EMA),0,Ningún problema luego de la autoverificación,,,,,Operational,Original
bufr4/0/33/006/1,33006,Información interna sobre el estado de la medición (EMA),1,"Al menos un aviso activo, sin alarmas",,,,,Operational,Original
bufr4/0/33/006/2,33006,Información interna sobre el estado de la medición (EMA),2,Al menos una alarma activa,,,,,Operational,Original
bufr4/0/33/006/3,33006,Información interna sobre el estado de la medición (EMA),3,Desperfecto del sensor,,,,,Operational,Original
bufr4/0/33/006/4-6,33006,Información interna sobre el estado de la medición (EMA),4-6,Reservadas,,,,,Operational,Original
bufr4/0/33/006/7,33006,Información interna sobre el estado de la medición (EMA),7,Valor faltante,,,,,Operational,Original
bufr4/0/33/015/0,33015,Indicador de verificación de la calidad de los datos,0,Todas las verificaciones superadas,,,,,Operational,Original
bufr4/0/33/015/1,33015,Indicador de verificación de la calidad de los datos,1,Verificación de datos faltantes,,,,,Operational,Original
bufr4/0/33/015/2,33015,Indicador de verificación de la calidad de los datos,2,Verificación de globo descendente/reascendente,,,,,Operational,Original
bufr4/0/33/015/3,33015,Indicador de verificación de la calidad de los datos,3,Verificación de la plausibilidad de los datos (por encima de los límites),,,,,Operational,Original
bufr4/0/33/015/4,33015,Indicador de verificación de la calidad de los datos,4,Verificación de la plausibilidad de los datos (por debajo de los límites),,,,,Operational,Original
bufr4/0/33/015/5,33015,Indicador de verificación de la calidad de los datos,5,Verificación del gradiente superadiabático,,,,,Operational,Original
bufr4/0/33/015/6,33015,Indicador de verificación de la calidad de los datos,6,Verificación de ángulos limitantes,,,,,Operational,Original
bufr4/0/33/015/7,33015,Indicador de verificación de la calidad de los datos,7,Verificación de la tasa de ascenso,,,,,Operational,Original
bufr4/0/33/015/8,33015,Indicador de verificación de la calidad de los datos,8,Variación excesiva respecto al vuelo anterior,,,,,Operational,Original
bufr4/0/33/015/9,33015,Indicador de verificación de la calidad de los datos,9,Verificación general del globo,,,,,Operational,Original
bufr4/0/33/015/10,33015,Indicador de verificación de la calidad de los datos,10,Verificación de la velocidad del viento,,,,,Operational,Original
bufr4/0/33/015/11,33015,Indicador de verificación de la calidad de los datos,11,Verificación de la dirección del viento,,,,,Operational,Original
bufr4/0/33/015/12,33015,Indicador de verificación de la calidad de los datos,12,Verificación de dependencia,,,,,Operational,Original
bufr4/0/33/015/13,33015,Indicador de verificación de la calidad de los datos,13,Datos válidos pero modificados,,,,,Operational,Original
bufr4/0/33/015/14,33015,Indicador de verificación de la calidad de los datos,14,Verificación del valor atípico de los datos,,,,,Operational,Original
bufr4/0/33/015/15-62,33015,Indicador de verificación de la calidad de los datos,15-62,Reservadas,,,,,Operational,Original
bufr4/0/33/015/63,33015,Indicador de verificación de la calidad de los datos,63,Valor faltante,,,,,Operational,Original
bufr4/0/33/020/0,33020,Indicación del control de calidad del valor siguiente,0,Buena,,,,,Operational,Original
bufr4/0/33/020/1,33020,Indicación del control de calidad del valor siguiente,1,Inconsistente,,,,,Operational,Original
bufr4/0/33/020/2,33020,Indicación del control de calidad del valor siguiente,2,Dudosa,,,,,Operational,Original
bufr4/0/33/020/3,33020,Indicación del control de calidad del valor siguiente,3,Errada,,,,,Operational,Original
bufr4/0/33/020/4,33020,Indicación del control de calidad del valor siguiente,4,No verificada,,,,,Operational,Original
bufr4/0/33/020/5,33020,Indicación del control de calidad del valor siguiente,5,Fue modificada,,,,,Operational,Original
bufr4/0/33/020/6,33020,Indicación del control de calidad del valor siguiente,6,Estimada,,,,,Operational,Original
bufr4/0/33/020/7,33020,Indicación del control de calidad del valor siguiente,7,Valor faltante,,,,,Operational,Original
bufr4/0/33/021/0,33021,Calidad del valor siguiente,0,Dentro de los límites,,,,,Operational,Original
bufr4/0/33/021/1,33021,Calidad del valor siguiente,1,Fuera de los límites,,,,,Operational,Original
bufr4/0/33/021/2,33021,Calidad del valor siguiente,2,Reservada,,,,,Operational,Original
bufr4/0/33/021/3,33021,Calidad del valor siguiente,3,Valor faltante,,,,,Operational,Original
bufr4/0/33/022/0,33022,Calidad de la transmisión entre el satélite y la boya,0,Buena (se recibieron varios informes idénticos),,,,,Operational,Original
bufr4/0/33/022/1,33022,Calidad de la transmisión entre el satélite y la boya,1,Dudosa (no se recibieron informes idénticos),,,,,Operational,Original
bufr4/0/33/022/2,33022,Calidad de la transmisión entre el satélite y la boya,2,Reservada,,,,,Operational,Original
bufr4/0/33/022/3,33022,Calidad de la transmisión entre el satélite y la boya,3,Valor faltante,,,,,Operational,Original
bufr4/0/33/023/0,33023,Calidad de la ubicación de la boya,0,Confiable (se definió la ubicación después de dos pasos del satélite),,,,,Operational,Original
bufr4/0/33/023/1,33023,Calidad de la ubicación de la boya,1,Última ubicación conocida (no se definió la ubicación en el paso correspondiente),,,,,Operational,Original
bufr4/0/33/023/2,33023,Calidad de la ubicación de la boya,2,Dudosa (ubicación definida con un solo paso; una segunda solución es posible en el 5 por ciento de los casos),,,,,Operational,Original
bufr4/0/33/023/3,33023,Calidad de la ubicación de la boya,3,Valor faltante,,,,,Operational,Original
bufr4/0/33/024/0,33024,Marca de la calidad de la elevación de la estación (para estaciones móviles),0,Reservada,,,,,Operational,Original
bufr4/0/33/024/1,33024,Marca de la calidad de la elevación de la estación (para estaciones móviles),1,Excelente – con una aproximación de 3 metros,,,,,Operational,Original
bufr4/0/33/024/2,33024,Marca de la calidad de la elevación de la estación (para estaciones móviles),2,Buena – con una aproximación de 10 metros,,,,,Operational,Original
bufr4/0/33/024/3,33024,Marca de la calidad de la elevación de la estación (para estaciones móviles),3,Aceptable – con una aproximación de 20 metros,,,,,Operational,Original
bufr4/0/33/024/4,33024,Marca de la calidad de la elevación de la estación (para estaciones móviles),4,Mala – con una aproximación de más de 20 metros,,,,,Operational,Original
bufr4/0/33/024/5,33024,Marca de la calidad de la elevación de la estación (para estaciones móviles),5,Excelente – con una aproximación de 10 pies,,,,,Operational,Original
bufr4/0/33/024/6,33024,Marca de la calidad de la elevación de la estación (para estaciones móviles),6,Buena – con una aproximación de 30 pies,,,,,Operational,Original
bufr4/0/33/024/7,33024,Marca de la calidad de la elevación de la estación (para estaciones móviles),7,Aceptable – con una aproximación de 60 pies,,,,,Operational,Original
bufr4/0/33/024/8,33024,Marca de la calidad de la elevación de la estación (para estaciones móviles),8,Mala – con una aproximación de más de 60 pies,,,,,Operational,Original
bufr4/0/33/024/9-14,33024,Marca de la calidad de la elevación de la estación (para estaciones móviles),9-14,Reservadas,,,,,Operational,Original
bufr4/0/33/024/15,33024,Marca de la calidad de la elevación de la estación (para estaciones móviles),15,Valor faltante,,,,,Operational,Original
bufr4/0/33/025/0,33025,Indicador de valores interpolados ACARS,0,"Tiempo interpolado, latitud y longitud transmitidas",,,,,Operational,Original
bufr4/0/33/025/1,33025,Indicador de valores interpolados ACARS,1,"Tiempo transmitido, latitud y longitud interpoladas",,,,,Operational,Original
bufr4/0/33/025/2,33025,Indicador de valores interpolados ACARS,2,"Tiempo, latitud y longitud interpolados",,,,,Operational,Original
bufr4/0/33/025/3,33025,Indicador de valores interpolados ACARS,3,"Tiempo, latitud y longitud transmitidos",,,,,Operational,Original
bufr4/0/33/025/4-6,33025,Indicador de valores interpolados ACARS,4-6,Reservadas,,,,,Operational,Original
bufr4/0/33/025/7,33025,Indicador de valores interpolados ACARS,7,Valor faltante,,,,,Operational,Original
bufr4/0/33/026/0,33026,Calidad de la humedad,0,Operaciones normales - modo de medición,,,,,Operational,Original
bufr4/0/33/026/1,33026,Calidad de la humedad,1,Operaciones normales – sin medición,,,,,Operational,Original
bufr4/0/33/026/2,33026,Calidad de la humedad,2,Escasa humedad relativa,,,,,Operational,Original
bufr4/0/33/026/3,33026,Calidad de la humedad,3,Elemento del higrómetro mojado,,,,,Operational,Original
bufr4/0/33/026/4,33026,Calidad de la humedad,4,Elemento del higrómetro contaminado,,,,,Operational,Original
bufr4/0/33/026/5,33026,Calidad de la humedad,5,Falla del calentador,,,,,Operational,Original
bufr4/0/33/026/6,33026,Calidad de la humedad,6,Falla del calentador y elemento del higrómetro contaminado/mojado,,,,,Operational,Original
bufr4/0/33/026/7,33026,Calidad de la humedad,7,Por lo menos uno de los parámetros de entrada utilizados en el cálculo de la relación de mezcla es inválido,,,,,Operational,Original
bufr4/0/33/026/8,33026,Calidad de la humedad,8,Error numérico,,,,,Operational,Original
bufr4/0/33/026/9,33026,Calidad de la humedad,9,Sensor no instalado,,,,,Operational,Original
bufr4/0/33/026/10,33026,Calidad de la humedad,10,Humedad relativa calculada > 100%,,,,,Operational,Original
bufr4/0/33/026/11,33026,Calidad de la humedad,11,Potencia de láser de entrada demasiado baja,,,,,Operational,Original
bufr4/0/33/026/12,33026,Calidad de la humedad,12,Sonda WV - Temperatura fuera de dial,,,,,Operational,Original
bufr4/0/33/026/13,33026,Calidad de la humedad,13,Sonda WV - Presión fuera de dial,,,,,Operational,Original
bufr4/0/33/026/14,33026,Calidad de la humedad,14,Línea espectral fuera de dial,,,,,Operational,Original
bufr4/0/33/026/15,33026,Calidad de la humedad,15,No hay salida de láser,,,,,Operational,Original
bufr4/0/33/026/16-62,33026,Calidad de la humedad,16-62,Reservadas,,,,,Operational,Original
bufr4/0/33/026/63,33026,Calidad de la humedad,63,Valor faltante,,,,,Operational,Original
bufr4/0/33/027/0,33027,Clase de la calidad de la ubicación (alcance del radio de 66% de confianza),0,Radio ≥1 500 m,,,,,Operational,Original
bufr4/0/33/027/1,33027,Clase de la calidad de la ubicación (alcance del radio de 66% de confianza),1,500 m ≤Radio < 1 500 m,,,,,Operational,Original
bufr4/0/33/027/2,33027,Clase de la calidad de la ubicación (alcance del radio de 66% de confianza),2,250 m ≤ Radio < 500 m,,,,,Operational,Original
bufr4/0/33/027/3,33027,Clase de la calidad de la ubicación (alcance del radio de 66% de confianza),3,Radio < 250 m,,,,,Operational,Original
bufr4/0/33/027/4,33027,Clase de la calidad de la ubicación (alcance del radio de 66% de confianza),4,≤ 100 m,,,,,Operational,Original
bufr4/0/33/027/5-6,33027,Clase de la calidad de la ubicación (alcance del radio de 66% de confianza),5-6,Reservadas,,,,,Operational,Original
bufr4/0/33/027/7,33027,Clase de la calidad de la ubicación (alcance del radio de 66% de confianza),7,Valor faltante,,,,,Operational,Original
bufr4/0/33/028/1,33028,Calidad general de la instantánea,1,Nominal,,,,,Operational,Original
bufr4/0/33/028/2,33028,Calidad general de la instantánea,2,Degradada por error en el estado del tiempo significativo; cualquier error obtenido de los algoritmos,,,,,Operational,Original
bufr4/0/33/028/3,33028,Calidad general de la instantánea,3,Degradada por error instrumental,,,,,Operational,Original
bufr4/0/33/028/4,33028,Calidad general de la instantánea,4,Degradada por ADF corrompida/faltante,,,,,Operational,Original
bufr4/0/33/028/5-6,33028,Calidad general de la instantánea,5-6,Reservadas,,,,,Operational,Original
bufr4/0/33/028/7,33028,Calidad general de la instantánea,7,Valor faltante,,,,,Operational,Original
bufr4/0/33/030/1,33030,Banderines de estado de la línea de exploración para ATOVS,1,No utilizar escáner para generar productos,,,,,Operational,Original
bufr4/0/33/030/2,33030,Banderines de estado de la línea de exploración para ATOVS,2,Error en la secuencia temporal detectado durante el barrido,,,,,Operational,Original
bufr4/0/33/030/3,33030,Banderines de estado de la línea de exploración para ATOVS,3,Datos faltantes antes del barrido,,,,,Operational,Original
bufr4/0/33/030/4,33030,Banderines de estado de la línea de exploración para ATOVS,4,Sin calibración,,,,,Operational,Original
bufr4/0/33/030/5,33030,Banderines de estado de la línea de exploración para ATOVS,5,Sin localización geográfica,,,,,Operational,Original
bufr4/0/33/030/6,33030,Banderines de estado de la línea de exploración para ATOVS,6,Primera hora correcta después de la puesta al día del reloj,,,,,Operational,Original
bufr4/0/33/030/7,33030,Banderines de estado de la línea de exploración para ATOVS,7,El estado de los instrumentos cambió durante el barrido,,,,,Operational,Original
bufr4/0/33/030/8-23,33030,Banderines de estado de la línea de exploración para ATOVS,8-23,Reservados,,,,,Operational,Original
bufr4/0/33/030/All-24,33030,Banderines de estado de la línea de exploración para ATOVS,Los 24,Valor faltante,,,,,Operational,Original
bufr4/0/33/031/1,33031,Banderines de calidad de la línea de exploración para ATOVS,1,"El campo horario es malo, pero puede ser inferido de la hora correcta anterior",,,,,Operational,Original
bufr4/0/33/031/2,33031,Banderines de calidad de la línea de exploración para ATOVS,2,El campo horario es malo y no puede ser inferido de la hora correcta anterior,,,,,Operational,Original
bufr4/0/33/031/3,33031,Banderines de calidad de la línea de exploración para ATOVS,3,"Este registro inicia una secuencia que no concuerda con las horas anteriores (es decir, discontinuidad en el tiempo). Este hecho puede estar asociado o no a una puesta al día del reloj de la sonda (véanse los banderines de estado de la línea de exploración de la sonda ATOVS)",,,,,Operational,Original
bufr4/0/33/031/4,33031,Banderines de calidad de la línea de exploración para ATOVS,4,Inicio de una serie que aparentemente repiten las horas de exploración que fueron previamente aceptadas,,,,,Operational,Original
bufr4/0/33/031/5,33031,Banderines de calidad de la línea de exploración para ATOVS,5,La línea de exploración no fue calibrada a causa de una hora incorrecta,,,,,Operational,Original
bufr4/0/33/031/6,33031,Banderines de calidad de la línea de exploración para ATOVS,6,"La línea de exploración se calibró utilizando menos líneas de exploración que las recomendables debido a la proximidad del inicio o fin de los datos, o a su ausencia",,,,,Operational,Original
bufr4/0/33/031/7,33031,Banderines de calidad de la línea de exploración para ATOVS,7,No se calibró la línea de exploración debido a la mala calidad o ausencia de datos de PRT,,,,,Operational,Original
bufr4/0/33/031/8,33031,Banderines de calidad de la línea de exploración para ATOVS,8,La línea de exploración se calibró utilizando únicamente datos marginales de PRT,,,,,Operational,Original
bufr4/0/33/031/9,33031,Banderines de calidad de la línea de exploración para ATOVS,9,Algunos canales no se calibraron en este barrido,,,,,Operational,Original
bufr4/0/33/031/10,33031,Banderines de calidad de la línea de exploración para ATOVS,10,Sin calibración debida al modo de los instrumentos,,,,,Operational,Original
bufr4/0/33/031/11,33031,Banderines de calidad de la línea de exploración para ATOVS,11,Calibración cuestionable por un error en la orientación de la antena hacia el espacio,,,,,Operational,Original
bufr4/0/33/031/12,33031,Banderines de calidad de la línea de exploración para ATOVS,12,Calibración cuestionable por un error en la orientación de la antena hacia el cuerpo negro,,,,,Operational,Original
bufr4/0/33/031/13,33031,Banderines de calidad de la línea de exploración para ATOVS,13,Sin localización geográfica a causa de una hora incorrecta,,,,,Operational,Original
bufr4/0/33/031/14,33031,Banderines de calidad de la línea de exploración para ATOVS,14,Localización geográfica cuestionable a causa de una clave horaria dudosa (véanse los bits de clave de defectos horarios),,,,,Operational,Original
bufr4/0/33/031/15,33031,Banderines de calidad de la línea de exploración para ATOVS,15,Localización geográfica cuestionable – control de verosimilitud sólo parcialmente satisfactorio,,,,,Operational,Original
bufr4/0/33/031/16,33031,Banderines de calidad de la línea de exploración para ATOVS,16,Localización geográfica cuestionable - control de verosimilitud no satisfactorio,,,,,Operational,Original
bufr4/0/33/031/17,33031,Banderines de calidad de la línea de exploración para ATOVS,17,Localización geográfica cuestionable a causa de la verificación de la posición de la antena,,,,,Operational,Original
bufr4/0/33/031/18,33031,Banderines de calidad de la línea de exploración para ATOVS,18,Calibración de la línea de exploración hacia el cuerpo negro frío,,,,,Operational,Original
bufr4/0/33/031/19,33031,Banderines de calidad de la línea de exploración para ATOVS,19,Calibración de la línea de exploración hacia el cuerpo negro caliente,,,,,Operational,Original
bufr4/0/33/031/20,33031,Banderines de calidad de la línea de exploración para ATOVS,20,Calibración de la línea de exploración hacia el espacio,,,,,Operational,Original
bufr4/0/33/031/21,33031,Banderines de calidad de la línea de exploración para ATOVS,21,Hacia la Tierra,,,,,Operational,Original
bufr4/0/33/031/22-23,33031,Banderines de calidad de la línea de exploración para ATOVS,22-23,Reservados,,,,,Operational,Original
bufr4/0/33/031/All-24,33031,Banderines de calidad de la línea de exploración para ATOVS,Los 24,Valor faltante,,,,,Operational,Original
bufr4/0/33/032/1,33032,Banderines de calidad del canal para ATOVS,1,Ningún cálculo correcto de cuerpo negro para la línea de exploración,,,,,Operational,Original
bufr4/0/33/032/2,33032,Banderines de calidad del canal para ATOVS,2,Ningún cálculo correcto de visión de espacio para esta línea,,,,,Operational,Original
bufr4/0/33/032/3,33032,Banderines de calidad del canal para ATOVS,3,Ningún dato correcto de PRT para esta línea,,,,,Operational,Original
bufr4/0/33/032/4,33032,Banderines de calidad del canal para ATOVS,4,Algunos cálculos del cuerpo negro son incorrectos para esta línea,,,,,Operational,Original
bufr4/0/33/032/5,33032,Banderines de calidad del canal para ATOVS,5,Algunos cálculos de visión de espacio son incorrectos para esta línea,,,,,Operational,Original
bufr4/0/33/032/6,33032,Banderines de calidad del canal para ATOVS,6,Algunos datos del PRT son incorrectos para esta línea,,,,,Operational,Original
bufr4/0/33/032/7,33032,Banderines de calidad del canal para ATOVS,7,La calidad de esta exploración es reducida,,,,,Operational,Original
bufr4/0/33/032/8-23,33032,Banderines de calidad del canal para ATOVS,8-23,Reservados (bits fijos en cero),,,,,Operational,Original
bufr4/0/33/032/All-24,33032,Banderines de calidad del canal para ATOVS,Los 24,Valor faltante,,,,,Operational,Original
bufr4/0/33/033/1,33033,Banderines de calidad del campo de visión para ATOVS,1,Se indica 1 si se realizó una calibración secundaria,,,,,Operational,Original
bufr4/0/33/033/2-21,33033,Banderines de calidad del campo de visión para ATOVS,2-21,El bit n indica 1 si la temperatura de luminancia en el canal n-1 no es físicamente razonable o no ha sido calculada debido a problemas de calibración,,,"Notas: 1) Si todos los bits indican 0, eso significa una buena calibración. 2) Los bits 2 a 21 se utilizan para la sonda HIRS, pero solamente se emplean los bits 2 a 16 para la sonda AMSU-A y los bits 2 a 6 para la sonda AMSU-B.",,Operational,Original
bufr4/0/33/033/22,33033,Banderines de calidad del campo de visión para ATOVS,22,Se indica 1 si faltan todos los canales,,,,,Operational,Original
bufr4/0/33/033/23,33033,Banderines de calidad del campo de visión para ATOVS,23,Sospechoso,,,,,Operational,Original
bufr4/0/33/033/All-24,33033,Banderines de calidad del campo de visión para ATOVS,Los 24,Valor faltante,,,,,Operational,Original
bufr4/0/33/035/0,33035,Control de calidad manual/automático,0,"Control de calidad automático aceptado, sin control manual",,,,,Operational,Original
bufr4/0/33/035/1,33035,Control de calidad manual/automático,1,"Control de calidad automático aceptado, después del control manual",,,,,Operational,Original
bufr4/0/33/035/2,33035,Control de calidad manual/automático,2,"Control de calidad automático aceptado, pero eliminado después del control manual",,,,,Operational,Original
bufr4/0/33/035/3,33035,Control de calidad manual/automático,3,"Control de calidad automático rechazado, sin control manual",,,,,Operational,Original
bufr4/0/33/035/4,33035,Control de calidad manual/automático,4,Control de calidad automático rechazado después del control manual,,,,,Operational,Original
bufr4/0/33/035/5,33035,Control de calidad manual/automático,5,"Control de calidad automático rechazado, pero reinsertado después del control manual",,,,,Operational,Original
bufr4/0/33/035/6,33035,Control de calidad manual/automático,6,"Control de calidad automático de los datos de la tabla de banderines cuestionable, sin control manual",,,,,Operational,Original
bufr4/0/33/035/7,33035,Control de calidad manual/automático,7,"Control de calidad automático de los datos de la tabla de banderines cuestionable, rechazado después del control manual",,,,,Operational,Original
bufr4/0/33/035/8,33035,Control de calidad manual/automático,8,Rechazado después del control manual,,,,,Operational,Original
bufr4/0/33/035/9-14,33035,Control de calidad manual/automático,9-14,Reservadas,,,,,Operational,Original
bufr4/0/33/035/15,33035,Control de calidad manual/automático,15,Valor faltante,,,,,Operational,Original
bufr4/0/33/037/1,33037,Error de correlación del viento,1,Diferencia entre u y la primera aproximación,,,,,Operational,Original
bufr4/0/33/037/2,33037,Error de correlación del viento,2,Diferencia entre v y la primera aproximación,,,,,Operational,Original
bufr4/0/33/037/3,33037,Error de correlación del viento,3,Diferencia entre u y v y la primera aproximación,,,,,Operational,Original
bufr4/0/33/037/4,33037,Error de correlación del viento,4,Aceleración de u,,,,,Operational,Original
bufr4/0/33/037/5,33037,Error de correlación del viento,5,Aceleración de v,,,,,Operational,Original
bufr4/0/33/037/6,33037,Error de correlación del viento,6,Aceleración de u y v,,,,,Operational,Original
bufr4/0/33/037/7,33037,Error de correlación del viento,7,Posible accidente del terreno,,,,,Operational,Original
bufr4/0/33/037/8,33037,Error de correlación del viento,8,Aceleración de u y accidente del terreno posible,,,,,Operational,Original
bufr4/0/33/037/9,33037,Error de correlación del viento,9,Aceleración de v y accidente del terreno posible,,,,,Operational,Original
bufr4/0/33/037/10,33037,Error de correlación del viento,10,Aceleración de u y v y accidente del terreno posible,,,,,Operational,Original
bufr4/0/33/037/11,33037,Error de correlación del viento,11,Información incorrecta de primera aproximación sobre el viento,,,,,Operational,Original
bufr4/0/33/037/12,33037,Error de correlación del viento,12,Falla de correlación,,,,,Operational,Original
bufr4/0/33/037/13,33037,Error de correlación del viento,13,La casilla de búsqueda cae fuera de la zona,,,,,Operational,Original
bufr4/0/33/037/14,33037,Error de correlación del viento,14,La casilla del blanco cae fuera de la zona,,,,,Operational,Original
bufr4/0/33/037/15,33037,Error de correlación del viento,15,Brillo de los píxeles fuera de los límites (línea de ruido),,,,,Operational,Original
bufr4/0/33/037/16,33037,Error de correlación del viento,16,Blanco fuera de casilla de latitud/longitud,,,,,Operational,Original
bufr4/0/33/037/17,33037,Error de correlación del viento,17,Blanco fuera del intervalo de máxima/mínima presión,,,,,Operational,Original
bufr4/0/33/037/18,33037,Error de correlación del viento,18,Vector lento marcado por el autoeditor,,,,,Operational,Original
bufr4/0/33/037/19,33037,Error de correlación del viento,19,Vectores marcados por el autoeditor,,,,,Operational,Original
bufr4/0/33/037/All-20,33037,Error de correlación del viento,Los 20,Valor faltante,,,,,Operational,Original
bufr4/0/33/038/1,33038,Banderines de calidad para datos del GNSS* basados en tierra,1,Calidad del retardo cenital total considerada deficiente,,,,,Operational,Original
bufr4/0/33/038/2,33038,Banderines de calidad para datos del GNSS* basados en tierra,2,Satélites GALILEO utilizados,,,,,Operational,Original
bufr4/0/33/038/3,33038,Banderines de calidad para datos del GNSS* basados en tierra,3,Satélites GLONASS utilizados,,,,,Operational,Original
bufr4/0/33/038/4,33038,Banderines de calidad para datos del GNSS* basados en tierra,4,Satélites GPS utilizados,,,,,Operational,Original
bufr4/0/33/038/5,33038,Banderines de calidad para datos del GNSS* basados en tierra,5,Datos meteorológicos aplicados,,,,,Operational,Original
bufr4/0/33/038/6,33038,Banderines de calidad para datos del GNSS* basados en tierra,6,Corrección de carga atmosférica aplicada,,,,,Operational,Original
bufr4/0/33/038/7,33038,Banderines de calidad para datos del GNSS* basados en tierra,7,Carga de marea oceánica aplicada,,,,,Operational,Original
bufr4/0/33/038/8,33038,Banderines de calidad para datos del GNSS* basados en tierra,8,Proceso de datos sobre la calidad del clima,,,,,Operational,Original
bufr4/0/33/038/9,33038,Banderines de calidad para datos del GNSS* basados en tierra,9,Proceso de datos en tiempo casi real,,,,,Operational,Original
bufr4/0/33/038/All-10,33038,Banderines de calidad para datos del GNSS* basados en tierra,Los 10,Valor faltante,,,,,Operational,Original
bufr4/0/33/039/1,33039,Banderines de calidad para datos de ocultación radio,1,Calidad no nominal,,,,,Operational,Original
bufr4/0/33/039/2,33039,Banderines de calidad para datos de ocultación radio,2,Producto no en línea,,,,,Operational,Original
bufr4/0/33/039/3,33039,Banderines de calidad para datos de ocultación radio,3,Banderín de ocultación ascendente,,,,,Operational,Original
bufr4/0/33/039/4,33039,Banderines de calidad para datos de ocultación radio,4,"Proceso de exceso de fase, no nominal",,,,,Operational,Original
bufr4/0/33/039/5,33039,Banderines de calidad para datos de ocultación radio,5,"Proceso de ángulo de curvatura, no nominal",,,,,Operational,Original
bufr4/0/33/039/6,33039,Banderines de calidad para datos de ocultación radio,6,"Proceso de refractividad, no nominal",,,,,Operational,Original
bufr4/0/33/039/7,33039,Banderines de calidad para datos de ocultación radio,7,"Proceso meteorológico, no nominal",,,,,Operational,Original
bufr4/0/33/039/8-13,33039,Banderines de calidad para datos de ocultación radio,8-13,Reservados,,,,,Operational,Original
bufr4/0/33/039/14,33039,Banderines de calidad para datos de ocultación radio,14,"Perfil de fondo, no nominal",,,,,Operational,Original
bufr4/0/33/039/15,33039,Banderines de calidad para datos de ocultación radio,15,"Perfil de fondo (es decir, no recobrado) presente",,,,,Operational,Original
bufr4/0/33/039/All-16,33039,Banderines de calidad para datos de ocultación radio,Los 16,Valor faltante,,,,,Operational,Original
bufr4/0/33/041/0,33041,Atributo del valor siguiente,0,El valor siguiente es el valor verdadero,,,,,Operational,Original
bufr4/0/33/041/1,33041,Atributo del valor siguiente,1,El valor siguiente es mayor que el valor verdadero (la medición alcanza el límite inferior del instrumento),,,,,Operational,Original
bufr4/0/33/041/2,33041,Atributo del valor siguiente,2,El valor siguiente es menor que el valor verdadero (la medición alcanza el límite superior del instrumento),,,,,Operational,Original
bufr4/0/33/041/3,33041,Atributo del valor siguiente,3,Valor faltante,,,,,Operational,Original
bufr4/0/33/042/0,33042,Tipo de límite representado por el valor siguiente,0,Límite inferior exclusivo (>),,,,,Operational,Original
bufr4/0/33/042/1,33042,Tipo de límite representado por el valor siguiente,1,Límite inferior inclusivo (≥),,,,,Operational,Original
bufr4/0/33/042/2,33042,Tipo de límite representado por el valor siguiente,2,Límite superior exclusivo (<),,,,,Operational,Original
bufr4/0/33/042/3,33042,Tipo de límite representado por el valor siguiente,3,Límite superior inclusivo (≤),,,,,Operational,Original
bufr4/0/33/042/4-6,33042,Tipo de límite representado por el valor siguiente,4-6,Reservadas,,,,,Operational,Original
bufr4/0/33/042/7,33042,Tipo de límite representado por el valor siguiente,7,Valor faltante,,,,,Operational,Original
bufr4/0/33/043/1,33043,Grado de confianza de la temperatura media en superficie,1,"MDS de mar. Recuperación de datos de la temperatura de la superficie del mar sólo en el nadir mediante canal de 3,7 micrones. MDS de tierra reservado",,,,,Operational,Original
bufr4/0/33/043/2,33043,Grado de confianza de la temperatura media en superficie,2,"MDS de mar. Recuperación de datos de la temperatura de la superficie del mar en vista dual mediante canal de 3,7 micrones. MDS de tierra reservado",,,,,Operational,Original
bufr4/0/33/043/3,33043,Grado de confianza de la temperatura media en superficie,3,La vista del nadir contiene datos diurnos,,,,,Operational,Original
bufr4/0/33/043/4,33043,Grado de confianza de la temperatura media en superficie,4,La vista hacia adelante contiene datos diurnos,,,,,Operational,Original
bufr4/0/33/043/5-7,33043,Grado de confianza de la temperatura media en superficie,5-7,Reservados,,,,,Operational,Original
bufr4/0/33/043/All-8,33043,Grado de confianza de la temperatura media en superficie,Los 8,Valor faltante,,,,,Operational,Original
bufr4/0/33/044/1,33044,Información sobre la calidad de los datos de ASAR*,1,Media de los datos entrantes fuera del banderín de alcance nominal,,,,,Operational,Original
bufr4/0/33/044/2,33044,Información sobre la calidad de los datos de ASAR*,2,Desviación típica de los datos entrantes fuera del banderín de alcance nominal,,,,,Operational,Original
bufr4/0/33/044/3,33044,Información sobre la calidad de los datos de ASAR*,3,Número de lagunas de datos entrantes > valor del umbral,,,,,Operational,Original
bufr4/0/33/044/4,33044,Información sobre la calidad de los datos de ASAR*,4,Porcentaje de líneas faltantes > valor del umbral,,,,,Operational,Original
bufr4/0/33/044/5,33044,Información sobre la calidad de los datos de ASAR*,5,Punto medio Doppler incierto. Medida de confianza < valor específico,,,,,Operational,Original
bufr4/0/33/044/6,33044,Información sobre la calidad de los datos de ASAR*,6,Estimación de la ambigüedad Doppler incierta. Medida de confianza < valor específico,,,,,Operational,Original
bufr4/0/33/044/7,33044,Información sobre la calidad de los datos de ASAR*,7,Media de los datos salientes fuera del banderín de alcance nominal,,,,,Operational,Original
bufr4/0/33/044/8,33044,Información sobre la calidad de los datos de ASAR*,8,Desviación típica de los datos salientes fuera del banderín de alcance nominal,,,,,Operational,Original
bufr4/0/33/044/9,33044,Información sobre la calidad de los datos de ASAR*,9,"Reconstrucción de la fluctuación del largo de onda (""chirp"") fallida o banderín de baja calidad",,,,,Operational,Original
bufr4/0/33/044/10,33044,Información sobre la calidad de los datos de ASAR*,10,Conjunto de datos faltante,,,,,Operational,Original
bufr4/0/33/044/11,33044,Información sobre la calidad de los datos de ASAR*,11,Parámetros de enlace descendente inválidos,,,,,Operational,Original
bufr4/0/33/044/12,33044,Información sobre la calidad de los datos de ASAR*,12,Recuento de iteración del corte azimutal. El corte azimutal no convergió con el número mínimo de iteraciones,,,,,Operational,Original
bufr4/0/33/044/13,33044,Información sobre la calidad de los datos de ASAR*,13,El corte azimutal no convergió con el número mínimo de iteraciones,,,,,Operational,Original
bufr4/0/33/044/14,33044,Información sobre la calidad de los datos de ASAR*,14,"Medida de confianza de información de fase. El máximo espectral imaginario es inferior a un umbral mínimo, o el desplazamiento de retardo nulo es superior a un umbral mínimo",,,,,Operational,Original
bufr4/0/33/044/All-15,33044,Información sobre la calidad de los datos de ASAR*,Los 15,Valor faltante,,,,,Operational,Original
bufr4/0/33/047/1,33047,Datos de confianza de las mediciones,1,Error detectado y efectuados intentos de recuperación,,,,,Operational,Original
bufr4/0/33/047/2,33047,Datos de confianza de las mediciones,2,Detectada anomalía en tratamiento de datos a bordo,,,,,Operational,Original
bufr4/0/33/047/3,33047,Datos de confianza de las mediciones,3,Detectada anomalía en proceso de oscilador ultraestable,,,,,Operational,Original
bufr4/0/33/047/4,33047,Datos de confianza de las mediciones,4,Errores detectados por computadora de a bordo,,,,,Operational,Original
bufr4/0/33/047/5,33047,Datos de confianza de las mediciones,5,Control automático de ganancia fuera de intervalo,,,,,Operational,Original
bufr4/0/33/047/6,33047,Datos de confianza de las mediciones,6,Fallo de retardo en la recepción (Rx). Distancia Rx fuera de intervalo,,,,,Operational,Original
bufr4/0/33/047/7,33047,Datos de confianza de las mediciones,7,Identificador de fallo en muestras de forma de onda. Error,,,,,Operational,Original
bufr4/0/33/047/8,33047,Datos de confianza de las mediciones,8,Se ha detectado un error de anomalía en la banda S,,,,,Operational,Original
bufr4/0/33/047/9-11,33047,Datos de confianza de las mediciones,9-11,Reservados,,,,,Operational,Original
bufr4/0/33/047/12,33047,Datos de confianza de las mediciones,12,Temperatura de luminancia (canal 1) fuera de intervalo,,,,,Operational,Original
bufr4/0/33/047/13,33047,Datos de confianza de las mediciones,13,Temperatura de luminancia (canal 2) fuera de intervalo,,,,,Operational,Original
bufr4/0/33/047/14,33047,Datos de confianza de las mediciones,14,Reservado,,,,,Operational,Original
bufr4/0/33/047/15,33047,Datos de confianza de las mediciones,15,Error de reseguimiento de océano en banda Ku,,,,,Operational,Original
bufr4/0/33/047/16,33047,Datos de confianza de las mediciones,16,Error de reseguimiento de océano en banda S,,,,,Operational,Original
bufr4/0/33/047/17,33047,Datos de confianza de las mediciones,17,Error de reseguimiento de hielo 1 en banda Ku,,,,,Operational,Original
bufr4/0/33/047/18,33047,Datos de confianza de las mediciones,18,Error de reseguimiento de hielo 1 en banda S,,,,,Operational,Original
bufr4/0/33/047/19,33047,Datos de confianza de las mediciones,19,Error de reseguimiento de hielo 2 en banda Ku,,,,,Operational,Original
bufr4/0/33/047/20,33047,Datos de confianza de las mediciones,20,Error de reseguimiento de hielo 2 en banda S,,,,,Operational,Original
bufr4/0/33/047/21,33047,Datos de confianza de las mediciones,21,Error de reseguimiento de hielo marino en banda Ku,,,,,Operational,Original
bufr4/0/33/047/22,33047,Datos de confianza de las mediciones,22,Error de fallo aritmético,,,,,Operational,Original
bufr4/0/33/047/23,33047,Datos de confianza de las mediciones,23,Estado de datos meteorológicos. Ningún mapa,,,,,Operational,Original
bufr4/0/33/047/24,33047,Datos de confianza de las mediciones,24,Estado de datos meteorológicos. 1 mapa,,,,,Operational,Original
bufr4/0/33/047/25,33047,Datos de confianza de las mediciones,25,Estado de datos meteorológicos 2 mapas degradados,,,,,Operational,Original
bufr4/0/33/047/26,33047,Datos de confianza de las mediciones,26,Estado de datos meteorológicos 2 mapas nominales,,,,,Operational,Original
bufr4/0/33/047/27,33047,Datos de confianza de las mediciones,27,"Estado de propagador de órbita para modo de propagación, varios errores",,,,,Operational,Original
bufr4/0/33/047/28,33047,Datos de confianza de las mediciones,28,"Estado de propagador de órbita para modo de propagación, aviso detectado",,,,,Operational,Original
bufr4/0/33/047/29,33047,Datos de confianza de las mediciones,29,"Estado de propagador de órbita para modo de inicialización, varios errores",,,,,Operational,Original
bufr4/0/33/047/30,33047,Datos de confianza de las mediciones,30,"Estado de propagador de órbita para modo de inicialización, aviso detectado",,,,,Operational,Original
bufr4/0/33/047/All-31,33047,Datos de confianza de las mediciones,Los 31,Valor faltante,,,,,Operational,Original
bufr4/0/33/048/0,33048,Medida de confianza de inversión SAR*,0,Inversión lograda,,,,,Operational,Original
bufr4/0/33/048/1,33048,Medida de confianza de inversión SAR*,1,Inversión no lograda,,,,,Operational,Original
bufr4/0/33/048/2,33048,Medida de confianza de inversión SAR*,2,Reservada,,,,,Operational,Original
bufr4/0/33/048/3,33048,Medida de confianza de inversión SAR*,3,Valor faltante,,,,,Operational,Original
bufr4/0/33/049/0,33049,Medida de confianza de recuperación de viento,0,Dirección externa del viento utilizada durante la inversión,,,,,Operational,Original
bufr4/0/33/049/1,33049,Medida de confianza de recuperación de viento,1,Dirección externa del viento no utilizada durante la inversión,,,,,Operational,Original
bufr4/0/33/049/2,33049,Medida de confianza de recuperación de viento,2,Reservada,,,,,Operational,Original
bufr4/0/33/049/3,33049,Medida de confianza de recuperación de viento,3,Valor faltante,,,,,Operational,Original
bufr4/0/33/050/0,33050,Banderín de calidad mundial del GTSPP,0,Sin evaluar,,,,,Operational,Original
bufr4/0/33/050/1,33050,Banderín de calidad mundial del GTSPP,1,Valor correcto (todas las verificaciones superadas),,,,,Operational,Original
bufr4/0/33/050/2,33050,Banderín de calidad mundial del GTSPP,2,"Probablemente buena, pero valor incoherente con las estadísticas (difiere de la climatología)",,,,,Operational,Original
bufr4/0/33/050/3,33050,Banderín de calidad mundial del GTSPP,3,"Probablemente mala (pico, gradiente, si se han superado otras pruebas)",,,,,Operational,Original
bufr4/0/33/050/4,33050,Banderín de calidad mundial del GTSPP,4,"Valor malo, valor imposible (fuera de escala, inestabilidad vertical, perfil constante)",,,,,Operational,Original
bufr4/0/33/050/5,33050,Banderín de calidad mundial del GTSPP,5,Valor modificado durante el control de calidad,,,,,Operational,Original
bufr4/0/33/050/6-7,33050,Banderín de calidad mundial del GTSPP,6-7,Reservadas,,,,,Operational,Original
bufr4/0/33/050/8,33050,Banderín de calidad mundial del GTSPP,8,Valor interpolado,,,,,Operational,Original
bufr4/0/33/050/9,33050,Banderín de calidad mundial del GTSPP,9,Adecuado para usos operacionales; precaución; consultar publicaciones para otros usos,,,,,Operational,Original
bufr4/0/33/050/10-14,33050,Banderín de calidad mundial del GTSPP,10-14,Reservadas,,,,,Operational,Original
bufr4/0/33/050/15,33050,Banderín de calidad mundial del GTSPP,15,Valor faltante,,,,,Operational,Original
bufr4/0/33/052/1-20,33052,Calidad de reseguimiento de datos oceánicos en banda S,1-20,"Los primeros 20 bits menos significativos corresponden a los 20 valores (uno por cada bloque de datos que contenga 0 = medición válida, 1 = inválida). El bit 1 es aplicable al 20° bloque de datos",,,,,Operational,Original
bufr4/0/33/052/All-21,33052,Calidad de reseguimiento de datos oceánicos en banda S,Los 21,Valor faltante,,,,,Operational,Original
bufr4/0/33/053/1-20,33053,Calidad de reseguimiento de datos oceánicos en banda Ku,1-20,"Los primeros 20 bits menos significativos corresponden a los 20 valores (uno por cada bloque de datos que contenga 0 = medición válida, 1 = inválida). El bit 1 es aplicable al 20° bloque de datos",,,,,Operational,Original
bufr4/0/33/053/All-21,33053,Calidad de reseguimiento de datos oceánicos en banda Ku,Los 21,Valor faltante,,,,,Operational,Original
bufr4/0/33/055/1-10,33055,Banderín de calidad del vector de viento,1-10,Reservadas,,,,,Operational,Original
bufr4/0/33/055/11,33055,Banderín de calidad del vector de viento,11,Sigma-0 oceánico no disponible para la recuperación de datos de viento,,,,,Operational,Original
bufr4/0/33/055/12,33055,Banderín de calidad del vector de viento,12,Viento de primera aproximación no disponible,,,,,Operational,Original
bufr4/0/33/055/13,33055,Banderín de calidad del vector de viento,13,Modelo de referencia detecta tierra,,,,,Operational,Original
bufr4/0/33/055/14,33055,Banderín de calidad del vector de viento,14,Modelo de referencia detecta hielo,,,,,Operational,Original
bufr4/0/33/055/15,33055,Banderín de calidad del vector de viento,15,Sigma-0 incluye tierra/hielo,,,,,Operational,Original
bufr4/0/33/055/16,33055,Banderín de calidad del vector de viento,16,Sigma-0 incluye tierra contaminada,,,,,Operational,Original
bufr4/0/33/055/17,33055,Banderín de calidad del vector de viento,17,Sigma-0 incluye hielo contaminado,,,,,Operational,Original
bufr4/0/33/055/18,33055,Banderín de calidad del vector de viento,18,Diversidad azimutal insuficiente,,,,,Operational,Original
bufr4/0/33/055/19,33055,Banderín de calidad del vector de viento,19,No se produce inversión,,,,,Operational,Original
bufr4/0/33/055/20,33055,Banderín de calidad del vector de viento,20,Banderín WVC general,,,,,Operational,Original
bufr4/0/33/055/21,33055,Banderín de calidad del vector de viento,21,Se intenta la inversión (se fija banderín),,,,,Operational,Original
bufr4/0/33/055/22,33055,Banderín de calidad del vector de viento,22,Se intenta la precipitación (se fija banderín),,,,,Operational,Original
bufr4/0/33/055/23,33055,Banderín de calidad del vector de viento,23,Se detecta precipitación,,,,,Operational,Original
bufr4/0/33/055/All-24,33055,Banderín de calidad del vector de viento,Los 24,Valor faltante,,,,,Operational,Original
bufr4/0/33/056/1-7,33056,Banderín de calidad Sigma-0,1-7,Reservadas,,,,,Operational,Original
bufr4/0/33/056/8,33056,Banderín de calidad Sigma-0,8,Ascendente,,,,,Operational,Original
bufr4/0/33/056/9,33056,Banderín de calidad Sigma-0,9,Polarización VV,,,,,Operational,Original
bufr4/0/33/056/10,33056,Banderín de calidad Sigma-0,10,Parte frontal del vehículo espacial,,,,,Operational,Original
bufr4/0/33/056/11,33056,Banderín de calidad Sigma-0,11,Tierra,,,,,Operational,Original
bufr4/0/33/056/12,33056,Banderín de calidad Sigma-0,12,Sigma-0 insuficiente (resumen),,,,,Operational,Original
bufr4/0/33/056/13,33056,Banderín de calidad Sigma-0,13,Sigma-0 inválido (resumen),,,,,Operational,Original
bufr4/0/33/056/14,33056,Banderín de calidad Sigma-0,14,Temperatura de luminancia insuficiente,,,,,Operational,Original
bufr4/0/33/056/15,33056,Banderín de calidad Sigma-0,15,Temperatura de luminancia inválida,,,,,Operational,Original
bufr4/0/33/056/16,33056,Banderín de calidad Sigma-0,16,Límite tierra-mar,,,,,Operational,Original
bufr4/0/33/056/17,33056,Banderín de calidad Sigma-0,17,Sigma-0 negativo,,,,,Operational,Original
bufr4/0/33/056/18-20,33056,Banderín de calidad Sigma-0,18-20,Reservadas,,,,,Operational,Original
bufr4/0/33/056/21,33056,Banderín de calidad Sigma-0,21,Hielo,,,,,Operational,Original
bufr4/0/33/056/22,33056,Banderín de calidad Sigma-0,22,Dato faltante a una altitud-longitud dadas para el proceso de marcado de hielo marino para 2 o más días,,,,,Operational,Original
bufr4/0/33/056/23,33056,Banderín de calidad Sigma-0,23,Contaminación hielo-océano,,,,,Operational,Original
bufr4/0/33/056/All-24,33056,Banderín de calidad Sigma-0,Los 24,Valor faltante,,,,,Operational,Original
bufr4/0/33/060/0,33060,GqisFlagQual– banderín de calidad individual del sistema IASI,0,Bueno,,,,,Operational,Original
bufr4/0/33/060/1,33060,GqisFlagQual– banderín de calidad individual del sistema IASI,1,Malo,,,,,Operational,Original
bufr4/0/33/060/2,33060,GqisFlagQual– banderín de calidad individual del sistema IASI,2,Reservado,,,,,Operational,Original
bufr4/0/33/060/3,33060,GqisFlagQual– banderín de calidad individual del sistema IASI,3,Valor faltante,,,,,Operational,Original
bufr4/0/33/066/1-19,33066,Banderín de calidad de los AMV*,1-19,Reservados,,,,,Operational,Original
bufr4/0/33/066/20,33066,Banderín de calidad de los AMV*,20,"Buen viento, pero se usa un canal alternativo para seguimiento de características",,,,,Operational,Original
bufr4/0/33/066/21,33066,Banderín de calidad de los AMV*,21,"Buen viento, pero se usa un conjunto alternativo de canales para determinar la altura de la cima de las nubes/asignación de la altura de los AMV",,,,,Operational,Original
bufr4/0/33/066/22,33066,Banderín de calidad de los AMV*,22,Fallos de restricción de la superficie de correlación,,,,,Operational,Original
bufr4/0/33/066/23,33066,Banderín de calidad de los AMV*,23,Reservado,,,,,Operational,Original
bufr4/0/33/066/All-24,33066,Banderín de calidad de los AMV*,Los 24,Valor faltante,,,,,Operational,Original
bufr4/0/33/070/0,33070,Calidad del contenido total de ozono,0,Toma de datos satisfactoria,,,,,Operational,Original
bufr4/0/33/070/1,33070,Calidad del contenido total de ozono,1,Banderín de información sobre aerosoles insatisfactorio o anomalía de radiancia NOAA-16,,,,,Operational,Original
bufr4/0/33/070/2,33070,Calidad del contenido total de ozono,2,Ángulo del cénit solar superior a 84 grados,,,,,Operational,Original
bufr4/0/33/070/3,33070,Calidad del contenido total de ozono,3,Residuo de 380nm superior al límite,,,,,Operational,Original
bufr4/0/33/070/4,33070,Calidad del contenido total de ozono,4,Incoherencia de los datos de ozono,,,,,Operational,Original
bufr4/0/33/070/5,33070,Calidad del contenido total de ozono,5,Diferencia entre el perfil de ozono y el valor de contenido total de ozono en la etapa 3 superior al umbral (fijado en 25 DU),,,,,Operational,Original
bufr4/0/33/070/6,33070,Calidad del contenido total de ozono,6,La iteración de los datos de ozono en la etapa 1 no converge,,,,,Operational,Original
bufr4/0/33/070/7,33070,Calidad del contenido total de ozono,7,Todo residuo de canal superior a 16 o radiancia insatisfactoria,,,,,Operational,Original
bufr4/0/33/070/8,33070,Calidad del contenido total de ozono,8,Pixels insuficientes - no procesado,,,,,Operational,Original
bufr4/0/33/070/9,33070,Calidad del contenido total de ozono,9,Primera aproximación satisfactoria - utilizados datos de predicción de ozono,,,,,Operational,Original
bufr4/0/33/070/10,33070,Calidad del contenido total de ozono,10,Nube alta en píxel - no procesado,,,,,Operational,Original
bufr4/0/33/070/11,33070,Calidad del contenido total de ozono,11,Recuperación satisfactoria de datos de ozono,,,,,Operational,Original
bufr4/0/33/070/12,33070,Calidad del contenido total de ozono,12,Recuperación no satisfactoria de datos de ozono,,,,,Operational,Original
bufr4/0/33/070/13-14,33070,Calidad del contenido total de ozono,13-14,Reservadas,,,,,Operational,Original
bufr4/0/33/070/15,33070,Calidad del contenido total de ozono,15,Valor faltante,,,,,Operational,Original
bufr4/0/33/071/0,33071,Calidad del perfil de ozono,0,Toma de datos satisfactoria,,,,,Operational,Original
bufr4/0/33/071/1,33071,Calidad del perfil de ozono,1,Ángulo del cénit solar superior a 84 grados,,,,,Operational,Original
bufr4/0/33/071/2,33071,Calidad del perfil de ozono,2,Diferencia entre la etapa 3 y el perfil de contenido total de ozono total superior al límite (25 du),,,,,Operational,Original
bufr4/0/33/071/3,33071,Calidad del perfil de ozono,3,"Residuo final promediado de las longitudes de onda utilizadas en la toma de datos, superior al umbral",,,,,Operational,Original
bufr4/0/33/071/4,33071,Calidad del perfil de ozono,4,Residuo final superior al triple del error apriorístico,,,,,Operational,Original
bufr4/0/33/071/5,33071,Calidad del perfil de ozono,5,"Diferencia entre el valor tomado y el valor apriorístico, superior al triple del error apriorístico",,,,,Operational,Original
bufr4/0/33/071/6,33071,Calidad del perfil de ozono,6,Solución no convergente,,,,,Operational,Original
bufr4/0/33/071/7,33071,Calidad del perfil de ozono,7,Anomalía del perfil en niveles superiores o anomalía de luz ficticia,,,,,Operational,Original
bufr4/0/33/071/8,33071,Calidad del perfil de ozono,8,"Residuo inicial superior a 18,0 unidades de valor N",,,,,Operational,Original
bufr4/0/33/071/9-14,33071,Calidad del perfil de ozono,9-14,Reservadas,,,,,Operational,Original
bufr4/0/33/071/15,33071,Calidad del perfil de ozono,15,Valor faltante,,,,,Operational,Original
bufr4/0/33/072/0,33072,Error en ozono,0,Toma de datos satisfactoria,,,,,Operational,Original
bufr4/0/33/072/1,33072,Error en ozono,1,Reflectividad fuera de dial,,,,,Operational,Original
bufr4/0/33/072/2,33072,Error en ozono,2,Píxeles más grandes (número de píxel intertrayectorias inferior a 32) o error de retro-barrido,,,,,Operational,Original
bufr4/0/33/072/3,33072,Error en ozono,3,Ángulo del cénit solar superior a 88 grados,,,,,Operational,Original
bufr4/0/33/072/4,33072,Error en ozono,4,Latitud/longitud fuera de dial,,,,,Operational,Original
bufr4/0/33/072/5,33072,Error en ozono,5,Ángulo cenital de visión o ángulo cenital solar fuera de dial,,,,,Operational,Original
bufr4/0/33/072/6,33072,Error en ozono,6,Fallo general de proceso en la etapa 1,,,,,Operational,Original
bufr4/0/33/072/7,33072,Error en ozono,7,Primera conjetura del valor de ozono fuera de dial,,,,,Operational,Original
bufr4/0/33/072/8,33072,Error en ozono,8,Demasiadas iteraciones (más de 8),,,,,Operational,Original
bufr4/0/33/072/9,33072,Error en ozono,9,Fallo del cálculo del residuo en la etapa 1,,,,,Operational,Original
bufr4/0/33/072/10,33072,Error en ozono,10,Fallo general de proceso en la etapa 2,,,,,Operational,Original
bufr4/0/33/072/11,33072,Error en ozono,11,Primera conjetura del valor del perfil de ozono fuera de dial,,,,,Operational,Original
bufr4/0/33/072/12,33072,Error en ozono,12,Valor de ozono en la etapa 2 fuera de dial,,,,,Operational,Original
bufr4/0/33/072/13,33072,Error en ozono,13,Fallo del cálculo del residuo en la etapa 2,,,,,Operational,Original
bufr4/0/33/072/14,33072,Error en ozono,14,Fallo general de proceso en la etapa 3,,,,,Operational,Original
bufr4/0/33/072/15,33072,Error en ozono,15,Alerta sobre la exactitud de la corrección de la polarización,,,,,Operational,Original
bufr4/0/33/072/16,33072,Error en ozono,16,Radiancia o irradiancia inferior o igual a 0,,,,,Operational,Original
bufr4/0/33/072/17-30,33072,Error en ozono,17-30,Reservadas,,,,,Operational,Original
bufr4/0/33/072/31,33072,Error en ozono,31,Valor faltante,,,,,Operational,Original
bufr4/0/33/075/1,33075,Banderines de calidad del nivel de exploración,1,"Se ha detectado la falta de datos en el registro de datos en bruto (es decir, la falta de exploración (es) antes de la exploración actual)",,,,,Operational,Original
bufr4/0/33/075/2,33075,Banderines de calidad del nivel de exploración,2,"El tiempo registrado no sigue la secuencia (es decir, la hora de inicio de la exploración queda fuera de la secuencia)",,,,,Operational,Original
bufr4/0/33/075/3,33075,Banderines de calidad del nivel de exploración,3,No puede actualizarse el cálculo lamda (véase la Nota 1),,,"Notas: 1) Se fija en 1 si el cálculo de la longitud de onda del láser es inválido debido a un error sistemático del diodo láser y/o a que las mediciones de temperatura del diodo láser no se ajustan a los intervalos permitidos que se han predeterminado. Estos intervalos son ajustables. En este caso, se utilizará 1 bit por barrido para el cálculo lamda. 2) Estas temperaturas se utilizan para calcular la contribución “ambiental"" a las radiancias del blanco de calibración interna. Cuando este bit se fija en 1, las temperaturas inválidas se reemplazan por los valores de temperatura validados del blanco de calibración interna.",,Operational,Original
bufr4/0/33/075/4,33075,Banderines de calidad del nivel de exploración,4,"Las temperaturas medidas de todo componente de un instrumento (por ejemplo, un divisor de haz, un espejo de exploración, un deflector de exploración, etc.) quedan fuera de los intervalos permitidos (véase la Nota 2)",,,"Notas: 1) Se fija en 1 si el cálculo de la longitud de onda del láser es inválido debido a un error sistemático del diodo láser y/o a que las mediciones de temperatura del diodo láser no se ajustan a los intervalos permitidos que se han predeterminado. Estos intervalos son ajustables. En este caso, se utilizará 1 bit por barrido para el cálculo lamda. 2) Estas temperaturas se utilizan para calcular la contribución “ambiental"" a las radiancias del blanco de calibración interna. Cuando este bit se fija en 1, las temperaturas inválidas se reemplazan por los valores de temperatura validados del blanco de calibración interna.",,Operational,Original
bufr4/0/33/075/5,33075,Banderines de calidad del nivel de exploración,5,Al menos una de las temperaturas controladas de los instrumentos ha variado más allá de un valor específico de tolerancia,,,,,Operational,Original
bufr4/0/33/075/6-12,33075,Banderines de calidad del nivel de exploración,6-12,Reservados,,,,,Operational,Original
bufr4/0/33/075/All-13,33075,Banderines de calidad del nivel de exploración,Los 13,Valor faltante,,,,,Operational,Original
bufr4/0/33/076/1,33076,Banderines de calidad de la calibración,1,Interferencia lunar en la primera visión del espacio lejano (véase la Nota),,,Nota: Se fija en 1 si al menos un espectro de la media móvil para el espacio lejano se considera no válido debido a una interferencia lunar.,,Operational,Original
bufr4/0/33/076/2,33076,Banderines de calidad de la calibración,2,Interferencia lunar en la segunda visión del espacio lejano (véase la Nota),,,Nota: Se fija en 1 si al menos un espectro de la media móvil para el espacio lejano se considera no válido debido a una interferencia lunar.,,Operational,Original
bufr4/0/33/076/3-8,33076,Banderines de calidad de la calibración,3-8,Reservados,,,,,Operational,Original
bufr4/0/33/076/All-9,33076,Banderines de calidad de la calibración,Los 9,Valor faltante,,,,,Operational,Original
bufr4/0/33/077/1,33077,Banderines de calidad del campo de visión,1,Calidad degradada del registro de datos científicos,,,,,Operational,Original
bufr4/0/33/077/2,33077,Banderines de calidad del campo de visión,2,Calidad inválida del registro de datos científicos (véase la nota 1),,,"Notas: 1) La calidad del registro de datos científicos es inválida si falla el reajuste del bit (véase el bit 12) o si se detectan errores en el cálculo de franjas (véase el bit 11), datos inválidos en el registro de datos en bruto (véase el bit 10), calibraciones radiométricas inválidas (véase el bit 5) o calibraciones espectrales inválidas (véase el bit 7). 2) La calibración radiométrica es inválida si no se realiza o si se realiza con datos de calibración inválidos (por ejemplo, cuando el tamaño de la ventana de espacio lejano es igual a 0). 3) La calibración espectral es inválida si se detecta y corrige el error en el cálculo de franjas (véase el bit 8), si la calibración de neón es dudosa y el cálculo lamda no puede actualizarse (véanse los ""Banderines de calidad del nivel de exploración"" (0 33 075) - bit 3). 4) Se fija en 0 si no se detecta ningún error en el cálculo de franjas (véase el bit 11) o si se detecta un error de cálculo pero no se corrige. 5) Se fija en 0 si es de día (ángulo cenital solar < 90°). Se fija en 1 si es de noche (ángulo cenital solar ≥90°). 6) Este banderín indica que el instrumento presenta errores de funcionamiento y que el/los interferograma(s) asociado(s) queda (n) excluido(s) del procesamiento del registro de datos científicos. 7) Este banderín indica que no se ha detectado un número significativo de franjas, desplazando la diferencia de trayecto cero (ZPD) del interferograma fuera de una ventana controlada por el instrumento, y que el interferograma queda excluido del procesamiento del registro de datos científicos.",,Operational,Original
bufr4/0/33/077/3,33077,Banderines de calidad del campo de visión,3,Información inválida sobre el geoposicionamiento del registro de datos científicos,,,"Notas: 1) La calidad del registro de datos científicos es inválida si falla el reajuste del bit (véase el bit 12) o si se detectan errores en el cálculo de franjas (véase el bit 11), datos inválidos en el registro de datos en bruto (véase el bit 10), calibraciones radiométricas inválidas (véase el bit 5) o calibraciones espectrales inválidas (véase el bit 7). 2) La calibración radiométrica es inválida si no se realiza o si se realiza con datos de calibración inválidos (por ejemplo, cuando el tamaño de la ventana de espacio lejano es igual a 0). 3) La calibración espectral es inválida si se detecta y corrige el error en el cálculo de franjas (véase el bit 8), si la calibración de neón es dudosa y el cálculo lamda no puede actualizarse (véanse los ""Banderines de calidad del nivel de exploración"" (0 33 075) - bit 3). 4) Se fija en 0 si no se detecta ningún error en el cálculo de franjas (véase el bit 11) o si se detecta un error de cálculo pero no se corrige. 5) Se fija en 0 si es de día (ángulo cenital solar < 90°). Se fija en 1 si es de noche (ángulo cenital solar ≥90°). 6) Este banderín indica que el instrumento presenta errores de funcionamiento y que el/los interferograma(s) asociado(s) queda (n) excluido(s) del procesamiento del registro de datos científicos. 7) Este banderín indica que no se ha detectado un número significativo de franjas, desplazando la diferencia de trayecto cero (ZPD) del interferograma fuera de una ventana controlada por el instrumento, y que el interferograma queda excluido del procesamiento del registro de datos científicos.",,Operational,Original
bufr4/0/33/077/4,33077,Banderines de calidad del campo de visión,4,Calibración radiométrica degradada,,,"Notas: 1) La calidad del registro de datos científicos es inválida si falla el reajuste del bit (véase el bit 12) o si se detectan errores en el cálculo de franjas (véase el bit 11), datos inválidos en el registro de datos en bruto (véase el bit 10), calibraciones radiométricas inválidas (véase el bit 5) o calibraciones espectrales inválidas (véase el bit 7). 2) La calibración radiométrica es inválida si no se realiza o si se realiza con datos de calibración inválidos (por ejemplo, cuando el tamaño de la ventana de espacio lejano es igual a 0). 3) La calibración espectral es inválida si se detecta y corrige el error en el cálculo de franjas (véase el bit 8), si la calibración de neón es dudosa y el cálculo lamda no puede actualizarse (véanse los ""Banderines de calidad del nivel de exploración"" (0 33 075) - bit 3). 4) Se fija en 0 si no se detecta ningún error en el cálculo de franjas (véase el bit 11) o si se detecta un error de cálculo pero no se corrige. 5) Se fija en 0 si es de día (ángulo cenital solar < 90°). Se fija en 1 si es de noche (ángulo cenital solar ≥90°). 6) Este banderín indica que el instrumento presenta errores de funcionamiento y que el/los interferograma(s) asociado(s) queda (n) excluido(s) del procesamiento del registro de datos científicos. 7) Este banderín indica que no se ha detectado un número significativo de franjas, desplazando la diferencia de trayecto cero (ZPD) del interferograma fuera de una ventana controlada por el instrumento, y que el interferograma queda excluido del procesamiento del registro de datos científicos.",,Operational,Original
bufr4/0/33/077/5,33077,Banderines de calidad del campo de visión,5,Calibración radiométrica inválida (véase la nota 2),,,"Notas: 1) La calidad del registro de datos científicos es inválida si falla el reajuste del bit (véase el bit 12) o si se detectan errores en el cálculo de franjas (véase el bit 11), datos inválidos en el registro de datos en bruto (véase el bit 10), calibraciones radiométricas inválidas (véase el bit 5) o calibraciones espectrales inválidas (véase el bit 7). 2) La calibración radiométrica es inválida si no se realiza o si se realiza con datos de calibración inválidos (por ejemplo, cuando el tamaño de la ventana de espacio lejano es igual a 0). 3) La calibración espectral es inválida si se detecta y corrige el error en el cálculo de franjas (véase el bit 8), si la calibración de neón es dudosa y el cálculo lamda no puede actualizarse (véanse los ""Banderines de calidad del nivel de exploración"" (0 33 075) - bit 3). 4) Se fija en 0 si no se detecta ningún error en el cálculo de franjas (véase el bit 11) o si se detecta un error de cálculo pero no se corrige. 5) Se fija en 0 si es de día (ángulo cenital solar < 90°). Se fija en 1 si es de noche (ángulo cenital solar ≥90°). 6) Este banderín indica que el instrumento presenta errores de funcionamiento y que el/los interferograma(s) asociado(s) queda (n) excluido(s) del procesamiento del registro de datos científicos. 7) Este banderín indica que no se ha detectado un número significativo de franjas, desplazando la diferencia de trayecto cero (ZPD) del interferograma fuera de una ventana controlada por el instrumento, y que el interferograma queda excluido del procesamiento del registro de datos científicos.",,Operational,Original
bufr4/0/33/077/6,33077,Banderines de calidad del campo de visión,6,Calibración espectral degradada,,,"Notas: 1) La calidad del registro de datos científicos es inválida si falla el reajuste del bit (véase el bit 12) o si se detectan errores en el cálculo de franjas (véase el bit 11), datos inválidos en el registro de datos en bruto (véase el bit 10), calibraciones radiométricas inválidas (véase el bit 5) o calibraciones espectrales inválidas (véase el bit 7). 2) La calibración radiométrica es inválida si no se realiza o si se realiza con datos de calibración inválidos (por ejemplo, cuando el tamaño de la ventana de espacio lejano es igual a 0). 3) La calibración espectral es inválida si se detecta y corrige el error en el cálculo de franjas (véase el bit 8), si la calibración de neón es dudosa y el cálculo lamda no puede actualizarse (véanse los ""Banderines de calidad del nivel de exploración"" (0 33 075) - bit 3). 4) Se fija en 0 si no se detecta ningún error en el cálculo de franjas (véase el bit 11) o si se detecta un error de cálculo pero no se corrige. 5) Se fija en 0 si es de día (ángulo cenital solar < 90°). Se fija en 1 si es de noche (ángulo cenital solar ≥90°). 6) Este banderín indica que el instrumento presenta errores de funcionamiento y que el/los interferograma(s) asociado(s) queda (n) excluido(s) del procesamiento del registro de datos científicos. 7) Este banderín indica que no se ha detectado un número significativo de franjas, desplazando la diferencia de trayecto cero (ZPD) del interferograma fuera de una ventana controlada por el instrumento, y que el interferograma queda excluido del procesamiento del registro de datos científicos.",,Operational,Original
bufr4/0/33/077/7,33077,Banderines de calidad del campo de visión,7,Calibración espectral inválida (véase la nota 3),,,"Notas: 1) La calidad del registro de datos científicos es inválida si falla el reajuste del bit (véase el bit 12) o si se detectan errores en el cálculo de franjas (véase el bit 11), datos inválidos en el registro de datos en bruto (véase el bit 10), calibraciones radiométricas inválidas (véase el bit 5) o calibraciones espectrales inválidas (véase el bit 7). 2) La calibración radiométrica es inválida si no se realiza o si se realiza con datos de calibración inválidos (por ejemplo, cuando el tamaño de la ventana de espacio lejano es igual a 0). 3) La calibración espectral es inválida si se detecta y corrige el error en el cálculo de franjas (véase el bit 8), si la calibración de neón es dudosa y el cálculo lamda no puede actualizarse (véanse los ""Banderines de calidad del nivel de exploración"" (0 33 075) - bit 3). 4) Se fija en 0 si no se detecta ningún error en el cálculo de franjas (véase el bit 11) o si se detecta un error de cálculo pero no se corrige. 5) Se fija en 0 si es de día (ángulo cenital solar < 90°). Se fija en 1 si es de noche (ángulo cenital solar ≥90°). 6) Este banderín indica que el instrumento presenta errores de funcionamiento y que el/los interferograma(s) asociado(s) queda (n) excluido(s) del procesamiento del registro de datos científicos. 7) Este banderín indica que no se ha detectado un número significativo de franjas, desplazando la diferencia de trayecto cero (ZPD) del interferograma fuera de una ventana controlada por el instrumento, y que el interferograma queda excluido del procesamiento del registro de datos científicos.",,Operational,Original
bufr4/0/33/077/8,33077,Banderines de calidad del campo de visión,8,Error en el cálculo de franjas detectado y corregido (véase la nota 4),,,"Notas: 1) La calidad del registro de datos científicos es inválida si falla el reajuste del bit (véase el bit 12) o si se detectan errores en el cálculo de franjas (véase el bit 11), datos inválidos en el registro de datos en bruto (véase el bit 10), calibraciones radiométricas inválidas (véase el bit 5) o calibraciones espectrales inválidas (véase el bit 7). 2) La calibración radiométrica es inválida si no se realiza o si se realiza con datos de calibración inválidos (por ejemplo, cuando el tamaño de la ventana de espacio lejano es igual a 0). 3) La calibración espectral es inválida si se detecta y corrige el error en el cálculo de franjas (véase el bit 8), si la calibración de neón es dudosa y el cálculo lamda no puede actualizarse (véanse los ""Banderines de calidad del nivel de exploración"" (0 33 075) - bit 3). 4) Se fija en 0 si no se detecta ningún error en el cálculo de franjas (véase el bit 11) o si se detecta un error de cálculo pero no se corrige. 5) Se fija en 0 si es de día (ángulo cenital solar < 90°). Se fija en 1 si es de noche (ángulo cenital solar ≥90°). 6) Este banderín indica que el instrumento presenta errores de funcionamiento y que el/los interferograma(s) asociado(s) queda (n) excluido(s) del procesamiento del registro de datos científicos. 7) Este banderín indica que no se ha detectado un número significativo de franjas, desplazando la diferencia de trayecto cero (ZPD) del interferograma fuera de una ventana controlada por el instrumento, y que el interferograma queda excluido del procesamiento del registro de datos científicos.",,Operational,Original
bufr4/0/33/077/9,33077,Banderines de calidad del campo de visión,9,Indicador día/noche (véase la nota 5),,,"Notas: 1) La calidad del registro de datos científicos es inválida si falla el reajuste del bit (véase el bit 12) o si se detectan errores en el cálculo de franjas (véase el bit 11), datos inválidos en el registro de datos en bruto (véase el bit 10), calibraciones radiométricas inválidas (véase el bit 5) o calibraciones espectrales inválidas (véase el bit 7). 2) La calibración radiométrica es inválida si no se realiza o si se realiza con datos de calibración inválidos (por ejemplo, cuando el tamaño de la ventana de espacio lejano es igual a 0). 3) La calibración espectral es inválida si se detecta y corrige el error en el cálculo de franjas (véase el bit 8), si la calibración de neón es dudosa y el cálculo lamda no puede actualizarse (véanse los ""Banderines de calidad del nivel de exploración"" (0 33 075) - bit 3). 4) Se fija en 0 si no se detecta ningún error en el cálculo de franjas (véase el bit 11) o si se detecta un error de cálculo pero no se corrige. 5) Se fija en 0 si es de día (ángulo cenital solar < 90°). Se fija en 1 si es de noche (ángulo cenital solar ≥90°). 6) Este banderín indica que el instrumento presenta errores de funcionamiento y que el/los interferograma(s) asociado(s) queda (n) excluido(s) del procesamiento del registro de datos científicos. 7) Este banderín indica que no se ha detectado un número significativo de franjas, desplazando la diferencia de trayecto cero (ZPD) del interferograma fuera de una ventana controlada por el instrumento, y que el interferograma queda excluido del procesamiento del registro de datos científicos.",,Operational,Original
bufr4/0/33/077/10,33077,Banderines de calidad del campo de visión,10,Datos inválidos del registro de datos en bruto (véase la nota 6),,,"Notas: 1) La calidad del registro de datos científicos es inválida si falla el reajuste del bit (véase el bit 12) o si se detectan errores en el cálculo de franjas (véase el bit 11), datos inválidos en el registro de datos en bruto (véase el bit 10), calibraciones radiométricas inválidas (véase el bit 5) o calibraciones espectrales inválidas (véase el bit 7). 2) La calibración radiométrica es inválida si no se realiza o si se realiza con datos de calibración inválidos (por ejemplo, cuando el tamaño de la ventana de espacio lejano es igual a 0). 3) La calibración espectral es inválida si se detecta y corrige el error en el cálculo de franjas (véase el bit 8), si la calibración de neón es dudosa y el cálculo lamda no puede actualizarse (véanse los ""Banderines de calidad del nivel de exploración"" (0 33 075) - bit 3). 4) Se fija en 0 si no se detecta ningún error en el cálculo de franjas (véase el bit 11) o si se detecta un error de cálculo pero no se corrige. 5) Se fija en 0 si es de día (ángulo cenital solar < 90°). Se fija en 1 si es de noche (ángulo cenital solar ≥90°). 6) Este banderín indica que el instrumento presenta errores de funcionamiento y que el/los interferograma(s) asociado(s) queda (n) excluido(s) del procesamiento del registro de datos científicos. 7) Este banderín indica que no se ha detectado un número significativo de franjas, desplazando la diferencia de trayecto cero (ZPD) del interferograma fuera de una ventana controlada por el instrumento, y que el interferograma queda excluido del procesamiento del registro de datos científicos.",,Operational,Original
bufr4/0/33/077/11,33077,Banderines de calidad del campo de visión,11,Error significativo en el cálculo de franjas detectado (véase la nota 7),,,"Notas: 1) La calidad del registro de datos científicos es inválida si falla el reajuste del bit (véase el bit 12) o si se detectan errores en el cálculo de franjas (véase el bit 11), datos inválidos en el registro de datos en bruto (véase el bit 10), calibraciones radiométricas inválidas (véase el bit 5) o calibraciones espectrales inválidas (véase el bit 7). 2) La calibración radiométrica es inválida si no se realiza o si se realiza con datos de calibración inválidos (por ejemplo, cuando el tamaño de la ventana de espacio lejano es igual a 0). 3) La calibración espectral es inválida si se detecta y corrige el error en el cálculo de franjas (véase el bit 8), si la calibración de neón es dudosa y el cálculo lamda no puede actualizarse (véanse los ""Banderines de calidad del nivel de exploración"" (0 33 075) - bit 3). 4) Se fija en 0 si no se detecta ningún error en el cálculo de franjas (véase el bit 11) o si se detecta un error de cálculo pero no se corrige. 5) Se fija en 0 si es de día (ángulo cenital solar < 90°). Se fija en 1 si es de noche (ángulo cenital solar ≥90°). 6) Este banderín indica que el instrumento presenta errores de funcionamiento y que el/los interferograma(s) asociado(s) queda (n) excluido(s) del procesamiento del registro de datos científicos. 7) Este banderín indica que no se ha detectado un número significativo de franjas, desplazando la diferencia de trayecto cero (ZPD) del interferograma fuera de una ventana controlada por el instrumento, y que el interferograma queda excluido del procesamiento del registro de datos científicos.",,Operational,Original
bufr4/0/33/077/12,33077,Banderines de calidad del campo de visión,12,Falla de reajuste del bit,,,,,Operational,Original
bufr4/0/33/077/13-18,33077,Banderines de calidad del campo de visión,13-18,Reservados,,,,,Operational,Original
bufr4/0/33/077/All-19,33077,Banderines de calidad del campo de visión,Los 19,Valor faltante,,,,,Operational,Original
bufr4/0/33/078/0,33078,Calidad del geoposicionamiento,0,Nominal - datos de altitud y efemérides disponibles,,,,,Operational,Original
bufr4/0/33/078/1,33078,Calidad del geoposicionamiento,1,"Falta, como máximo, una pequeña laguna de datos de altitud y efemérides",,,,,Operational,Original
bufr4/0/33/078/2,33078,Calidad del geoposicionamiento,2,"Falta más que una pequeña laguna de datos de altitud y efemérides, pero no más que una separación de granulado",,,,,Operational,Original
bufr4/0/33/078/3,33078,Calidad del geoposicionamiento,3,Falta más de una separación de granulado de datos de altitud y efemérides,,,,,Operational,Original
bufr4/0/33/078/4-14,33078,Calidad del geoposicionamiento,4-14,Reservadas,,,,,Operational,Original
bufr4/0/33/078/15,33078,Calidad del geoposicionamiento,15,Valor faltante,,,,,Operational,Original
bufr4/0/33/079/1-5,33079,Banderines de calidad del nivel granulado,1-5,Reservados,,,,,Operational,Original
bufr4/0/33/079/6,33079,Banderines de calidad del nivel granulado,6,Los números 1 a 7 no superaron la prueba de buen funcionamiento,,,,,Operational,Original
bufr4/0/33/079/7,33079,Banderines de calidad del nivel granulado,7,Los números 8 a 15 no superaron la prueba de buen funcionamiento,,,,,Operational,Original
bufr4/0/33/079/8,33079,Banderines de calidad del nivel granulado,8,Los números 16 a 23 no superaron la prueba de buen funcionamiento,,,,,Operational,Original
bufr4/0/33/079/9,33079,Banderines de calidad del nivel granulado,9,Los números 24 a 31 no superaron la prueba de buen funcionamiento,,,,,Operational,Original
bufr4/0/33/079/10,33079,Banderines de calidad del nivel granulado,10,Los números 32 a 39 no superaron la prueba de buen funcionamiento,,,,,Operational,Original
bufr4/0/33/079/11,33079,Banderines de calidad del nivel granulado,11,Los números 40 a 47 no superaron la prueba de buen funcionamiento,,,,,Operational,Original
bufr4/0/33/079/12,33079,Banderines de calidad del nivel granulado,12,Los números 48 a 55 no superaron la prueba de buen funcionamiento,,,,,Operational,Original
bufr4/0/33/079/13,33079,Banderines de calidad del nivel granulado,13,Los números 56 a 63 no superaron la prueba de buen funcionamiento,,,,,Operational,Original
bufr4/0/33/079/14,33079,Banderines de calidad del nivel granulado,14,Los números 64 a 70 no superaron la prueba de buen funcionamiento,,,,,Operational,Original
bufr4/0/33/079/15,33079,Banderines de calidad del nivel granulado,15,Corrección cuadrática aplicada a la función de transferencia radiométrica para la corrección no lineal,,,,,Operational,Original
bufr4/0/33/079/All-16,33079,Banderines de calidad del nivel granulado,Todo 16,Valor faltante,,,,,Operational,Original
bufr4/0/33/080/1-6,33080,Banderines de calidad del nivel de exploración,1-6,Reservados,,,,,Operational,Original
bufr4/0/33/080/7,33080,Banderines de calidad del nivel de exploración,7,La condición dividir por cero o el lazo de cálculo no convergieron en la PRT* de la banda K/Ka y V (KAV),,,,,Operational,Original
bufr4/0/33/080/8,33080,Banderines de calidad del nivel de exploración,8,La condición dividir por cero o el lazo de cálculo no convergieron en la PRT de la banda WG,,,,,Operational,Original
bufr4/0/33/080/9,33080,Banderines de calidad del nivel de exploración,9,"La condición dividir por cero o el lazo de cálculo no convergieron en el estante receptor de la banda K/Ka, V, W, G, respecto del cálculo de la temperatura K PRT",,,,,Operational,Original
bufr4/0/33/080/10,33080,Banderines de calidad del nivel de exploración,10,Condición fuera de la gama de valores para la PRT de la banda K/Ka y V,,,,,Operational,Original
bufr4/0/33/080/11,33080,Banderines de calidad del nivel de exploración,11,Condición fuera de la gama de valores para la PRT de la banda WG,,,,,Operational,Original
bufr4/0/33/080/12,33080,Banderines de calidad del nivel de exploración,12,Discordancia de temperaturas en PRT KAV,,,,,Operational,Original
bufr4/0/33/080/13,33080,Banderines de calidad del nivel de exploración,13,Discordancia de temperaturas en PRT WG,,,,,Operational,Original
bufr4/0/33/080/14,33080,Banderines de calidad del nivel de exploración,14,Error en la secuencia temporal,,,,,Operational,Original
bufr4/0/33/080/15,33080,Banderines de calidad del nivel de exploración,15,Datos faltantes: falta de exploración(es) antes de la exploración actual,,,,,Operational,Original
bufr4/0/33/080/16,33080,Banderines de calidad del nivel de exploración,16,Suficiencia de la PRT KAV: disponibilidad insuficiente de datos de PRT KAV,,,,,Operational,Original
bufr4/0/33/080/17,33080,Banderines de calidad del nivel de exploración,17,Suficiencia de la PRT de WG: disponibilidad insuficiente de datos de PRT WG,,,,,Operational,Original
bufr4/0/33/080/18,33080,Banderines de calidad del nivel de exploración,18,Error en la orientación de la antena hacia el espacio,,,,,Operational,Original
bufr4/0/33/080/19,33080,Banderines de calidad del nivel de exploración,19,Error en la orientación de la antena hacia el cuerpo negro,,,,,Operational,Original
bufr4/0/33/080/All-20,33080,Banderines de calidad del nivel de exploración,Todo 20,Valor faltante,,,,,Operational,Original
bufr4/0/33/081/1-2,33081,Banderines de calidad de los datos del canal,1-2,Reservados,,,,,Operational,Original
bufr4/0/33/081/3,33081,Banderines de calidad de los datos del canal,3,Visión de espacio de la luna,,,,,Operational,Original
bufr4/0/33/081/4,33081,Banderines de calidad de los datos del canal,4,Error de ganancia: el cálculo del cuerpo negro es inferior o igual al cálculo de visión de espacio más elevado en una exploración,,,,,Operational,Original
bufr4/0/33/081/5,33081,Banderines de calidad de los datos del canal,5,Calibración con menos de las muestras preferidas,,,,,Operational,Original
bufr4/0/33/081/6,33081,Banderines de calidad de los datos del canal,6,Verificación de la suficiencia de datos de visión de espacio: disponibilidad insuficiente de muestras de visión de espacio,,,,,Operational,Original
bufr4/0/33/081/7,33081,Banderines de calidad de los datos del canal,7,Verificación de la suficiencia de datos de visión del cuerpo negro: disponibilidad insuficiente de muestras de visión del cuerpo negro,,,,,Operational,Original
bufr4/0/33/081/8,33081,Banderines de calidad de los datos del canal,8,Condición fuera de la gama de valores para la visión de espacio,,,,,Operational,Original
bufr4/0/33/081/9,33081,Banderines de calidad de los datos del canal,9,Condición fuera de la gama de valores para la visión del cuerpo negro,,,,,Operational,Original
bufr4/0/33/081/10,33081,Banderines de calidad de los datos del canal,10,Incoherencia de la visión de espacio,,,,,Operational,Original
bufr4/0/33/081/11,33081,Banderines de calidad de los datos del canal,11,Incoherencia de la visión del cuerpo negro,,,,,Operational,Original
bufr4/0/33/081/All-12,33081,Banderines de calidad de los datos del canal,Todo 12,Valor faltante,,,,,Operational,Original
bufr4/0/33/082/1-5,33082,Banderines de calidad del geoposicionamiento,1-5,Reservados,,,,,Operational,Original
bufr4/0/33/082/6,33082,Banderines de calidad del geoposicionamiento,6,Dentro de la anomalía del Atlántico sur,,,,,Operational,Original
bufr4/0/33/082/7,33082,Banderines de calidad del geoposicionamiento,7,Datos de entrada no válidos (indica que cualquiera de los datos sobre las efemérides o la posición de las aeronaves no son válidos),,,,,Operational,Original
bufr4/0/33/082/8,33082,Banderines de calidad del geoposicionamiento,8,"Puntería defectuosa (indica que la línea de visión del sensor no cruza el geoide, está cerca del limbo, tiene ángulos sensores no válidos u otra característica similar)",,,,,Operational,Original
bufr4/0/33/082/9,33082,Banderines de calidad del geoposicionamiento,9,Terreno defectuoso (indica que el algoritmo no pudo obtener un valor de terreno válido),,,,,Operational,Original
bufr4/0/33/082/10,33082,Banderines de calidad del geoposicionamiento,10,Ángulos solares no válidos,,,,,Operational,Original
bufr4/0/33/082/11,33082,Banderines de calidad del geoposicionamiento,11,"Falta, como máximo, una pequeña laguna de datos de altitud y efemérides",,,,,Operational,Original
bufr4/0/33/082/12,33082,Banderines de calidad del geoposicionamiento,12,"Falta más de una pequeña laguna de datos de altitud y efemérides, pero no más de una separación de granulado",,,,,Operational,Original
bufr4/0/33/082/13,33082,Banderines de calidad del geoposicionamiento,13,Falta más de una separación de granulado de datos de altitud y efemérides,,,,,Operational,Original
bufr4/0/33/082/14,33082,Banderines de calidad del geoposicionamiento,14,El número de valores de impulso del codificador por tiempo delta no es el previsto,,,,,Operational,Original
bufr4/0/33/082/15,33082,Banderines de calidad del geoposicionamiento,15,Eclipse solar durante exploración hacia la Tierra,,,,,Operational,Original
bufr4/0/33/082/All-16,33082,Banderines de calidad del geoposicionamiento,Todo 16,Valor faltante,,,,,Operational,Original
bufr4/0/33/083/1-5,33083,Banderines de calidad de los datos de radiancia,1-5,Reservados,,,,,Operational,Original
bufr4/0/33/083/6,33083,Banderines de calidad de los datos de radiancia,6,Píxel afectado por interferencia de radiofrecuencia,,,,,Operational,Original
bufr4/0/33/083/7,33083,Banderines de calidad de los datos de radiancia,7,"Calidad de calibración deficiente debido a desviaciones de la visión de espacio, desviaciones de visión según calibración a bordo (OBC), etc. o utilización de una visión de calibración anterior",,,,,Operational,Original
bufr4/0/33/083/8,33083,Banderines de calidad de los datos de radiancia,8,Píxel saturado,,,,,Operational,Original
bufr4/0/33/083/9,33083,Banderines de calidad de los datos de radiancia,9,Datos faltantes: no se dispone de los datos necesarios para procesar la calibración,,,,,Operational,Original
bufr4/0/33/083/10,33083,Banderines de calidad de los datos de radiancia,10,Radiancia de píxel calibrada fuera de la gama de valores,,,,,Operational,Original
bufr4/0/33/083/11,33083,Banderines de calidad de los datos de radiancia,11,Reflectancia de píxel calibrada o temperatura efectiva del cuerpo negro fuera de la gama de valores,,,,,Operational,Original
bufr4/0/33/083/12,33083,Banderines de calidad de los datos de radiancia,12,La luna ha corrompido la visión de espacio,,,,,Operational,Original
bufr4/0/33/083/13,33083,Banderines de calidad de los datos de radiancia,13,Las datos de exploración están ausentes (no hay datos válidos),,,,,Operational,Original
bufr4/0/33/083/14,33083,Banderines de calidad de los datos de radiancia,14,La calidad de esta línea de exploración es reducida. El valor lo determinan el número de pasos combinados necesarios para encontrar un elemento sustitutivo de los datos de origen de termistor o calibración,,,,,Operational,Original
bufr4/0/33/083/15,33083,Banderines de calidad de los datos de radiancia,15,Sensor defectuoso,,,,,Operational,Original
bufr4/0/33/083/All-16,33083,Banderines de calidad de los datos de radiancia,Todo 16,Valor faltante,,,,,Operational,Original
bufr4/0/33/084/1-5,33084,Banderines de calidad del nivel del pixel,1-5,Reservados,,,,,Operational,Original
bufr4/0/33/084/6,33084,Banderines de calidad del nivel del pixel,6,TSM global fuera del intervalo de validación,,,,,Operational,Original
bufr4/0/33/084/7,33084,Banderines de calidad del nivel del pixel,7,TSM somera fuera del intervalo de validación,,,,,Operational,Original
bufr4/0/33/084/8,33084,Banderines de calidad del nivel del pixel,8,"Ángulo cenital del sensor > 40 grados (el píxel no está situado a menos de 40 grados del nadir, por lo que no es de alta calidad)",,,,,Operational,Original
bufr4/0/33/084/9,33084,Banderines de calidad del nivel del pixel,9,"Degradación: tamaño de la celda horizontal > 1,3 km (tamaño de la celda horizontal > 1,3 km, anchura de la franja >1 700 km, ángulo cenital del sensor > 50,3 grados)",,,,,Operational,Original
bufr4/0/33/084/10,33084,Banderines de calidad del nivel del pixel,10,Exclusión: No hay océano en el pixel,,,,,Operational,Original
bufr4/0/33/084/11,33084,Banderines de calidad del nivel del pixel,11,"Degradación: espesor óptico del aerosol > 0,6 (espesor óptico del aerosol en la celda horizontal > 0,6 a lo largo del trayecto oblicuo (espesor óptico del aerosol @550 nm))",,,,,Operational,Original
bufr4/0/33/084/12,33084,Banderines de calidad del nivel del pixel,12,"Exclusión: Espesor óptico del aerosol > 1,0 (espesor óptico del aerosol en la celda horizontal > 1,0 a lo largo del trayecto oblicuo (espesor óptico del aerosol @550 nm))",,,,,Operational,Original
bufr4/0/33/084/13,33084,Banderines de calidad del nivel del pixel,13,Presencia de reflexión especular del Sol en el píxel,,,,,Operational,Original
bufr4/0/33/084/14,33084,Banderines de calidad del nivel del pixel,14,Rebasado el umbral de concentración de hielo (TSM no recuperada debido a que la concentración de hielo rebasa el umbral en las especificaciones del sistema),,,,,Operational,Original
bufr4/0/33/084/15,33084,Banderines de calidad del nivel del pixel,15,Cirro de escaso grosor detectado en el píxel,,,,,Operational,Original
bufr4/0/33/084/All-16,33084,Banderines de calidad del nivel del pixel,Los 16,Valor faltante,,,,,Operational,Original
bufr4/0/33/085/1-3,33085,Banderines de calidad del espesor óptico de aerosol,1-3,Reservados,,,,,Operational,Original
bufr4/0/33/085/4,33085,Banderines de calidad del espesor óptico de aerosol,4,El exponente de Angstrom está fuera del intervalo de especificación del sistema,,,,,Operational,Original
bufr4/0/33/085/5,33085,Banderines de calidad del espesor óptico de aerosol,5,"Excluido, el exponente de Angstrom para el espesor óptico de aerosol a 550 nm < 0,15",,,,,Operational,Original
bufr4/0/33/085/6,33085,Banderines de calidad del espesor óptico de aerosol,6,"Superficie brillante en célula (cuando se produce sobre tierra), o aguas poco profundas o turbias en célula (cuando se produce sobre el océano)",,,,,Operational,Original
bufr4/0/33/085/7,33085,Banderines de calidad del espesor óptico de aerosol,7,"Sol bajo, excluido, ángulo cenital del sol > 80 grados",,,,,Operational,Original
bufr4/0/33/085/8,33085,Banderines de calidad del espesor óptico de aerosol,8,"Sol bajo, degradado, 65 grados < ángulo cenital del sol ≤ 80 grados",,,,,Operational,Original
bufr4/0/33/085/9,33085,Banderines de calidad del espesor óptico de aerosol,9,Incendio detectado en célula,,,,,Operational,Original
bufr4/0/33/085/10,33085,Banderines de calidad del espesor óptico de aerosol,10,Nieve/hielo en célula,,,,,Operational,Original
bufr4/0/33/085/11,33085,Banderines de calidad del espesor óptico de aerosol,11,Sombra de la nube en célula,,,,,Operational,Original
bufr4/0/33/085/12,33085,Banderines de calidad del espesor óptico de aerosol,12,Destello solar en célula,,,,,Operational,Original
bufr4/0/33/085/13,33085,Banderines de calidad del espesor óptico de aerosol,13,Mal registro de datos científicos presentes en célula horizontal (calidad del espesor óptico de aerosol/parámetro del tamaño de la partícula de aerosol degradado o espesor óptico de aerosol/parámetro del tamaño de la partícula de aerosol no recuperado debido a un mal registro de datos científicos en célula horizontal),,,,,Operational,Original
bufr4/0/33/085/14,33085,Banderines de calidad del espesor óptico de aerosol,14,Contaminación por cirrus en célula,,,,,Operational,Original
bufr4/0/33/085/15,33085,Banderines de calidad del espesor óptico de aerosol,15,Nube adyacente a célula,,,,,Operational,Original
bufr4/0/33/085/16,33085,Banderines de calidad del espesor óptico de aerosol,16,Contaminación de la nube en célula,,,,,Operational,Original
bufr4/0/33/085/17,33085,Banderines de calidad del espesor óptico de aerosol,17,El espesor óptico de aerosol está fuera del intervalo de especificación del sistema,,,,,Operational,Original
bufr4/0/33/085/All-18,33085,Banderines de calidad del espesor óptico de aerosol,Todo 18,Valor faltante,,,,,Operational,Original
bufr4/0/33/086/0,33086,Recuperación de la calidad del nivel del pixel,0,No recuperada,,,,,Operational,Original
bufr4/0/33/086/1,33086,Recuperación de la calidad del nivel del pixel,1,Excluida,,,,,Operational,Original
bufr4/0/33/086/2,33086,Recuperación de la calidad del nivel del pixel,2,Degradada,,,,,Operational,Original
bufr4/0/33/086/3,33086,Recuperación de la calidad del nivel del pixel,3,Alta calidad,,,,,Operational,Original
bufr4/0/33/086/4-6,33086,Recuperación de la calidad del nivel del pixel,4-6,Reservadas,,,,,Operational,Original
bufr4/0/33/086/7,33086,Recuperación de la calidad del nivel del pixel,7,Valor faltante,,,,,Operational,Original
bufr4/0/33/087/0,33087,Alcance del satélite en la anomalía del Atlántico sur (basado en datos climatológicos),0,Inferior o igual a 10%,,,,,Operational,Original
bufr4/0/33/087/1,33087,Alcance del satélite en la anomalía del Atlántico sur (basado en datos climatológicos),1,Superior a 10% pero inferior o igual a 20%,,,,,Operational,Original
bufr4/0/33/087/2,33087,Alcance del satélite en la anomalía del Atlántico sur (basado en datos climatológicos),2,Superior a 20% pero inferior o igual a 30%,,,,,Operational,Original
bufr4/0/33/087/3,33087,Alcance del satélite en la anomalía del Atlántico sur (basado en datos climatológicos),3,Superior a 30% pero inferior o igual a 40%,,,,,Operational,Original
bufr4/0/33/087/4,33087,Alcance del satélite en la anomalía del Atlántico sur (basado en datos climatológicos),4,Superior a 40% pero inferior o igual a 50%,,,,,Operational,Original
bufr4/0/33/087/5,33087,Alcance del satélite en la anomalía del Atlántico sur (basado en datos climatológicos),5,Superior a 50% pero inferior o igual a 60%,,,,,Operational,Original
bufr4/0/33/087/6,33087,Alcance del satélite en la anomalía del Atlántico sur (basado en datos climatológicos),6,Superior a 60% pero inferior o igual a 70%,,,,,Operational,Original
bufr4/0/33/087/7,33087,Alcance del satélite en la anomalía del Atlántico sur (basado en datos climatológicos),7,Superior a 70% pero inferior o igual a 80%,,,,,Operational,Original
bufr4/0/33/087/8,33087,Alcance del satélite en la anomalía del Atlántico sur (basado en datos climatológicos),8,Superior a 80%,,,,,Operational,Original
bufr4/0/33/087/9-14,33087,Alcance del satélite en la anomalía del Atlántico sur (basado en datos climatológicos),9-14,Reservadas,,,,,Operational,Original
bufr4/0/33/087/15,33087,Alcance del satélite en la anomalía del Atlántico sur (basado en datos climatológicos),15,Valor faltante,,,,,Operational,Original
bufr4/0/33/088/1-5,33088,Banderines de calidad de la columna total de ozono,1-5,Reservados,,,,,Operational,Original
bufr4/0/33/088/6,33088,Banderines de calidad de la columna total de ozono,6,Reflectividad de la superficie fuera del intervalo,,,,,Operational,Original
bufr4/0/33/088/7,33088,Banderines de calidad de la columna total de ozono,7,Umbral residual excedido,,,,,Operational,Original
bufr4/0/33/088/8,33088,Banderines de calidad de la columna total de ozono,8,Límite del índice de aerosoles excedido,,,,,Operational,Original
bufr4/0/33/088/9,33088,Banderines de calidad de la columna total de ozono,9,"Eclipse solar presente (toda o una parte del IFOV se ve afectado por un eclipse solar, la sombra de la Tierra o la penumbra)",,,,,Operational,Original
bufr4/0/33/088/10,33088,Banderines de calidad de la columna total de ozono,10,Destello solar presente en el IFOV,,,,,Operational,Original
bufr4/0/33/088/11,33088,Banderines de calidad de la columna total de ozono,11,Superficie de nieve o de hielo en el IFOV,,,,,Operational,Original
bufr4/0/33/088/12,33088,Banderines de calidad de la columna total de ozono,12,Ángulo cenital del sol en condición excluida (noche) (ángulo cenital del sol ≥ 88 grados),,,,,Operational,Original
bufr4/0/33/088/13,33088,Banderines de calidad de la columna total de ozono,13,Ángulo cenital del sol en condición degradada (80 grados ≤ ángulo cenital del sol < 88 grados),,,,,Operational,Original
bufr4/0/33/088/14,33088,Banderines de calidad de la columna total de ozono,14,Índice SO2 > 6 DU (condición degradada),,,,,Operational,Original
bufr4/0/33/088/15,33088,Banderines de calidad de la columna total de ozono,15,Los residuos no son coherentes (indica si los residuos de las 22 longitudes de onda son coherentes),,,,,Operational,Original
bufr4/0/33/088/16,33088,Banderines de calidad de la columna total de ozono,16,La selección del triplete 03 no es coherente en el triplete de ozono recuperado (coherencia),,,,,Operational,Original
bufr4/0/33/088/17,33088,Banderines de calidad de la columna total de ozono,17,La calidad de los datos entrantes no es buena,,,,,Operational,Original
bufr4/0/33/088/All-18,33088,Banderines de calidad de la columna total de ozono,Todo 18,Valor faltante,,,,,Operational,Original
bufr4/0/33/092/1,33092,Banderín de calidad oceánica de banda específica,1,Altímetro en funcionamiento,,,,,Operational,Original
bufr4/0/33/092/2,33092,Banderín de calidad oceánica de banda específica,2,Radiómetro de microondas en funcionamiento,,,,,Operational,Original
bufr4/0/33/092/3-8,33092,Banderín de calidad oceánica de banda específica,3-8,Reservadas,,,,,Operational,Original
bufr4/0/33/092/All-9,33092,Banderín de calidad oceánica de banda específica,Todos los 9,Valor faltante,,,,,Operational,Original
bufr4/0/33/093/1,33093,Banderines de calidad ampliados para datos del GNSS terrestres,1,La calidad del retraso del trayecto se considera insuficiente,,,,,Operational,Original
bufr4/0/33/093/2,33093,Banderines de calidad ampliados para datos del GNSS terrestres,2,Se usan satélites GALILEO,,,,,Operational,Original
bufr4/0/33/093/3,33093,Banderines de calidad ampliados para datos del GNSS terrestres,3,Se usan satélites GLONASS,,,,,Operational,Original
bufr4/0/33/093/4,33093,Banderines de calidad ampliados para datos del GNSS terrestres,4,Se usan satélites GPS,,,,,Operational,Original
bufr4/0/33/093/5,33093,Banderines de calidad ampliados para datos del GNSS terrestres,5,Se usan satélites BeiDou,,,,,Operational,Original
bufr4/0/33/093/6-8,33093,Banderines de calidad ampliados para datos del GNSS terrestres,6-8,Reservados para nuevo GNSS,,,,,Operational,Original
bufr4/0/33/093/9,33093,Banderines de calidad ampliados para datos del GNSS terrestres,9,Se aplican datos meteorológicos,,,,,Operational,Original
bufr4/0/33/093/10,33093,Banderines de calidad ampliados para datos del GNSS terrestres,10,Se aplica corrección por carga de presión atmosférica,,,,,Operational,Original
bufr4/0/33/093/11,33093,Banderines de calidad ampliados para datos del GNSS terrestres,11,Se aplica efecto oceánico indirecto,,,,,Operational,Original
bufr4/0/33/093/12,33093,Banderines de calidad ampliados para datos del GNSS terrestres,12,Se aplican correcciones ionosféricas de segundo orden,,,,,Operational,Original
bufr4/0/33/093/13,33093,Banderines de calidad ampliados para datos del GNSS terrestres,13,Se aplican correcciones ionosféricas de tercer orden,,,,,Operational,Original
bufr4/0/33/093/14,33093,Banderines de calidad ampliados para datos del GNSS terrestres,14,Solución PPP,,,,,Operational,Original
bufr4/0/33/093/15,33093,Banderines de calidad ampliados para datos del GNSS terrestres,15,Gradientes aplicados a retraso de trayecto,,,,,Operational,Original
bufr4/0/33/093/16,33093,Banderines de calidad ampliados para datos del GNSS terrestres,16,Correcciones multitrayecto aplicadas a retraso de trayecto,,,,,Operational,Original
bufr4/0/33/093/17,33093,Banderines de calidad ampliados para datos del GNSS terrestres,17,Residuos aplicados a retraso de trayecto,,,,,Operational,Original
bufr4/0/33/093/18,33093,Banderines de calidad ampliados para datos del GNSS terrestres,18,Proceso de datos de calidad sobre clima,,,,,Operational,Original
bufr4/0/33/093/19,33093,Banderines de calidad ampliados para datos del GNSS terrestres,19,Reproceso,,,,,Operational,Original
bufr4/0/33/093/20,33093,Banderines de calidad ampliados para datos del GNSS terrestres,20,Postproceso,,,,,Operational,Original
bufr4/0/33/093/21,33093,Banderines de calidad ampliados para datos del GNSS terrestres,21,Proceso de datos en tiempo casi real,,,,,Operational,Original
bufr4/0/33/093/22,33093,Banderines de calidad ampliados para datos del GNSS terrestres,22,Proceso de datos en tiempo real,,,,,Operational,Original
bufr4/0/33/093/23-30,33093,Banderines de calidad ampliados para datos del GNSS terrestres,23-30,Reservado,,,,,Operational,Original
bufr4/0/33/093/All-31,33093,Banderines de calidad ampliados para datos del GNSS terrestres,Los 31,Valor faltante,,,,,Operational,Original
