Id,Category,CategoryOfSequences_es,FXY1,Title_es,SubTitle_es,FXY2,ElementName_es,ElementDescription_es,Note_es,noteIDs,Status,translated_by
bufr4/3/40/001/1/001007,40,Secuencias adicionales de los informes satelitales,340001,,,001007,,,,,Operational,Original
bufr4/3/40/001/2/001031,40,Secuencias adicionales de los informes satelitales,340001,,,001031,,,,,Operational,Original
bufr4/3/40/001/3/002019,40,Secuencias adicionales de los informes satelitales,340001,,,002019,,,,,Operational,Original
bufr4/3/40/001/4/002020,40,Secuencias adicionales de los informes satelitales,340001,,,002020,,,,,Operational,Original
bufr4/3/40/001/5/004001,40,Secuencias adicionales de los informes satelitales,340001,,,004001,,,,,Operational,Original
bufr4/3/40/001/6/004002,40,Secuencias adicionales de los informes satelitales,340001,,,004002,,,,,Operational,Original
bufr4/3/40/001/7/004003,40,Secuencias adicionales de los informes satelitales,340001,,,004003,,,,,Operational,Original
bufr4/3/40/001/8/004004,40,Secuencias adicionales de los informes satelitales,340001,,,004004,,,,,Operational,Original
bufr4/3/40/001/9/004005,40,Secuencias adicionales de los informes satelitales,340001,,,004005,,,,,Operational,Original
bufr4/3/40/001/10/202131,40,Secuencias adicionales de los informes satelitales,340001,,,202131,Añadir 3 a la escala,,,,Operational,Original
bufr4/3/40/001/11/201138,40,Secuencias adicionales de los informes satelitales,340001,,,201138,Añadir 10 a la anchura,,,,Operational,Original
bufr4/3/40/001/12/004006,40,Secuencias adicionales de los informes satelitales,340001,,,004006,,,,,Operational,Original
bufr4/3/40/001/13/201000,40,Secuencias adicionales de los informes satelitales,340001,,,201000,Anular,,,,Operational,Original
bufr4/3/40/001/14/202000,40,Secuencias adicionales de los informes satelitales,340001,,,202000,Anular,,,,Operational,Original
bufr4/3/40/001/15/005001,40,Secuencias adicionales de los informes satelitales,340001,,,005001,,,,,Operational,Original
bufr4/3/40/001/16/006001,40,Secuencias adicionales de los informes satelitales,340001,,,006001,,,,,Operational,Original
bufr4/3/40/001/17/007024,40,Secuencias adicionales de los informes satelitales,340001,,,007024,,,,,Operational,Original
bufr4/3/40/001/18/005021,40,Secuencias adicionales de los informes satelitales,340001,,,005021,,,,,Operational,Original
bufr4/3/40/001/19/007025,40,Secuencias adicionales de los informes satelitales,340001,,,007025,,,,,Operational,Original
bufr4/3/40/001/20/005022,40,Secuencias adicionales de los informes satelitales,340001,,,005022,,,,,Operational,Original
bufr4/3/40/001/21/005043,40,Secuencias adicionales de los informes satelitales,340001,,,005043,,,,,Operational,Original
bufr4/3/40/001/22/005040,40,Secuencias adicionales de los informes satelitales,340001,,,005040,,,,,Operational,Original
bufr4/3/40/001/23/201133,40,Secuencias adicionales de los informes satelitales,340001,,,201133,Añadir 5 a la anchura,,,,Operational,Original
bufr4/3/40/001/24/005041,40,Secuencias adicionales de los informes satelitales,340001,,,005041,,,,,Operational,Original
bufr4/3/40/001/13/201000,40,Secuencias adicionales de los informes satelitales,340001,,,201000,Anular,,,,Operational,Original
bufr4/3/40/001/25/201132,40,Secuencias adicionales de los informes satelitales,340001,,,201132,Añadir 4 a la anchura,,,,Operational,Original
bufr4/3/40/001/26/025070,40,Secuencias adicionales de los informes satelitales,340001,,,025070,,,,,Operational,Original
bufr4/3/40/001/13/201000,40,Secuencias adicionales de los informes satelitales,340001,,,201000,Anular,,,,Operational,Original
bufr4/3/40/001/27/202126,40,Secuencias adicionales de los informes satelitales,340001,,,202126,Sustraer 2 a la escala,,,,Operational,Original
bufr4/3/40/001/28/007001,40,Secuencias adicionales de los informes satelitales,340001,,,007001,,,,,Operational,Original
bufr4/3/40/001/14/202000,40,Secuencias adicionales de los informes satelitales,340001,,,202000,Anular,,,,Operational,Original
bufr4/3/40/001/29/033060,40,Secuencias adicionales de los informes satelitales,340001,,,033060,,,,,Operational,Original
bufr4/3/40/001/30/033061,40,Secuencias adicionales de los informes satelitales,340001,,,033061,,,,,Operational,Original
bufr4/3/40/001/31/033062,40,Secuencias adicionales de los informes satelitales,340001,,,033062,,,,,Operational,Original
bufr4/3/40/001/32/033063,40,Secuencias adicionales de los informes satelitales,340001,,,033063,,,,,Operational,Original
bufr4/3/40/001/33/033064,40,Secuencias adicionales de los informes satelitales,340001,,,033064,,,,,Operational,Original
bufr4/3/40/001/34/033065,40,Secuencias adicionales de los informes satelitales,340001,,,033065,,,,,Operational,Original
bufr4/3/40/001/35/101010,40,Secuencias adicionales de los informes satelitales,340001,,,101010,,,,,Operational,Original
bufr4/3/40/001/36/340002,40,Secuencias adicionales de los informes satelitales,340001,,,340002,,,,,Operational,Original
bufr4/3/40/001/37/101087,40,Secuencias adicionales de los informes satelitales,340001,,,101087,I.2 – BUFR Tabla D/40 — 1,(continúa),,,Operational,Original
bufr4/3/40/001/38/340003,40,Secuencias adicionales de los informes satelitales,340001,,,340003,,,,,Operational,Original
bufr4/3/40/001/3/002019,40,Secuencias adicionales de los informes satelitales,340001,,,002019,,,,,Operational,Original
bufr4/3/40/001/39/025051,40,Secuencias adicionales de los informes satelitales,340001,,,025051,,,,,Operational,Original
bufr4/3/40/001/40/101007,40,Secuencias adicionales de los informes satelitales,340001,,,101007,,,,,Operational,Original
bufr4/3/40/001/41/340004,40,Secuencias adicionales de los informes satelitales,340001,,,340004,,,,,Operational,Original
bufr4/3/40/002/1/025140,40,Secuencias adicionales de los informes satelitales,340002,,,025140,,,,,Operational,Original
bufr4/3/40/002/2/025141,40,Secuencias adicionales de los informes satelitales,340002,,,025141,,,,,Operational,Original
bufr4/3/40/002/3/025142,40,Secuencias adicionales de los informes satelitales,340002,,,025142,,,,,Operational,Original
bufr4/3/40/003/1/104100,40,Secuencias adicionales de los informes satelitales,340003,,,104100,,,,,Operational,Original
bufr4/3/40/003/2/201136,40,Secuencias adicionales de los informes satelitales,340003,,,201136,Añadir 8 a la anchura,,,,Operational,Original
bufr4/3/40/003/3/005042,40,Secuencias adicionales de los informes satelitales,340003,,,005042,,,,,Operational,Original
bufr4/3/40/003/4/201000,40,Secuencias adicionales de los informes satelitales,340003,,,201000,Anular,,,,Operational,Original
bufr4/3/40/003/5/014046,40,Secuencias adicionales de los informes satelitales,340003,,,014046,,,,,Operational,Original
bufr4/3/40/004/1/005060,40,Secuencias adicionales de los informes satelitales,340004,,,005060,,,,,Operational,Original
bufr4/3/40/004/2/005061,40,Secuencias adicionales de los informes satelitales,340004,,,005061,,,,,Operational,Original
bufr4/3/40/004/3/025085,40,Secuencias adicionales de los informes satelitales,340004,,,025085,,,,,Operational,Original
bufr4/3/40/004/4/105006,40,Secuencias adicionales de los informes satelitales,340004,,,105006,,,,,Operational,Original
bufr4/3/40/004/5/005042,40,Secuencias adicionales de los informes satelitales,340004,,,005042,,,,,Operational,Original
bufr4/3/40/004/6/025142,40,Secuencias adicionales de los informes satelitales,340004,,,025142,,,,,Operational,Original
bufr4/3/40/004/7/014047,40,Secuencias adicionales de los informes satelitales,340004,,,014047,,,,,Operational,Original
bufr4/3/40/004/6/025142,40,Secuencias adicionales de los informes satelitales,340004,,,025142,,,,,Operational,Original
bufr4/3/40/004/8/014048,40,Secuencias adicionales de los informes satelitales,340004,,,014048,,,,,Operational,Original
bufr4/3/40/005/1/001007,40,Secuencias adicionales de los informes satelitales,340005,,,001007,,,,,Operational,Original
bufr4/3/40/005/2/002019,40,Secuencias adicionales de los informes satelitales,340005,,,002019,,,,,Operational,Original
bufr4/3/40/005/3/001096,40,Secuencias adicionales de los informes satelitales,340005,,,001096,,,,,Operational,Original
bufr4/3/40/005/4/025061,40,Secuencias adicionales de los informes satelitales,340005,,,025061,,,,,Operational,Original
bufr4/3/40/005/5/005044,40,Secuencias adicionales de los informes satelitales,340005,,,005044,,,,,Operational,Original
bufr4/3/40/005/6/005040,40,Secuencias adicionales de los informes satelitales,340005,,,005040,,,,,Operational,Original
bufr4/3/40/005/7/001030,40,Secuencias adicionales de los informes satelitales,340005,,,001030,,,,,Operational,Original
bufr4/3/40/005/8/004001,40,Secuencias adicionales de los informes satelitales,340005,,,004001,,,,,Operational,Original
bufr4/3/40/005/9/004002,40,Secuencias adicionales de los informes satelitales,340005,,,004002,,,,,Operational,Original
bufr4/3/40/005/10/004003,40,Secuencias adicionales de los informes satelitales,340005,,,004003,,,,,Operational,Original
bufr4/3/40/005/11/004004,40,Secuencias adicionales de los informes satelitales,340005,,,004004,,,,,Operational,Original
bufr4/3/40/005/12/004005,40,Secuencias adicionales de los informes satelitales,340005,,,004005,,,,,Operational,Original
bufr4/3/40/005/13/004007,40,Secuencias adicionales de los informes satelitales,340005,,,004007,,,,,Operational,Original
bufr4/3/40/005/14/005001,40,Secuencias adicionales de los informes satelitales,340005,,,005001,,,,,Operational,Original
bufr4/3/40/005/15/006001,40,Secuencias adicionales de los informes satelitales,340005,,,006001,,,,,Operational,Original
bufr4/3/40/005/16/008029,40,Secuencias adicionales de los informes satelitales,340005,,,008029,,,,,Operational,Original
bufr4/3/40/005/17/008074,40,Secuencias adicionales de los informes satelitales,340005,,,008074,,(continúa),,,Operational,Original
bufr4/3/40/005/18/008077,40,Secuencias adicionales de los informes satelitales,340005,,,008077,,,,,Operational,Original
bufr4/3/40/005/19/040011,40,Secuencias adicionales de los informes satelitales,340005,,,040011,,,,,Operational,Original
bufr4/3/40/005/20/025097,40,Secuencias adicionales de los informes satelitales,340005,,,025097,,,,,Operational,Original
bufr4/3/40/005/21/025095,40,Secuencias adicionales de los informes satelitales,340005,,,025095,,,,,Operational,Original
bufr4/3/40/005/22/025098,40,Secuencias adicionales de los informes satelitales,340005,,,025098,,,,,Operational,Original
bufr4/3/40/005/23/025099,40,Secuencias adicionales de los informes satelitales,340005,,,025099,,,,,Operational,Original
bufr4/3/40/005/24/021144,40,Secuencias adicionales de los informes satelitales,340005,,,021144,,,,,Operational,Original
bufr4/3/40/005/25/025096,40,Secuencias adicionales de los informes satelitales,340005,,,025096,,,,,Operational,Original
bufr4/3/40/005/26/040012,40,Secuencias adicionales de los informes satelitales,340005,,,040012,,,,,Operational,Original
bufr4/3/40/005/27/040013,40,Secuencias adicionales de los informes satelitales,340005,,,040013,,,,,Operational,Original
bufr4/3/40/005/28/021169,40,Secuencias adicionales de los informes satelitales,340005,,,021169,,,,,Operational,Original
bufr4/3/40/005/29/022151,40,Secuencias adicionales de los informes satelitales,340005,,,022151,,,,,Operational,Original
bufr4/3/40/005/30/022162,40,Secuencias adicionales de los informes satelitales,340005,,,022162,,,,,Operational,Original
bufr4/3/40/005/31/022163,40,Secuencias adicionales de los informes satelitales,340005,,,022163,,,,,Operational,Original
bufr4/3/40/005/32/025160,40,Secuencias adicionales de los informes satelitales,340005,,,025160,,,,,Operational,Original
bufr4/3/40/005/33/025133,40,Secuencias adicionales de los informes satelitales,340005,,,025133,,,,,Operational,Original
bufr4/3/40/005/34/022156,40,Secuencias adicionales de los informes satelitales,340005,,,022156,,,,,Operational,Original
bufr4/3/40/005/35/022164,40,Secuencias adicionales de los informes satelitales,340005,,,022164,,,,,Operational,Original
bufr4/3/40/005/36/022165,40,Secuencias adicionales de los informes satelitales,340005,,,022165,,,,,Operational,Original
bufr4/3/40/005/37/022166,40,Secuencias adicionales de los informes satelitales,340005,,,022166,,,,,Operational,Original
bufr4/3/40/005/38/021137,40,Secuencias adicionales de los informes satelitales,340005,,,021137,,,,,Operational,Original
bufr4/3/40/005/39/021138,40,Secuencias adicionales de los informes satelitales,340005,,,021138,,,,,Operational,Original
bufr4/3/40/005/40/022167,40,Secuencias adicionales de los informes satelitales,340005,,,022167,,,,,Operational,Original
bufr4/3/40/005/41/021139,40,Secuencias adicionales de los informes satelitales,340005,,,021139,,,,,Operational,Original
bufr4/3/40/005/42/021118,40,Secuencias adicionales de los informes satelitales,340005,,,021118,,,,,Operational,Original
bufr4/3/40/005/43/021145,40,Secuencias adicionales de los informes satelitales,340005,,,021145,,,,,Operational,Original
bufr4/3/40/005/44/021146,40,Secuencias adicionales de los informes satelitales,340005,,,021146,,,,,Operational,Original
bufr4/3/40/005/45/021147,40,Secuencias adicionales de los informes satelitales,340005,,,021147,,,,,Operational,Original
bufr4/3/40/005/46/022168,40,Secuencias adicionales de los informes satelitales,340005,,,022168,,,,,Operational,Original
bufr4/3/40/005/47/022169,40,Secuencias adicionales de los informes satelitales,340005,,,022169,,,,,Operational,Original
bufr4/3/40/005/48/022170,40,Secuencias adicionales de los informes satelitales,340005,,,022170,,,,,Operational,Original
bufr4/3/40/005/49/025161,40,Secuencias adicionales de los informes satelitales,340005,,,025161,,,,,Operational,Original
bufr4/3/40/005/50/025162,40,Secuencias adicionales de los informes satelitales,340005,,,025162,,,,,Operational,Original
bufr4/3/40/005/51/022171,40,Secuencias adicionales de los informes satelitales,340005,,,022171,,,,,Operational,Original
bufr4/3/40/005/52/022172,40,Secuencias adicionales de los informes satelitales,340005,,,022172,I.2 – BUFR Tabla D/40 — 3,(continúa),,,Operational,Original
bufr4/3/40/005/53/022173,40,Secuencias adicionales de los informes satelitales,340005,,,022173,,,,,Operational,Original
bufr4/3/40/005/54/022174,40,Secuencias adicionales de los informes satelitales,340005,,,022174,,,,,Operational,Original
bufr4/3/40/005/55/021170,40,Secuencias adicionales de los informes satelitales,340005,,,021170,,,,,Operational,Original
bufr4/3/40/005/56/021171,40,Secuencias adicionales de los informes satelitales,340005,,,021171,,,,,Operational,Original
bufr4/3/40/005/57/022175,40,Secuencias adicionales de los informes satelitales,340005,,,022175,,,,,Operational,Original
bufr4/3/40/005/58/021172,40,Secuencias adicionales de los informes satelitales,340005,,,021172,,,,,Operational,Original
bufr4/3/40/005/42/021118,40,Secuencias adicionales de los informes satelitales,340005,,,021118,,,,,Operational,Original
bufr4/3/40/005/59/021173,40,Secuencias adicionales de los informes satelitales,340005,,,021173,,,,,Operational,Original
bufr4/3/40/005/60/021174,40,Secuencias adicionales de los informes satelitales,340005,,,021174,,,,,Operational,Original
bufr4/3/40/005/61/021175,40,Secuencias adicionales de los informes satelitales,340005,,,021175,,,,,Operational,Original
bufr4/3/40/005/62/002153,40,Secuencias adicionales de los informes satelitales,340005,,,002153,,,,,Operational,Original
bufr4/3/40/005/63/012063,40,Secuencias adicionales de los informes satelitales,340005,,,012063,,,,,Operational,Original
bufr4/3/40/005/62/002153,40,Secuencias adicionales de los informes satelitales,340005,,,002153,,,,,Operational,Original
bufr4/3/40/005/63/012063,40,Secuencias adicionales de los informes satelitales,340005,,,012063,,,,,Operational,Original
bufr4/3/40/005/62/002153,40,Secuencias adicionales de los informes satelitales,340005,,,002153,,,,,Operational,Original
bufr4/3/40/005/63/012063,40,Secuencias adicionales de los informes satelitales,340005,,,012063,,,,,Operational,Original
bufr4/3/40/005/64/013090,40,Secuencias adicionales de los informes satelitales,340005,,,013090,,,,,Operational,Original
bufr4/3/40/005/65/013091,40,Secuencias adicionales de los informes satelitales,340005,,,013091,,,,,Operational,Original
bufr4/3/40/005/66/007002,40,Secuencias adicionales de los informes satelitales,340005,,,007002,,,,,Operational,Original
bufr4/3/40/005/67/011097,40,Secuencias adicionales de los informes satelitales,340005,,,011097,,,,,Operational,Original
bufr4/3/40/005/68/011098,40,Secuencias adicionales de los informes satelitales,340005,,,011098,,,,,Operational,Original
bufr4/3/40/005/66/007002,40,Secuencias adicionales de los informes satelitales,340005,,,007002,,,,,Operational,Original
bufr4/3/40/005/69/011095,40,Secuencias adicionales de los informes satelitales,340005,,,011095,,,,,Operational,Original
bufr4/3/40/005/70/011096,40,Secuencias adicionales de los informes satelitales,340005,,,011096,,,,,Operational,Original
bufr4/3/40/005/71/010096,40,Secuencias adicionales de los informes satelitales,340005,,,010096,,,,,Operational,Original
bufr4/3/40/005/72/010081,40,Secuencias adicionales de los informes satelitales,340005,,,010081,,,,,Operational,Original
bufr4/3/40/005/73/010082,40,Secuencias adicionales de los informes satelitales,340005,,,010082,,,,,Operational,Original
bufr4/3/40/005/74/010083,40,Secuencias adicionales de los informes satelitales,340005,,,010083,,,,,Operational,Original
bufr4/3/40/005/75/010101,40,Secuencias adicionales de los informes satelitales,340005,,,010101,,,,,Operational,Original
bufr4/3/40/005/76/025132,40,Secuencias adicionales de los informes satelitales,340005,,,025132,,,,,Operational,Original
bufr4/3/40/005/77/025163,40,Secuencias adicionales de los informes satelitales,340005,,,025163,,,,,Operational,Original
bufr4/3/40/005/78/025126,40,Secuencias adicionales de los informes satelitales,340005,,,025126,,,,,Operational,Original
bufr4/3/40/005/79/025128,40,Secuencias adicionales de los informes satelitales,340005,,,025128,,,,,Operational,Original
bufr4/3/40/005/80/025164,40,Secuencias adicionales de los informes satelitales,340005,,,025164,,,,,Operational,Original
bufr4/3/40/005/81/010085,40,Secuencias adicionales de los informes satelitales,340005,,,010085,,,,,Operational,Original
bufr4/3/40/005/82/010097,40,Secuencias adicionales de los informes satelitales,340005,,,010097,,,,,Operational,Original
bufr4/3/40/005/83/010086,40,Secuencias adicionales de los informes satelitales,340005,,,010086,,,,,Operational,Original
bufr4/3/40/005/84/010087,40,Secuencias adicionales de los informes satelitales,340005,,,010087,,(continúa),,,Operational,Original
bufr4/3/40/005/85/010092,40,Secuencias adicionales de los informes satelitales,340005,,,010092,,,,,Operational,Original
bufr4/3/40/005/86/010088,40,Secuencias adicionales de los informes satelitales,340005,,,010088,,,,,Operational,Original
bufr4/3/40/005/87/010089,40,Secuencias adicionales de los informes satelitales,340005,,,010089,,,,,Operational,Original
bufr4/3/40/005/88/010098,40,Secuencias adicionales de los informes satelitales,340005,,,010098,,,,,Operational,Original
bufr4/3/40/005/89/010099,40,Secuencias adicionales de los informes satelitales,340005,,,010099,,,,,Operational,Original
bufr4/3/40/005/90/010090,40,Secuencias adicionales de los informes satelitales,340005,,,010090,,,,,Operational,Original
bufr4/3/40/005/91/010100,40,Secuencias adicionales de los informes satelitales,340005,,,010100,,,,,Operational,Original
bufr4/3/40/005/92/010093,40,Secuencias adicionales de los informes satelitales,340005,,,010093,,,,,Operational,Original
bufr4/3/40/005/93/025127,40,Secuencias adicionales de los informes satelitales,340005,,,025127,Corrección de la altura de la superficie del mar por carga de presión,,,,Operational,Original
bufr4/3/40/005/94/040014,40,Secuencias adicionales de los informes satelitales,340005,,,040014,,,,,Operational,Original
bufr4/3/40/007/1/001007,40,Secuencias adicionales de los informes satelitales,340007,,,001007,,,,,Operational,Original
bufr4/3/40/007/2/001031,40,Secuencias adicionales de los informes satelitales,340007,,,001031,,,,,Operational,Original
bufr4/3/40/007/3/002019,40,Secuencias adicionales de los informes satelitales,340007,,,002019,,,,,Operational,Original
bufr4/3/40/007/4/002020,40,Secuencias adicionales de los informes satelitales,340007,,,002020,,,,,Operational,Original
bufr4/3/40/007/5/004001,40,Secuencias adicionales de los informes satelitales,340007,,,004001,,,,,Operational,Original
bufr4/3/40/007/6/004002,40,Secuencias adicionales de los informes satelitales,340007,,,004002,,,,,Operational,Original
bufr4/3/40/007/7/004003,40,Secuencias adicionales de los informes satelitales,340007,,,004003,,,,,Operational,Original
bufr4/3/40/007/8/004004,40,Secuencias adicionales de los informes satelitales,340007,,,004004,,,,,Operational,Original
bufr4/3/40/007/9/004005,40,Secuencias adicionales de los informes satelitales,340007,,,004005,,,,,Operational,Original
bufr4/3/40/007/10/202131,40,Secuencias adicionales de los informes satelitales,340007,,,202131,Añadir 3 a la escala,,,,Operational,Original
bufr4/3/40/007/11/201138,40,Secuencias adicionales de los informes satelitales,340007,,,201138,Añadir 10 a la anchura,,,,Operational,Original
bufr4/3/40/007/12/004006,40,Secuencias adicionales de los informes satelitales,340007,,,004006,,,,,Operational,Original
bufr4/3/40/007/13/201000,40,Secuencias adicionales de los informes satelitales,340007,,,201000,Anular,,,,Operational,Original
bufr4/3/40/007/14/202000,40,Secuencias adicionales de los informes satelitales,340007,,,202000,Anular,,,,Operational,Original
bufr4/3/40/007/15/005001,40,Secuencias adicionales de los informes satelitales,340007,,,005001,,,,,Operational,Original
bufr4/3/40/007/16/006001,40,Secuencias adicionales de los informes satelitales,340007,,,006001,,,,,Operational,Original
bufr4/3/40/007/17/007024,40,Secuencias adicionales de los informes satelitales,340007,,,007024,,,,,Operational,Original
bufr4/3/40/007/18/005021,40,Secuencias adicionales de los informes satelitales,340007,,,005021,,,,,Operational,Original
bufr4/3/40/007/19/007025,40,Secuencias adicionales de los informes satelitales,340007,,,007025,,,,,Operational,Original
bufr4/3/40/007/20/005022,40,Secuencias adicionales de los informes satelitales,340007,,,005022,,,,,Operational,Original
bufr4/3/40/007/21/005043,40,Secuencias adicionales de los informes satelitales,340007,,,005043,,,,,Operational,Original
bufr4/3/40/007/22/005040,40,Secuencias adicionales de los informes satelitales,340007,,,005040,,,,,Operational,Original
bufr4/3/40/007/23/201133,40,Secuencias adicionales de los informes satelitales,340007,,,201133,Añadir 5 a la anchura,,,,Operational,Original
bufr4/3/40/007/24/005041,40,Secuencias adicionales de los informes satelitales,340007,,,005041,,,,,Operational,Original
bufr4/3/40/007/13/201000,40,Secuencias adicionales de los informes satelitales,340007,,,201000,Anular,,,,Operational,Original
bufr4/3/40/007/25/201132,40,Secuencias adicionales de los informes satelitales,340007,,,201132,Añadir 4 a la anchura,,,,Operational,Original
bufr4/3/40/007/26/025070,40,Secuencias adicionales de los informes satelitales,340007,,,025070,,,,,Operational,Original
bufr4/3/40/007/13/201000,40,Secuencias adicionales de los informes satelitales,340007,,,201000,Anular,,,,Operational,Original
bufr4/3/40/007/27/202126,40,Secuencias adicionales de los informes satelitales,340007,,,202126,Sustraer 2 a la escala,,,,Operational,Original
bufr4/3/40/007/28/007001,40,Secuencias adicionales de los informes satelitales,340007,,,007001,,,,,Operational,Original
bufr4/3/40/007/14/202000,40,Secuencias adicionales de los informes satelitales,340007,,,202000,Anular I.2 – BUFR Tabla D/40 — 5,(continúa),,,Operational,Original
bufr4/3/40/007/29/103003,40,Secuencias adicionales de los informes satelitales,340007,,,103003,,,,,Operational,Original
bufr4/3/40/007/30/025140,40,Secuencias adicionales de los informes satelitales,340007,,,025140,,,,,Operational,Original
bufr4/3/40/007/31/025141,40,Secuencias adicionales de los informes satelitales,340007,,,025141,,,,,Operational,Original
bufr4/3/40/007/32/033060,40,Secuencias adicionales de los informes satelitales,340007,,,033060,,,,,Operational,Original
bufr4/3/40/007/33/033061,40,Secuencias adicionales de los informes satelitales,340007,,,033061,,,,,Operational,Original
bufr4/3/40/007/34/033062,40,Secuencias adicionales de los informes satelitales,340007,,,033062,,,,,Operational,Original
bufr4/3/40/007/35/033063,40,Secuencias adicionales de los informes satelitales,340007,,,033063,,,,,Operational,Original
bufr4/3/40/007/36/033064,40,Secuencias adicionales de los informes satelitales,340007,,,033064,,,,,Operational,Original
bufr4/3/40/007/37/033065,40,Secuencias adicionales de los informes satelitales,340007,,,033065,,,,,Operational,Original
bufr4/3/40/007/38/040020,40,Secuencias adicionales de los informes satelitales,340007,,,040020,,,,,Operational,Original
bufr4/3/40/007/39/101010,40,Secuencias adicionales de los informes satelitales,340007,,,101010,,,,,Operational,Original
bufr4/3/40/007/40/340002,40,Secuencias adicionales de los informes satelitales,340007,,,340002,,,,,Operational,Original
bufr4/3/40/007/41/101087,40,Secuencias adicionales de los informes satelitales,340007,,,101087,,,,,Operational,Original
bufr4/3/40/007/42/340003,40,Secuencias adicionales de los informes satelitales,340007,,,340003,,,,,Operational,Original
bufr4/3/40/007/3/002019,40,Secuencias adicionales de los informes satelitales,340007,,,002019,,,,,Operational,Original
bufr4/3/40/007/43/025051,40,Secuencias adicionales de los informes satelitales,340007,,,025051,,,,,Operational,Original
bufr4/3/40/007/44/101007,40,Secuencias adicionales de los informes satelitales,340007,,,101007,,,,,Operational,Original
bufr4/3/40/007/45/340004,40,Secuencias adicionales de los informes satelitales,340007,,,340004,,,,,Operational,Original
bufr4/3/40/007/46/020081,40,Secuencias adicionales de los informes satelitales,340007,,,020081,,,,,Operational,Original
bufr4/3/40/007/47/008029,40,Secuencias adicionales de los informes satelitales,340007,,,008029,,,,,Operational,Original
bufr4/3/40/007/48/020083,40,Secuencias adicionales de los informes satelitales,340007,,,020083,,,,,Operational,Original
bufr4/3/40/007/47/008029,40,Secuencias adicionales de los informes satelitales,340007,,,008029,,,,,Operational,Original
bufr4/3/40/007/49/040018,40,Secuencias adicionales de los informes satelitales,340007,,,040018,,,,,Operational,Original
bufr4/3/40/007/50/040019,40,Secuencias adicionales de los informes satelitales,340007,,,040019,,,,,Operational,Original
bufr4/3/40/007/51/040021,40,Secuencias adicionales de los informes satelitales,340007,,,040021,,,,,Operational,Original
bufr4/3/40/007/52/040022,40,Secuencias adicionales de los informes satelitales,340007,,,040022,,,,,Operational,Original
bufr4/3/40/008/1/001007,40,Secuencias adicionales de los informes satelitales,340008,,,001007,,,,,Operational,Original
bufr4/3/40/008/2/001031,40,Secuencias adicionales de los informes satelitales,340008,,,001031,,,,,Operational,Original
bufr4/3/40/008/3/002019,40,Secuencias adicionales de los informes satelitales,340008,,,002019,,,,,Operational,Original
bufr4/3/40/008/4/002020,40,Secuencias adicionales de los informes satelitales,340008,,,002020,,,,,Operational,Original
bufr4/3/40/008/5/004001,40,Secuencias adicionales de los informes satelitales,340008,,,004001,,,,,Operational,Original
bufr4/3/40/008/6/004002,40,Secuencias adicionales de los informes satelitales,340008,,,004002,,,,,Operational,Original
bufr4/3/40/008/7/004003,40,Secuencias adicionales de los informes satelitales,340008,,,004003,,(continúa),,,Operational,Original
bufr4/3/40/008/8/004004,40,Secuencias adicionales de los informes satelitales,340008,,,004004,,,,,Operational,Original
bufr4/3/40/008/9/004005,40,Secuencias adicionales de los informes satelitales,340008,,,004005,,,,,Operational,Original
bufr4/3/40/008/10/202131,40,Secuencias adicionales de los informes satelitales,340008,,,202131,Añadir 3 a la escala,,,,Operational,Original
bufr4/3/40/008/11/201138,40,Secuencias adicionales de los informes satelitales,340008,,,201138,Añadir 10 a la anchura,,,,Operational,Original
bufr4/3/40/008/12/004006,40,Secuencias adicionales de los informes satelitales,340008,,,004006,,,,,Operational,Original
bufr4/3/40/008/13/201000,40,Secuencias adicionales de los informes satelitales,340008,,,201000,Anular,,,,Operational,Original
bufr4/3/40/008/14/202000,40,Secuencias adicionales de los informes satelitales,340008,,,202000,Anular,,,,Operational,Original
bufr4/3/40/008/15/005001,40,Secuencias adicionales de los informes satelitales,340008,,,005001,,,,,Operational,Original
bufr4/3/40/008/16/006001,40,Secuencias adicionales de los informes satelitales,340008,,,006001,,,,,Operational,Original
bufr4/3/40/008/17/007024,40,Secuencias adicionales de los informes satelitales,340008,,,007024,,,,,Operational,Original
bufr4/3/40/008/18/005021,40,Secuencias adicionales de los informes satelitales,340008,,,005021,,,,,Operational,Original
bufr4/3/40/008/19/007025,40,Secuencias adicionales de los informes satelitales,340008,,,007025,,,,,Operational,Original
bufr4/3/40/008/20/005022,40,Secuencias adicionales de los informes satelitales,340008,,,005022,,,,,Operational,Original
bufr4/3/40/008/21/005043,40,Secuencias adicionales de los informes satelitales,340008,,,005043,,,,,Operational,Original
bufr4/3/40/008/22/005040,40,Secuencias adicionales de los informes satelitales,340008,,,005040,,,,,Operational,Original
bufr4/3/40/008/23/201133,40,Secuencias adicionales de los informes satelitales,340008,,,201133,Añadir 5 a la anchura,,,,Operational,Original
bufr4/3/40/008/24/005041,40,Secuencias adicionales de los informes satelitales,340008,,,005041,,,,,Operational,Original
bufr4/3/40/008/13/201000,40,Secuencias adicionales de los informes satelitales,340008,,,201000,Anular,,,,Operational,Original
bufr4/3/40/008/25/201132,40,Secuencias adicionales de los informes satelitales,340008,,,201132,Añadir 4 a la anchura,,,,Operational,Original
bufr4/3/40/008/26/025070,40,Secuencias adicionales de los informes satelitales,340008,,,025070,,,,,Operational,Original
bufr4/3/40/008/13/201000,40,Secuencias adicionales de los informes satelitales,340008,,,201000,Anular,,,,Operational,Original
bufr4/3/40/008/27/202126,40,Secuencias adicionales de los informes satelitales,340008,,,202126,Sustraer 2 a la escala,,,,Operational,Original
bufr4/3/40/008/28/007001,40,Secuencias adicionales de los informes satelitales,340008,,,007001,,,,,Operational,Original
bufr4/3/40/008/14/202000,40,Secuencias adicionales de los informes satelitales,340008,,,202000,Anular,,,,Operational,Original
bufr4/3/40/008/29/103003,40,Secuencias adicionales de los informes satelitales,340008,,,103003,,,,,Operational,Original
bufr4/3/40/008/30/025140,40,Secuencias adicionales de los informes satelitales,340008,,,025140,,,,,Operational,Original
bufr4/3/40/008/31/025141,40,Secuencias adicionales de los informes satelitales,340008,,,025141,,,,,Operational,Original
bufr4/3/40/008/32/033060,40,Secuencias adicionales de los informes satelitales,340008,,,033060,,,,,Operational,Original
bufr4/3/40/008/33/033061,40,Secuencias adicionales de los informes satelitales,340008,,,033061,,,,,Operational,Original
bufr4/3/40/008/34/033062,40,Secuencias adicionales de los informes satelitales,340008,,,033062,,,,,Operational,Original
bufr4/3/40/008/35/033063,40,Secuencias adicionales de los informes satelitales,340008,,,033063,,,,,Operational,Original
bufr4/3/40/008/36/033064,40,Secuencias adicionales de los informes satelitales,340008,,,033064,,,,,Operational,Original
bufr4/3/40/008/37/033065,40,Secuencias adicionales de los informes satelitales,340008,,,033065,,,,,Operational,Original
bufr4/3/40/008/38/040020,40,Secuencias adicionales de los informes satelitales,340008,,,040020,,,,,Operational,Original
bufr4/3/40/008/39/101010,40,Secuencias adicionales de los informes satelitales,340008,,,101010,,,,,Operational,Original
bufr4/3/40/008/40/340002,40,Secuencias adicionales de los informes satelitales,340008,,,340002,,,,,Operational,Original
bufr4/3/40/008/41/104000,40,Secuencias adicionales de los informes satelitales,340008,,,104000,,,,,Operational,Original
bufr4/3/40/008/42/031002,40,Secuencias adicionales de los informes satelitales,340008,,,031002,I.2 – BUFR Tabla D/40 — 7,(continúa),,,Operational,Original
bufr4/3/40/008/44/005042,40,Secuencias adicionales de los informes satelitales,340008,,,005042,,,,,Operational,Original
bufr4/3/40/008/13/201000,40,Secuencias adicionales de los informes satelitales,340008,,,201000,Anular,,,,Operational,Original
bufr4/3/40/008/45/014046,40,Secuencias adicionales de los informes satelitales,340008,,,014046,,,,,Operational,Original
bufr4/3/40/008/46/108003,40,Secuencias adicionales de los informes satelitales,340008,,,108003,,,,,Operational,Original
bufr4/3/40/008/30/025140,40,Secuencias adicionales de los informes satelitales,340008,,,025140,,,,,Operational,Original
bufr4/3/40/008/31/025141,40,Secuencias adicionales de los informes satelitales,340008,,,025141,,,,,Operational,Original
bufr4/3/40/008/47/040026,40,Secuencias adicionales de los informes satelitales,340008,,,040026,,,,,Operational,Original
bufr4/3/40/008/48/040016,40,Secuencias adicionales de los informes satelitales,340008,,,040016,,,,,Operational,Original
bufr4/3/40/008/49/025062,40,Secuencias adicionales de los informes satelitales,340008,,,025062,,,,,Operational,Original
bufr4/3/40/008/50/101000,40,Secuencias adicionales de los informes satelitales,340008,,,101000,,,,,Operational,Original
bufr4/3/40/008/42/031002,40,Secuencias adicionales de los informes satelitales,340008,,,031002,,,,,Operational,Original
bufr4/3/40/008/51/040017,40,Secuencias adicionales de los informes satelitales,340008,,,040017,,,,,Operational,Original
bufr4/3/40/008/3/002019,40,Secuencias adicionales de los informes satelitales,340008,,,002019,,,,,Operational,Original
bufr4/3/40/008/52/025051,40,Secuencias adicionales de los informes satelitales,340008,,,025051,,,,,Operational,Original
bufr4/3/40/008/53/101007,40,Secuencias adicionales de los informes satelitales,340008,,,101007,,,,,Operational,Original
bufr4/3/40/008/54/340004,40,Secuencias adicionales de los informes satelitales,340008,,,340004,,,,,Operational,Original
bufr4/3/40/008/55/020081,40,Secuencias adicionales de los informes satelitales,340008,,,020081,,,,,Operational,Original
bufr4/3/40/008/56/008029,40,Secuencias adicionales de los informes satelitales,340008,,,008029,,,,,Operational,Original
bufr4/3/40/008/57/020083,40,Secuencias adicionales de los informes satelitales,340008,,,020083,,,,,Operational,Original
bufr4/3/40/008/56/008029,40,Secuencias adicionales de los informes satelitales,340008,,,008029,,,,,Operational,Original
bufr4/3/40/008/58/040018,40,Secuencias adicionales de los informes satelitales,340008,,,040018,,,,,Operational,Original
bufr4/3/40/008/59/040019,40,Secuencias adicionales de los informes satelitales,340008,,,040019,,,,,Operational,Original
bufr4/3/40/008/60/040021,40,Secuencias adicionales de los informes satelitales,340008,,,040021,,,,,Operational,Original
bufr4/3/40/008/61/040022,40,Secuencias adicionales de los informes satelitales,340008,,,040022,,,,,Operational,Original
bufr4/3/40/009/1/001007,40,Secuencias adicionales de los informes satelitales,340009,,,001007,,,,,Operational,Original
bufr4/3/40/009/2/001031,40,Secuencias adicionales de los informes satelitales,340009,,,001031,,,,,Operational,Original
bufr4/3/40/009/3/002019,40,Secuencias adicionales de los informes satelitales,340009,,,002019,,,,,Operational,Original
bufr4/3/40/009/4/002020,40,Secuencias adicionales de los informes satelitales,340009,,,002020,,,,,Operational,Original
bufr4/3/40/009/5/301011,40,Secuencias adicionales de los informes satelitales,340009,,,301011,,,,,Operational,Original
bufr4/3/40/009/6/301013,40,Secuencias adicionales de los informes satelitales,340009,,,301013,,,,,Operational,Original
bufr4/3/40/009/7/005040,40,Secuencias adicionales de los informes satelitales,340009,,,005040,,,,,Operational,Original
bufr4/3/40/009/8/201136,40,Secuencias adicionales de los informes satelitales,340009,,,201136,Añadir 8 a la anchura,,,,Operational,Original
bufr4/3/40/009/9/005041,40,Secuencias adicionales de los informes satelitales,340009,,,005041,,,,,Operational,Original
bufr4/3/40/009/10/201000,40,Secuencias adicionales de los informes satelitales,340009,,,201000,Anular,,,,Operational,Original
bufr4/3/40/009/11/025071,40,Secuencias adicionales de los informes satelitales,340009,,,025071,,,,,Operational,Original
bufr4/3/40/009/12/005001,40,Secuencias adicionales de los informes satelitales,340009,,,005001,,,,,Operational,Original
bufr4/3/40/009/12/005001,40,Secuencias adicionales de los informes satelitales,340009,,,005001,,,,,Operational,Original
bufr4/3/40/009/13/006001,40,Secuencias adicionales de los informes satelitales,340009,,,006001,,,,,Operational,Original
bufr4/3/40/009/13/006001,40,Secuencias adicionales de los informes satelitales,340009,,,006001,,,,,Operational,Original
bufr4/3/40/009/14/107064,40,Secuencias adicionales de los informes satelitales,340009,,,107064,,(continúa),,,Operational,Original
bufr4/3/40/009/15/106032,40,Secuencias adicionales de los informes satelitales,340009,,,106032,,,,,Operational,Original
bufr4/3/40/009/16/008012,40,Secuencias adicionales de los informes satelitales,340009,,,008012,,,,,Operational,Original
bufr4/3/40/009/17/008013,40,Secuencias adicionales de los informes satelitales,340009,,,008013,,,,,Operational,Original
bufr4/3/40/009/18/008065,40,Secuencias adicionales de los informes satelitales,340009,,,008065,,,,,Operational,Original
bufr4/3/40/009/19/008072,40,Secuencias adicionales de los informes satelitales,340009,,,008072,,,,,Operational,Original
bufr4/3/40/009/20/013039,40,Secuencias adicionales de los informes satelitales,340009,,,013039,,,,,Operational,Original
bufr4/3/40/009/21/040015,40,Secuencias adicionales de los informes satelitales,340009,,,040015,,,,,Operational,Original
bufr4/3/40/010/1/001007,40,Secuencias adicionales de los informes satelitales,340010,,,001007,,,,,Operational,Original
bufr4/3/40/010/2/002019,40,Secuencias adicionales de los informes satelitales,340010,,,002019,,,,,Operational,Original
bufr4/3/40/010/3/001096,40,Secuencias adicionales de los informes satelitales,340010,,,001096,,,,,Operational,Original
bufr4/3/40/010/4/025061,40,Secuencias adicionales de los informes satelitales,340010,,,025061,,,,,Operational,Original
bufr4/3/40/010/5/005044,40,Secuencias adicionales de los informes satelitales,340010,,,005044,,,,,Operational,Original
bufr4/3/40/010/6/005040,40,Secuencias adicionales de los informes satelitales,340010,,,005040,,,,,Operational,Original
bufr4/3/40/010/7/001030,40,Secuencias adicionales de los informes satelitales,340010,,,001030,,,,,Operational,Original
bufr4/3/40/010/8/004001,40,Secuencias adicionales de los informes satelitales,340010,,,004001,,,,,Operational,Original
bufr4/3/40/010/9/004002,40,Secuencias adicionales de los informes satelitales,340010,,,004002,,,,,Operational,Original
bufr4/3/40/010/10/004003,40,Secuencias adicionales de los informes satelitales,340010,,,004003,,,,,Operational,Original
bufr4/3/40/010/11/004004,40,Secuencias adicionales de los informes satelitales,340010,,,004004,,,,,Operational,Original
bufr4/3/40/010/12/004005,40,Secuencias adicionales de los informes satelitales,340010,,,004005,,,,,Operational,Original
bufr4/3/40/010/13/004007,40,Secuencias adicionales de los informes satelitales,340010,,,004007,,,,,Operational,Original
bufr4/3/40/010/14/005001,40,Secuencias adicionales de los informes satelitales,340010,,,005001,,,,,Operational,Original
bufr4/3/40/010/15/006001,40,Secuencias adicionales de los informes satelitales,340010,,,006001,,,,,Operational,Original
bufr4/3/40/010/16/008029,40,Secuencias adicionales de los informes satelitales,340010,,,008029,,,,,Operational,Original
bufr4/3/40/010/17/008074,40,Secuencias adicionales de los informes satelitales,340010,,,008074,,,,,Operational,Original
bufr4/3/40/010/18/008077,40,Secuencias adicionales de los informes satelitales,340010,,,008077,,,,,Operational,Original
bufr4/3/40/010/19/040011,40,Secuencias adicionales de los informes satelitales,340010,,,040011,,,,,Operational,Original
bufr4/3/40/010/20/025097,40,Secuencias adicionales de los informes satelitales,340010,,,025097,,,,,Operational,Original
bufr4/3/40/010/21/025095,40,Secuencias adicionales de los informes satelitales,340010,,,025095,,,,,Operational,Original
bufr4/3/40/010/22/025098,40,Secuencias adicionales de los informes satelitales,340010,,,025098,,,,,Operational,Original
bufr4/3/40/010/23/025099,40,Secuencias adicionales de los informes satelitales,340010,,,025099,,,,,Operational,Original
bufr4/3/40/010/24/021144,40,Secuencias adicionales de los informes satelitales,340010,,,021144,,,,,Operational,Original
bufr4/3/40/010/25/025096,40,Secuencias adicionales de los informes satelitales,340010,,,025096,,,,,Operational,Original
bufr4/3/40/010/26/040012,40,Secuencias adicionales de los informes satelitales,340010,,,040012,,,,,Operational,Original
bufr4/3/40/010/27/040013,40,Secuencias adicionales de los informes satelitales,340010,,,040013,,,,,Operational,Original
bufr4/3/40/010/28/021169,40,Secuencias adicionales de los informes satelitales,340010,,,021169,,,,,Operational,Original
bufr4/3/40/010/29/040023,40,Secuencias adicionales de los informes satelitales,340010,,,040023,,,,,Operational,Original
bufr4/3/40/010/30/040024,40,Secuencias adicionales de los informes satelitales,340010,,,040024,,,,,Operational,Original
bufr4/3/40/010/31/040025,40,Secuencias adicionales de los informes satelitales,340010,,,040025,,,,,Operational,Original
bufr4/3/40/010/32/022151,40,Secuencias adicionales de los informes satelitales,340010,,,022151,,,,,Operational,Original
bufr4/3/40/010/33/022162,40,Secuencias adicionales de los informes satelitales,340010,,,022162,I.2 – BUFR Tabla D/40 — 9,(continúa),,,Operational,Original
bufr4/3/40/010/34/022163,40,Secuencias adicionales de los informes satelitales,340010,,,022163,,,,,Operational,Original
bufr4/3/40/010/35/025160,40,Secuencias adicionales de los informes satelitales,340010,,,025160,,,,,Operational,Original
bufr4/3/40/010/36/025133,40,Secuencias adicionales de los informes satelitales,340010,,,025133,,,,,Operational,Original
bufr4/3/40/010/37/022156,40,Secuencias adicionales de los informes satelitales,340010,,,022156,,,,,Operational,Original
bufr4/3/40/010/38/022164,40,Secuencias adicionales de los informes satelitales,340010,,,022164,,,,,Operational,Original
bufr4/3/40/010/39/022165,40,Secuencias adicionales de los informes satelitales,340010,,,022165,,,,,Operational,Original
bufr4/3/40/010/40/022166,40,Secuencias adicionales de los informes satelitales,340010,,,022166,,,,,Operational,Original
bufr4/3/40/010/41/021137,40,Secuencias adicionales de los informes satelitales,340010,,,021137,,,,,Operational,Original
bufr4/3/40/010/42/021138,40,Secuencias adicionales de los informes satelitales,340010,,,021138,,,,,Operational,Original
bufr4/3/40/010/43/022167,40,Secuencias adicionales de los informes satelitales,340010,,,022167,,,,,Operational,Original
bufr4/3/40/010/44/021139,40,Secuencias adicionales de los informes satelitales,340010,,,021139,,,,,Operational,Original
bufr4/3/40/010/45/021118,40,Secuencias adicionales de los informes satelitales,340010,,,021118,,,,,Operational,Original
bufr4/3/40/010/46/021145,40,Secuencias adicionales de los informes satelitales,340010,,,021145,,,,,Operational,Original
bufr4/3/40/010/47/021146,40,Secuencias adicionales de los informes satelitales,340010,,,021146,,,,,Operational,Original
bufr4/3/40/010/48/021147,40,Secuencias adicionales de los informes satelitales,340010,,,021147,,,,,Operational,Original
bufr4/3/40/010/49/022168,40,Secuencias adicionales de los informes satelitales,340010,,,022168,,,,,Operational,Original
bufr4/3/40/010/50/022169,40,Secuencias adicionales de los informes satelitales,340010,,,022169,,,,,Operational,Original
bufr4/3/40/010/51/022170,40,Secuencias adicionales de los informes satelitales,340010,,,022170,,,,,Operational,Original
bufr4/3/40/010/52/025161,40,Secuencias adicionales de los informes satelitales,340010,,,025161,,,,,Operational,Original
bufr4/3/40/010/53/025162,40,Secuencias adicionales de los informes satelitales,340010,,,025162,,,,,Operational,Original
bufr4/3/40/010/54/022171,40,Secuencias adicionales de los informes satelitales,340010,,,022171,,,,,Operational,Original
bufr4/3/40/010/55/022172,40,Secuencias adicionales de los informes satelitales,340010,,,022172,,,,,Operational,Original
bufr4/3/40/010/56/022173,40,Secuencias adicionales de los informes satelitales,340010,,,022173,,,,,Operational,Original
bufr4/3/40/010/57/022174,40,Secuencias adicionales de los informes satelitales,340010,,,022174,,,,,Operational,Original
bufr4/3/40/010/58/021170,40,Secuencias adicionales de los informes satelitales,340010,,,021170,,,,,Operational,Original
bufr4/3/40/010/59/021171,40,Secuencias adicionales de los informes satelitales,340010,,,021171,,,,,Operational,Original
bufr4/3/40/010/60/022175,40,Secuencias adicionales de los informes satelitales,340010,,,022175,,,,,Operational,Original
bufr4/3/40/010/61/021172,40,Secuencias adicionales de los informes satelitales,340010,,,021172,,,,,Operational,Original
bufr4/3/40/010/45/021118,40,Secuencias adicionales de los informes satelitales,340010,,,021118,,,,,Operational,Original
bufr4/3/40/010/62/021173,40,Secuencias adicionales de los informes satelitales,340010,,,021173,,,,,Operational,Original
bufr4/3/40/010/63/021174,40,Secuencias adicionales de los informes satelitales,340010,,,021174,,,,,Operational,Original
bufr4/3/40/010/64/021175,40,Secuencias adicionales de los informes satelitales,340010,,,021175,,(continúa),,,Operational,Original
bufr4/3/40/010/65/002153,40,Secuencias adicionales de los informes satelitales,340010,,,002153,,,,,Operational,Original
bufr4/3/40/010/66/012063,40,Secuencias adicionales de los informes satelitales,340010,,,012063,,,,,Operational,Original
bufr4/3/40/010/65/002153,40,Secuencias adicionales de los informes satelitales,340010,,,002153,,,,,Operational,Original
bufr4/3/40/010/66/012063,40,Secuencias adicionales de los informes satelitales,340010,,,012063,,,,,Operational,Original
bufr4/3/40/010/65/002153,40,Secuencias adicionales de los informes satelitales,340010,,,002153,,,,,Operational,Original
bufr4/3/40/010/66/012063,40,Secuencias adicionales de los informes satelitales,340010,,,012063,,,,,Operational,Original
bufr4/3/40/010/67/013090,40,Secuencias adicionales de los informes satelitales,340010,,,013090,,,,,Operational,Original
bufr4/3/40/010/68/013091,40,Secuencias adicionales de los informes satelitales,340010,,,013091,,,,,Operational,Original
bufr4/3/40/010/69/007002,40,Secuencias adicionales de los informes satelitales,340010,,,007002,,,,,Operational,Original
bufr4/3/40/010/70/011097,40,Secuencias adicionales de los informes satelitales,340010,,,011097,,,,,Operational,Original
bufr4/3/40/010/71/011098,40,Secuencias adicionales de los informes satelitales,340010,,,011098,,,,,Operational,Original
bufr4/3/40/010/69/007002,40,Secuencias adicionales de los informes satelitales,340010,,,007002,,,,,Operational,Original
bufr4/3/40/010/72/011095,40,Secuencias adicionales de los informes satelitales,340010,,,011095,,,,,Operational,Original
bufr4/3/40/010/73/011096,40,Secuencias adicionales de los informes satelitales,340010,,,011096,,,,,Operational,Original
bufr4/3/40/010/74/010096,40,Secuencias adicionales de los informes satelitales,340010,,,010096,,,,,Operational,Original
bufr4/3/40/010/75/010081,40,Secuencias adicionales de los informes satelitales,340010,,,010081,,,,,Operational,Original
bufr4/3/40/010/76/010082,40,Secuencias adicionales de los informes satelitales,340010,,,010082,,,,,Operational,Original
bufr4/3/40/010/77/010083,40,Secuencias adicionales de los informes satelitales,340010,,,010083,,,,,Operational,Original
bufr4/3/40/010/78/010101,40,Secuencias adicionales de los informes satelitales,340010,,,010101,,,,,Operational,Original
bufr4/3/40/010/79/025132,40,Secuencias adicionales de los informes satelitales,340010,,,025132,,,,,Operational,Original
bufr4/3/40/010/80/025163,40,Secuencias adicionales de los informes satelitales,340010,,,025163,,,,,Operational,Original
bufr4/3/40/010/81/025126,40,Secuencias adicionales de los informes satelitales,340010,,,025126,,,,,Operational,Original
bufr4/3/40/010/82/025128,40,Secuencias adicionales de los informes satelitales,340010,,,025128,,,,,Operational,Original
bufr4/3/40/010/83/025164,40,Secuencias adicionales de los informes satelitales,340010,,,025164,,,,,Operational,Original
bufr4/3/40/010/84/010085,40,Secuencias adicionales de los informes satelitales,340010,,,010085,,,,,Operational,Original
bufr4/3/40/010/85/010097,40,Secuencias adicionales de los informes satelitales,340010,,,010097,,,,,Operational,Original
bufr4/3/40/010/86/010086,40,Secuencias adicionales de los informes satelitales,340010,,,010086,,,,,Operational,Original
bufr4/3/40/010/87/010087,40,Secuencias adicionales de los informes satelitales,340010,,,010087,,,,,Operational,Original
bufr4/3/40/010/88/010092,40,Secuencias adicionales de los informes satelitales,340010,,,010092,,,,,Operational,Original
bufr4/3/40/010/89/010088,40,Secuencias adicionales de los informes satelitales,340010,,,010088,,,,,Operational,Original
bufr4/3/40/010/90/010089,40,Secuencias adicionales de los informes satelitales,340010,,,010089,,,,,Operational,Original
bufr4/3/40/010/91/010098,40,Secuencias adicionales de los informes satelitales,340010,,,010098,,,,,Operational,Original
bufr4/3/40/010/92/010099,40,Secuencias adicionales de los informes satelitales,340010,,,010099,,,,,Operational,Original
bufr4/3/40/010/93/010090,40,Secuencias adicionales de los informes satelitales,340010,,,010090,,,,,Operational,Original
bufr4/3/40/010/94/010100,40,Secuencias adicionales de los informes satelitales,340010,,,010100,,,,,Operational,Original
bufr4/3/40/010/95/010093,40,Secuencias adicionales de los informes satelitales,340010,,,010093,,,,,Operational,Original
bufr4/3/40/010/96/025127,40,Secuencias adicionales de los informes satelitales,340010,,,025127,Corrección de la altura de la superficie del mar por carga de presión I.2 – BUFR Tabla D/40 — 11,(continúa),,,Operational,Original
bufr4/3/40/010/97/040014,40,Secuencias adicionales de los informes satelitales,340010,,,040014,,,,,Operational,Original
bufr4/3/40/010/98/010102,40,Secuencias adicionales de los informes satelitales,340010,,,010102,,,,,Operational,Original
bufr4/3/40/011/1/001007,40,Secuencias adicionales de los informes satelitales,340011,,,001007,,,,,Operational,Original
bufr4/3/40/011/2/002019,40,Secuencias adicionales de los informes satelitales,340011,,,002019,,,,,Operational,Original
bufr4/3/40/011/3/001096,40,Secuencias adicionales de los informes satelitales,340011,,,001096,,,,,Operational,Original
bufr4/3/40/011/4/025061,40,Secuencias adicionales de los informes satelitales,340011,,,025061,,,,,Operational,Original
bufr4/3/40/011/5/005044,40,Secuencias adicionales de los informes satelitales,340011,,,005044,,,,,Operational,Original
bufr4/3/40/011/6/005040,40,Secuencias adicionales de los informes satelitales,340011,,,005040,,,,,Operational,Original
bufr4/3/40/011/7/001030,40,Secuencias adicionales de los informes satelitales,340011,,,001030,,,,,Operational,Original
bufr4/3/40/011/8/004001,40,Secuencias adicionales de los informes satelitales,340011,,,004001,,,,,Operational,Original
bufr4/3/40/011/9/004002,40,Secuencias adicionales de los informes satelitales,340011,,,004002,,,,,Operational,Original
bufr4/3/40/011/10/004003,40,Secuencias adicionales de los informes satelitales,340011,,,004003,,,,,Operational,Original
bufr4/3/40/011/11/004004,40,Secuencias adicionales de los informes satelitales,340011,,,004004,,,,,Operational,Original
bufr4/3/40/011/12/004005,40,Secuencias adicionales de los informes satelitales,340011,,,004005,,,,,Operational,Original
bufr4/3/40/011/13/004007,40,Secuencias adicionales de los informes satelitales,340011,,,004007,,,,,Operational,Original
bufr4/3/40/011/14/005001,40,Secuencias adicionales de los informes satelitales,340011,,,005001,,,,,Operational,Original
bufr4/3/40/011/15/006001,40,Secuencias adicionales de los informes satelitales,340011,,,006001,,,,,Operational,Original
bufr4/3/40/011/16/008029,40,Secuencias adicionales de los informes satelitales,340011,,,008029,,,,,Operational,Original
bufr4/3/40/011/17/008077,40,Secuencias adicionales de los informes satelitales,340011,,,008077,,,,,Operational,Original
bufr4/3/40/011/18/040011,40,Secuencias adicionales de los informes satelitales,340011,,,040011,,,,,Operational,Original
bufr4/3/40/011/19/025097,40,Secuencias adicionales de los informes satelitales,340011,,,025097,,,,,Operational,Original
bufr4/3/40/011/20/025112,40,Secuencias adicionales de los informes satelitales,340011,,,025112,,,,,Operational,Original
bufr4/3/40/011/21/025113,40,Secuencias adicionales de los informes satelitales,340011,,,025113,,,,,Operational,Original
bufr4/3/40/011/22/021148,40,Secuencias adicionales de los informes satelitales,340011,,,021148,,,,,Operational,Original
bufr4/3/40/011/23/021169,40,Secuencias adicionales de los informes satelitales,340011,,,021169,,,,,Operational,Original
bufr4/3/40/011/24/040024,40,Secuencias adicionales de los informes satelitales,340011,,,040024,,,,,Operational,Original
bufr4/3/40/011/25/040025,40,Secuencias adicionales de los informes satelitales,340011,,,040025,,,,,Operational,Original
bufr4/3/40/011/26/002153,40,Secuencias adicionales de los informes satelitales,340011,,,002153,,,,,Operational,Original
bufr4/3/40/011/27/022189,40,Secuencias adicionales de los informes satelitales,340011,,,022189,,,,,Operational,Original
bufr4/3/40/011/28/022191,40,Secuencias adicionales de los informes satelitales,340011,,,022191,,,,,Operational,Original
bufr4/3/40/011/29/022130,40,Secuencias adicionales de los informes satelitales,340011,,,022130,,,,,Operational,Original
bufr4/3/40/011/30/025167,40,Secuencias adicionales de los informes satelitales,340011,,,025167,,,,,Operational,Original
bufr4/3/40/011/31/025166,40,Secuencias adicionales de los informes satelitales,340011,,,025166,,,,,Operational,Original
bufr4/3/40/011/32/022190,40,Secuencias adicionales de los informes satelitales,340011,,,022190,,,,,Operational,Original
bufr4/3/40/011/33/022131,40,Secuencias adicionales de los informes satelitales,340011,,,022131,,,,,Operational,Original
bufr4/3/40/011/34/022132,40,Secuencias adicionales de los informes satelitales,340011,,,022132,,,,,Operational,Original
bufr4/3/40/011/35/022133,40,Secuencias adicionales de los informes satelitales,340011,,,022133,,,,,Operational,Original
bufr4/3/40/011/36/021183,40,Secuencias adicionales de los informes satelitales,340011,,,021183,,,,,Operational,Original
bufr4/3/40/011/37/021184,40,Secuencias adicionales de los informes satelitales,340011,,,021184,,(continúa),,,Operational,Original
bufr4/3/40/011/38/022134,40,Secuencias adicionales de los informes satelitales,340011,,,022134,,,,,Operational,Original
bufr4/3/40/011/39/021185,40,Secuencias adicionales de los informes satelitales,340011,,,021185,,,,,Operational,Original
bufr4/3/40/011/40/021118,40,Secuencias adicionales de los informes satelitales,340011,,,021118,,,,,Operational,Original
bufr4/3/40/011/41/021186,40,Secuencias adicionales de los informes satelitales,340011,,,021186,,,,,Operational,Original
bufr4/3/40/011/42/021187,40,Secuencias adicionales de los informes satelitales,340011,,,021187,,,,,Operational,Original
bufr4/3/40/011/43/021188,40,Secuencias adicionales de los informes satelitales,340011,,,021188,,,,,Operational,Original
bufr4/3/40/011/26/002153,40,Secuencias adicionales de los informes satelitales,340011,,,002153,,,,,Operational,Original
bufr4/3/40/011/44/012063,40,Secuencias adicionales de los informes satelitales,340011,,,012063,,,,,Operational,Original
bufr4/3/40/011/26/002153,40,Secuencias adicionales de los informes satelitales,340011,,,002153,,,,,Operational,Original
bufr4/3/40/011/44/012063,40,Secuencias adicionales de los informes satelitales,340011,,,012063,,,,,Operational,Original
bufr4/3/40/011/45/013090,40,Secuencias adicionales de los informes satelitales,340011,,,013090,,,,,Operational,Original
bufr4/3/40/011/46/013160,40,Secuencias adicionales de los informes satelitales,340011,,,013160,,,,,Operational,Original
bufr4/3/40/011/47/007002,40,Secuencias adicionales de los informes satelitales,340011,,,007002,,,,,Operational,Original
bufr4/3/40/011/48/011097,40,Secuencias adicionales de los informes satelitales,340011,,,011097,,,,,Operational,Original
bufr4/3/40/011/47/007002,40,Secuencias adicionales de los informes satelitales,340011,,,007002,,,,,Operational,Original
bufr4/3/40/011/49/011095,40,Secuencias adicionales de los informes satelitales,340011,,,011095,,,,,Operational,Original
bufr4/3/40/011/50/011096,40,Secuencias adicionales de los informes satelitales,340011,,,011096,,,,,Operational,Original
bufr4/3/40/011/51/010096,40,Secuencias adicionales de los informes satelitales,340011,,,010096,,,,,Operational,Original
bufr4/3/40/011/52/010081,40,Secuencias adicionales de los informes satelitales,340011,,,010081,,,,,Operational,Original
bufr4/3/40/011/53/010082,40,Secuencias adicionales de los informes satelitales,340011,,,010082,,,,,Operational,Original
bufr4/3/40/011/54/010083,40,Secuencias adicionales de los informes satelitales,340011,,,010083,,,,,Operational,Original
bufr4/3/40/011/55/010101,40,Secuencias adicionales de los informes satelitales,340011,,,010101,,,,,Operational,Original
bufr4/3/40/011/26/002153,40,Secuencias adicionales de los informes satelitales,340011,,,002153,,,,,Operational,Original
bufr4/3/40/011/56/025165,40,Secuencias adicionales de los informes satelitales,340011,,,025165,,,,,Operational,Original
bufr4/3/40/011/57/025126,40,Secuencias adicionales de los informes satelitales,340011,,,025126,,,,,Operational,Original
bufr4/3/40/011/58/025128,40,Secuencias adicionales de los informes satelitales,340011,,,025128,,,,,Operational,Original
bufr4/3/40/011/59/025164,40,Secuencias adicionales de los informes satelitales,340011,,,025164,,,,,Operational,Original
bufr4/3/40/011/60/010085,40,Secuencias adicionales de los informes satelitales,340011,,,010085,,,,,Operational,Original
bufr4/3/40/011/61/010086,40,Secuencias adicionales de los informes satelitales,340011,,,010086,,,,,Operational,Original
bufr4/3/40/011/62/010087,40,Secuencias adicionales de los informes satelitales,340011,,,010087,,,,,Operational,Original
bufr4/3/40/011/63/010092,40,Secuencias adicionales de los informes satelitales,340011,,,010092,,,,,Operational,Original
bufr4/3/40/011/64/010088,40,Secuencias adicionales de los informes satelitales,340011,,,010088,,,,,Operational,Original
bufr4/3/40/011/65/010089,40,Secuencias adicionales de los informes satelitales,340011,,,010089,,,,,Operational,Original
bufr4/3/40/011/66/010098,40,Secuencias adicionales de los informes satelitales,340011,,,010098,,,,,Operational,Original
bufr4/3/40/011/67/010099,40,Secuencias adicionales de los informes satelitales,340011,,,010099,,,,,Operational,Original
bufr4/3/40/011/68/010090,40,Secuencias adicionales de los informes satelitales,340011,,,010090,,,,,Operational,Original
bufr4/3/40/011/69/010100,40,Secuencias adicionales de los informes satelitales,340011,,,010100,,,,,Operational,Original
bufr4/3/40/011/70/010093,40,Secuencias adicionales de los informes satelitales,340011,,,010093,,,,,Operational,Original
bufr4/3/40/011/71/025127,40,Secuencias adicionales de los informes satelitales,340011,,,025127,,,,,Operational,Original
bufr4/3/40/011/72/040014,40,Secuencias adicionales de los informes satelitales,340011,,,040014,I.2 – BUFR Tabla D/40 — 13,(continúa),,,Operational,Original
bufr4/3/40/011/73/010102,40,Secuencias adicionales de los informes satelitales,340011,,,010102,,,,,Operational,Original
bufr4/3/40/012/1/001007,40,Secuencias adicionales de los informes satelitales,340012,,,001007,,,,,Operational,Original
bufr4/3/40/012/2/002019,40,Secuencias adicionales de los informes satelitales,340012,,,002019,,,,,Operational,Original
bufr4/3/40/012/3/008091,40,Secuencias adicionales de los informes satelitales,340012,,,008091,= 0 coordenadas del satélite,,,,Operational,Original
bufr4/3/40/012/4/005001,40,Secuencias adicionales de los informes satelitales,340012,,,005001,,,,,Operational,Original
bufr4/3/40/012/5/006001,40,Secuencias adicionales de los informes satelitales,340012,,,006001,,,,,Operational,Original
bufr4/3/40/012/6/007002,40,Secuencias adicionales de los informes satelitales,340012,,,007002,,,,,Operational,Original
bufr4/3/40/012/7/005063,40,Secuencias adicionales de los informes satelitales,340012,,,005063,,,,,Operational,Original
bufr4/3/40/012/8/005064,40,Secuencias adicionales de los informes satelitales,340012,,,005064,,,,,Operational,Original
bufr4/3/40/012/9/005066,40,Secuencias adicionales de los informes satelitales,340012,,,005066,,,,,Operational,Original
bufr4/3/40/012/10/005041,40,Secuencias adicionales de los informes satelitales,340012,,,005041,,,,,Operational,Original
bufr4/3/40/012/11/005067,40,Secuencias adicionales de los informes satelitales,340012,,,005067,,,,,Operational,Original
bufr4/3/40/012/12/301011,40,Secuencias adicionales de los informes satelitales,340012,,,301011,,,,,Operational,Original
bufr4/3/40/012/13/301012,40,Secuencias adicionales de los informes satelitales,340012,,,301012,,,,,Operational,Original
bufr4/3/40/012/14/004007,40,Secuencias adicionales de los informes satelitales,340012,,,004007,,,,,Operational,Original
bufr4/3/40/012/3/008091,40,Secuencias adicionales de los informes satelitales,340012,,,008091,= 1 Coordenadas de la observación,,,,Operational,Original
bufr4/3/40/012/4/005001,40,Secuencias adicionales de los informes satelitales,340012,,,005001,,,,,Operational,Original
bufr4/3/40/012/5/006001,40,Secuencias adicionales de los informes satelitales,340012,,,006001,,,,,Operational,Original
bufr4/3/40/012/15/107000,40,Secuencias adicionales de los informes satelitales,340012,,,107000,,,,,Operational,Original
bufr4/3/40/012/16/031001,40,Secuencias adicionales de los informes satelitales,340012,,,031001,,,,,Operational,Original
bufr4/3/40/012/17/005042,40,Secuencias adicionales de los informes satelitales,340012,,,005042,,,,,Operational,Original
bufr4/3/40/012/18/002153,40,Secuencias adicionales de los informes satelitales,340012,,,002153,,,,,Operational,Original
bufr4/3/40/012/19/002104,40,Secuencias adicionales de los informes satelitales,340012,,,002104,,,,,Operational,Original
bufr4/3/40/012/20/040028,40,Secuencias adicionales de los informes satelitales,340012,,,040028,,,,,Operational,Original
bufr4/3/40/012/21/007024,40,Secuencias adicionales de los informes satelitales,340012,,,007024,,,,,Operational,Original
bufr4/3/40/012/22/040027,40,Secuencias adicionales de los informes satelitales,340012,,,040027,,,,,Operational,Original
bufr4/3/40/012/23/012063,40,Secuencias adicionales de los informes satelitales,340012,,,012063,,,,,Operational,Original
bufr4/3/40/013/1/001007,40,Secuencias adicionales de los informes satelitales,340013,,,001007,,,,,Operational,Original
bufr4/3/40/013/2/002019,40,Secuencias adicionales de los informes satelitales,340013,,,002019,,,,,Operational,Original
bufr4/3/40/013/3/001033,40,Secuencias adicionales de los informes satelitales,340013,,,001033,,,,,Operational,Original
bufr4/3/40/013/4/001034,40,Secuencias adicionales de los informes satelitales,340013,,,001034,,,,,Operational,Original
bufr4/3/40/013/5/004001,40,Secuencias adicionales de los informes satelitales,340013,,,004001,,,,,Operational,Original
bufr4/3/40/013/6/004002,40,Secuencias adicionales de los informes satelitales,340013,,,004002,,,,,Operational,Original
bufr4/3/40/013/7/004003,40,Secuencias adicionales de los informes satelitales,340013,,,004003,,,,,Operational,Original
bufr4/3/40/013/8/004004,40,Secuencias adicionales de los informes satelitales,340013,,,004004,,,,,Operational,Original
bufr4/3/40/013/9/004005,40,Secuencias adicionales de los informes satelitales,340013,,,004005,,,,,Operational,Original
bufr4/3/40/013/10/004007,40,Secuencias adicionales de los informes satelitales,340013,,,004007,,,,,Operational,Original
bufr4/3/40/013/11/005068,40,Secuencias adicionales de los informes satelitales,340013,,,005068,,,,,Operational,Original
bufr4/3/40/013/12/005070,40,Secuencias adicionales de los informes satelitales,340013,,,005070,,,,,Operational,Original
bufr4/3/40/013/13/005069,40,Secuencias adicionales de los informes satelitales,340013,,,005069,,,,,Operational,Original
bufr4/3/40/013/14/040036,40,Secuencias adicionales de los informes satelitales,340013,,,040036,,,,,Operational,Original
bufr4/3/40/013/15/008091,40,Secuencias adicionales de los informes satelitales,340013,,,008091,= 2 Comienzo de la observación,,,,Operational,Original
bufr4/3/40/013/16/005001,40,Secuencias adicionales de los informes satelitales,340013,,,005001,,(continúa),,,Operational,Original
bufr4/3/40/013/18/004016,40,Secuencias adicionales de los informes satelitales,340013,,,004016,,,,,Operational,Original
bufr4/3/40/013/15/008091,40,Secuencias adicionales de los informes satelitales,340013,,,008091,= 3 Final de la observación,,,,Operational,Original
bufr4/3/40/013/16/005001,40,Secuencias adicionales de los informes satelitales,340013,,,005001,,,,,Operational,Original
bufr4/3/40/013/17/006001,40,Secuencias adicionales de los informes satelitales,340013,,,006001,,,,,Operational,Original
bufr4/3/40/013/18/004016,40,Secuencias adicionales de los informes satelitales,340013,,,004016,,,,,Operational,Original
bufr4/3/40/013/15/008091,40,Secuencias adicionales de los informes satelitales,340013,,,008091,= 4 Centro de gravedad horizontal de la observación,,,,Operational,Original
bufr4/3/40/013/16/005001,40,Secuencias adicionales de los informes satelitales,340013,,,005001,,,,,Operational,Original
bufr4/3/40/013/17/006001,40,Secuencias adicionales de los informes satelitales,340013,,,006001,,,,,Operational,Original
bufr4/3/40/013/18/004016,40,Secuencias adicionales de los informes satelitales,340013,,,004016,,,,,Operational,Original
bufr4/3/40/013/15/008091,40,Secuencias adicionales de los informes satelitales,340013,,,008091,= 6 Parte superior de la observación,,,,Operational,Original
bufr4/3/40/013/19/007071,40,Secuencias adicionales de los informes satelitales,340013,,,007071,,,,,Operational,Original
bufr4/3/40/013/20/005021,40,Secuencias adicionales de los informes satelitales,340013,,,005021,,,,,Operational,Original
bufr4/3/40/013/21/007021,40,Secuencias adicionales de los informes satelitales,340013,,,007021,,,,,Operational,Original
bufr4/3/40/013/22/040035,40,Secuencias adicionales de los informes satelitales,340013,,,040035,,,,,Operational,Original
bufr4/3/40/013/15/008091,40,Secuencias adicionales de los informes satelitales,340013,,,008091,= 7 Parte inferior de la observación,,,,Operational,Original
bufr4/3/40/013/19/007071,40,Secuencias adicionales de los informes satelitales,340013,,,007071,,,,,Operational,Original
bufr4/3/40/013/20/005021,40,Secuencias adicionales de los informes satelitales,340013,,,005021,,,,,Operational,Original
bufr4/3/40/013/21/007021,40,Secuencias adicionales de los informes satelitales,340013,,,007021,,,,,Operational,Original
bufr4/3/40/013/22/040035,40,Secuencias adicionales de los informes satelitales,340013,,,040035,,,,,Operational,Original
bufr4/3/40/013/15/008091,40,Secuencias adicionales de los informes satelitales,340013,,,008091,= 5 Centro de gravedad vertical de la observación,,,,Operational,Original
bufr4/3/40/013/19/007071,40,Secuencias adicionales de los informes satelitales,340013,,,007071,,,,,Operational,Original
bufr4/3/40/013/20/005021,40,Secuencias adicionales de los informes satelitales,340013,,,005021,,,,,Operational,Original
bufr4/3/40/013/21/007021,40,Secuencias adicionales de los informes satelitales,340013,,,007021,,,,,Operational,Original
bufr4/3/40/013/22/040035,40,Secuencias adicionales de los informes satelitales,340013,,,040035,,,,,Operational,Original
bufr4/3/40/013/23/040029,40,Secuencias adicionales de los informes satelitales,340013,,,040029,,,,,Operational,Original
bufr4/3/40/013/24/040030,40,Secuencias adicionales de los informes satelitales,340013,,,040030,,,,,Operational,Original
bufr4/3/40/013/25/040031,40,Secuencias adicionales de los informes satelitales,340013,,,040031,,,,,Operational,Original
bufr4/3/40/013/26/025187,40,Secuencias adicionales de los informes satelitales,340013,,,025187,,,,,Operational,Original
bufr4/3/40/013/27/010004,40,Secuencias adicionales de los informes satelitales,340013,,,010004,,,,,Operational,Original
bufr4/3/40/013/28/012001,40,Secuencias adicionales de los informes satelitales,340013,,,012001,,,,,Operational,Original
bufr4/3/40/013/29/040037,40,Secuencias adicionales de los informes satelitales,340013,,,040037,,,,,Operational,Original
bufr4/3/40/013/30/040032,40,Secuencias adicionales de los informes satelitales,340013,,,040032,,,,,Operational,Original
bufr4/3/40/013/31/040033,40,Secuencias adicionales de los informes satelitales,340013,,,040033,,,,,Operational,Original
bufr4/3/40/013/32/040034,40,Secuencias adicionales de los informes satelitales,340013,,,040034,,,,,Operational,Original
bufr4/3/40/015/1/001007,40,Secuencias adicionales de los informes satelitales,340015,,,001007,,,,,Operational,Original
bufr4/3/40/015/2/002019,40,Secuencias adicionales de los informes satelitales,340015,,,002019,,,,,Operational,Original
bufr4/3/40/015/3/301011,40,Secuencias adicionales de los informes satelitales,340015,,,301011,,,,,Operational,Original
bufr4/3/40/015/4/301012,40,Secuencias adicionales de los informes satelitales,340015,,,301012,,,,,Operational,Original
bufr4/3/40/015/5/004007,40,Secuencias adicionales de los informes satelitales,340015,,,004007,,,,,Operational,Original
bufr4/3/40/015/6/201133,40,Secuencias adicionales de los informes satelitales,340015,,,201133,Aumento del ancho de bits,,,,Operational,Original
bufr4/3/40/015/7/005041,40,Secuencias adicionales de los informes satelitales,340015,,,005041,I.2 – BUFR Tabla D/40 — 15,(continúa),,,Operational,Original
bufr4/3/40/015/8/201000,40,Secuencias adicionales de los informes satelitales,340015,,,201000,Anulación del aumento del ancho de bits,,,,Operational,Original
bufr4/3/40/015/9/201130,40,Secuencias adicionales de los informes satelitales,340015,,,201130,Aumento del ancho de bits,,,,Operational,Original
bufr4/3/40/015/10/005043,40,Secuencias adicionales de los informes satelitales,340015,,,005043,,,,,Operational,Original
bufr4/3/40/015/8/201000,40,Secuencias adicionales de los informes satelitales,340015,,,201000,Anulación del aumento del ancho de bits,,,,Operational,Original
bufr4/3/40/015/11/207001,40,Secuencias adicionales de los informes satelitales,340015,,,207001,,,,,Operational,Original
bufr4/3/40/015/12/005002,40,Secuencias adicionales de los informes satelitales,340015,,,005002,,,,,Operational,Original
bufr4/3/40/015/13/006002,40,Secuencias adicionales de los informes satelitales,340015,,,006002,,,,,Operational,Original
bufr4/3/40/015/14/207000,40,Secuencias adicionales de los informes satelitales,340015,,,207000,Anulación,,,,Operational,Original
bufr4/3/40/015/15/040027,40,Secuencias adicionales de los informes satelitales,340015,,,040027,,,,,Operational,Original
bufr4/3/40/015/16/013040,40,Secuencias adicionales de los informes satelitales,340015,,,013040,,,,,Operational,Original
bufr4/3/40/015/17/021120,40,Secuencias adicionales de los informes satelitales,340015,,,021120,,,,,Operational,Original
bufr4/3/40/015/18/207003,40,Secuencias adicionales de los informes satelitales,340015,,,207003,,,,,Operational,Original
bufr4/3/40/015/19/102003,40,Secuencias adicionales de los informes satelitales,340015,,,102003,,,,,Operational,Original
bufr4/3/40/015/20/002186,40,Secuencias adicionales de los informes satelitales,340015,,,002186,/Véase la columna de la izquierda,,,,Operational,Original
bufr4/3/40/015/21/013155,40,Secuencias adicionales de los informes satelitales,340015,,,013155,,,,,Operational,Original
bufr4/3/40/015/14/207000,40,Secuencias adicionales de los informes satelitales,340015,,,207000,Anulación,,,,Operational,Original
bufr4/3/40/015/22/033003,40,Secuencias adicionales de los informes satelitales,340015,,,033003,,,,,Operational,Original
bufr4/3/40/016/1/301129,40,Secuencias adicionales de los informes satelitales,340016,,,301129,,,,,Operational,Original
bufr4/3/40/016/2/301130,40,Secuencias adicionales de los informes satelitales,340016,,,301130,,,,,Operational,Original
bufr4/3/40/016/3/301131,40,Secuencias adicionales de los informes satelitales,340016,,,301131,,,,,Operational,Original
bufr4/3/40/016/4/202134,40,Secuencias adicionales de los informes satelitales,340016,,,202134,Añadir 6 a la escala,,,,Operational,Original
bufr4/3/40/016/5/007001,40,Secuencias adicionales de los informes satelitales,340016,,,007001,,,,,Operational,Original
bufr4/3/40/016/6/202000,40,Secuencias adicionales de los informes satelitales,340016,,,202000,Anular,,,,Operational,Original
bufr4/3/40/016/7/101000,40,Secuencias adicionales de los informes satelitales,340016,,,101000,,,,,Operational,Original
bufr4/3/40/016/8/031002,40,Secuencias adicionales de los informes satelitales,340016,,,031002,,,,,Operational,Original
bufr4/3/40/016/9/340002,40,Secuencias adicionales de los informes satelitales,340016,,,340002,,,,,Operational,Original
bufr4/3/40/016/7/101000,40,Secuencias adicionales de los informes satelitales,340016,,,101000,,,,,Operational,Original
bufr4/3/40/016/8/031002,40,Secuencias adicionales de los informes satelitales,340016,,,031002,,,,,Operational,Original
bufr4/3/40/016/10/304039,40,Secuencias adicionales de los informes satelitales,340016,,,304039,,,,,Operational,Original
bufr4/3/40/016/13/001000,40,Secuencias adicionales de los informes satelitales,340016,,,001000,,,,,Operational,Original
bufr4/3/40/016/8/031002,40,Secuencias adicionales de los informes satelitales,340016,,,031002,,,,,Operational,Original
bufr4/3/40/016/11/304040,40,Secuencias adicionales de los informes satelitales,340016,,,304040,,(continúa),,,Operational,Original
bufr4/3/40/017/1/001007,40,Secuencias adicionales de los informes satelitales,340017,,,001007,61 (Sentinel 3A) o 65 (Sentinel 3B),,,,Operational,Original
bufr4/3/40/017/2/002019,40,Secuencias adicionales de los informes satelitales,340017,,,002019,178 (SRAL),,,,Operational,Original
bufr4/3/40/017/3/005044,40,Secuencias adicionales de los informes satelitales,340017,,,005044,,,,,Operational,Original
bufr4/3/40/017/4/001096,40,Secuencias adicionales de los informes satelitales,340017,,,001096,,,,,Operational,Original
bufr4/3/40/017/5/005040,40,Secuencias adicionales de los informes satelitales,340017,,,005040,,,,,Operational,Original
bufr4/3/40/017/6/001040,40,Secuencias adicionales de los informes satelitales,340017,,,001040,,,,,Operational,Original
bufr4/3/40/017/7/025061,40,Secuencias adicionales de los informes satelitales,340017,,,025061,software,,,,Operational,Original
bufr4/3/40/017/8/025182,40,Secuencias adicionales de los informes satelitales,340017,,,025182,,,,,Operational,Original
bufr4/3/40/017/9/025183,40,Secuencias adicionales de los informes satelitales,340017,,,025183,,,,,Operational,Original
bufr4/3/40/017/10/025181,40,Secuencias adicionales de los informes satelitales,340017,,,025181,,,,,Operational,Original
bufr4/3/40/017/11/025184,40,Secuencias adicionales de los informes satelitales,340017,,,025184,,,,,Operational,Original
bufr4/3/40/017/12/301011,40,Secuencias adicionales de los informes satelitales,340017,,,301011,,,,,Operational,Original
bufr4/3/40/017/13/301013,40,Secuencias adicionales de los informes satelitales,340017,,,301013,,,,,Operational,Original
bufr4/3/40/017/14/004007,40,Secuencias adicionales de los informes satelitales,340017,,,004007,,,,,Operational,Original
bufr4/3/40/017/15/301021,40,Secuencias adicionales de los informes satelitales,340017,,,301021,,,,,Operational,Original
bufr4/3/40/017/16/005063,40,Secuencias adicionales de los informes satelitales,340017,,,005063,,,,,Operational,Original
bufr4/3/40/017/17/005064,40,Secuencias adicionales de los informes satelitales,340017,,,005064,,,,,Operational,Original
bufr4/3/40/017/18/005066,40,Secuencias adicionales de los informes satelitales,340017,,,005066,,,,,Operational,Original
bufr4/3/40/017/19/010081,40,Secuencias adicionales de los informes satelitales,340017,,,010081,,,,,Operational,Original
bufr4/3/40/017/20/010082,40,Secuencias adicionales de los informes satelitales,340017,,,010082,,,,,Operational,Original
bufr4/3/40/017/21/008075,40,Secuencias adicionales de los informes satelitales,340017,,,008075,,,,,Operational,Original
bufr4/3/40/017/22/025090,40,Secuencias adicionales de los informes satelitales,340017,,,025090,,,,,Operational,Original
bufr4/3/40/017/23/008029,40,Secuencias adicionales de los informes satelitales,340017,,,008029,,,,,Operational,Original
bufr4/3/40/017/24/201137,40,Secuencias adicionales de los informes satelitales,340017,,,201137,Aumentar anchura de datos en 9 bits,,,,Operational,Original
bufr4/3/40/017/25/202129,40,Secuencias adicionales de los informes satelitales,340017,,,202129,Añadir 1 a la escala,,,,Operational,Original
bufr4/3/40/017/26/006021,40,Secuencias adicionales de los informes satelitales,340017,,,006021,,,,,Operational,Original
bufr4/3/40/017/27/202000,40,Secuencias adicionales de los informes satelitales,340017,,,202000,Anular,,,,Operational,Original
bufr4/3/40/017/28/201000,40,Secuencias adicionales de los informes satelitales,340017,,,201000,Anular,,,,Operational,Original
bufr4/3/40/017/29/010087,40,Secuencias adicionales de los informes satelitales,340017,,,010087,,,,,Operational,Original
bufr4/3/40/017/30/025096,40,Secuencias adicionales de los informes satelitales,340017,,,025096,,,,,Operational,Original
bufr4/3/40/017/31/040012,40,Secuencias adicionales de los informes satelitales,340017,,,040012,,,,,Operational,Original
bufr4/3/40/017/32/008077,40,Secuencias adicionales de los informes satelitales,340017,,,008077,,,,,Operational,Original
bufr4/3/40/017/33/104002,40,Secuencias adicionales de los informes satelitales,340017,,,104002,,,,,Operational,Original
bufr4/3/40/017/34/002153,40,Secuencias adicionales de los informes satelitales,340017,,,002153,,,,,Operational,Original
bufr4/3/40/017/35/012063,40,Secuencias adicionales de los informes satelitales,340017,,,012063,,,,,Operational,Original
bufr4/3/40/017/36/012065,40,Secuencias adicionales de los informes satelitales,340017,,,012065,,,,,Operational,Original
bufr4/3/40/017/37/040013,40,Secuencias adicionales de los informes satelitales,340017,,,040013,,,,,Operational,Original
bufr4/3/40/017/38/007002,40,Secuencias adicionales de los informes satelitales,340017,,,007002,,,,,Operational,Original
bufr4/3/40/017/39/011098,40,Secuencias adicionales de los informes satelitales,340017,,,011098,,,,,Operational,Original
bufr4/3/40/017/40/013090,40,Secuencias adicionales de los informes satelitales,340017,,,013090,,,,,Operational,Original
bufr4/3/40/017/41/013091,40,Secuencias adicionales de los informes satelitales,340017,,,013091,,,,,Operational,Original
bufr4/3/40/017/42/025164,40,Secuencias adicionales de los informes satelitales,340017,,,025164,,,,,Operational,Original
bufr4/3/40/017/43/025095,40,Secuencias adicionales de los informes satelitales,340017,,,025095,,,,,Operational,Original
bufr4/3/40/017/44/040023,40,Secuencias adicionales de los informes satelitales,340017,,,040023,,,,,Operational,Original
bufr4/3/40/017/45/025113,40,Secuencias adicionales de los informes satelitales,340017,,,025113,I.2 – BUFR Tabla D/40 — 17,(continúa),,,Operational,Original
bufr4/3/40/017/46/008074,40,Secuencias adicionales de los informes satelitales,340017,,,008074,,,,,Operational,Original
bufr4/3/40/017/47/025190,40,Secuencias adicionales de los informes satelitales,340017,,,025190,,,,,Operational,Original
bufr4/3/40/017/48/021144,40,Secuencias adicionales de los informes satelitales,340017,,,021144,,,,,Operational,Original
bufr4/3/40/017/49/025191,40,Secuencias adicionales de los informes satelitales,340017,,,025191,,,,,Operational,Original
bufr4/3/40/017/50/021143,40,Secuencias adicionales de los informes satelitales,340017,,,021143,,,,,Operational,Original
bufr4/3/40/017/51/013055,40,Secuencias adicionales de los informes satelitales,340017,,,013055,,,,,Operational,Original
bufr4/3/40/017/52/021169,40,Secuencias adicionales de los informes satelitales,340017,,,021169,,,,,Operational,Original
bufr4/3/40/017/53/010101,40,Secuencias adicionales de los informes satelitales,340017,,,010101,,,,,Operational,Original
bufr4/3/40/017/54/015012,40,Secuencias adicionales de los informes satelitales,340017,,,015012,,,,,Operational,Original
bufr4/3/40/017/38/007002,40,Secuencias adicionales de los informes satelitales,340017,,,007002,,,,,Operational,Original
bufr4/3/40/017/55/011097,40,Secuencias adicionales de los informes satelitales,340017,,,011097,,,,,Operational,Original
bufr4/3/40/017/56/040024,40,Secuencias adicionales de los informes satelitales,340017,,,040024,,,,,Operational,Original
bufr4/3/40/017/38/007002,40,Secuencias adicionales de los informes satelitales,340017,,,007002,,,,,Operational,Original
bufr4/3/40/017/57/025126,40,Secuencias adicionales de los informes satelitales,340017,,,025126,,,,,Operational,Original
bufr4/3/40/017/58/025128,40,Secuencias adicionales de los informes satelitales,340017,,,025128,,,,,Operational,Original
bufr4/3/40/017/59/040011,40,Secuencias adicionales de los informes satelitales,340017,,,040011,,,,,Operational,Original
bufr4/3/40/017/38/007002,40,Secuencias adicionales de los informes satelitales,340017,,,007002,,,,,Operational,Original
bufr4/3/40/017/60/011095,40,Secuencias adicionales de los informes satelitales,340017,,,011095,,,,,Operational,Original
bufr4/3/40/017/61/011096,40,Secuencias adicionales de los informes satelitales,340017,,,011096,,,,,Operational,Original
bufr4/3/40/017/62/010088,40,Secuencias adicionales de los informes satelitales,340017,,,010088,,,,,Operational,Original
bufr4/3/40/017/63/010089,40,Secuencias adicionales de los informes satelitales,340017,,,010089,,,,,Operational,Original
bufr4/3/40/017/64/010090,40,Secuencias adicionales de los informes satelitales,340017,,,010090,,,,,Operational,Original
bufr4/3/40/017/65/010092,40,Secuencias adicionales de los informes satelitales,340017,,,010092,,,,,Operational,Original
bufr4/3/40/017/66/010093,40,Secuencias adicionales de los informes satelitales,340017,,,010093,,,,,Operational,Original
bufr4/3/40/017/67/010098,40,Secuencias adicionales de los informes satelitales,340017,,,010098,,,,,Operational,Original
bufr4/3/40/017/68/010099,40,Secuencias adicionales de los informes satelitales,340017,,,010099,,,,,Operational,Original
bufr4/3/40/017/69/010100,40,Secuencias adicionales de los informes satelitales,340017,,,010100,,,,,Operational,Original
bufr4/3/40/017/70/025127,40,Secuencias adicionales de los informes satelitales,340017,,,025127,,,,,Operational,Original
bufr4/3/40/017/71/040014,40,Secuencias adicionales de los informes satelitales,340017,,,040014,,,,,Operational,Original
bufr4/3/40/017/72/010085,40,Secuencias adicionales de los informes satelitales,340017,,,010085,,,,,Operational,Original
bufr4/3/40/017/73/010086,40,Secuencias adicionales de los informes satelitales,340017,,,010086,,,,,Operational,Original
bufr4/3/40/017/74/010096,40,Secuencias adicionales de los informes satelitales,340017,,,010096,,,,,Operational,Original
bufr4/3/40/017/75/010103,40,Secuencias adicionales de los informes satelitales,340017,,,010103,,,,,Operational,Original
bufr4/3/40/017/76/010102,40,Secuencias adicionales de los informes satelitales,340017,,,010102,,,,,Operational,Original
bufr4/3/40/017/77/022080,40,Secuencias adicionales de los informes satelitales,340017,,,022080,,,,,Operational,Original
bufr4/3/40/017/78/008076,40,Secuencias adicionales de los informes satelitales,340017,,,008076,,,,,Operational,Original
bufr4/3/40/017/79/022189,40,Secuencias adicionales de los informes satelitales,340017,,,022189,,,,,Operational,Original
bufr4/3/40/017/80/022191,40,Secuencias adicionales de los informes satelitales,340017,,,022191,,,,,Operational,Original
bufr4/3/40/017/81/022130,40,Secuencias adicionales de los informes satelitales,340017,,,022130,,,,,Operational,Original
bufr4/3/40/017/82/025165,40,Secuencias adicionales de los informes satelitales,340017,,,025165,,,,,Operational,Original
bufr4/3/40/017/83/025166,40,Secuencias adicionales de los informes satelitales,340017,,,025166,,,,,Operational,Original
bufr4/3/40/017/84/025167,40,Secuencias adicionales de los informes satelitales,340017,,,025167,,,,,Operational,Original
bufr4/3/40/017/85/021183,40,Secuencias adicionales de los informes satelitales,340017,,,021183,,,,,Operational,Original
bufr4/3/40/017/86/021184,40,Secuencias adicionales de los informes satelitales,340017,,,021184,,(continúa),,,Operational,Original
bufr4/3/40/017/87/022134,40,Secuencias adicionales de los informes satelitales,340017,,,022134,,,,,Operational,Original
bufr4/3/40/017/88/021122,40,Secuencias adicionales de los informes satelitales,340017,,,021122,,,,,Operational,Original
bufr4/3/40/017/89/022190,40,Secuencias adicionales de los informes satelitales,340017,,,022190,,,,,Operational,Original
bufr4/3/40/017/90/022131,40,Secuencias adicionales de los informes satelitales,340017,,,022131,,,,,Operational,Original
bufr4/3/40/017/91/022132,40,Secuencias adicionales de los informes satelitales,340017,,,022132,,,,,Operational,Original
bufr4/3/40/017/92/022133,40,Secuencias adicionales de los informes satelitales,340017,,,022133,,,,,Operational,Original
bufr4/3/40/017/93/021186,40,Secuencias adicionales de los informes satelitales,340017,,,021186,,,,,Operational,Original
bufr4/3/40/017/94/021187,40,Secuencias adicionales de los informes satelitales,340017,,,021187,,,,,Operational,Original
bufr4/3/40/017/95/021188,40,Secuencias adicionales de los informes satelitales,340017,,,021188,,,,,Operational,Original
bufr4/3/40/017/96/021185,40,Secuencias adicionales de los informes satelitales,340017,,,021185,,,,,Operational,Original
bufr4/3/40/017/97/025112,40,Secuencias adicionales de los informes satelitales,340017,,,025112,,,,,Operational,Original
bufr4/3/40/017/45/025113,40,Secuencias adicionales de los informes satelitales,340017,,,025113,,,,,Operational,Original
bufr4/3/40/017/98/033092,40,Secuencias adicionales de los informes satelitales,340017,,,033092,,,,,Operational,Original
bufr4/3/40/017/78/008076,40,Secuencias adicionales de los informes satelitales,340017,,,008076,,,,,Operational,Original
bufr4/3/40/017/79/022189,40,Secuencias adicionales de los informes satelitales,340017,,,022189,,,,,Operational,Original
bufr4/3/40/017/80/022191,40,Secuencias adicionales de los informes satelitales,340017,,,022191,,,,,Operational,Original
bufr4/3/40/017/81/022130,40,Secuencias adicionales de los informes satelitales,340017,,,022130,,,,,Operational,Original
bufr4/3/40/017/82/025165,40,Secuencias adicionales de los informes satelitales,340017,,,025165,,,,,Operational,Original
bufr4/3/40/017/83/025166,40,Secuencias adicionales de los informes satelitales,340017,,,025166,,,,,Operational,Original
bufr4/3/40/017/84/025167,40,Secuencias adicionales de los informes satelitales,340017,,,025167,,,,,Operational,Original
bufr4/3/40/017/86/021184,40,Secuencias adicionales de los informes satelitales,340017,,,021184,,,,,Operational,Original
bufr4/3/40/017/87/022134,40,Secuencias adicionales de los informes satelitales,340017,,,022134,,,,,Operational,Original
bufr4/3/40/017/88/021122,40,Secuencias adicionales de los informes satelitales,340017,,,021122,,,,,Operational,Original
bufr4/3/40/017/89/022190,40,Secuencias adicionales de los informes satelitales,340017,,,022190,,,,,Operational,Original
bufr4/3/40/017/90/022131,40,Secuencias adicionales de los informes satelitales,340017,,,022131,,,,,Operational,Original
bufr4/3/40/017/91/022132,40,Secuencias adicionales de los informes satelitales,340017,,,022132,,,,,Operational,Original
bufr4/3/40/017/92/022133,40,Secuencias adicionales de los informes satelitales,340017,,,022133,,,,,Operational,Original
bufr4/3/40/017/93/021186,40,Secuencias adicionales de los informes satelitales,340017,,,021186,,,,,Operational,Original
bufr4/3/40/017/94/021187,40,Secuencias adicionales de los informes satelitales,340017,,,021187,,,,,Operational,Original
bufr4/3/40/017/95/021188,40,Secuencias adicionales de los informes satelitales,340017,,,021188,,,,,Operational,Original
bufr4/3/40/017/96/021185,40,Secuencias adicionales de los informes satelitales,340017,,,021185,,,,,Operational,Original
bufr4/3/40/017/97/025112,40,Secuencias adicionales de los informes satelitales,340017,,,025112,I.2 – BUFR Tabla D/40 — 19,(continúa),,,Operational,Original
bufr4/3/40/017/45/025113,40,Secuencias adicionales de los informes satelitales,340017,,,025113,,,,,Operational,Original
bufr4/3/40/017/98/033092,40,Secuencias adicionales de los informes satelitales,340017,,,033092,,,,,Operational,Original
bufr4/3/40/017/47/025190,40,Secuencias adicionales de los informes satelitales,340017,,,025190,,,,,Operational,Original
bufr4/3/40/017/55/011097,40,Secuencias adicionales de los informes satelitales,340017,,,011097,,,,,Operational,Original
bufr4/3/40/017/40/013090,40,Secuencias adicionales de los informes satelitales,340017,,,013090,,,,,Operational,Original
bufr4/3/40/017/41/013091,40,Secuencias adicionales de los informes satelitales,340017,,,013091,,,,,Operational,Original
bufr4/3/40/017/50/021143,40,Secuencias adicionales de los informes satelitales,340017,,,021143,,,,,Operational,Original
bufr4/3/40/017/86/021184,40,Secuencias adicionales de los informes satelitales,340017,,,021184,,,,,Operational,Original
bufr4/3/40/017/58/025128,40,Secuencias adicionales de los informes satelitales,340017,,,025128,,,,,Operational,Original
bufr4/3/40/017/99/025163,40,Secuencias adicionales de los informes satelitales,340017,,,025163,,,,,Operational,Original
bufr4/3/40/017/42/025164,40,Secuencias adicionales de los informes satelitales,340017,,,025164,,,,,Operational,Original
bufr4/3/40/017/76/010102,40,Secuencias adicionales de los informes satelitales,340017,,,010102,,,,,Operational,Original
bufr4/3/40/017/79/022189,40,Secuencias adicionales de los informes satelitales,340017,,,022189,,,,,Operational,Original
bufr4/3/40/017/80/022191,40,Secuencias adicionales de los informes satelitales,340017,,,022191,,,,,Operational,Original
bufr4/3/40/017/81/022130,40,Secuencias adicionales de los informes satelitales,340017,,,022130,,,,,Operational,Original
bufr4/3/40/017/83/025166,40,Secuencias adicionales de los informes satelitales,340017,,,025166,,,,,Operational,Original
bufr4/3/40/017/85/021183,40,Secuencias adicionales de los informes satelitales,340017,,,021183,,,,,Operational,Original
bufr4/3/40/017/86/021184,40,Secuencias adicionales de los informes satelitales,340017,,,021184,,,,,Operational,Original
bufr4/3/40/017/87/022134,40,Secuencias adicionales de los informes satelitales,340017,,,022134,,,,,Operational,Original
bufr4/3/40/017/89/022190,40,Secuencias adicionales de los informes satelitales,340017,,,022190,,,,,Operational,Original
bufr4/3/40/017/90/022131,40,Secuencias adicionales de los informes satelitales,340017,,,022131,,,,,Operational,Original
bufr4/3/40/017/91/022132,40,Secuencias adicionales de los informes satelitales,340017,,,022132,,,,,Operational,Original
bufr4/3/40/017/97/025112,40,Secuencias adicionales de los informes satelitales,340017,,,025112,,,,,Operational,Original
bufr4/3/40/017/45/025113,40,Secuencias adicionales de los informes satelitales,340017,,,025113,,,,,Operational,Original
bufr4/3/40/017/98/033092,40,Secuencias adicionales de los informes satelitales,340017,,,033092,,,,,Operational,Original
bufr4/3/40/017/100/008049,40,Secuencias adicionales de los informes satelitales,340017,,,008049,,,,,Operational,Original
bufr4/3/40/017/77/022080,40,Secuencias adicionales de los informes satelitales,340017,,,022080,,,,,Operational,Original
bufr4/3/40/017/101/134021,40,Secuencias adicionales de los informes satelitales,340017,,,134021,,,,,Operational,Original
bufr4/3/40/017/12/301011,40,Secuencias adicionales de los informes satelitales,340017,,,301011,,,,,Operational,Original
bufr4/3/40/017/13/301013,40,Secuencias adicionales de los informes satelitales,340017,,,301013,,,,,Operational,Original
bufr4/3/40/017/14/004007,40,Secuencias adicionales de los informes satelitales,340017,,,004007,,,,,Operational,Original
bufr4/3/40/017/15/301021,40,Secuencias adicionales de los informes satelitales,340017,,,301021,,,,,Operational,Original
bufr4/3/40/017/19/010081,40,Secuencias adicionales de los informes satelitales,340017,,,010081,,,,,Operational,Original
bufr4/3/40/017/20/010082,40,Secuencias adicionales de los informes satelitales,340017,,,010082,,,,,Operational,Original
bufr4/3/40/017/23/008029,40,Secuencias adicionales de los informes satelitales,340017,,,008029,,,,,Operational,Original
bufr4/3/40/017/24/201137,40,Secuencias adicionales de los informes satelitales,340017,,,201137,Aumentar anchura de datos en 9 bits,,,,Operational,Original
bufr4/3/40/017/25/202129,40,Secuencias adicionales de los informes satelitales,340017,,,202129,Añadir 1 a la escala,,,,Operational,Original
bufr4/3/40/017/26/006021,40,Secuencias adicionales de los informes satelitales,340017,,,006021,,,,,Operational,Original
bufr4/3/40/017/27/202000,40,Secuencias adicionales de los informes satelitales,340017,,,202000,Anular,,,,Operational,Original
bufr4/3/40/017/28/201000,40,Secuencias adicionales de los informes satelitales,340017,,,201000,Anular,(continúa),,,Operational,Original
bufr4/3/40/017/49/025191,40,Secuencias adicionales de los informes satelitales,340017,,,025191,,,,,Operational,Original
bufr4/3/40/017/102/021071,40,Secuencias adicionales de los informes satelitales,340017,,,021071,,,,,Operational,Original
bufr4/3/40/017/72/010085,40,Secuencias adicionales de los informes satelitales,340017,,,010085,,,,,Operational,Original
bufr4/3/40/017/59/040011,40,Secuencias adicionales de los informes satelitales,340017,,,040011,,,,,Operational,Original
bufr4/3/40/017/76/010102,40,Secuencias adicionales de los informes satelitales,340017,,,010102,,,,,Operational,Original
bufr4/3/40/017/79/022189,40,Secuencias adicionales de los informes satelitales,340017,,,022189,,,,,Operational,Original
bufr4/3/40/017/103/022146,40,Secuencias adicionales de los informes satelitales,340017,,,022146,,,,,Operational,Original
bufr4/3/40/017/82/025165,40,Secuencias adicionales de los informes satelitales,340017,,,025165,,,,,Operational,Original
bufr4/3/40/017/84/025167,40,Secuencias adicionales de los informes satelitales,340017,,,025167,,,,,Operational,Original
bufr4/3/40/017/85/021183,40,Secuencias adicionales de los informes satelitales,340017,,,021183,,,,,Operational,Original
bufr4/3/40/017/89/022190,40,Secuencias adicionales de los informes satelitales,340017,,,022190,,,,,Operational,Original
bufr4/3/40/017/92/022133,40,Secuencias adicionales de los informes satelitales,340017,,,022133,,,,,Operational,Original
bufr4/3/40/017/104/021177,40,Secuencias adicionales de los informes satelitales,340017,,,021177,,,,,Operational,Original
bufr4/3/40/017/96/021185,40,Secuencias adicionales de los informes satelitales,340017,,,021185,,,,,Operational,Original
bufr4/3/40/017/99/025163,40,Secuencias adicionales de los informes satelitales,340017,,,025163,,,,,Operational,Original
bufr4/3/40/017/106/202126,40,Secuencias adicionales de los informes satelitales,340017,,,202126,Sustraer 2 bits a la escala,,,,Operational,Original
bufr4/3/40/017/107/022046,40,Secuencias adicionales de los informes satelitales,340017,,,022046,,,,,Operational,Original
bufr4/3/40/017/27/202000,40,Secuencias adicionales de los informes satelitales,340017,,,202000,Anular,,,,Operational,Original
bufr4/3/40/017/108/013117,40,Secuencias adicionales de los informes satelitales,340017,,,013117,,,,,Operational,Original
bufr4/3/40/017/109/013013,40,Secuencias adicionales de los informes satelitales,340017,,,013013,,,,,Operational,Original
bufr4/3/40/017/97/025112,40,Secuencias adicionales de los informes satelitales,340017,,,025112,,,,,Operational,Original
bufr4/3/40/017/98/033092,40,Secuencias adicionales de los informes satelitales,340017,,,033092,,,,,Operational,Original
bufr4/3/40/018/1/301129,40,Secuencias adicionales de los informes satelitales,340018,,,301129,,,,,Operational,Original
bufr4/3/40/018/2/301130,40,Secuencias adicionales de los informes satelitales,340018,,,301130,,,,,Operational,Original
bufr4/3/40/018/3/301131,40,Secuencias adicionales de los informes satelitales,340018,,,301131,,,,,Operational,Original
bufr4/3/40/018/4/007072,40,Secuencias adicionales de los informes satelitales,340018,,,007072,,,,,Operational,Original
bufr4/3/40/018/5/040074,40,Secuencias adicionales de los informes satelitales,340018,,,040074,,,,,Operational,Original
bufr4/3/40/018/6/104000,40,Secuencias adicionales de los informes satelitales,340018,,,104000,Repetir para todos los canales,,,,Operational,Original
bufr4/3/40/018/7/031002,40,Secuencias adicionales de los informes satelitales,340018,,,031002,,,,,Operational,Original
bufr4/3/40/018/8/201136,40,Secuencias adicionales de los informes satelitales,340018,,,201136,,,,,Operational,Original
bufr4/3/40/018/9/005042,40,Secuencias adicionales de los informes satelitales,340018,,,005042,,,,,Operational,Original
bufr4/3/40/018/10/201000,40,Secuencias adicionales de los informes satelitales,340018,,,201000,,,,,Operational,Original
bufr4/3/40/018/11/014044,40,Secuencias adicionales de los informes satelitales,340018,,,014044,,,,,Operational,Original
bufr4/3/40/019/1/340020,40,Secuencias adicionales de los informes satelitales,340019,,,340020,,,,,Operational,Original
bufr4/3/40/019/2/340021,40,Secuencias adicionales de los informes satelitales,340019,,,340021,,,,,Operational,Original
bufr4/3/40/019/3/340022,40,Secuencias adicionales de los informes satelitales,340019,,,340022,,,,,Operational,Original
bufr4/3/40/019/4/340023,40,Secuencias adicionales de los informes satelitales,340019,,,340023,,,,,Operational,Original
bufr4/3/40/020/1/001007,40,Secuencias adicionales de los informes satelitales,340020,,,001007,,,,,Operational,Original
bufr4/3/40/020/2/002019,40,Secuencias adicionales de los informes satelitales,340020,,,002019,I.2 – BUFR Tabla D/40 — 21,(continúa),,,Operational,Original
bufr4/3/40/020/3/005044,40,Secuencias adicionales de los informes satelitales,340020,,,005044,,,,,Operational,Original
bufr4/3/40/020/4/001096,40,Secuencias adicionales de los informes satelitales,340020,,,001096,,,,,Operational,Original
bufr4/3/40/020/5/005040,40,Secuencias adicionales de los informes satelitales,340020,,,005040,,,,,Operational,Original
bufr4/3/40/020/6/001040,40,Secuencias adicionales de los informes satelitales,340020,,,001040,,,,,Operational,Original
bufr4/3/40/020/7/025061,40,Secuencias adicionales de los informes satelitales,340020,,,025061,software,,,,Operational,Original
bufr4/3/40/020/8/025182,40,Secuencias adicionales de los informes satelitales,340020,,,025182,,,,,Operational,Original
bufr4/3/40/020/9/025183,40,Secuencias adicionales de los informes satelitales,340020,,,025183,,,,,Operational,Original
bufr4/3/40/020/10/025181,40,Secuencias adicionales de los informes satelitales,340020,,,025181,,,,,Operational,Original
bufr4/3/40/020/11/025184,40,Secuencias adicionales de los informes satelitales,340020,,,025184,,,,,Operational,Original
bufr4/3/40/020/12/008075,40,Secuencias adicionales de los informes satelitales,340020,,,008075,,,,,Operational,Original
bufr4/3/40/020/13/025090,40,Secuencias adicionales de los informes satelitales,340020,,,025090,,,,,Operational,Original
bufr4/3/40/020/14/301011,40,Secuencias adicionales de los informes satelitales,340020,,,301011,,,,,Operational,Original
bufr4/3/40/020/15/301013,40,Secuencias adicionales de los informes satelitales,340020,,,301013,,,,,Operational,Original
bufr4/3/40/020/16/004007,40,Secuencias adicionales de los informes satelitales,340020,,,004007,,,,,Operational,Original
bufr4/3/40/020/17/301021,40,Secuencias adicionales de los informes satelitales,340020,,,301021,,,,,Operational,Original
bufr4/3/40/020/18/005063,40,Secuencias adicionales de los informes satelitales,340020,,,005063,,,,,Operational,Original
bufr4/3/40/020/19/005064,40,Secuencias adicionales de los informes satelitales,340020,,,005064,,,,,Operational,Original
bufr4/3/40/020/20/005066,40,Secuencias adicionales de los informes satelitales,340020,,,005066,,,,,Operational,Original
bufr4/3/40/020/21/010081,40,Secuencias adicionales de los informes satelitales,340020,,,010081,,,,,Operational,Original
bufr4/3/40/020/22/010082,40,Secuencias adicionales de los informes satelitales,340020,,,010082,,,,,Operational,Original
bufr4/3/40/021/1/040012,40,Secuencias adicionales de los informes satelitales,340021,,,040012,,,,,Operational,Original
bufr4/3/40/021/2/008077,40,Secuencias adicionales de los informes satelitales,340021,,,008077,,,,,Operational,Original
bufr4/3/40/021/3/104000,40,Secuencias adicionales de los informes satelitales,340021,,,104000,,,,,Operational,Original
bufr4/3/40/021/4/031001,40,Secuencias adicionales de los informes satelitales,340021,,,031001,,,,,Operational,Original
bufr4/3/40/021/5/002153,40,Secuencias adicionales de los informes satelitales,340021,,,002153,,,,,Operational,Original
bufr4/3/40/021/6/012063,40,Secuencias adicionales de los informes satelitales,340021,,,012063,,,,,Operational,Original
bufr4/3/40/021/7/012065,40,Secuencias adicionales de los informes satelitales,340021,,,012065,,,,,Operational,Original
bufr4/3/40/021/8/040013,40,Secuencias adicionales de los informes satelitales,340021,,,040013,,,,,Operational,Original
bufr4/3/40/021/9/007002,40,Secuencias adicionales de los informes satelitales,340021,,,007002,,,,,Operational,Original
bufr4/3/40/021/10/011098,40,Secuencias adicionales de los informes satelitales,340021,,,011098,,,,,Operational,Original
bufr4/3/40/022/1/008029,40,Secuencias adicionales de los informes satelitales,340022,,,008029,,,,,Operational,Original
bufr4/3/40/022/2/201137,40,Secuencias adicionales de los informes satelitales,340022,,,201137,,,,,Operational,Original
bufr4/3/40/022/3/202129,40,Secuencias adicionales de los informes satelitales,340022,,,202129,,,,,Operational,Original
bufr4/3/40/022/4/006021,40,Secuencias adicionales de los informes satelitales,340022,,,006021,,,,,Operational,Original
bufr4/3/40/022/5/202000,40,Secuencias adicionales de los informes satelitales,340022,,,202000,,,,,Operational,Original
bufr4/3/40/022/5/202000,40,Secuencias adicionales de los informes satelitales,340022,,,202000,,,,,Operational,Original
bufr4/3/40/022/6/010087,40,Secuencias adicionales de los informes satelitales,340022,,,010087,,,,,Operational,Original
bufr4/3/40/022/7/040024,40,Secuencias adicionales de los informes satelitales,340022,,,040024,,,,,Operational,Original
bufr4/3/40/022/8/007002,40,Secuencias adicionales de los informes satelitales,340022,,,007002,,,,,Operational,Original
bufr4/3/40/022/9/025126,40,Secuencias adicionales de los informes satelitales,340022,,,025126,,,,,Operational,Original
bufr4/3/40/022/10/025128,40,Secuencias adicionales de los informes satelitales,340022,,,025128,,,,,Operational,Original
bufr4/3/40/022/11/040011,40,Secuencias adicionales de los informes satelitales,340022,,,040011,,,,,Operational,Original
bufr4/3/40/022/8/007002,40,Secuencias adicionales de los informes satelitales,340022,,,007002,,,,,Operational,Original
bufr4/3/40/022/12/011095,40,Secuencias adicionales de los informes satelitales,340022,,,011095,,,,,Operational,Original
bufr4/3/40/022/13/011096,40,Secuencias adicionales de los informes satelitales,340022,,,011096,,(continúa),,,Operational,Original
bufr4/3/40/022/14/010088,40,Secuencias adicionales de los informes satelitales,340022,,,010088,,,,,Operational,Original
bufr4/3/40/022/15/010089,40,Secuencias adicionales de los informes satelitales,340022,,,010089,,,,,Operational,Original
bufr4/3/40/022/16/010090,40,Secuencias adicionales de los informes satelitales,340022,,,010090,,,,,Operational,Original
bufr4/3/40/022/17/010092,40,Secuencias adicionales de los informes satelitales,340022,,,010092,,,,,Operational,Original
bufr4/3/40/022/18/010093,40,Secuencias adicionales de los informes satelitales,340022,,,010093,,,,,Operational,Original
bufr4/3/40/022/19/010098,40,Secuencias adicionales de los informes satelitales,340022,,,010098,,,,,Operational,Original
bufr4/3/40/022/20/010099,40,Secuencias adicionales de los informes satelitales,340022,,,010099,,,,,Operational,Original
bufr4/3/40/022/23/010100,40,Secuencias adicionales de los informes satelitales,340022,,,010100,,,,,Operational,Original
bufr4/3/40/022/21/025127,40,Secuencias adicionales de los informes satelitales,340022,,,025127,,,,,Operational,Original
bufr4/3/40/022/22/040014,40,Secuencias adicionales de los informes satelitales,340022,,,040014,,,,,Operational,Original
bufr4/3/40/022/23/001030,40,Secuencias adicionales de los informes satelitales,340022,,,001030,,,,,Operational,Original
bufr4/3/40/022/24/010085,40,Secuencias adicionales de los informes satelitales,340022,,,010085,,,,,Operational,Original
bufr4/3/40/022/23/001030,40,Secuencias adicionales de los informes satelitales,340022,,,001030,,,,,Operational,Original
bufr4/3/40/022/24/010085,40,Secuencias adicionales de los informes satelitales,340022,,,010085,,,,,Operational,Original
bufr4/3/40/022/25/010086,40,Secuencias adicionales de los informes satelitales,340022,,,010086,,,,,Operational,Original
bufr4/3/40/022/26/010096,40,Secuencias adicionales de los informes satelitales,340022,,,010096,,,,,Operational,Original
bufr4/3/40/022/27/010103,40,Secuencias adicionales de los informes satelitales,340022,,,010103,,,,,Operational,Original
bufr4/3/40/022/28/021169,40,Secuencias adicionales de los informes satelitales,340022,,,021169,,,,,Operational,Original
bufr4/3/40/022/29/013055,40,Secuencias adicionales de los informes satelitales,340022,,,013055,,,,,Operational,Original
bufr4/3/40/022/30/025165,40,Secuencias adicionales de los informes satelitales,340022,,,025165,,,,,Operational,Original
bufr4/3/40/023/1/025095,40,Secuencias adicionales de los informes satelitales,340023,,,025095,,,,,Operational,Original
bufr4/3/40/023/2/040023,40,Secuencias adicionales de los informes satelitales,340023,,,040023,,,,,Operational,Original
bufr4/3/40/023/3/008074,40,Secuencias adicionales de los informes satelitales,340023,,,008074,,,,,Operational,Original
bufr4/3/40/023/4/340024,40,Secuencias adicionales de los informes satelitales,340023,,,340024,,,,,Operational,Original
bufr4/3/40/023/4/340024,40,Secuencias adicionales de los informes satelitales,340023,,,340024,,,,,Operational,Original
bufr4/3/40/023/4/340024,40,Secuencias adicionales de los informes satelitales,340023,,,340024,,,,,Operational,Original
bufr4/3/40/023/5/340025,40,Secuencias adicionales de los informes satelitales,340023,,,340025,,,,,Operational,Original
bufr4/3/40/024/1/022080,40,Secuencias adicionales de los informes satelitales,340024,,,022080,,,,,Operational,Original
bufr4/3/40/024/2/008076,40,Secuencias adicionales de los informes satelitales,340024,,,008076,,,,,Operational,Original
bufr4/3/40/024/3/025190,40,Secuencias adicionales de los informes satelitales,340024,,,025190,,,,,Operational,Original
bufr4/3/40/024/4/010102,40,Secuencias adicionales de los informes satelitales,340024,,,010102,,,,,Operational,Original
bufr4/3/40/024/5/022189,40,Secuencias adicionales de los informes satelitales,340024,,,022189,,,,,Operational,Original
bufr4/3/40/024/6/022191,40,Secuencias adicionales de los informes satelitales,340024,,,022191,,,,,Operational,Original
bufr4/3/40/024/7/022130,40,Secuencias adicionales de los informes satelitales,340024,,,022130,,,,,Operational,Original
bufr4/3/40/024/8/025167,40,Secuencias adicionales de los informes satelitales,340024,,,025167,,,,,Operational,Original
bufr4/3/40/024/9/025163,40,Secuencias adicionales de los informes satelitales,340024,,,025163,,,,,Operational,Original
bufr4/3/40/024/10/015012,40,Secuencias adicionales de los informes satelitales,340024,,,015012,,,,,Operational,Original
bufr4/3/40/024/11/025164,40,Secuencias adicionales de los informes satelitales,340024,,,025164,,,,,Operational,Original
bufr4/3/40/024/12/013090,40,Secuencias adicionales de los informes satelitales,340024,,,013090,,,,,Operational,Original
bufr4/3/40/024/13/013091,40,Secuencias adicionales de los informes satelitales,340024,,,013091,,,,,Operational,Original
bufr4/3/40/024/14/025166,40,Secuencias adicionales de los informes satelitales,340024,,,025166,I.2 – BUFR Tabla D/40 — 23,(continúa),,,Operational,Original
bufr4/3/40/024/15/007002,40,Secuencias adicionales de los informes satelitales,340024,,,007002,,,,,Operational,Original
bufr4/3/40/024/16/011097,40,Secuencias adicionales de los informes satelitales,340024,,,011097,,,,,Operational,Original
bufr4/3/40/024/17/021183,40,Secuencias adicionales de los informes satelitales,340024,,,021183,,,,,Operational,Original
bufr4/3/40/024/18/021184,40,Secuencias adicionales de los informes satelitales,340024,,,021184,,,,,Operational,Original
bufr4/3/40/024/19/022134,40,Secuencias adicionales de los informes satelitales,340024,,,022134,,,,,Operational,Original
bufr4/3/40/024/20/021122,40,Secuencias adicionales de los informes satelitales,340024,,,021122,,,,,Operational,Original
bufr4/3/40/024/21/021186,40,Secuencias adicionales de los informes satelitales,340024,,,021186,,,,,Operational,Original
bufr4/3/40/024/22/021187,40,Secuencias adicionales de los informes satelitales,340024,,,021187,,,,,Operational,Original
bufr4/3/40/024/23/021188,40,Secuencias adicionales de los informes satelitales,340024,,,021188,,,,,Operational,Original
bufr4/3/40/024/24/201131,40,Secuencias adicionales de los informes satelitales,340024,,,201131,,,,,Operational,Original
bufr4/3/40/024/25/021185,40,Secuencias adicionales de los informes satelitales,340024,,,021185,,,,,Operational,Original
bufr4/3/40/024/26/201000,40,Secuencias adicionales de los informes satelitales,340024,,,201000,,,,,Operational,Original
bufr4/3/40/024/27/022179,40,Secuencias adicionales de los informes satelitales,340024,,,022179,,,,,Operational,Original
bufr4/3/40/024/28/022131,40,Secuencias adicionales de los informes satelitales,340024,,,022131,,,,,Operational,Original
bufr4/3/40/024/29/022132,40,Secuencias adicionales de los informes satelitales,340024,,,022132,,,,,Operational,Original
bufr4/3/40/024/30/022133,40,Secuencias adicionales de los informes satelitales,340024,,,022133,,,,,Operational,Original
bufr4/3/40/024/31/021144,40,Secuencias adicionales de los informes satelitales,340024,,,021144,,,,,Operational,Original
bufr4/3/40/024/32/025191,40,Secuencias adicionales de los informes satelitales,340024,,,025191,,,,,Operational,Original
bufr4/3/40/024/33/021143,40,Secuencias adicionales de los informes satelitales,340024,,,021143,,,,,Operational,Original
bufr4/3/40/024/34/010101,40,Secuencias adicionales de los informes satelitales,340024,,,010101,,,,,Operational,Original
bufr4/3/40/024/35/025112,40,Secuencias adicionales de los informes satelitales,340024,,,025112,,,,,Operational,Original
bufr4/3/40/024/36/025113,40,Secuencias adicionales de los informes satelitales,340024,,,025113,,,,,Operational,Original
bufr4/3/40/024/37/033092,40,Secuencias adicionales de los informes satelitales,340024,,,033092,,,,,Operational,Original
bufr4/3/40/025/1/008049,40,Secuencias adicionales de los informes satelitales,340025,,,008049,,,,,Operational,Original
bufr4/3/40/025/2/022080,40,Secuencias adicionales de los informes satelitales,340025,,,022080,,,,,Operational,Original
bufr4/3/40/025/3/008076,40,Secuencias adicionales de los informes satelitales,340025,,,008076,,,,,Operational,Original
bufr4/3/40/025/4/025190,40,Secuencias adicionales de los informes satelitales,340025,,,025190,,,,,Operational,Original
bufr4/3/40/025/5/146021,40,Secuencias adicionales de los informes satelitales,340025,,,146021,,,,,Operational,Original
bufr4/3/40/025/6/301011,40,Secuencias adicionales de los informes satelitales,340025,,,301011,,,,,Operational,Original
bufr4/3/40/025/7/301013,40,Secuencias adicionales de los informes satelitales,340025,,,301013,,,,,Operational,Original
bufr4/3/40/025/8/004007,40,Secuencias adicionales de los informes satelitales,340025,,,004007,,,,,Operational,Original
bufr4/3/40/025/9/301021,40,Secuencias adicionales de los informes satelitales,340025,,,301021,,,,,Operational,Original
bufr4/3/40/025/10/010081,40,Secuencias adicionales de los informes satelitales,340025,,,010081,,,,,Operational,Original
bufr4/3/40/025/11/010082,40,Secuencias adicionales de los informes satelitales,340025,,,010082,,,,,Operational,Original
bufr4/3/40/025/12/008029,40,Secuencias adicionales de los informes satelitales,340025,,,008029,,,,,Operational,Original
bufr4/3/40/025/13/201137,40,Secuencias adicionales de los informes satelitales,340025,,,201137,,,,,Operational,Original
bufr4/3/40/025/14/202129,40,Secuencias adicionales de los informes satelitales,340025,,,202129,,,,,Operational,Original
bufr4/3/40/025/15/006021,40,Secuencias adicionales de los informes satelitales,340025,,,006021,,(continúa),,,Operational,Original
bufr4/3/40/025/16/202000,40,Secuencias adicionales de los informes satelitales,340025,,,202000,,,,,Operational,Original
bufr4/3/40/025/17/201000,40,Secuencias adicionales de los informes satelitales,340025,,,201000,,,,,Operational,Original
bufr4/3/40/025/18/025191,40,Secuencias adicionales de los informes satelitales,340025,,,025191,,,,,Operational,Original
bufr4/3/40/025/19/021071,40,Secuencias adicionales de los informes satelitales,340025,,,021071,,,,,Operational,Original
bufr4/3/40/025/20/001030,40,Secuencias adicionales de los informes satelitales,340025,,,001030,,,,,Operational,Original
bufr4/3/40/025/21/010085,40,Secuencias adicionales de los informes satelitales,340025,,,010085,,,,,Operational,Original
bufr4/3/40/025/20/001030,40,Secuencias adicionales de los informes satelitales,340025,,,001030,,,,,Operational,Original
bufr4/3/40/025/21/010085,40,Secuencias adicionales de los informes satelitales,340025,,,010085,,,,,Operational,Original
bufr4/3/40/025/22/040011,40,Secuencias adicionales de los informes satelitales,340025,,,040011,,,,,Operational,Original
bufr4/3/40/025/23/010088,40,Secuencias adicionales de los informes satelitales,340025,,,010088,,,,,Operational,Original
bufr4/3/40/025/24/010089,40,Secuencias adicionales de los informes satelitales,340025,,,010089,,,,,Operational,Original
bufr4/3/40/025/25/025164,40,Secuencias adicionales de los informes satelitales,340025,,,025164,,,,,Operational,Original
bufr4/3/40/025/26/007002,40,Secuencias adicionales de los informes satelitales,340025,,,007002,,,,,Operational,Original
bufr4/3/40/025/27/025126,40,Secuencias adicionales de los informes satelitales,340025,,,025126,,,,,Operational,Original
bufr4/3/40/025/28/025128,40,Secuencias adicionales de los informes satelitales,340025,,,025128,,,,,Operational,Original
bufr4/3/40/025/29/010102,40,Secuencias adicionales de los informes satelitales,340025,,,010102,,,,,Operational,Original
bufr4/3/40/025/30/022189,40,Secuencias adicionales de los informes satelitales,340025,,,022189,,,,,Operational,Original
bufr4/3/40/025/31/025167,40,Secuencias adicionales de los informes satelitales,340025,,,025167,,,,,Operational,Original
bufr4/3/40/025/32/025163,40,Secuencias adicionales de los informes satelitales,340025,,,025163,,,,,Operational,Original
bufr4/3/40/025/33/021183,40,Secuencias adicionales de los informes satelitales,340025,,,021183,,,,,Operational,Original
bufr4/3/40/025/34/201131,40,Secuencias adicionales de los informes satelitales,340025,,,201131,,,,,Operational,Original
bufr4/3/40/025/35/021185,40,Secuencias adicionales de los informes satelitales,340025,,,021185,,,,,Operational,Original
bufr4/3/40/025/17/201000,40,Secuencias adicionales de los informes satelitales,340025,,,201000,,,,,Operational,Original
bufr4/3/40/025/36/022179,40,Secuencias adicionales de los informes satelitales,340025,,,022179,,,,,Operational,Original
bufr4/3/40/025/37/022133,40,Secuencias adicionales de los informes satelitales,340025,,,022133,,,,,Operational,Original
bufr4/3/40/025/38/022146,40,Secuencias adicionales de los informes satelitales,340025,,,022146,,,,,Operational,Original
bufr4/3/40/025/39/021189,40,Secuencias adicionales de los informes satelitales,340025,,,021189,,,,,Operational,Original
bufr4/3/40/025/40/013163,40,Secuencias adicionales de los informes satelitales,340025,,,013163,,,,,Operational,Original
bufr4/3/40/025/41/202126,40,Secuencias adicionales de los informes satelitales,340025,,,202126,,,,,Operational,Original
bufr4/3/40/025/42/022046,40,Secuencias adicionales de los informes satelitales,340025,,,022046,,,,,Operational,Original
bufr4/3/40/025/16/202000,40,Secuencias adicionales de los informes satelitales,340025,,,202000,,,,,Operational,Original
bufr4/3/40/025/43/013117,40,Secuencias adicionales de los informes satelitales,340025,,,013117,,,,,Operational,Original
bufr4/3/40/025/44/013013,40,Secuencias adicionales de los informes satelitales,340025,,,013013,,,,,Operational,Original
bufr4/3/40/025/45/025112,40,Secuencias adicionales de los informes satelitales,340025,,,025112,,,,,Operational,Original
bufr4/3/40/025/46/025113,40,Secuencias adicionales de los informes satelitales,340025,,,025113,,,,,Operational,Original
bufr4/3/40/025/47/033092,40,Secuencias adicionales de los informes satelitales,340025,,,033092,I.2 – BUFR Tabla D/40 — 25,(continúa),,,Operational,Original
