Id,Category,CategoryOfSequences_es,FXY1,Title_es,SubTitle_es,FXY2,ElementName_es,ElementDescription_es,Note_es,noteIDs,Status,translated_by
bufr4/3/09/001/1/301037,09,Secuencias de los sondeos verticales (datos convencionales),309001,(Perfil vertical del viento),,301037,"Identificación, etc. Estación terrestre de sondeos verticales",,,,Operational,Original
bufr4/3/09/001/2/101000,09,Secuencias de los sondeos verticales (datos convencionales),309001,(Perfil vertical del viento),,101000,Repetición diferida de 1 descriptor,,,,Operational,Original
bufr4/3/09/001/3/031001,09,Secuencias de los sondeos verticales (datos convencionales),309001,(Perfil vertical del viento),,031001,Factor de repetición diferida del descriptor,,,,Operational,Original
bufr4/3/09/001/4/303011,09,Secuencias de los sondeos verticales (datos convencionales),309001,(Perfil vertical del viento),,303011,Viento en altura (Perfil vertical del viento),,,,Operational,Original
bufr4/3/09/002/1/301038,09,Secuencias de los sondeos verticales (datos convencionales),309002,"(estación terrestre, posición con gran exactitud)",,301038,"Identificación, etc. Estación terrestre de sondeos verticales",,,,Operational,Original
bufr4/3/09/002/2/101000,09,Secuencias de los sondeos verticales (datos convencionales),309002,"(estación terrestre, posición con gran exactitud)",,101000,Repetición diferida de 1 descriptor,,,,Operational,Original
bufr4/3/09/002/3/031001,09,Secuencias de los sondeos verticales (datos convencionales),309002,"(estación terrestre, posición con gran exactitud)",,031001,Factor de repetición diferida del descriptor,,,,Operational,Original
bufr4/3/09/002/4/303011,09,Secuencias de los sondeos verticales (datos convencionales),309002,"(estación terrestre, posición con gran exactitud)",,303011,Viento en altura (Perfil vertical del viento),,,,Operational,Original
bufr4/3/09/003/1/301037,09,Secuencias de los sondeos verticales (datos convencionales),309003,"(estación terrestre, posición con exactitud aproximada)",,301037,"Identificación, etc. Estación terrestre de sondeos verticales",,,,Operational,Original
bufr4/3/09/003/2/101000,09,Secuencias de los sondeos verticales (datos convencionales),309003,"(estación terrestre, posición con exactitud aproximada)",,101000,Repetición diferida de 1 descriptor,,,,Operational,Original
bufr4/3/09/003/3/031001,09,Secuencias de los sondeos verticales (datos convencionales),309003,"(estación terrestre, posición con exactitud aproximada)",,031001,Factor de repetición diferida del descriptor,,,,Operational,Original
bufr4/3/09/003/4/303012,09,Secuencias de los sondeos verticales (datos convencionales),309003,"(estación terrestre, posición con exactitud aproximada)",,303012,Viento al nivel de la presión (Perfil vertical del viento),,,,Operational,Original
bufr4/3/09/004/1/301038,09,Secuencias de los sondeos verticales (datos convencionales),309004,"(estación terrestre, posición con gran exactitud)",,301038,"Identificación, etc. Estación terrestre de sondeos verticales",,,,Operational,Original
bufr4/3/09/004/2/101000,09,Secuencias de los sondeos verticales (datos convencionales),309004,"(estación terrestre, posición con gran exactitud)",,101000,Repetición diferida de 1 descriptor,,,,Operational,Original
bufr4/3/09/004/3/031001,09,Secuencias de los sondeos verticales (datos convencionales),309004,"(estación terrestre, posición con gran exactitud)",,031001,Factor de repetición diferida del descriptor,,,,Operational,Original
bufr4/3/09/004/4/303012,09,Secuencias de los sondeos verticales (datos convencionales),309004,"(estación terrestre, posición con gran exactitud)",,303012,Viento al nivel de la presión (Sondeo vertical con humedad relativa),,,,Operational,Original
bufr4/3/09/005/1/301037,09,Secuencias de los sondeos verticales (datos convencionales),309005,"(estación terrestre, posición con exactitud aproximada)",,301037,"Identificación, etc. Estación terrestre de sondeos verticales (estación terrestre, posición con gran exactitud)",,,,Operational,Original
bufr4/3/09/005/2/302004,09,Secuencias de los sondeos verticales (datos convencionales),309005,"(estación terrestre, posición con exactitud aproximada)",,302004,Cubierta de nubes Información general sobre nubes significativa,,,,Operational,Original
bufr4/3/09/005/3/101000,09,Secuencias de los sondeos verticales (datos convencionales),309005,"(estación terrestre, posición con exactitud aproximada)",,101000,Repetición diferida de 1 descriptor,,,,Operational,Original
bufr4/3/09/005/4/031001,09,Secuencias de los sondeos verticales (datos convencionales),309005,"(estación terrestre, posición con exactitud aproximada)",,031001,Factor de repetición diferida del descriptor,,,,Operational,Original
bufr4/3/09/005/5/303013,09,Secuencias de los sondeos verticales (datos convencionales),309005,"(estación terrestre, posición con exactitud aproximada)",,303013,"Geopotencial, temperatura, humedad, viento a nivel de la presión",,,,Operational,Original
bufr4/3/09/006/1/301038,09,Secuencias de los sondeos verticales (datos convencionales),309006,(Sondeo vertical con humedad relativa),,301038,"Identificación, etc. Estación terrestre de sondeos verticales",,,,Operational,Original
bufr4/3/09/006/2/302004,09,Secuencias de los sondeos verticales (datos convencionales),309006,(Sondeo vertical con humedad relativa),,302004,Cubierta de nubes Información general sobre nubes significativa,,,,Operational,Original
bufr4/3/09/006/3/101000,09,Secuencias de los sondeos verticales (datos convencionales),309006,(Sondeo vertical con humedad relativa),,101000,Repetición diferida de 1 descriptor,,,,Operational,Original
bufr4/3/09/006/4/031001,09,Secuencias de los sondeos verticales (datos convencionales),309006,(Sondeo vertical con humedad relativa),,031001,Factor de repetición diferida del descriptor,,,,Operational,Original
bufr4/3/09/006/5/303013,09,Secuencias de los sondeos verticales (datos convencionales),309006,(Sondeo vertical con humedad relativa),,303013,"Geopotencial, temperatura, humedad, viento a nivel de la presión (Sondeo vertical con datos de punto de rocío)",,,,Operational,Original
bufr4/3/09/007/1/301037,09,Secuencias de los sondeos verticales (datos convencionales),309007,"(estación terrestre, posición con exactitud aproximada)",,301037,"Identificación, etc. Estación terrestre de sondeos verticales",,,,Operational,Original
bufr4/3/09/007/2/302004,09,Secuencias de los sondeos verticales (datos convencionales),309007,"(estación terrestre, posición con exactitud aproximada)",,302004,Cubierta de nubes Información general sobre nubes significativa,,,,Operational,Original
bufr4/3/09/007/3/101000,09,Secuencias de los sondeos verticales (datos convencionales),309007,"(estación terrestre, posición con exactitud aproximada)",,101000,Repetición diferida de 1 descriptor,,,,Operational,Original
bufr4/3/09/007/4/031001,09,Secuencias de los sondeos verticales (datos convencionales),309007,"(estación terrestre, posición con exactitud aproximada)",,031001,Factor de repetición diferida del descriptor,,,,Operational,Original
bufr4/3/09/007/5/303014,09,Secuencias de los sondeos verticales (datos convencionales),309007,"(estación terrestre, posición con exactitud aproximada)",,303014,"Geopotencial, temperatura, temperatura del punto de rocío, viento a nivel de la presión (Sondeo vertical con datos de punto de rocío)",,,,Operational,Original
bufr4/3/09/008/1/301038,09,Secuencias de los sondeos verticales (datos convencionales),309008,"(estación terrestre, posición con gran exactitud)",,301038,"Identificación, etc. Estación terrestre de sondeos verticales",,,,Operational,Original
bufr4/3/09/008/2/302004,09,Secuencias de los sondeos verticales (datos convencionales),309008,"(estación terrestre, posición con gran exactitud)",,302004,Cubierta de nubes Información general sobre nubes significativa,,,,Operational,Original
bufr4/3/09/008/3/101000,09,Secuencias de los sondeos verticales (datos convencionales),309008,"(estación terrestre, posición con gran exactitud)",,101000,Repetición diferida de 1 descriptor,,,,Operational,Original
bufr4/3/09/008/4/031001,09,Secuencias de los sondeos verticales (datos convencionales),309008,"(estación terrestre, posición con gran exactitud)",,031001,Factor de repetición diferida del descriptor,,,,Operational,Original
bufr4/3/09/008/5/303014,09,Secuencias de los sondeos verticales (datos convencionales),309008,"(estación terrestre, posición con gran exactitud)",,303014,"Geopotencial, temperatura, temperatura del punto de rocío, viento a nivel de la presión (Perfil vertical del viento)",,,,Operational,Original
bufr4/3/09/011/1/301039,09,Secuencias de los sondeos verticales (datos convencionales),309011,"(estación terrestre, posición con precisión aproximada)",,301039,"Identificación del Buque para sondeos verticales buque, etc.",,,,Operational,Original
bufr4/3/09/011/2/101000,09,Secuencias de los sondeos verticales (datos convencionales),309011,"(estación terrestre, posición con precisión aproximada)",,101000,Repetición diferida de 1 descriptor,,,,Operational,Original
bufr4/3/09/011/3/031001,09,Secuencias de los sondeos verticales (datos convencionales),309011,"(estación terrestre, posición con precisión aproximada)",,031001,Factor de repetición diferida del descriptor,,,,Operational,Original
bufr4/3/09/011/4/303011,09,Secuencias de los sondeos verticales (datos convencionales),309011,"(estación terrestre, posición con precisión aproximada)",,303011,Viento en altura,,,,Operational,Original
bufr4/3/09/012/1/301039,09,Secuencias de los sondeos verticales (datos convencionales),309012,(Perfil vertical del viento),,301039,"Identificación del Buque para sondeos verticales buque, etc.",,,,Operational,Original
bufr4/3/09/012/2/101000,09,Secuencias de los sondeos verticales (datos convencionales),309012,(Perfil vertical del viento),,101000,Repetición diferida de 1 descriptor,,,,Operational,Original
bufr4/3/09/012/3/031001,09,Secuencias de los sondeos verticales (datos convencionales),309012,(Perfil vertical del viento),,031001,Factor de repetición diferida del descriptor,,,,Operational,Original
bufr4/3/09/012/4/303012,09,Secuencias de los sondeos verticales (datos convencionales),309012,(Perfil vertical del viento),,303012,Viento a nivel de la presión,,,,Operational,Original
bufr4/3/09/013/1/301039,09,Secuencias de los sondeos verticales (datos convencionales),309013,(Sondeo vertical con humedad relativa),,301039,"Identificación del Buque para sondeos verticales buque, etc.",,,,Operational,Original
bufr4/3/09/013/2/302004,09,Secuencias de los sondeos verticales (datos convencionales),309013,(Sondeo vertical con humedad relativa),,302004,Cubierta de nubes Información general sobre nubes significativa,,,,Operational,Original
bufr4/3/09/013/3/101000,09,Secuencias de los sondeos verticales (datos convencionales),309013,(Sondeo vertical con humedad relativa),,101000,Repetición diferida de 1 descriptor,,,,Operational,Original
bufr4/3/09/013/4/031001,09,Secuencias de los sondeos verticales (datos convencionales),309013,,,031001,Factor de repetición diferida del descriptor,,,,Operational,Original
bufr4/3/09/013/5/303013,09,Secuencias de los sondeos verticales (datos convencionales),309013,,,303013,"Geopotencial, temperatura, humedad, viento a nivel de la presión",,,,Operational,Original
bufr4/3/09/014/1/301039,09,Secuencias de los sondeos verticales (datos convencionales),309014,(Sondeo vertical con datos de punto de rocío),,301039,"Identificación del Buque para sondeos verticales buque, etc.",,,,Operational,Original
bufr4/3/09/014/2/302004,09,Secuencias de los sondeos verticales (datos convencionales),309014,(Sondeo vertical con datos de punto de rocío),,302004,Cubierta de nubes Información general sobre nubes significativa,,,,Operational,Original
bufr4/3/09/014/3/101000,09,Secuencias de los sondeos verticales (datos convencionales),309014,(Sondeo vertical con datos de punto de rocío),,101000,Repetición diferida de 1 descriptor,,,,Operational,Original
bufr4/3/09/014/4/031001,09,Secuencias de los sondeos verticales (datos convencionales),309014,(Sondeo vertical con datos de punto de rocío),,031001,Factor de repetición diferida del descriptor,,,,Operational,Original
bufr4/3/09/014/5/303014,09,Secuencias de los sondeos verticales (datos convencionales),309014,(Sondeo vertical con datos de punto de rocío),,303014,"Geopotencial, temperatura, temperatura del punto de rocío, viento a nivel de la presión",,,,Operational,Original
bufr4/3/09/015/1/301040,09,Secuencias de los sondeos verticales (datos convencionales),309015,(Perfil vertical del viento),,301040,"Identificación del Buque para sondeos verticales buque, etc.",,,,Operational,Original
bufr4/3/09/015/2/101000,09,Secuencias de los sondeos verticales (datos convencionales),309015,(Perfil vertical del viento),,101000,Repetición diferida de 1 descriptor,,,,Operational,Original
bufr4/3/09/015/3/031001,09,Secuencias de los sondeos verticales (datos convencionales),309015,(Perfil vertical del viento),,031001,Factor de repetición diferida del descriptor,,,,Operational,Original
bufr4/3/09/015/4/303011,09,Secuencias de los sondeos verticales (datos convencionales),309015,(Perfil vertical del viento),,303011,Viento en altura,,,,Operational,Original
bufr4/3/09/016/1/301040,09,Secuencias de los sondeos verticales (datos convencionales),309016,(Perfil vertical del viento),,301040,"Identificación del Buque para sondeos verticales buque, etc.",,,,Operational,Original
bufr4/3/09/016/2/101000,09,Secuencias de los sondeos verticales (datos convencionales),309016,(Perfil vertical del viento),,101000,Repetición diferida de 1 descriptor,,,,Operational,Original
bufr4/3/09/016/3/031001,09,Secuencias de los sondeos verticales (datos convencionales),309016,(Perfil vertical del viento),,031001,Factor de repetición diferida del descriptor,,,,Operational,Original
bufr4/3/09/016/4/303012,09,Secuencias de los sondeos verticales (datos convencionales),309016,(Perfil vertical del viento),,303012,Viento a nivel de la presión,,,,Operational,Original
bufr4/3/09/017/1/301040,09,Secuencias de los sondeos verticales (datos convencionales),309017,(Sondeo vertical con humedad relativa),,301040,"Identificación del Buque para sondeos verticales buque, etc.",,,,Operational,Original
bufr4/3/09/017/2/302004,09,Secuencias de los sondeos verticales (datos convencionales),309017,(Sondeo vertical con humedad relativa),,302004,Cubierta de nubes Información general sobre nubes significativa,,,,Operational,Original
bufr4/3/09/017/3/101000,09,Secuencias de los sondeos verticales (datos convencionales),309017,(Sondeo vertical con humedad relativa),,101000,Repetición diferida de 1 descriptor,,,,Operational,Original
bufr4/3/09/017/4/031001,09,Secuencias de los sondeos verticales (datos convencionales),309017,(Sondeo vertical con humedad relativa),,031001,Factor de repetición diferida del descriptor,,,,Operational,Original
bufr4/3/09/017/5/303013,09,Secuencias de los sondeos verticales (datos convencionales),309017,(Sondeo vertical con humedad relativa),,303013,"Geopotencial, temperatura, humedad, viento a nivel de la presión",,,,Operational,Original
bufr4/3/09/018/1/301040,09,Secuencias de los sondeos verticales (datos convencionales),309018,,,301040,"(Sondeo vertical con datos de punto de rocío) Identificación del Buque para sondeos verticales buque, etc.",,,,Operational,Original
bufr4/3/09/018/2/302004,09,Secuencias de los sondeos verticales (datos convencionales),309018,,,302004,Cubierta de nubes Información general sobre nubes significativa,,,,Operational,Original
bufr4/3/09/018/3/101000,09,Secuencias de los sondeos verticales (datos convencionales),309018,,,101000,Repetición diferida de 1 descriptor,,,,Operational,Original
bufr4/3/09/018/4/031001,09,Secuencias de los sondeos verticales (datos convencionales),309018,,,031001,Factor de repetición diferida del descriptor,,,,Operational,Original
bufr4/3/09/018/5/303014,09,Secuencias de los sondeos verticales (datos convencionales),309018,,,303014,"Geopotencial, temperatura, temperatura del punto de rocío, viento a nivel de la presión",,,,Operational,Original
bufr4/3/09/019/1/301031,09,Secuencias de los sondeos verticales (datos convencionales),309019,(Perfilador del viento — sondeo de datos sobre el viento),,301031,"Identificación y tipo de estación, fecha/hora, posición (gran exactitud), altura de la estación",,,,Operational,Original
bufr4/3/09/019/2/002003,09,Secuencias de los sondeos verticales (datos convencionales),309019,(Perfilador del viento — sondeo de datos sobre el viento),,002003,Tipo de instrumentos de medición utilizados,,,,Operational,Original
bufr4/3/09/019/3/101000,09,Secuencias de los sondeos verticales (datos convencionales),309019,(Perfilador del viento — sondeo de datos sobre el viento),,101000,Repetición diferida de 1 descriptor,,,,Operational,Original
bufr4/3/09/019/4/031001,09,Secuencias de los sondeos verticales (datos convencionales),309019,(Perfilador del viento — sondeo de datos sobre el viento),,031001,Factor de repetición diferida del descriptor,,,,Operational,Original
bufr4/3/09/019/5/303011,09,Secuencias de los sondeos verticales (datos convencionales),309019,(Perfilador del viento — sondeo de datos sobre el viento),,303011,Viento en altura,,,,Operational,Original
bufr4/3/09/020/1/301031,09,Secuencias de los sondeos verticales (datos convencionales),309020,(Perfilador del viento — coordenadas cartesianas),,301031,"Identificación y tipo de estación, fecha/hora, posición (gran exactitud), altura de la estación",,,,Operational,Original
bufr4/3/09/020/2/002003,09,Secuencias de los sondeos verticales (datos convencionales),309020,(Perfilador del viento — coordenadas cartesianas),,002003,Tipo de instrumentos de medición utilizados,,,,Operational,Original
bufr4/3/09/020/3/104000,09,Secuencias de los sondeos verticales (datos convencionales),309020,(Perfilador del viento — coordenadas cartesianas),,104000,Repetición diferida de 4 descriptores,,,,Operational,Original
bufr4/3/09/020/4/031001,09,Secuencias de los sondeos verticales (datos convencionales),309020,(Perfilador del viento — coordenadas cartesianas),,031001,Factor de repetición diferida del descriptor,,,,Operational,Original
bufr4/3/09/020/5/007003,09,Secuencias de los sondeos verticales (datos convencionales),309020,(Perfilador del viento — coordenadas cartesianas),,007003,Geopotencial,,,,Operational,Original
bufr4/3/09/020/6/011003,09,Secuencias de los sondeos verticales (datos convencionales),309020,(Perfilador del viento — coordenadas cartesianas),,011003,Componente u,,,,Operational,Original
bufr4/3/09/020/7/011004,09,Secuencias de los sondeos verticales (datos convencionales),309020,(Perfilador del viento — coordenadas cartesianas),,011004,Componente v,,,,Operational,Original
bufr4/3/09/020/8/011005,09,Secuencias de los sondeos verticales (datos convencionales),309020,(Perfilador del viento — coordenadas cartesianas),,011005,Componente w,,,,Operational,Original
bufr4/3/09/021/1/301001,09,Secuencias de los sondeos verticales (datos convencionales),309021,(Datos de viento obtenidos por perfilador de viento con una sola longitud de onda (datos de producto)) (Véase la nota 20),,301001,Número de bloque y de estación de la OMM,,,,Operational,Original
bufr4/3/09/021/2/005001,09,Secuencias de los sondeos verticales (datos convencionales),309021,(Datos de viento obtenidos por perfilador de viento con una sola longitud de onda (datos de producto)) (Véase la nota 20),,005001,Latitud (gran exactitud),,,,Operational,Original
bufr4/3/09/021/3/006001,09,Secuencias de los sondeos verticales (datos convencionales),309021,(Datos de viento obtenidos por perfilador de viento con una sola longitud de onda (datos de producto)) (Véase la nota 20),,006001,Longitud (gran exactitud),,,,Operational,Original
bufr4/3/09/021/4/007030,09,Secuencias de los sondeos verticales (datos convencionales),309021,(Datos de viento obtenidos por perfilador de viento con una sola longitud de onda (datos de producto)) (Véase la nota 20),,007030,Altura del suelo de la estación sobre el nivel medio del mar,,,,Operational,Original
bufr4/3/09/021/5/301014,09,Secuencias de los sondeos verticales (datos convencionales),309021,(Datos de viento obtenidos por perfilador de viento con una sola longitud de onda (datos de producto)) (Véase la nota 20),,301014,Período de tiempo,,,,Operational,Original
bufr4/3/09/021/6/002003,09,Secuencias de los sondeos verticales (datos convencionales),309021,(Datos de viento obtenidos por perfilador de viento con una sola longitud de onda (datos de producto)) (Véase la nota 20),,002003,Tipo de instrumentos de medición utilizados,,,,Operational,Original
bufr4/3/09/021/7/002121,09,Secuencias de los sondeos verticales (datos convencionales),309021,(Datos de viento obtenidos por perfilador de viento con una sola longitud de onda (datos de producto)) (Véase la nota 20),,002121,Frecuencia media,,,,Operational,Original
bufr4/3/09/021/8/112000,09,Secuencias de los sondeos verticales (datos convencionales),309021,(Datos de viento obtenidos por perfilador de viento con una sola longitud de onda (datos de producto)) (Véase la nota 20),,112000,Repetición diferida de 12 descriptores,,,,Operational,Original
bufr4/3/09/021/9/031001,09,Secuencias de los sondeos verticales (datos convencionales),309021,(Datos de viento obtenidos por perfilador de viento con una sola longitud de onda (datos de producto)) (Véase la nota 20),,031001,Factor de repetición diferida del descriptor,,,,Operational,Original
bufr4/3/09/021/10/007007,09,Secuencias de los sondeos verticales (datos convencionales),309021,(Datos de viento obtenidos por perfilador de viento con una sola longitud de onda (datos de producto)) (Véase la nota 20),,007007,Altura,,,,Operational,Original
bufr4/3/09/021/11/301021,09,Secuencias de los sondeos verticales (datos convencionales),309021,(Datos de viento obtenidos por perfilador de viento con una sola longitud de onda (datos de producto)) (Véase la nota 20),,301021,Latitud/longitud (gran exactitud),,,,Operational,Original
bufr4/3/09/021/12/011003,09,Secuencias de los sondeos verticales (datos convencionales),309021,(Datos de viento obtenidos por perfilador de viento con una sola longitud de onda (datos de producto)) (Véase la nota 20),,011003,Componente u,,,,Operational,Original
bufr4/3/09/021/13/011110,09,Secuencias de los sondeos verticales (datos convencionales),309021,(Datos de viento obtenidos por perfilador de viento con una sola longitud de onda (datos de producto)) (Véase la nota 20),,011110,Incertidumbre en el componente u,,,,Operational,Original
bufr4/3/09/021/14/011004,09,Secuencias de los sondeos verticales (datos convencionales),309021,(Datos de viento obtenidos por perfilador de viento con una sola longitud de onda (datos de producto)) (Véase la nota 20),,011004,Componente v,,,,Operational,Original
bufr4/3/09/021/15/011111,09,Secuencias de los sondeos verticales (datos convencionales),309021,(Datos de viento obtenidos por perfilador de viento con una sola longitud de onda (datos de producto)) (Véase la nota 20),,011111,Incertidumbre en el componente v,,,,Operational,Original
bufr4/3/09/021/16/033002,09,Secuencias de los sondeos verticales (datos convencionales),309021,(Datos de viento obtenidos por perfilador de viento con una sola longitud de onda (datos de producto)) (Véase la nota 20),,033002,Información sobre la calidad,,,,Operational,Original
bufr4/3/09/021/17/011006,09,Secuencias de los sondeos verticales (datos convencionales),309021,(Datos de viento obtenidos por perfilador de viento con una sola longitud de onda (datos de producto)) (Véase la nota 20),,011006,Componente w,,,,Operational,Original
bufr4/3/09/021/18/011112,09,Secuencias de los sondeos verticales (datos convencionales),309021,(Datos de viento obtenidos por perfilador de viento con una sola longitud de onda (datos de producto)) (Véase la nota 20),,011112,Incertidumbre en el componente w,,,,Operational,Original
bufr4/3/09/021/19/033002,09,Secuencias de los sondeos verticales (datos convencionales),309021,(Datos de viento obtenidos por perfilador de viento con una sola longitud de onda (datos de producto)) (Véase la nota 20),,033002,Información sobre la calidad,,,,Operational,Original
bufr4/3/09/021/20/010071,09,Secuencias de los sondeos verticales (datos convencionales),309021,(Datos de viento obtenidos por perfilador de viento con una sola longitud de onda (datos de producto)) (Véase la nota 20),,010071,Resolución vertical,,,,Operational,Original
bufr4/3/09/021/21/027079,09,Secuencias de los sondeos verticales (datos convencionales),309021,(Datos de viento obtenidos por perfilador de viento con una sola longitud de onda (datos de producto)) (Véase la nota 20),,027079,Anchura horizontal del volumen de muestra,,,,Operational,Original
bufr4/3/09/022/1/301001,09,Secuencias de los sondeos verticales (datos convencionales),309022,(Temperatura virtual obtenida por sondeo radioacústico (datos de productos)) (Véase la nota 20),,301001,Número de bloque y de estación de la OMM,,,,Operational,Original
bufr4/3/09/022/2/005001,09,Secuencias de los sondeos verticales (datos convencionales),309022,(Temperatura virtual obtenida por sondeo radioacústico (datos de productos)) (Véase la nota 20),,005001,Latitud (gran exactitud),,,,Operational,Original
bufr4/3/09/022/3/006001,09,Secuencias de los sondeos verticales (datos convencionales),309022,(Temperatura virtual obtenida por sondeo radioacústico (datos de productos)) (Véase la nota 20),,006001,Longitud (gran exactitud),,,,Operational,Original
bufr4/3/09/022/4/007030,09,Secuencias de los sondeos verticales (datos convencionales),309022,(Temperatura virtual obtenida por sondeo radioacústico (datos de productos)) (Véase la nota 20),,007030,Altura del suelo de la estación sobre el nivel medio del mar,,,,Operational,Original
bufr4/3/09/022/5/301014,09,Secuencias de los sondeos verticales (datos convencionales),309022,(Temperatura virtual obtenida por sondeo radioacústico (datos de productos)) (Véase la nota 20),,301014,Período de tiempo,,,,Operational,Original
bufr4/3/09/022/6/002003,09,Secuencias de los sondeos verticales (datos convencionales),309022,(Temperatura virtual obtenida por sondeo radioacústico (datos de productos)) (Véase la nota 20),,002003,Tipo de instrumentos de medición utilizados,,,,Operational,Original
bufr4/3/09/022/7/002121,09,Secuencias de los sondeos verticales (datos convencionales),309022,(Temperatura virtual obtenida por sondeo radioacústico (datos de productos)) (Véase la nota 20),,002121,Frecuencia media,,,,Operational,Original
bufr4/3/09/022/8/110000,09,Secuencias de los sondeos verticales (datos convencionales),309022,(Temperatura virtual obtenida por sondeo radioacústico (datos de productos)) (Véase la nota 20),,110000,Repetición diferida de 10 descriptores,,,,Operational,Original
bufr4/3/09/022/9/031001,09,Secuencias de los sondeos verticales (datos convencionales),309022,(Temperatura virtual obtenida por sondeo radioacústico (datos de productos)) (Véase la nota 20),,031001,Factor de repetición diferida del descriptor,,,,Operational,Original
bufr4/3/09/022/10/007007,09,Secuencias de los sondeos verticales (datos convencionales),309022,(Temperatura virtual obtenida por sondeo radioacústico (datos de productos)) (Véase la nota 20),,007007,Altura,,,,Operational,Original
bufr4/3/09/022/11/301021,09,Secuencias de los sondeos verticales (datos convencionales),309022,(Temperatura virtual obtenida por sondeo radioacústico (datos de productos)) (Véase la nota 20),,301021,Latitud/longitud (gran exactitud),,,,Operational,Original
bufr4/3/09/022/12/012007,09,Secuencias de los sondeos verticales (datos convencionales),309022,(Temperatura virtual obtenida por sondeo radioacústico (datos de productos)) (Véase la nota 20),,012007,Temperatura virtual,,,,Operational,Original
bufr4/3/09/022/13/012008,09,Secuencias de los sondeos verticales (datos convencionales),309022,(Temperatura virtual obtenida por sondeo radioacústico (datos de productos)) (Véase la nota 20),,012008,Incertidumbre en la temperatura virtual,,,,Operational,Original
bufr4/3/09/022/14/033002,09,Secuencias de los sondeos verticales (datos convencionales),309022,,,033002,Información sobre la calidad,,,,Operational,Original
bufr4/3/09/022/15/011006,09,Secuencias de los sondeos verticales (datos convencionales),309022,,,011006,Componente w,,,,Operational,Original
bufr4/3/09/022/16/011112,09,Secuencias de los sondeos verticales (datos convencionales),309022,,,011112,Incertidumbre sobre el componente w,,,,Operational,Original
bufr4/3/09/022/17/033002,09,Secuencias de los sondeos verticales (datos convencionales),309022,,,033002,Información sobre la calidad,,,,Operational,Original
bufr4/3/09/022/18/010071,09,Secuencias de los sondeos verticales (datos convencionales),309022,,,010071,Resolución vertical,,,,Operational,Original
bufr4/3/09/022/19/027079,09,Secuencias de los sondeos verticales (datos convencionales),309022,,,027079,Anchura horizontal del volumen de muestra (Secuencia lidar de retrodispersión elástica con una sola longitud de onda) (Véase la nota 20) Sección de encabezamiento,,,,Operational,Original
bufr4/3/09/023/1/301001,09,Secuencias de los sondeos verticales (datos convencionales),309023,,,301001,Número de bloque y de estación de la OMM,,,,Operational,Original
bufr4/3/09/023/2/005001,09,Secuencias de los sondeos verticales (datos convencionales),309023,,,005001,Latitud (gran exactitud),,,,Operational,Original
bufr4/3/09/023/3/006001,09,Secuencias de los sondeos verticales (datos convencionales),309023,,,006001,Longitud (gran exactitud),,,,Operational,Original
bufr4/3/09/023/4/007030,09,Secuencias de los sondeos verticales (datos convencionales),309023,,,007030,Altura del suelo de la estación sobre el nivel medio del mar,,,,Operational,Original
bufr4/3/09/023/5/301014,09,Secuencias de los sondeos verticales (datos convencionales),309023,,,301014,Período de tiempo,,,,Operational,Original
bufr4/3/09/023/6/002003,09,Secuencias de los sondeos verticales (datos convencionales),309023,,,002003,Tipo de instrumentos de medición utilizados Sección de datos sobre nubes,,,,Operational,Original
bufr4/3/09/023/7/302004,09,Secuencias de los sondeos verticales (datos convencionales),309023,,,302004,Información general sobre nubes,,,,Operational,Original
bufr4/3/09/023/8/302005,09,Secuencias de los sondeos verticales (datos convencionales),309023,,,302005,Capa de nubes Sección de datos de retrodispersión,,,,Operational,Original
bufr4/3/09/023/9/114000,09,Secuencias de los sondeos verticales (datos convencionales),309023,,,114000,Repetición diferida de 14 descriptores,,,,Operational,Original
bufr4/3/09/023/10/031001,09,Secuencias de los sondeos verticales (datos convencionales),309023,,,031001,Factor de repetición diferida del descriptor,,,,Operational,Original
bufr4/3/09/023/11/007007,09,Secuencias de los sondeos verticales (datos convencionales),309023,,,007007,Altura,,,,Operational,Original
bufr4/3/09/023/12/301021,09,Secuencias de los sondeos verticales (datos convencionales),309023,,,301021,Latitud/longitud (gran precisión),,,,Operational,Original
bufr4/3/09/023/13/101000,09,Secuencias de los sondeos verticales (datos convencionales),309023,,,101000,Repetición diferida de 1 descriptor,,,,Operational,Original
bufr4/3/09/023/14/031001,09,Secuencias de los sondeos verticales (datos convencionales),309023,,,031001,Número de Factor de repetición diferida del descriptor mediciones de longitud de onda presente en los datos,,,,Operational,Original
bufr4/3/09/023/15/002121,09,Secuencias de los sondeos verticales (datos convencionales),309023,,,002121,Frecuencia media,,,,Operational,Original
bufr4/3/09/023/16/015063,09,Secuencias de los sondeos verticales (datos convencionales),309023,,,015063,Retrodispersión atenuada,,,,Operational,Original
bufr4/3/09/023/17/015064,09,Secuencias de los sondeos verticales (datos convencionales),309023,,,015064,Incertidumbre en la retrodispersión atenuada,,,,Operational,Original
bufr4/3/09/023/18/015065,09,Secuencias de los sondeos verticales (datos convencionales),309023,,,015065,Coeficiente de retrodispersión de las partículas,,,,Operational,Original
bufr4/3/09/023/19/015066,09,Secuencias de los sondeos verticales (datos convencionales),309023,,,015066,Incertidumbre en el coeficiente de retrodispersión de las partículas,,,,Operational,Original
bufr4/3/09/023/20/015067,09,Secuencias de los sondeos verticales (datos convencionales),309023,,,015067,Coeficiente de extinción de las partículas,,,,Operational,Original
bufr4/3/09/023/21/015068,09,Secuencias de los sondeos verticales (datos convencionales),309023,,,015068,Incertidumbre en el coeficiente de extinción de las partículas,,,,Operational,Original
bufr4/3/09/023/22/015069,09,Secuencias de los sondeos verticales (datos convencionales),309023,,,015069,Relación de lidar de las partículas,,,,Operational,Original
bufr4/3/09/023/23/015070,09,Secuencias de los sondeos verticales (datos convencionales),309023,,,015070,Incertidumbre en la relación de lidar de las partículas,,,,Operational,Original
bufr4/3/09/023/24/015071,09,Secuencias de los sondeos verticales (datos convencionales),309023,,,015071,Relación de despolarización de las partículas,,,,Operational,Original
bufr4/3/09/023/25/015072,09,Secuencias de los sondeos verticales (datos convencionales),309023,,,015072,Incertidumbre en la relación de despolarización,,,,Operational,Original
bufr4/3/09/023/26/033002,09,Secuencias de los sondeos verticales (datos convencionales),309023,,,033002,Información sobre la calidad,,,,Operational,Original
bufr4/3/09/023/27/010071,09,Secuencias de los sondeos verticales (datos convencionales),309023,,,010071,Resolución vertical,,,,Operational,Original
bufr4/3/09/023/28/027079,09,Secuencias de los sondeos verticales (datos convencionales),309023,,,027079,Anchura horizontal del volumen de muestra (Secuencia de datos de viento de perfilador de viento con una sola longitud de onda (datos de productos)),,,,Operational,Original
bufr4/3/09/024/1/301132,09,Secuencias de los sondeos verticales (datos convencionales),309024,,,301132,Secuencia de encabezamiento común,,,,Operational,Original
bufr4/3/09/024/2/201151,09,Secuencias de los sondeos verticales (datos convencionales),309024,,,201151,Cambio de anchura de datos (por YYY–128 lugares de bits),,,,Operational,Original
bufr4/3/09/024/3/202130,09,Secuencias de los sondeos verticales (datos convencionales),309024,,,202130,Cambio de escala (por YYY–128 lugares),,,,Operational,Original
bufr4/3/09/024/4/002121,09,Secuencias de los sondeos verticales (datos convencionales),309024,,,002121,Frencuencia media,,,,Operational,Original
bufr4/3/09/024/5/202000,09,Secuencias de los sondeos verticales (datos convencionales),309024,,,202000,Anular cambio de escala,,,,Operational,Original
bufr4/3/09/024/6/201000,09,Secuencias de los sondeos verticales (datos convencionales),309024,,,201000,Anular cambio de anchura de datos,,,,Operational,Original
bufr4/3/09/024/7/008021,09,Secuencias de los sondeos verticales (datos convencionales),309024,,,008021,=2 promediado en el Significación temporal tiempo,,,,Operational,Original
bufr4/3/09/024/8/004025,09,Secuencias de los sondeos verticales (datos convencionales),309024,,,004025,Período o desplazamiento de tiempo (véase la nota 13),,,,Operational,Original
bufr4/3/09/024/9/109000,09,Secuencias de los sondeos verticales (datos convencionales),309024,,,109000,Repetición diferida de 9 descriptores,,,,Operational,Original
bufr4/3/09/024/10/031002,09,Secuencias de los sondeos verticales (datos convencionales),309024,,,031002,Factor ampliado de repetición diferida del descriptor,,,,Operational,Original
bufr4/3/09/024/11/007007,09,Secuencias de los sondeos verticales (datos convencionales),309024,,,007007,Altura (véase la nota 14),,,,Operational,Original
bufr4/3/09/024/12/301021,09,Secuencias de los sondeos verticales (datos convencionales),309024,,,301021,Latitud/longitud (gran exactitud) (véase la nota 15),,,,Operational,Original
bufr4/3/09/024/13/011003,09,Secuencias de los sondeos verticales (datos convencionales),309024,,,011003,Componente u,,,,Operational,Original
bufr4/3/09/024/14/011004,09,Secuencias de los sondeos verticales (datos convencionales),309024,,,011004,Componente v,,,,Operational,Original
bufr4/3/09/024/15/033002,09,Secuencias de los sondeos verticales (datos convencionales),309024,,,033002,Información sobre la calidad (véase la nota 16),,,,Operational,Original
bufr4/3/09/024/16/011006,09,Secuencias de los sondeos verticales (datos convencionales),309024,,,011006,Componente w,,,,Operational,Original
bufr4/3/09/024/17/033002,09,Secuencias de los sondeos verticales (datos convencionales),309024,,,033002,Información sobre la calidad,,,,Operational,Original
bufr4/3/09/024/18/010071,09,Secuencias de los sondeos verticales (datos convencionales),309024,,,010071,Resolución vertical,,,,Operational,Original
bufr4/3/09/024/19/027079,09,Secuencias de los sondeos verticales (datos convencionales),309024,,,027079,Anchura horizontal del volumen de muestra (Secuencia de temperatura virtual obtenida por sondeo radioacústico (datos de productos)),,,,Operational,Original
bufr4/3/09/025/1/301132,09,Secuencias de los sondeos verticales (datos convencionales),309025,,,301132,Secuencia de encabezamiento común,,,,Operational,Original
bufr4/3/09/025/2/201151,09,Secuencias de los sondeos verticales (datos convencionales),309025,,,201151,Cambio de anchura de datos,,,,Operational,Original
bufr4/3/09/025/3/202130,09,Secuencias de los sondeos verticales (datos convencionales),309025,,,202130,Cambio de escala,,,,Operational,Original
bufr4/3/09/025/4/002121,09,Secuencias de los sondeos verticales (datos convencionales),309025,,,002121,Frecuencia media,,,,Operational,Original
bufr4/3/09/025/5/202000,09,Secuencias de los sondeos verticales (datos convencionales),309025,,,202000,Anular cambio de escala,,,,Operational,Original
bufr4/3/09/025/6/201000,09,Secuencias de los sondeos verticales (datos convencionales),309025,,,201000,Anular cambio de anchura de datos,,,,Operational,Original
bufr4/3/09/025/7/008021,09,Secuencias de los sondeos verticales (datos convencionales),309025,,,008021,=2 promediado en el Significación temporal tiempo,,,,Operational,Original
bufr4/3/09/025/8/004025,09,Secuencias de los sondeos verticales (datos convencionales),309025,,,004025,Período o desplazamiento de tiempo (véase la nota 13),,,,Operational,Original
bufr4/3/09/025/9/106000,09,Secuencias de los sondeos verticales (datos convencionales),309025,,,106000,Repetición diferida de 6 descriptores,,,,Operational,Original
bufr4/3/09/025/10/031002,09,Secuencias de los sondeos verticales (datos convencionales),309025,,,031002,Factor ampliado de repetición diferida del descriptor,,,,Operational,Original
bufr4/3/09/025/11/007007,09,Secuencias de los sondeos verticales (datos convencionales),309025,,,007007,Altura (véase la nota 15),,,,Operational,Original
bufr4/3/09/025/12/301021,09,Secuencias de los sondeos verticales (datos convencionales),309025,,,301021,Latitud/longitud (gran exactitud) (véase la nota 15),,,,Operational,Original
bufr4/3/09/025/13/012007,09,Secuencias de los sondeos verticales (datos convencionales),309025,,,012007,Temperatura virtual,,,,Operational,Original
bufr4/3/09/025/14/033002,09,Secuencias de los sondeos verticales (datos convencionales),309025,,,033002,Información sobre la calidad (véase la nota 17),,,,Operational,Original
bufr4/3/09/025/15/010071,09,Secuencias de los sondeos verticales (datos convencionales),309025,,,010071,Resolución vertical,,,,Operational,Original
bufr4/3/09/025/16/027079,09,Secuencias de los sondeos verticales (datos convencionales),309025,,,027079,Anchura horizontal del volumen de muestra (Secuencia lidar de retrodispersión elástica con una sola longitud de onda),,,,Operational,Original
bufr4/3/09/026/1/301132,09,Secuencias de los sondeos verticales (datos convencionales),309026,,,301132,Secuencia de encabezamiento común,,,,Operational,Original
bufr4/3/09/026/2/302004,09,Secuencias de los sondeos verticales (datos convencionales),309026,,,302004,Información general sobre nubes,,,,Operational,Original
bufr4/3/09/026/3/302005,09,Secuencias de los sondeos verticales (datos convencionales),309026,,,302005,Capa de nubes,,,,Operational,Original
bufr4/3/09/026/4/008092,09,Secuencias de los sondeos verticales (datos convencionales),309026,,,008092,Expresión de la incertidumbre de medición (véase la nota 18),,,,Operational,Original
bufr4/3/09/026/5/008093,09,Secuencias de los sondeos verticales (datos convencionales),309026,,,008093,Significación de la incertidumbre de medición (véase la nota 15),,,,Operational,Original
bufr4/3/09/026/6/008021,09,Secuencias de los sondeos verticales (datos convencionales),309026,,,008021,Significación temporal,,,,Operational,Original
bufr4/3/09/026/7/004025,09,Secuencias de los sondeos verticales (datos convencionales),309026,,,004025,Período o desplazamiento de tiempo (véase la nota 13),,,,Operational,Original
bufr4/3/09/026/8/201138,09,Secuencias de los sondeos verticales (datos convencionales),309026,,,201138,Cambio de anchura de datos,,,,Operational,Original
bufr4/3/09/026/9/202126,09,Secuencias de los sondeos verticales (datos convencionales),309026,,,202126,Cambio de escala,,,,Operational,Original
bufr4/3/09/026/10/002121,09,Secuencias de los sondeos verticales (datos convencionales),309026,,,002121,Frecuencia media,,,,Operational,Original
bufr4/3/09/026/11/202000,09,Secuencias de los sondeos verticales (datos convencionales),309026,,,202000,Anualr cambio de escala,,,,Operational,Original
bufr4/3/09/026/12/201000,09,Secuencias de los sondeos verticales (datos convencionales),309026,,,201000,Anular cambio de anchura de datos,,,,Operational,Original
bufr4/3/09/026/13/115000,09,Secuencias de los sondeos verticales (datos convencionales),309026,,,115000,Repetición diferida de 15 descriptores,,,,Operational,Original
bufr4/3/09/026/14/031002,09,Secuencias de los sondeos verticales (datos convencionales),309026,,,031002,Factor ampliado de repetición diferida del descriptor,,,,Operational,Original
bufr4/3/09/026/15/007007,09,Secuencias de los sondeos verticales (datos convencionales),309026,,,007007,Altura (véase la nota 15),,,,Operational,Original
bufr4/3/09/026/16/301021,09,Secuencias de los sondeos verticales (datos convencionales),309026,,,301021,= 2 promediado en el Latitud/longitud (gran exactitud) tiempo,,,,Operational,Original
bufr4/3/09/026/17/015073,09,Secuencias de los sondeos verticales (datos convencionales),309026,,,015073,Retrodispersión atenuada,,,,Operational,Original
bufr4/3/09/026/18/015064,09,Secuencias de los sondeos verticales (datos convencionales),309026,,,015064,Incertidumbre en la retrodispersión atenuada,,,,Operational,Original
bufr4/3/09/026/19/015074,09,Secuencias de los sondeos verticales (datos convencionales),309026,,,015074,Coeficiente de retrodispersión de las partículas,,,,Operational,Original
bufr4/3/09/026/20/015066,09,Secuencias de los sondeos verticales (datos convencionales),309026,,,015066,Incertidumbre en el coeficiente de retrodispersión de las partículas,,,,Operational,Original
bufr4/3/09/026/21/015075,09,Secuencias de los sondeos verticales (datos convencionales),309026,,,015075,Coeficiente de extinción de las partículas,,,,Operational,Original
bufr4/3/09/026/22/015068,09,Secuencias de los sondeos verticales (datos convencionales),309026,,,015068,Incertidumbre en el coeficiente de extinción de las partículas,,,,Operational,Original
bufr4/3/09/026/23/015076,09,Secuencias de los sondeos verticales (datos convencionales),309026,,,015076,Ratio lidar partículas,,,,Operational,Original
bufr4/3/09/026/24/015077,09,Secuencias de los sondeos verticales (datos convencionales),309026,,,015077,Incertidumbre en el ratio lidar,,,,Operational,Original
bufr4/3/09/026/25/015078,09,Secuencias de los sondeos verticales (datos convencionales),309026,,,015078,Ratio de despolarización de las partículas,,,,Operational,Original
bufr4/3/09/026/26/015072,09,Secuencias de los sondeos verticales (datos convencionales),309026,,,015072,Incertidumbre en el ratio de despolarización de las partículas,,,,Operational,Original
bufr4/3/09/026/27/033002,09,Secuencias de los sondeos verticales (datos convencionales),309026,,,033002,Información sobre la calidad (véase la nota 19),,,,Operational,Original
bufr4/3/09/026/28/010071,09,Secuencias de los sondeos verticales (datos convencionales),309026,,,010071,Resolución vertical,,,,Operational,Original
bufr4/3/09/026/29/027079,09,Secuencias de los sondeos verticales (datos convencionales),309026,,,027079,Anchura horizontal del volumen de muestra,,,,Operational,Original
bufr4/3/09/030/1/015004,09,Secuencias de los sondeos verticales (datos convencionales),309030,(Datos de vuelo de la sonda de ozono),,015004,Factor de corrección de sondeo del ozono (CF),,,,Operational,Original
bufr4/3/09/030/2/015005,09,Secuencias de los sondeos verticales (datos convencionales),309030,(Datos de vuelo de la sonda de ozono),,015005,p del ozono,,,,Operational,Original
bufr4/3/09/030/3/104000,09,Secuencias de los sondeos verticales (datos convencionales),309030,(Datos de vuelo de la sonda de ozono),,104000,Repetición diferida de 4 descriptores,,,,Operational,Original
bufr4/3/09/030/4/031001,09,Secuencias de los sondeos verticales (datos convencionales),309030,(Datos de vuelo de la sonda de ozono),,031001,Factor de repetición diferida del descriptor,,,,Operational,Original
bufr4/3/09/030/5/004015,09,Secuencias de los sondeos verticales (datos convencionales),309030,(Datos de vuelo de la sonda de ozono),,004015,"Desde la hora de Incremento de tiempo lanzamiento, si fuera necesario, en minutos",,,,Operational,Original
bufr4/3/09/030/6/008006,09,Secuencias de los sondeos verticales (datos convencionales),309030,(Datos de vuelo de la sonda de ozono),,008006,Significación del sondeo vertical del ozono,,,,Operational,Original
bufr4/3/09/030/7/007004,09,Secuencias de los sondeos verticales (datos convencionales),309030,(Datos de vuelo de la sonda de ozono),,007004,Presión,,,,Operational,Original
bufr4/3/09/030/8/015003,09,Secuencias de los sondeos verticales (datos convencionales),309030,(Datos de vuelo de la sonda de ozono),,015003,Presión parcial del ozono medido (sondeo),,,,Operational,Original
bufr4/3/09/031/1/015004,09,Secuencias de los sondeos verticales (datos convencionales),309031,(Datos de vuelo de la sonda de ozono),,015004,Factor de corrección de sondeo del ozono (CF),,,,Operational,Original
bufr4/3/09/031/2/015005,09,Secuencias de los sondeos verticales (datos convencionales),309031,(Datos de vuelo de la sonda de ozono),,015005,p del ozono,,,,Operational,Original
bufr4/3/09/031/3/104000,09,Secuencias de los sondeos verticales (datos convencionales),309031,(Datos de vuelo de la sonda de ozono),,104000,Repetición diferida de 4 descriptores,,,,Operational,Original
bufr4/3/09/031/4/031001,09,Secuencias de los sondeos verticales (datos convencionales),309031,(Datos de vuelo de la sonda de ozono),,031001,Factor de repetición diferida del descriptor,,,,Operational,Original
bufr4/3/09/031/5/004025,09,Secuencias de los sondeos verticales (datos convencionales),309031,(Datos de vuelo de la sonda de ozono),,004025,Desde la hora de Período o desplazamiento de tiempo lanzamiento en minutos,,,,Operational,Original
bufr4/3/09/031/6/008006,09,Secuencias de los sondeos verticales (datos convencionales),309031,(Datos de vuelo de la sonda de ozono),,008006,Significación del sondeo vertical del ozono,,,,Operational,Original
bufr4/3/09/031/7/007004,09,Secuencias de los sondeos verticales (datos convencionales),309031,(Datos de vuelo de la sonda de ozono),,007004,Presión,,,,Operational,Original
bufr4/3/09/031/8/015003,09,Secuencias de los sondeos verticales (datos convencionales),309031,(Datos de vuelo de la sonda de ozono),,015003,Presión parcial del ozono medido (sondeo),,,,Operational,Original
bufr4/3/09/040/1/301075,09,Secuencias de los sondeos verticales (datos convencionales),309040,(Sondeo del ozono sin un espectrofotómetro situado en tierra) (Véase la nota 2),,301075,Identificación del sondeo,,,,Operational,Original
bufr4/3/09/040/2/301076,09,Secuencias de los sondeos verticales (datos convencionales),309040,,,301076,Instrumento de sondeo para medir el ozono,,,,Operational,Original
bufr4/3/09/040/3/309030,09,Secuencias de los sondeos verticales (datos convencionales),309040,,,309030,Datos de vuelo de la sonda de ozono,,,,Operational,Original
bufr4/3/09/041/1/307041,09,Secuencias de los sondeos verticales (datos convencionales),309041,(Sondeo del ozono junto con mediciones procedentes de un espectrofotómetro Brewer situado en tierra; el ozono total obtenido con el instrumento Brewer constituye un solo valor (Véase la nota 2),,307041,"Medición del total de ozono con un Descripción de la espectrofotómetro Brewer situado en tierra, parte situada en obtenida mediante una sola observación tierra",,,,Operational,Original
bufr4/3/09/041/2/301075,09,Secuencias de los sondeos verticales (datos convencionales),309041,(Sondeo del ozono junto con mediciones procedentes de un espectrofotómetro Brewer situado en tierra; el ozono total obtenido con el instrumento Brewer constituye un solo valor (Véase la nota 2),,301075,Identificación de la parte Identificación del sondeo de sondeo del ozono,,,,Operational,Original
bufr4/3/09/041/3/301076,09,Secuencias de los sondeos verticales (datos convencionales),309041,(Sondeo del ozono junto con mediciones procedentes de un espectrofotómetro Brewer situado en tierra; el ozono total obtenido con el instrumento Brewer constituye un solo valor (Véase la nota 2),,301076,Instrumento de sondeo para medir el ozono,,,,Operational,Original
bufr4/3/09/041/4/309030,09,Secuencias de los sondeos verticales (datos convencionales),309041,(Sondeo del ozono junto con mediciones procedentes de un espectrofotómetro Brewer situado en tierra; el ozono total obtenido con el instrumento Brewer constituye un solo valor (Véase la nota 2),,309030,Datos de vuelo de la sonda de ozono,,,,Operational,Original
bufr4/3/09/042/1/307042,09,Secuencias de los sondeos verticales (datos convencionales),309042,(Sondeo del ozono junto con mediciones procedentes de un espectrofotómetro Brewer situado en tierra; el ozono total obtenido con el instrumento Brewer constituye un valor promedio) (Véase la nota 2),,307042,"Medición del ozono total con un espectrofotó-Descripción de la metro Brewer situado en tierra, obtenida parte situada en mediante observaciones promediadas tierra",,,,Operational,Original
bufr4/3/09/042/2/301075,09,Secuencias de los sondeos verticales (datos convencionales),309042,(Sondeo del ozono junto con mediciones procedentes de un espectrofotómetro Brewer situado en tierra; el ozono total obtenido con el instrumento Brewer constituye un valor promedio) (Véase la nota 2),,301075,Identificación de la parte Identificación del sondeo de sondeo del ozono,,,,Operational,Original
bufr4/3/09/042/3/301076,09,Secuencias de los sondeos verticales (datos convencionales),309042,(Sondeo del ozono junto con mediciones procedentes de un espectrofotómetro Brewer situado en tierra; el ozono total obtenido con el instrumento Brewer constituye un valor promedio) (Véase la nota 2),,301076,Instrumento de sondeo para medir el ozono,,,,Operational,Original
bufr4/3/09/042/4/309030,09,Secuencias de los sondeos verticales (datos convencionales),309042,(Sondeo del ozono junto con mediciones procedentes de un espectrofotómetro Brewer situado en tierra; el ozono total obtenido con el instrumento Brewer constituye un valor promedio) (Véase la nota 2),,309030,Datos de vuelo de la sonda de ozono,,,,Operational,Original
bufr4/3/09/043/1/307043,09,Secuencias de los sondeos verticales (datos convencionales),309043,(Sondeo del ozono junto con mediciones procedentes de un espectrofotómetro Dobson situado en tierra; el ozono total obtenido con el instrumento Dobson constituye un solo valor (Véase la nota 2),,307043,"Medición del ozono total con un Descripción de la parte espectrofotómetro Dobson situado en tierra, situada en tierra obtenida mediante una sola observación",,,,Operational,Original
bufr4/3/09/043/2/301075,09,Secuencias de los sondeos verticales (datos convencionales),309043,(Sondeo del ozono junto con mediciones procedentes de un espectrofotómetro Dobson situado en tierra; el ozono total obtenido con el instrumento Dobson constituye un solo valor (Véase la nota 2),,301075,Identificación de la parte Identificación del sondeo de sondeo del ozono,,,,Operational,Original
bufr4/3/09/043/3/301076,09,Secuencias de los sondeos verticales (datos convencionales),309043,(Sondeo del ozono junto con mediciones procedentes de un espectrofotómetro Dobson situado en tierra; el ozono total obtenido con el instrumento Dobson constituye un solo valor (Véase la nota 2),,301076,Instrumento de sondeo para medir el ozono,,,,Operational,Original
bufr4/3/09/043/4/309030,09,Secuencias de los sondeos verticales (datos convencionales),309043,(Sondeo del ozono junto con mediciones procedentes de un espectrofotómetro Dobson situado en tierra; el ozono total obtenido con el instrumento Dobson constituye un solo valor (Véase la nota 2),,309030,Datos de vuelo de la sonda de ozono,,,,Operational,Original
bufr4/3/09/044/1/307044,09,Secuencias de los sondeos verticales (datos convencionales),309044,(Sondeo del ozono junto con mediciones procedentes de un espectrofotómetro Dobson situado en tierra; el ozono total obtenido con el instrumento Dobson constituye un valor promedio) (Véase la nota 2),,307044,"Medición del ozono total con un Descripción de la parte espectrofotómetro Dobson situado en tierra, situada en tierra obtenida mediante observaciones promediadas",,,,Operational,Original
bufr4/3/09/044/2/301075,09,Secuencias de los sondeos verticales (datos convencionales),309044,(Sondeo del ozono junto con mediciones procedentes de un espectrofotómetro Dobson situado en tierra; el ozono total obtenido con el instrumento Dobson constituye un valor promedio) (Véase la nota 2),,301075,Identificación de la parte Identificación del sondeo de sondeo del ozono,,,,Operational,Original
bufr4/3/09/044/3/301076,09,Secuencias de los sondeos verticales (datos convencionales),309044,(Sondeo del ozono junto con mediciones procedentes de un espectrofotómetro Dobson situado en tierra; el ozono total obtenido con el instrumento Dobson constituye un valor promedio) (Véase la nota 2),,301076,Instrumento de sondeo para medir el ozono,,,,Operational,Original
bufr4/3/09/044/4/309030,09,Secuencias de los sondeos verticales (datos convencionales),309044,(Sondeo del ozono junto con mediciones procedentes de un espectrofotómetro Dobson situado en tierra; el ozono total obtenido con el instrumento Dobson constituye un valor promedio) (Véase la nota 2),,309030,Datos de vuelo de la sonda de ozono,,,,Operational,Original
bufr4/3/09/045/1/301075,09,Secuencias de los sondeos verticales (datos convencionales),309045,(Sondeo del ozono sin un espectrofotómetro situado en tierra),,301075,Identificación del sondeo,,,,Operational,Original
bufr4/3/09/045/2/301076,09,Secuencias de los sondeos verticales (datos convencionales),309045,,,301076,Instrumento de sondeo para medir el ozono,,,,Operational,Original
bufr4/3/09/045/3/309031,09,Secuencias de los sondeos verticales (datos convencionales),309045,,,309031,Datos de vuelo de la sonda de ozono,,,,Operational,Original
bufr4/3/09/046/1/307041,09,Secuencias de los sondeos verticales (datos convencionales),309046,(Sondeo del ozono junto con mediciones procedentes de un espectrofotómetro Brewer situado en tierra; el ozono total obtenido con el instrumento Brewer constituye un solo valor),,307041,"Medición del total de ozono con un Descripción de la espectrofotómetro Brewer situado en tierra, parte situada en obtenida mediante una sola observación tierra",,,,Operational,Original
bufr4/3/09/046/2/301075,09,Secuencias de los sondeos verticales (datos convencionales),309046,(Sondeo del ozono junto con mediciones procedentes de un espectrofotómetro Brewer situado en tierra; el ozono total obtenido con el instrumento Brewer constituye un solo valor),,301075,Identificación de la parte Identificación del sondeo de sondeo del ozono,,,,Operational,Original
bufr4/3/09/046/3/301076,09,Secuencias de los sondeos verticales (datos convencionales),309046,(Sondeo del ozono junto con mediciones procedentes de un espectrofotómetro Brewer situado en tierra; el ozono total obtenido con el instrumento Brewer constituye un solo valor),,301076,Instrumento de sondeo para medir el ozono,,,,Operational,Original
bufr4/3/09/046/4/309031,09,Secuencias de los sondeos verticales (datos convencionales),309046,(Sondeo del ozono junto con mediciones procedentes de un espectrofotómetro Brewer situado en tierra; el ozono total obtenido con el instrumento Brewer constituye un solo valor),,309031,Datos de vuelo de la sonda de ozono,,,,Operational,Original
bufr4/3/09/047/1/307042,09,Secuencias de los sondeos verticales (datos convencionales),309047,(Sondeo del ozono junto con mediciones proce-dentes de un espectrofotómetro Brewer situado en tierra; el ozono total obtenido con el instru-mento Brewer constituye un valor promedio),,307042,"Medición del ozono total con un Descripción de la espectrofotómetro Brewer situado en tierra, parte situada en obtenida mediante observaciones promediadas tierra",,,,Operational,Original
bufr4/3/09/047/2/301075,09,Secuencias de los sondeos verticales (datos convencionales),309047,(Sondeo del ozono junto con mediciones proce-dentes de un espectrofotómetro Brewer situado en tierra; el ozono total obtenido con el instru-mento Brewer constituye un valor promedio),,301075,Identificación de la Identificación del sondeo parte de sondeo del ozono,,,,Operational,Original
bufr4/3/09/047/3/301076,09,Secuencias de los sondeos verticales (datos convencionales),309047,(Sondeo del ozono junto con mediciones proce-dentes de un espectrofotómetro Brewer situado en tierra; el ozono total obtenido con el instru-mento Brewer constituye un valor promedio),,301076,Instrumento de sondeo para medir el ozono,,,,Operational,Original
bufr4/3/09/047/4/309031,09,Secuencias de los sondeos verticales (datos convencionales),309047,(Sondeo del ozono junto con mediciones proce-dentes de un espectrofotómetro Brewer situado en tierra; el ozono total obtenido con el instru-mento Brewer constituye un valor promedio),,309031,Datos de vuelo de la sonda de ozono,,,,Operational,Original
bufr4/3/09/048/1/307043,09,Secuencias de los sondeos verticales (datos convencionales),309048,(Sondeo del ozono junto con mediciones procedentes de un espectrofotómetro Dobson situado en tierra; el ozono total obtenido con el instrumento Dobson constituye un solo valor),,307043,"Medición del ozono total con un Descripción de la espectrofotómetro Dobson situado en tierra, parte situada en obtenida mediante una sola observación tierra",,,,Operational,Original
bufr4/3/09/048/2/301075,09,Secuencias de los sondeos verticales (datos convencionales),309048,(Sondeo del ozono junto con mediciones procedentes de un espectrofotómetro Dobson situado en tierra; el ozono total obtenido con el instrumento Dobson constituye un solo valor),,301075,Identificación de la Identificación del sondeo parte de sondeo del ozono,,,,Operational,Original
bufr4/3/09/048/3/301076,09,Secuencias de los sondeos verticales (datos convencionales),309048,(Sondeo del ozono junto con mediciones procedentes de un espectrofotómetro Dobson situado en tierra; el ozono total obtenido con el instrumento Dobson constituye un solo valor),,301076,Instrumento de sondeo para medir el ozono,,,,Operational,Original
bufr4/3/09/048/4/309031,09,Secuencias de los sondeos verticales (datos convencionales),309048,(Sondeo del ozono junto con mediciones procedentes de un espectrofotómetro Dobson situado en tierra; el ozono total obtenido con el instrumento Dobson constituye un solo valor),,309031,Datos de vuelo de la sonda de ozono,,,,Operational,Original
bufr4/3/09/049/1/307044,09,Secuencias de los sondeos verticales (datos convencionales),309049,(Sondeo del ozono junto con mediciones procedentes de un espectrofotómetro Dobson situado en tierra; el ozono total obtenido con el instrumento Dobson constituye un valor promedio),,307044,"Medición del ozono total con un Descripción de la espectrofotómetro Dobson situado en tierra, parte situada en obtenida mediante observaciones promediadas tierra",,,,Operational,Original
bufr4/3/09/049/2/301075,09,Secuencias de los sondeos verticales (datos convencionales),309049,(Sondeo del ozono junto con mediciones procedentes de un espectrofotómetro Dobson situado en tierra; el ozono total obtenido con el instrumento Dobson constituye un valor promedio),,301075,Identificación de la Identificación del sondeo parte de sondeo del ozono,,,,Operational,Original
bufr4/3/09/049/3/301076,09,Secuencias de los sondeos verticales (datos convencionales),309049,(Sondeo del ozono junto con mediciones procedentes de un espectrofotómetro Dobson situado en tierra; el ozono total obtenido con el instrumento Dobson constituye un valor promedio),,301076,Instrumento de sondeo para medir el ozono,,,,Operational,Original
bufr4/3/09/049/4/309031,09,Secuencias de los sondeos verticales (datos convencionales),309049,(Sondeo del ozono junto con mediciones procedentes de un espectrofotómetro Dobson situado en tierra; el ozono total obtenido con el instrumento Dobson constituye un valor promedio),,309031,Datos de vuelo de la sonda de ozono,,,,Operational,Original
bufr4/3/09/050/1/301110,09,Secuencias de los sondeos verticales (datos convencionales),309050,"(Secuencia para la representación de datos de tipo observación en las claves PILOT, PILOT SHIP y PILOT MOBIL con la presión como coordenada vertical)",,301110,Identificación del sitio de lanzamiento e instrumentos para la medición del viento,,,,Operational,Original
bufr4/3/09/050/2/301113,09,Secuencias de los sondeos verticales (datos convencionales),309050,"(Secuencia para la representación de datos de tipo observación en las claves PILOT, PILOT SHIP y PILOT MOBIL con la presión como coordenada vertical)",,301113,Fecha/hora de lanzamiento,,,,Operational,Original
bufr4/3/09/050/3/301114,09,Secuencias de los sondeos verticales (datos convencionales),309050,"(Secuencia para la representación de datos de tipo observación en las claves PILOT, PILOT SHIP y PILOT MOBIL con la presión como coordenada vertical)",,301114,Coordenadas horizontales y verticales del sitio de lanzamiento,,,,Operational,Original
bufr4/3/09/050/4/101000,09,Secuencias de los sondeos verticales (datos convencionales),309050,"(Secuencia para la representación de datos de tipo observación en las claves PILOT, PILOT SHIP y PILOT MOBIL con la presión como coordenada vertical)",,101000,Repetición diferida de 1 descriptor,,,,Operational,Original
bufr4/3/09/050/5/031002,09,Secuencias de los sondeos verticales (datos convencionales),309050,"(Secuencia para la representación de datos de tipo observación en las claves PILOT, PILOT SHIP y PILOT MOBIL con la presión como coordenada vertical)",,031002,Factor ampliado de repetición diferida del descriptor,,,,Operational,Original
bufr4/3/09/050/6/303050,09,Secuencias de los sondeos verticales (datos convencionales),309050,"(Secuencia para la representación de datos de tipo observación en las claves PILOT, PILOT SHIP y PILOT MOBIL con la presión como coordenada vertical)",,303050,Datos de cizalladura del viento a un nivel de presión con posición de la radiosonda,,,,Operational,Original
bufr4/3/09/050/7/101000,09,Secuencias de los sondeos verticales (datos convencionales),309050,"(Secuencia para la representación de datos de tipo observación en las claves PILOT, PILOT SHIP y PILOT MOBIL con la presión como coordenada vertical)",,101000,Repetición diferida de 1 descriptor,,,,Operational,Original
bufr4/3/09/050/8/031001,09,Secuencias de los sondeos verticales (datos convencionales),309050,"(Secuencia para la representación de datos de tipo observación en las claves PILOT, PILOT SHIP y PILOT MOBIL con la presión como coordenada vertical)",,031001,Factor de repetición diferida del descriptor,,,,Operational,Original
bufr4/3/09/050/9/303051,09,Secuencias de los sondeos verticales (datos convencionales),309050,"(Secuencia para la representación de datos de tipo observación en las claves PILOT, PILOT SHIP y PILOT MOBIL con la presión como coordenada vertical)",,303051,Datos de la cizalladura del viento a un nivel de presión con posición de la radiosonda,,,,Operational,Original
bufr4/3/09/051/1/301110,09,Secuencias de los sondeos verticales (datos convencionales),309051,"(Secuencia para la representación de datos de tipo observación en las claves PILOT, PILOT SHIP y PILOT MOBIL con la altura como coordenada vertical)",,301110,Identificación del sitio de lanzamiento e instrumentos para la medición del viento,,,,Operational,Original
bufr4/3/09/051/2/301113,09,Secuencias de los sondeos verticales (datos convencionales),309051,"(Secuencia para la representación de datos de tipo observación en las claves PILOT, PILOT SHIP y PILOT MOBIL con la altura como coordenada vertical)",,301113,Fecha/hora de lanzamiento,,,,Operational,Original
bufr4/3/09/051/3/301114,09,Secuencias de los sondeos verticales (datos convencionales),309051,"(Secuencia para la representación de datos de tipo observación en las claves PILOT, PILOT SHIP y PILOT MOBIL con la altura como coordenada vertical)",,301114,Coordenadas horizontales y verticales del sitio de lanzamiento,,,,Operational,Original
bufr4/3/09/051/4/101000,09,Secuencias de los sondeos verticales (datos convencionales),309051,"(Secuencia para la representación de datos de tipo observación en las claves PILOT, PILOT SHIP y PILOT MOBIL con la altura como coordenada vertical)",,101000,Repetición diferida de 1 descriptor,,,,Operational,Original
bufr4/3/09/051/5/031002,09,Secuencias de los sondeos verticales (datos convencionales),309051,"(Secuencia para la representación de datos de tipo observación en las claves PILOT, PILOT SHIP y PILOT MOBIL con la altura como coordenada vertical)",,031002,Factor ampliado de repetición diferida del descriptor,,,,Operational,Original
bufr4/3/09/051/6/303052,09,Secuencias de los sondeos verticales (datos convencionales),309051,"(Secuencia para la representación de datos de tipo observación en las claves PILOT, PILOT SHIP y PILOT MOBIL con la altura como coordenada vertical)",,303052,Datos del viento a un nivel de altura con posición de la radiosonda,,,,Operational,Original
bufr4/3/09/051/7/101000,09,Secuencias de los sondeos verticales (datos convencionales),309051,"(Secuencia para la representación de datos de tipo observación en las claves PILOT, PILOT SHIP y PILOT MOBIL con la altura como coordenada vertical)",,101000,Repetición diferida de 1 descriptor,,,,Operational,Original
bufr4/3/09/051/8/031001,09,Secuencias de los sondeos verticales (datos convencionales),309051,"(Secuencia para la representación de datos de tipo observación en las claves PILOT, PILOT SHIP y PILOT MOBIL con la altura como coordenada vertical)",,031001,Factor de repetición diferida del descriptor,,,,Operational,Original
bufr4/3/09/051/9/303053,09,Secuencias de los sondeos verticales (datos convencionales),309051,"(Secuencia para la representación de datos de tipo observación en las claves PILOT, PILOT SHIP y PILOT MOBIL con la altura como coordenada vertical)",,303053,Datos de cizalladura de viento a un nivel de altura con posición de la radiosonda,,,,Operational,Original
bufr4/3/09/052/1/301111,09,Secuencias de los sondeos verticales (datos convencionales),309052,"(Secuencia para la representación de datos de tipo observación en las claves TEMP, TEMP SHIP y TEMP MOBIL)",,301111,"Identificación del sitio de lanzamiento e instrumentos para la medición de presión, temperatura, humedad (PTU) y viento",,,,Operational,Original
bufr4/3/09/052/2/301113,09,Secuencias de los sondeos verticales (datos convencionales),309052,"(Secuencia para la representación de datos de tipo observación en las claves TEMP, TEMP SHIP y TEMP MOBIL)",,301113,Fecha/hora de lanzamiento,,,,Operational,Original
bufr4/3/09/052/3/301114,09,Secuencias de los sondeos verticales (datos convencionales),309052,"(Secuencia para la representación de datos de tipo observación en las claves TEMP, TEMP SHIP y TEMP MOBIL)",,301114,Coordenadas horizontales y verticales del sitio de lanzamiento,,,,Operational,Original
bufr4/3/09/052/4/302049,09,Secuencias de los sondeos verticales (datos convencionales),309052,"(Secuencia para la representación de datos de tipo observación en las claves TEMP, TEMP SHIP y TEMP MOBIL)",,302049,Información sobre nubes notificada con sondeos verticales,,,,Operational,Original
bufr4/3/09/052/5/022043,09,Secuencias de los sondeos verticales (datos convencionales),309052,"(Secuencia para la representación de datos de tipo observación en las claves TEMP, TEMP SHIP y TEMP MOBIL)",,022043,Temperatura del mar/agua,,,,Operational,Original
bufr4/3/09/052/6/101000,09,Secuencias de los sondeos verticales (datos convencionales),309052,"(Secuencia para la representación de datos de tipo observación en las claves TEMP, TEMP SHIP y TEMP MOBIL)",,101000,Repetición diferida de 1 descriptor,,,,Operational,Original
bufr4/3/09/052/7/031002,09,Secuencias de los sondeos verticales (datos convencionales),309052,"(Secuencia para la representación de datos de tipo observación en las claves TEMP, TEMP SHIP y TEMP MOBIL)",,031002,Factor ampliado de repetición diferida del descriptor,,,,Operational,Original
bufr4/3/09/052/8/303054,09,Secuencias de los sondeos verticales (datos convencionales),309052,"(Secuencia para la representación de datos de tipo observación en las claves TEMP, TEMP SHIP y TEMP MOBIL)",,303054,"Datos de la temperatura, el punto de rocío y el viento a un nivel de presión con posición de la radiosonda",,,,Operational,Original
bufr4/3/09/052/9/101000,09,Secuencias de los sondeos verticales (datos convencionales),309052,"(Secuencia para la representación de datos de tipo observación en las claves TEMP, TEMP SHIP y TEMP MOBIL)",,101000,Repetición diferida de 1 descriptor,,,,Operational,Original
bufr4/3/09/052/10/031001,09,Secuencias de los sondeos verticales (datos convencionales),309052,"(Secuencia para la representación de datos de tipo observación en las claves TEMP, TEMP SHIP y TEMP MOBIL)",,031001,Factor de repetición diferida del descriptor,,,,Operational,Original
bufr4/3/09/052/11/303051,09,Secuencias de los sondeos verticales (datos convencionales),309052,,,303051,Datos de cizalladura del viento a un nivel de presión con posición de la radiosonda,,,,Operational,Original
bufr4/3/09/053/1/301112,09,Secuencias de los sondeos verticales (datos convencionales),309053,(Secuencia para la representación de datos de tipo observación en la clave TEMP DROP),,301112,Identificación del punto de lanzamiento e instrumentos de la radiosonda con paracaídas,,,,Operational,Original
bufr4/3/09/053/2/301113,09,Secuencias de los sondeos verticales (datos convencionales),309053,(Secuencia para la representación de datos de tipo observación en la clave TEMP DROP),,301113,Fecha/hora de lanzamiento,,,,Operational,Original
bufr4/3/09/053/3/301114,09,Secuencias de los sondeos verticales (datos convencionales),309053,(Secuencia para la representación de datos de tipo observación en la clave TEMP DROP),,301114,Coordenadas horizontales y verticales del sitio de lanzamiento,,,,Operational,Original
bufr4/3/09/053/4/101000,09,Secuencias de los sondeos verticales (datos convencionales),309053,(Secuencia para la representación de datos de tipo observación en la clave TEMP DROP),,101000,Repetición diferida de 1 descriptor,,,,Operational,Original
bufr4/3/09/053/5/031002,09,Secuencias de los sondeos verticales (datos convencionales),309053,(Secuencia para la representación de datos de tipo observación en la clave TEMP DROP),,031002,Factor ampliado de repetición diferida del descriptor,,,,Operational,Original
bufr4/3/09/053/6/303054,09,Secuencias de los sondeos verticales (datos convencionales),309053,(Secuencia para la representación de datos de tipo observación en la clave TEMP DROP),,303054,"Datos de la temperatura, el punto de rocío y el viento a un nivel de presión con posición de la radiosonda",,,,Operational,Original
bufr4/3/09/053/7/101000,09,Secuencias de los sondeos verticales (datos convencionales),309053,(Secuencia para la representación de datos de tipo observación en la clave TEMP DROP),,101000,Repetición diferida de 1 descriptor,,,,Operational,Original
bufr4/3/09/053/8/031001,09,Secuencias de los sondeos verticales (datos convencionales),309053,(Secuencia para la representación de datos de tipo observación en la clave TEMP DROP),,031001,Factor de repetición diferida del descriptor,,,,Operational,Original
bufr4/3/09/053/9/303051,09,Secuencias de los sondeos verticales (datos convencionales),309053,(Secuencia para la representación de datos de tipo observación en la clave TEMP DROP),,303051,Datos de cizalladura del viento a un nivel de presión con posición de la radiosonda,,,,Operational,Original
bufr4/3/09/054/1/301001,09,Secuencias de los sondeos verticales (datos convencionales),309054,(Secuencia para la representación de datos CLIMAT TEMP y CLIMAT TEMP SHIP),,301001,Identificación del Números de bloque y de la estación de la OMM lugar del lanzamiento,,,,Operational,Original
bufr4/3/09/054/2/001011,09,Secuencias de los sondeos verticales (datos convencionales),309054,(Secuencia para la representación de datos CLIMAT TEMP y CLIMAT TEMP SHIP),,001011,Identificador del buque o de la estación terrestre Señal de llamada del móvil buque,,,,Operational,Original
bufr4/3/09/054/3/301011,09,Secuencias de los sondeos verticales (datos convencionales),309054,(Secuencia para la representación de datos CLIMAT TEMP y CLIMAT TEMP SHIP),,301011,"Año, mes, día",,,,Operational,Original
bufr4/3/09/054/4/301012,09,Secuencias de los sondeos verticales (datos convencionales),309054,(Secuencia para la representación de datos CLIMAT TEMP y CLIMAT TEMP SHIP),,301012,"Hora, minuto",,,,Operational,Original
bufr4/3/09/054/5/301021,09,Secuencias de los sondeos verticales (datos convencionales),309054,(Secuencia para la representación de datos CLIMAT TEMP y CLIMAT TEMP SHIP),,301021,Latitud/longitud (gran exactitud),,,,Operational,Original
bufr4/3/09/054/6/007030,09,Secuencias de los sondeos verticales (datos convencionales),309054,(Secuencia para la representación de datos CLIMAT TEMP y CLIMAT TEMP SHIP),,007030,Altura de la estación sobre el nivel medio del mar,,,,Operational,Original
bufr4/3/09/054/7/007031,09,Secuencias de los sondeos verticales (datos convencionales),309054,(Secuencia para la representación de datos CLIMAT TEMP y CLIMAT TEMP SHIP),,007031,Altura del barómetro sobre el nivel medio del mar,,,,Operational,Original
bufr4/3/09/054/8/007007,09,Secuencias de los sondeos verticales (datos convencionales),309054,(Secuencia para la representación de datos CLIMAT TEMP y CLIMAT TEMP SHIP),,007007,Lanzamiento de la Altura sonda sobre el nivel medio del mar Datos medios mensuales,,,,Operational,Original
bufr4/3/09/054/9/004023,09,Secuencias de los sondeos verticales (datos convencionales),309054,(Secuencia para la representación de datos CLIMAT TEMP y CLIMAT TEMP SHIP),,004023,Número de días del Período o desplazamiento de tiempo mes,,,,Operational,Original
bufr4/3/09/054/10/004059,09,Secuencias de los sondeos verticales (datos convencionales),309054,(Secuencia para la representación de datos CLIMAT TEMP y CLIMAT TEMP SHIP),,004059,Horas de observación utilizadas para calcular los valores medios comunicados,,,,Operational,Original
bufr4/3/09/054/11/115000,09,Secuencias de los sondeos verticales (datos convencionales),309054,(Secuencia para la representación de datos CLIMAT TEMP y CLIMAT TEMP SHIP),,115000,Repetición diferida de 15 descriptores,,,,Operational,Original
bufr4/3/09/054/12/031001,09,Secuencias de los sondeos verticales (datos convencionales),309054,(Secuencia para la representación de datos CLIMAT TEMP y CLIMAT TEMP SHIP),,031001,Factor de repetición diferida del descriptor,,,,Operational,Original
bufr4/3/09/054/13/008001,09,Secuencias de los sondeos verticales (datos convencionales),309054,(Secuencia para la representación de datos CLIMAT TEMP y CLIMAT TEMP SHIP),,008001,Significación del sondeo vertical,,,,Operational,Original
bufr4/3/09/054/14/008023,09,Secuencias de los sondeos verticales (datos convencionales),309054,(Secuencia para la representación de datos CLIMAT TEMP y CLIMAT TEMP SHIP),,008023,Estadísticas de primer orden = 4 valor medio,,,,Operational,Original
bufr4/3/09/054/15/007004,09,Secuencias de los sondeos verticales (datos convencionales),309054,(Secuencia para la representación de datos CLIMAT TEMP y CLIMAT TEMP SHIP),,007004,Presión,,,,Operational,Original
bufr4/3/09/054/16/010009,09,Secuencias de los sondeos verticales (datos convencionales),309054,(Secuencia para la representación de datos CLIMAT TEMP y CLIMAT TEMP SHIP),,010009,Altura geopotencial,,,,Operational,Original
bufr4/3/09/054/17/012101,09,Secuencias de los sondeos verticales (datos convencionales),309054,(Secuencia para la representación de datos CLIMAT TEMP y CLIMAT TEMP SHIP),,012101,Temperatura/temperatura del aire,,,,Operational,Original
bufr4/3/09/054/18/012103,09,Secuencias de los sondeos verticales (datos convencionales),309054,(Secuencia para la representación de datos CLIMAT TEMP y CLIMAT TEMP SHIP),,012103,Temperatura del punto de rocío,,,,Operational,Original
bufr4/3/09/054/19/008023,09,Secuencias de los sondeos verticales (datos convencionales),309054,(Secuencia para la representación de datos CLIMAT TEMP y CLIMAT TEMP SHIP),,008023,= 32 media del Estadísticas de primer orden vector,,,,Operational,Original
bufr4/3/09/054/20/011001,09,Secuencias de los sondeos verticales (datos convencionales),309054,(Secuencia para la representación de datos CLIMAT TEMP y CLIMAT TEMP SHIP),,011001,Dirección del viento,,,,Operational,Original
bufr4/3/09/054/21/011002,09,Secuencias de los sondeos verticales (datos convencionales),309054,(Secuencia para la representación de datos CLIMAT TEMP y CLIMAT TEMP SHIP),,011002,Velocidad del viento,,,,Operational,Original
bufr4/3/09/054/22/008023,09,Secuencias de los sondeos verticales (datos convencionales),309054,(Secuencia para la representación de datos CLIMAT TEMP y CLIMAT TEMP SHIP),,008023,Estadísticas de primer orden Fijar en faltante,,,,Operational,Original
bufr4/3/09/054/23/011019,09,Secuencias de los sondeos verticales (datos convencionales),309054,(Secuencia para la representación de datos CLIMAT TEMP y CLIMAT TEMP SHIP),,011019,Constancia del viento,,,,Operational,Original
bufr4/3/09/054/24/008050,09,Secuencias de los sondeos verticales (datos convencionales),309054,(Secuencia para la representación de datos CLIMAT TEMP y CLIMAT TEMP SHIP),,008050,Calificador del número de valores faltantes en el = 2 temperatura cálculo de estadísticas,,,,Operational,Original
bufr4/3/09/054/25/008020,09,Secuencias de los sondeos verticales (datos convencionales),309054,,,008020,Número total de períodos sin valores (con Días relación a la acumulación o el promedio),,,,Operational,Original
bufr4/3/09/054/26/008050,09,Secuencias de los sondeos verticales (datos convencionales),309054,,,008050,Calificador del número de períodos sin valores en = 9 viento el cálculo de estadísticas,,,,Operational,Original
bufr4/3/09/054/27/008020,09,Secuencias de los sondeos verticales (datos convencionales),309054,,,008020,Número total de períodos sin valores (con Días relación a la acumulación o el promedio),,,,Operational,Original
bufr4/3/09/055/1/301111,09,Secuencias de los sondeos verticales (datos convencionales),309055,(Modelo para la representación de datos de radiosonda de alta resolución con la altura geopotencial como coordenada vertical),,301111,"Identificación del sitio de lanzamiento e instrumentos para la medición de presión, temperatura, humedad (PTU) y viento",,,,Operational,Original
bufr4/3/09/055/2/025061,09,Secuencias de los sondeos verticales (datos convencionales),309055,(Modelo para la representación de datos de radiosonda de alta resolución con la altura geopotencial como coordenada vertical),,025061,Identificación y número de versión del software,,,,Operational,Original
bufr4/3/09/055/3/001081,09,Secuencias de los sondeos verticales (datos convencionales),309055,(Modelo para la representación de datos de radiosonda de alta resolución con la altura geopotencial como coordenada vertical),,001081,Número de serie de la radiosonda,,,,Operational,Original
bufr4/3/09/055/4/001082,09,Secuencias de los sondeos verticales (datos convencionales),309055,(Modelo para la representación de datos de radiosonda de alta resolución con la altura geopotencial como coordenada vertical),,001082,Número de ascenso de la radiosonda,,,,Operational,Original
bufr4/3/09/055/5/002067,09,Secuencias de los sondeos verticales (datos convencionales),309055,(Modelo para la representación de datos de radiosonda de alta resolución con la altura geopotencial como coordenada vertical),,002067,Frecuencia de funcionamiento de la radiosonda,,,,Operational,Original
bufr4/3/09/055/6/002095,09,Secuencias de los sondeos verticales (datos convencionales),309055,(Modelo para la representación de datos de radiosonda de alta resolución con la altura geopotencial como coordenada vertical),,002095,Tipo de sensor de presión,,,,Operational,Original
bufr4/3/09/055/7/002096,09,Secuencias de los sondeos verticales (datos convencionales),309055,(Modelo para la representación de datos de radiosonda de alta resolución con la altura geopotencial como coordenada vertical),,002096,Tipo de sensor de temperatura,,,,Operational,Original
bufr4/3/09/055/8/002097,09,Secuencias de los sondeos verticales (datos convencionales),309055,(Modelo para la representación de datos de radiosonda de alta resolución con la altura geopotencial como coordenada vertical),,002097,Tipo de sensor de humedad,,,,Operational,Original
bufr4/3/09/055/9/002081,09,Secuencias de los sondeos verticales (datos convencionales),309055,(Modelo para la representación de datos de radiosonda de alta resolución con la altura geopotencial como coordenada vertical),,002081,Tipo de globo,,,,Operational,Original
bufr4/3/09/055/10/002082,09,Secuencias de los sondeos verticales (datos convencionales),309055,(Modelo para la representación de datos de radiosonda de alta resolución con la altura geopotencial como coordenada vertical),,002082,Peso del globo,,,,Operational,Original
bufr4/3/09/055/11/002084,09,Secuencias de los sondeos verticales (datos convencionales),309055,(Modelo para la representación de datos de radiosonda de alta resolución con la altura geopotencial como coordenada vertical),,002084,Tipo de gas utilizado en el globo,,,,Operational,Original
bufr4/3/09/055/12/002191,09,Secuencias de los sondeos verticales (datos convencionales),309055,(Modelo para la representación de datos de radiosonda de alta resolución con la altura geopotencial como coordenada vertical),,002191,Cálculo de la altura geopotencial,,,,Operational,Original
bufr4/3/09/055/13/301113,09,Secuencias de los sondeos verticales (datos convencionales),309055,(Modelo para la representación de datos de radiosonda de alta resolución con la altura geopotencial como coordenada vertical),,301113,Fecha/hora del lanzamiento (véase la nota 3),,,,Operational,Original
bufr4/3/09/055/14/301114,09,Secuencias de los sondeos verticales (datos convencionales),309055,(Modelo para la representación de datos de radiosonda de alta resolución con la altura geopotencial como coordenada vertical),,301114,Coordenadas horizontal y vertical del sitio de lanzamiento,,,,Operational,Original
bufr4/3/09/055/15/010004,09,Secuencias de los sondeos verticales (datos convencionales),309055,(Modelo para la representación de datos de radiosonda de alta resolución con la altura geopotencial como coordenada vertical),,010004,Presión,,,,Operational,Original
bufr4/3/09/055/16/302032,09,Secuencias de los sondeos verticales (datos convencionales),309055,(Modelo para la representación de datos de radiosonda de alta resolución con la altura geopotencial como coordenada vertical),,302032,Datos de temperatura y humedad,,,,Operational,Original
bufr4/3/09/055/17/007032,09,Secuencias de los sondeos verticales (datos convencionales),309055,(Modelo para la representación de datos de radiosonda de alta resolución con la altura geopotencial como coordenada vertical),,007032,Altura del sensor sobre el suelo local (o la cubierta de la plataforma marina),,,,Operational,Original
bufr4/3/09/055/18/002002,09,Secuencias de los sondeos verticales (datos convencionales),309055,(Modelo para la representación de datos de radiosonda de alta resolución con la altura geopotencial como coordenada vertical),,002002,Tipos de instrumentos para la medición del viento,,,,Operational,Original
bufr4/3/09/055/19/011001,09,Secuencias de los sondeos verticales (datos convencionales),309055,(Modelo para la representación de datos de radiosonda de alta resolución con la altura geopotencial como coordenada vertical),,011001,Dirección del viento,,,,Operational,Original
bufr4/3/09/055/20/011002,09,Secuencias de los sondeos verticales (datos convencionales),309055,(Modelo para la representación de datos de radiosonda de alta resolución con la altura geopotencial como coordenada vertical),,011002,Velocidad del viento,,,,Operational,Original
bufr4/3/09/055/21/007032,09,Secuencias de los sondeos verticales (datos convencionales),309055,(Modelo para la representación de datos de radiosonda de alta resolución con la altura geopotencial como coordenada vertical),,007032,Altura del sensor sobre el suelo local (o la Fijar en faltante,,,,Operational,Original
bufr4/3/09/055/22/020003,09,Secuencias de los sondeos verticales (datos convencionales),309055,(Modelo para la representación de datos de radiosonda de alta resolución con la altura geopotencial como coordenada vertical),,020003,Tiempo presente,,,,Operational,Original
bufr4/3/09/055/23/302049,09,Secuencias de los sondeos verticales (datos convencionales),309055,(Modelo para la representación de datos de radiosonda de alta resolución con la altura geopotencial como coordenada vertical),,302049,Información sobre nubes notificada con sondeos verticales,,,,Operational,Original
bufr4/3/09/055/24/022043,09,Secuencias de los sondeos verticales (datos convencionales),309055,(Modelo para la representación de datos de radiosonda de alta resolución con la altura geopotencial como coordenada vertical),,022043,Temperatura del mar/agua,,,,Operational,Original
bufr4/3/09/055/25/101000,09,Secuencias de los sondeos verticales (datos convencionales),309055,(Modelo para la representación de datos de radiosonda de alta resolución con la altura geopotencial como coordenada vertical),,101000,Repetición diferida de 1 descriptor,,,,Operational,Original
bufr4/3/09/055/26/031002,09,Secuencias de los sondeos verticales (datos convencionales),309055,(Modelo para la representación de datos de radiosonda de alta resolución con la altura geopotencial como coordenada vertical),,031002,Factor ampliado de repetición diferida del descriptor,,,,Operational,Original
bufr4/3/09/055/27/303055,09,Secuencias de los sondeos verticales (datos convencionales),309055,(Modelo para la representación de datos de radiosonda de alta resolución con la altura geopotencial como coordenada vertical),,303055,"Datos de la temperatura, el punto de rocío, la humedad relativa y el viento a un nivel de altura con posición de la radiosonda (véanse las notas 4, 5 y 6) (Secuencia para la representación de los datos de descenso de radiosondas)",,,,Operational,Original
bufr4/3/09/056/1/301150,09,Secuencias de los sondeos verticales (datos convencionales),309056,(anular),,301150,Identificador del WIGOS,,,,Operational,Original
bufr4/3/09/056/2/301111,09,Secuencias de los sondeos verticales (datos convencionales),309056,(anular),,301111,"Identificación del sitio de lanzamiento e instrumentos para la medición de presión, temperatura, humedad (P, T, U) y viento",,,,Operational,Original
bufr4/3/09/056/3/301128,09,Secuencias de los sondeos verticales (datos convencionales),309056,(anular),,301128,Información adicional sobre el ascenso de la Válido también para radiosonda el descenso,,,,Operational,Original
bufr4/3/09/056/4/301113,09,Secuencias de los sondeos verticales (datos convencionales),309056,(anular),,301113,Fecha/hora de lanzamiento (Véase la nota 10.),,,,Operational,Original
bufr4/3/09/056/5/008091,09,Secuencias de los sondeos verticales (datos convencionales),309056,,,008091,= 2 comienzo de la Significación de las coordenadas observación,,,,Operational,Original
bufr4/3/09/056/6/301021,09,Secuencias de los sondeos verticales (datos convencionales),309056,,,301021,Latitud/longitud (gran exactitud),,,,Operational,Original
bufr4/3/09/056/7/007007,09,Secuencias de los sondeos verticales (datos convencionales),309056,,,007007,Inicio del descenso Altura de la radiosonda sobre el nivel medio del mar,,,,Operational,Original
bufr4/3/09/056/8/008091,09,Secuencias de los sondeos verticales (datos convencionales),309056,,,008091,Fijar en faltante Significación de las coordenadas,,,,Operational,Original
bufr4/3/09/056/9/101000,09,Secuencias de los sondeos verticales (datos convencionales),309056,,,101000,Repetición diferida de 1 descriptor,,,,Operational,Original
bufr4/3/09/056/10/031002,09,Secuencias de los sondeos verticales (datos convencionales),309056,,,031002,Factor ampliado de repetición diferida del descriptor,,,,Operational,Original
bufr4/3/09/056/11/303056,09,Secuencias de los sondeos verticales (datos convencionales),309056,,,303056,"Datos de temperatura, punto de rocío y viento a (Véanse las notas 11 un nivel de presión con posición de la radiosonda y 12.) y mayor precisión de la presión y la altura geopotencial",,,,Operational,Original
bufr4/3/09/056/12/101000,09,Secuencias de los sondeos verticales (datos convencionales),309056,,,101000,Repetición diferida de 1 descriptor,,,,Operational,Original
bufr4/3/09/056/13/031001,09,Secuencias de los sondeos verticales (datos convencionales),309056,,,031001,Factor de repetición diferida del descriptor,,,,Operational,Original
bufr4/3/09/056/14/303051,09,Secuencias de los sondeos verticales (datos convencionales),309056,,,303051,"Datos de cizalladura del viento a un nivel de presión con posición de la radiosonda (Secuencia para la representación de datos de tipo observación en TEMP, TEMP SHIP y TEMP MOBIL con mayor precisión de la presión y la altura geopotencial)",,,,Operational,Original
bufr4/3/09/057/1/301150,09,Secuencias de los sondeos verticales (datos convencionales),309057,(anular),,301150,Identificador del WIGOS,,,,Operational,Original
bufr4/3/09/057/2/301111,09,Secuencias de los sondeos verticales (datos convencionales),309057,(anular),,301111,"Identificación del sitio de lanzamiento e instrumentos para la medición de presión, temperatura, humedad (P, T, U) y viento",,,,Operational,Original
bufr4/3/09/057/3/301128,09,Secuencias de los sondeos verticales (datos convencionales),309057,(anular),,301128,Información adicional sobre el ascenso de la radiosonda,,,,Operational,Original
bufr4/3/09/057/4/301113,09,Secuencias de los sondeos verticales (datos convencionales),309057,(anular),,301113,Fecha/hora de lanzamiento,,,,Operational,Original
bufr4/3/09/057/5/301114,09,Secuencias de los sondeos verticales (datos convencionales),309057,(anular),,301114,Coordenadas horizontales y verticales del sitio de lanzamiento,,,,Operational,Original
bufr4/3/09/057/6/302049,09,Secuencias de los sondeos verticales (datos convencionales),309057,(anular),,302049,Información sobre nubes notificada mediante sondeos verticales,,,,Operational,Original
bufr4/3/09/057/7/022043,09,Secuencias de los sondeos verticales (datos convencionales),309057,(anular),,022043,Temperatura del mar/agua,,,,Operational,Original
bufr4/3/09/057/8/101000,09,Secuencias de los sondeos verticales (datos convencionales),309057,(anular),,101000,Repetición diferida de 1 descriptor,,,,Operational,Original
bufr4/3/09/057/9/031002,09,Secuencias de los sondeos verticales (datos convencionales),309057,(anular),,031002,Factor ampliado de repetición diferida del descriptor,,,,Operational,Original
bufr4/3/09/057/10/303056,09,Secuencias de los sondeos verticales (datos convencionales),309057,(anular),,303056,"Datos de temperatura, punto de rocío y viento a un nivel de presión con posición de la radiosonda y mayor precisión de la presión y la altura geopotencial",,,,Operational,Original
bufr4/3/09/057/11/101000,09,Secuencias de los sondeos verticales (datos convencionales),309057,(anular),,101000,Repetición diferida de 1 descriptor,,,,Operational,Original
bufr4/3/09/057/12/031001,09,Secuencias de los sondeos verticales (datos convencionales),309057,(anular),,031001,Factor de repetición diferida del descriptor,,,,Operational,Original
bufr4/3/09/057/13/303051,09,Secuencias de los sondeos verticales (datos convencionales),309057,(anular),,303051,Datos de cizalladura del viento a un nivel de presión con posición de la radiosonda,,,,Operational,Original
bufr4/3/09/060/1/301123,09,Secuencias de los sondeos verticales (datos convencionales),309060,(Registro completo de la radiosonda y observación de radiosonda en superficie),,301123,Información de encabezamiento completo de radiosonda,,,,Operational,Original
bufr4/3/09/060/2/301121,09,Secuencias de los sondeos verticales (datos convencionales),309060,(Registro completo de la radiosonda y observación de radiosonda en superficie),,301121,Ubicación del punto de lanzamiento de la radiosonda,,,,Operational,Original
bufr4/3/09/060/3/302050,09,Secuencias de los sondeos verticales (datos convencionales),309060,(Registro completo de la radiosonda y observación de radiosonda en superficie),,302050,Observación de radiosonda en superficie,,,,Operational,Original
bufr4/3/09/060/4/303040,09,Secuencias de los sondeos verticales (datos convencionales),309060,(Registro completo de la radiosonda y observación de radiosonda en superficie),,303040,Duración de vuelo de la radiosonda e información sobre la terminación,,,,Operational,Original
bufr4/3/09/061/1/301120,09,Secuencias de los sondeos verticales (datos convencionales),309061,(PTU – datos en bruto),,301120,Encabezamiento abreviado de la radiosonda e información del lanzamiento,,,,Operational,Original
bufr4/3/09/061/2/008041,09,Secuencias de los sondeos verticales (datos convencionales),309061,(PTU – datos en bruto),,008041,= 6 observación de Significación de datos nivel de vuelo,,,,Operational,Original
bufr4/3/09/061/3/301122,09,Secuencias de los sondeos verticales (datos convencionales),309061,(PTU – datos en bruto),,301122,Fecha/hora (hasta centésimas de segundo),,,,Operational,Original
bufr4/3/09/061/4/201131,09,Secuencias de los sondeos verticales (datos convencionales),309061,(PTU – datos en bruto),,201131,Cambio de anchura de datos,,,,Operational,Original
bufr4/3/09/061/5/202129,09,Secuencias de los sondeos verticales (datos convencionales),309061,(PTU – datos en bruto),,202129,Cambio de escala,,,,Operational,Original
bufr4/3/09/061/6/025069,09,Secuencias de los sondeos verticales (datos convencionales),309061,(PTU – datos en bruto),,025069,Correcciones de presión del nivel de vuelo,,,,Operational,Original
bufr4/3/09/061/7/007004,09,Secuencias de los sondeos verticales (datos convencionales),309061,(PTU – datos en bruto),,007004,Presión,,,,Operational,Original
bufr4/3/09/061/8/202000,09,Secuencias de los sondeos verticales (datos convencionales),309061,(PTU – datos en bruto),,202000,Cambio de escala Anular,,,,Operational,Original
bufr4/3/09/061/9/201000,09,Secuencias de los sondeos verticales (datos convencionales),309061,(PTU – datos en bruto),,201000,Cambio de anchura de datos Anular,,,,Operational,Original
bufr4/3/09/061/10/033007,09,Secuencias de los sondeos verticales (datos convencionales),309061,(PTU – datos en bruto),,033007,Porcentaje de confianza Presión,,,,Operational,Original
bufr4/3/09/061/11/033035,09,Secuencias de los sondeos verticales (datos convencionales),309061,(PTU – datos en bruto),,033035,Control de calidad manual/automático Presión,,,,Operational,Original
bufr4/3/09/061/12/033015,09,Secuencias de los sondeos verticales (datos convencionales),309061,(PTU – datos en bruto),,033015,Indicador de verificación de la calidad de los Presión datos,,,,Operational,Original
bufr4/3/09/061/13/013009,09,Secuencias de los sondeos verticales (datos convencionales),309061,(PTU – datos en bruto),,013009,Humedad relativa,,,,Operational,Original
bufr4/3/09/061/14/033007,09,Secuencias de los sondeos verticales (datos convencionales),309061,(PTU – datos en bruto),,033007,Porcentaje de confianza Humedad relativa,,,,Operational,Original
bufr4/3/09/061/15/033035,09,Secuencias de los sondeos verticales (datos convencionales),309061,(PTU – datos en bruto),,033035,Control de calidad manual/automático Humedad relativa,,,,Operational,Original
bufr4/3/09/061/16/033015,09,Secuencias de los sondeos verticales (datos convencionales),309061,(PTU – datos en bruto),,033015,Indicador de verificación de la calidad de los Humedad relativa datos,,,,Operational,Original
bufr4/3/09/061/17/002013,09,Secuencias de los sondeos verticales (datos convencionales),309061,(PTU – datos en bruto),,002013,Corrección de la radiación solar y de infrarrojo,,,,Operational,Original
bufr4/3/09/061/18/012101,09,Secuencias de los sondeos verticales (datos convencionales),309061,(PTU – datos en bruto),,012101,Temperatura/temperatura del aire,,,,Operational,Original
bufr4/3/09/061/19/033007,09,Secuencias de los sondeos verticales (datos convencionales),309061,(PTU – datos en bruto),,033007,Porcentaje de confianza Temperatura,,,,Operational,Original
bufr4/3/09/061/20/033035,09,Secuencias de los sondeos verticales (datos convencionales),309061,(PTU – datos en bruto),,033035,Control de calidad manual/automático Temperatura,,,,Operational,Original
bufr4/3/09/061/21/033015,09,Secuencias de los sondeos verticales (datos convencionales),309061,(PTU – datos en bruto),,033015,Indicador de verificación de la calidad de los Temperatura datos,,,,Operational,Original
bufr4/3/09/062/1/301120,09,Secuencias de los sondeos verticales (datos convencionales),309062,(GPS – datos en bruto de viento sin suavizar),,301120,Encabezamiento abreviado de la radiosonda e información del lanzamiento,,,,Operational,Original
bufr4/3/09/062/2/008041,09,Secuencias de los sondeos verticales (datos convencionales),309062,(GPS – datos en bruto de viento sin suavizar),,008041,= 6 observación de Significación de datos nivel de vuelo,,,,Operational,Original
bufr4/3/09/062/3/301122,09,Secuencias de los sondeos verticales (datos convencionales),309062,(GPS – datos en bruto de viento sin suavizar),,301122,Fecha/hora (hasta centésimas de segundo),,,,Operational,Original
bufr4/3/09/062/4/005001,09,Secuencias de los sondeos verticales (datos convencionales),309062,(GPS – datos en bruto de viento sin suavizar),,005001,Latitud (gran exactitud),,,,Operational,Original
bufr4/3/09/062/5/033035,09,Secuencias de los sondeos verticales (datos convencionales),309062,(GPS – datos en bruto de viento sin suavizar),,033035,Control de calidad manual/automático Latitud,,,,Operational,Original
bufr4/3/09/062/6/033015,09,Secuencias de los sondeos verticales (datos convencionales),309062,(GPS – datos en bruto de viento sin suavizar),,033015,Indicador de verificación de la calidad de los Latitud datos,,,,Operational,Original
bufr4/3/09/062/7/006001,09,Secuencias de los sondeos verticales (datos convencionales),309062,(GPS – datos en bruto de viento sin suavizar),,006001,Longitud (gran exactitud),,,,Operational,Original
bufr4/3/09/062/8/033035,09,Secuencias de los sondeos verticales (datos convencionales),309062,(GPS – datos en bruto de viento sin suavizar),,033035,Control de calidad manual/automático Longitud,,,,Operational,Original
bufr4/3/09/062/9/033015,09,Secuencias de los sondeos verticales (datos convencionales),309062,(GPS – datos en bruto de viento sin suavizar),,033015,Indicador de verificación de la calidad de los Longitud datos,,,,Operational,Original
bufr4/3/09/062/10/007007,09,Secuencias de los sondeos verticales (datos convencionales),309062,(GPS – datos en bruto de viento sin suavizar),,007007,Altura,,,,Operational,Original
bufr4/3/09/062/11/033035,09,Secuencias de los sondeos verticales (datos convencionales),309062,(GPS – datos en bruto de viento sin suavizar),,033035,Control de calidad manual/automático Altura,,,,Operational,Original
bufr4/3/09/062/12/033015,09,Secuencias de los sondeos verticales (datos convencionales),309062,(GPS – datos en bruto de viento sin suavizar),,033015,Indicador de verificación de la calidad de los Altura datos,,,,Operational,Original
bufr4/3/09/062/13/011003,09,Secuencias de los sondeos verticales (datos convencionales),309062,(GPS – datos en bruto de viento sin suavizar),,011003,Componente u,,,,Operational,Original
bufr4/3/09/062/14/033035,09,Secuencias de los sondeos verticales (datos convencionales),309062,(GPS – datos en bruto de viento sin suavizar),,033035,Control de calidad manual/automático Componente u,,,,Operational,Original
bufr4/3/09/062/15/033015,09,Secuencias de los sondeos verticales (datos convencionales),309062,(GPS – datos en bruto de viento sin suavizar),,033015,Indicador de verificación de la calidad de los Componente u datos,,,,Operational,Original
bufr4/3/09/062/16/011004,09,Secuencias de los sondeos verticales (datos convencionales),309062,(GPS – datos en bruto de viento sin suavizar),,011004,Componente v,,,,Operational,Original
bufr4/3/09/062/17/033035,09,Secuencias de los sondeos verticales (datos convencionales),309062,(GPS – datos en bruto de viento sin suavizar),,033035,Control de calidad manual/automático Componente v,,,,Operational,Original
bufr4/3/09/062/18/033015,09,Secuencias de los sondeos verticales (datos convencionales),309062,(GPS – datos en bruto de viento sin suavizar),,033015,Indicador de verificación de la calidad de los datos Componente v,,,,Operational,Original
bufr4/3/09/062/19/033007,09,Secuencias de los sondeos verticales (datos convencionales),309062,,,033007,Datos en bruto de Porcentaje de confianza viento sin suavizar obtenidos mediante GPS,,,,Operational,Original
bufr4/3/09/063/1/301120,09,Secuencias de los sondeos verticales (datos convencionales),309063,(GPS – datos en bruto de viento suavizado),,301120,Encabezamiento abreviado de la radiosonda e información del lanzamiento,,,,Operational,Original
bufr4/3/09/063/2/008041,09,Secuencias de los sondeos verticales (datos convencionales),309063,(GPS – datos en bruto de viento suavizado),,008041,= 6 observación de Significación de datos nivel de vuelo,,,,Operational,Original
bufr4/3/09/063/3/301122,09,Secuencias de los sondeos verticales (datos convencionales),309063,(GPS – datos en bruto de viento suavizado),,301122,Fecha/hora (hasta centésimas de segundo),,,,Operational,Original
bufr4/3/09/063/4/005001,09,Secuencias de los sondeos verticales (datos convencionales),309063,(GPS – datos en bruto de viento suavizado),,005001,Latitud (gran exactitud),,,,Operational,Original
bufr4/3/09/063/5/033035,09,Secuencias de los sondeos verticales (datos convencionales),309063,(GPS – datos en bruto de viento suavizado),,033035,Control de calidad manual/automático Latitud,,,,Operational,Original
bufr4/3/09/063/6/033015,09,Secuencias de los sondeos verticales (datos convencionales),309063,(GPS – datos en bruto de viento suavizado),,033015,Indicador de verificación de la calidad de los Latitud datos,,,,Operational,Original
bufr4/3/09/063/7/006001,09,Secuencias de los sondeos verticales (datos convencionales),309063,(GPS – datos en bruto de viento suavizado),,006001,Longitud (gran exactitud),,,,Operational,Original
bufr4/3/09/063/8/033035,09,Secuencias de los sondeos verticales (datos convencionales),309063,(GPS – datos en bruto de viento suavizado),,033035,Control de calidad manual/automático Longitud,,,,Operational,Original
bufr4/3/09/063/9/033015,09,Secuencias de los sondeos verticales (datos convencionales),309063,(GPS – datos en bruto de viento suavizado),,033015,Indicador de verificación de la calidad de los Longitud datos,,,,Operational,Original
bufr4/3/09/063/10/007007,09,Secuencias de los sondeos verticales (datos convencionales),309063,(GPS – datos en bruto de viento suavizado),,007007,Altura,,,,Operational,Original
bufr4/3/09/063/11/033035,09,Secuencias de los sondeos verticales (datos convencionales),309063,(GPS – datos en bruto de viento suavizado),,033035,Control de calidad manual/automático Altura,,,,Operational,Original
bufr4/3/09/063/12/033015,09,Secuencias de los sondeos verticales (datos convencionales),309063,(GPS – datos en bruto de viento suavizado),,033015,Indicador de verificación de la calidad de los Altura datos,,,,Operational,Original
bufr4/3/09/063/13/011003,09,Secuencias de los sondeos verticales (datos convencionales),309063,(GPS – datos en bruto de viento suavizado),,011003,Componente u,,,,Operational,Original
bufr4/3/09/063/14/033035,09,Secuencias de los sondeos verticales (datos convencionales),309063,(GPS – datos en bruto de viento suavizado),,033035,Control de calidad manual/automático Componente u,,,,Operational,Original
bufr4/3/09/063/15/033015,09,Secuencias de los sondeos verticales (datos convencionales),309063,(GPS – datos en bruto de viento suavizado),,033015,Indicador de verificación de la calidad de los Componente u datos,,,,Operational,Original
bufr4/3/09/063/16/011004,09,Secuencias de los sondeos verticales (datos convencionales),309063,(GPS – datos en bruto de viento suavizado),,011004,Componente v,,,,Operational,Original
bufr4/3/09/063/17/033035,09,Secuencias de los sondeos verticales (datos convencionales),309063,(GPS – datos en bruto de viento suavizado),,033035,Control de calidad manual/automático Componente v,,,,Operational,Original
bufr4/3/09/063/18/033015,09,Secuencias de los sondeos verticales (datos convencionales),309063,(GPS – datos en bruto de viento suavizado),,033015,Indicador de verificación de la calidad de los Componente v datos,,,,Operational,Original
bufr4/3/09/063/19/033007,09,Secuencias de los sondeos verticales (datos convencionales),309063,(GPS – datos en bruto de viento suavizado),,033007,Datos en bruto del Porcentaje de confianza viento suavizado obtenidos mediante GPS,,,,Operational,Original
bufr4/3/09/064/1/301120,09,Secuencias de los sondeos verticales (datos convencionales),309064,(PTU – datos procesados),,301120,Encabezamiento abreviado de la radiosonda e información del lanzamiento,,,,Operational,Original
bufr4/3/09/064/2/008041,09,Secuencias de los sondeos verticales (datos convencionales),309064,(PTU – datos procesados),,008041,= 6 observación de Significación de datos nivel de vuelo,,,,Operational,Original
bufr4/3/09/064/3/301122,09,Secuencias de los sondeos verticales (datos convencionales),309064,(PTU – datos procesados),,301122,Fecha/hora (hasta centésimas de segundo),,,,Operational,Original
bufr4/3/09/064/4/201131,09,Secuencias de los sondeos verticales (datos convencionales),309064,(PTU – datos procesados),,201131,Cambio de anchura de datos,,,,Operational,Original
bufr4/3/09/064/5/202129,09,Secuencias de los sondeos verticales (datos convencionales),309064,(PTU – datos procesados),,202129,Cambio de escala,,,,Operational,Original
bufr4/3/09/064/6/104002,09,Secuencias de los sondeos verticales (datos convencionales),309064,(PTU – datos procesados),,104002,Repetir 4 descriptores 2 veces,,,,Operational,Original
bufr4/3/09/064/7/025069,09,Secuencias de los sondeos verticales (datos convencionales),309064,(PTU – datos procesados),,025069,Correcciones de presión del nivel de vuelo,,,,Operational,Original
bufr4/3/09/064/8/007004,09,Secuencias de los sondeos verticales (datos convencionales),309064,(PTU – datos procesados),,007004,Presión,,,,Operational,Original
bufr4/3/09/064/9/033035,09,Secuencias de los sondeos verticales (datos convencionales),309064,(PTU – datos procesados),,033035,Control de calidad manual/automático Presión,,,,Operational,Original
bufr4/3/09/064/10/033015,09,Secuencias de los sondeos verticales (datos convencionales),309064,(PTU – datos procesados),,033015,Indicador de verificación de la calidad de los Presión datos,,,,Operational,Original
bufr4/3/09/064/11/013003,09,Secuencias de los sondeos verticales (datos convencionales),309064,(PTU – datos procesados),,013003,Humedad relativa,,,,Operational,Original
bufr4/3/09/064/12/033035,09,Secuencias de los sondeos verticales (datos convencionales),309064,(PTU – datos procesados),,033035,Control de calidad manual/automático Humedad relativa,,,,Operational,Original
bufr4/3/09/064/13/033015,09,Secuencias de los sondeos verticales (datos convencionales),309064,(PTU – datos procesados),,033015,Indicador de verificación de la calidad de los Humedad relativa datos,,,,Operational,Original
bufr4/3/09/064/14/202000,09,Secuencias de los sondeos verticales (datos convencionales),309064,(PTU – datos procesados),,202000,Cambio de escala Anular,,,,Operational,Original
bufr4/3/09/064/15/201000,09,Secuencias de los sondeos verticales (datos convencionales),309064,(PTU – datos procesados),,201000,Cambio de anchura de datos Anular,,,,Operational,Original
bufr4/3/09/064/16/104002,09,Secuencias de los sondeos verticales (datos convencionales),309064,(PTU – datos procesados),,104002,Repetir 4 descriptores 2 veces,,,,Operational,Original
bufr4/3/09/064/17/002013,09,Secuencias de los sondeos verticales (datos convencionales),309064,,,002013,Corrección de la radiación solar y de infrarrojo,,,,Operational,Original
bufr4/3/09/064/18/012101,09,Secuencias de los sondeos verticales (datos convencionales),309064,,,012101,Temperatura/temperatura del aire,,,,Operational,Original
bufr4/3/09/064/19/033035,09,Secuencias de los sondeos verticales (datos convencionales),309064,,,033035,Control de calidad manual/automático Temperatura,,,,Operational,Original
bufr4/3/09/064/20/033015,09,Secuencias de los sondeos verticales (datos convencionales),309064,,,033015,Indicador de verificación de la calidad de los Temperatura datos,,,,Operational,Original
bufr4/3/09/064/21/012103,09,Secuencias de los sondeos verticales (datos convencionales),309064,,,012103,Temperatura de punto de rocío,,,,Operational,Original
bufr4/3/09/064/22/033035,09,Secuencias de los sondeos verticales (datos convencionales),309064,,,033035,Temperatura del Control de calidad manual/automático punto de rocío,,,,Operational,Original
bufr4/3/09/064/23/033015,09,Secuencias de los sondeos verticales (datos convencionales),309064,,,033015,Indicador de verificación de la calidad de los Temperatura del datos punto de rocío,,,,Operational,Original
bufr4/3/09/064/24/010009,09,Secuencias de los sondeos verticales (datos convencionales),309064,,,010009,Altura geopotencial,,,,Operational,Original
bufr4/3/09/064/25/033035,09,Secuencias de los sondeos verticales (datos convencionales),309064,,,033035,Control de calidad manual/automático Altura geopotencial,,,,Operational,Original
bufr4/3/09/064/26/033015,09,Secuencias de los sondeos verticales (datos convencionales),309064,,,033015,Indicador de verificación de la calidad de los Altura geopotencial datos,,,,Operational,Original
bufr4/3/09/065/1/301120,09,Secuencias de los sondeos verticales (datos convencionales),309065,(GPS – datos procesados),,301120,Encabezamiento abreviado de la radiosonda e información del lanzamiento,,,,Operational,Original
bufr4/3/09/065/2/008041,09,Secuencias de los sondeos verticales (datos convencionales),309065,(GPS – datos procesados),,008041,= 6 observación de Significación de datos nivel de vuelo,,,,Operational,Original
bufr4/3/09/065/3/301122,09,Secuencias de los sondeos verticales (datos convencionales),309065,(GPS – datos procesados),,301122,Fecha/hora (hasta centésimas de segundo),,,,Operational,Original
bufr4/3/09/065/4/005001,09,Secuencias de los sondeos verticales (datos convencionales),309065,(GPS – datos procesados),,005001,Latitud (gran exactitud),,,,Operational,Original
bufr4/3/09/065/5/033035,09,Secuencias de los sondeos verticales (datos convencionales),309065,(GPS – datos procesados),,033035,Control de calidad manual/automático Latitud,,,,Operational,Original
bufr4/3/09/065/6/033015,09,Secuencias de los sondeos verticales (datos convencionales),309065,(GPS – datos procesados),,033015,Indicador de verificación de la calidad de los Latitud datos,,,,Operational,Original
bufr4/3/09/065/7/006001,09,Secuencias de los sondeos verticales (datos convencionales),309065,(GPS – datos procesados),,006001,Longitud (gran exactitud),,,,Operational,Original
bufr4/3/09/065/8/033035,09,Secuencias de los sondeos verticales (datos convencionales),309065,(GPS – datos procesados),,033035,Control de calidad manual/automático Longitud,,,,Operational,Original
bufr4/3/09/065/9/033015,09,Secuencias de los sondeos verticales (datos convencionales),309065,(GPS – datos procesados),,033015,Indicador de verificación de la calidad de los Longitud datos,,,,Operational,Original
bufr4/3/09/065/10/007007,09,Secuencias de los sondeos verticales (datos convencionales),309065,(GPS – datos procesados),,007007,Altura,,,,Operational,Original
bufr4/3/09/065/11/033035,09,Secuencias de los sondeos verticales (datos convencionales),309065,(GPS – datos procesados),,033035,Control de calidad manual/automático Altura,,,,Operational,Original
bufr4/3/09/065/12/033015,09,Secuencias de los sondeos verticales (datos convencionales),309065,(GPS – datos procesados),,033015,Indicador de verificación de la calidad de los Altura datos,,,,Operational,Original
bufr4/3/09/065/13/011003,09,Secuencias de los sondeos verticales (datos convencionales),309065,(GPS – datos procesados),,011003,Componente u,,,,Operational,Original
bufr4/3/09/065/14/033035,09,Secuencias de los sondeos verticales (datos convencionales),309065,(GPS – datos procesados),,033035,Control de calidad manual/automático Componente u,,,,Operational,Original
bufr4/3/09/065/15/033015,09,Secuencias de los sondeos verticales (datos convencionales),309065,(GPS – datos procesados),,033015,Indicador de verificación de la calidad de los Componente u datos,,,,Operational,Original
bufr4/3/09/065/16/011004,09,Secuencias de los sondeos verticales (datos convencionales),309065,(GPS – datos procesados),,011004,Componente v,,,,Operational,Original
bufr4/3/09/065/17/033035,09,Secuencias de los sondeos verticales (datos convencionales),309065,(GPS – datos procesados),,033035,Control de calidad manual/automático Componente v,,,,Operational,Original
bufr4/3/09/065/18/033015,09,Secuencias de los sondeos verticales (datos convencionales),309065,(GPS – datos procesados),,033015,Indicador de verificación de la calidad de los Componente v datos,,,,Operational,Original
bufr4/3/09/066/1/301120,09,Secuencias de los sondeos verticales (datos convencionales),309066,(Niveles estándar y significativo),,301120,Encabezamiento abreviado de la radiosonda e información del lanzamiento,,,,Operational,Original
bufr4/3/09/066/2/008041,09,Secuencias de los sondeos verticales (datos convencionales),309066,(Niveles estándar y significativo),,008041,= 6 observación de Significación de datos nivel de vuelo,,,,Operational,Original
bufr4/3/09/066/3/301122,09,Secuencias de los sondeos verticales (datos convencionales),309066,(Niveles estándar y significativo),,301122,Fecha/hora (hasta centésimas de segundo),,,,Operational,Original
bufr4/3/09/066/4/008040,09,Secuencias de los sondeos verticales (datos convencionales),309066,(Niveles estándar y significativo),,008040,Significación del nivel de vuelo,,,,Operational,Original
bufr4/3/09/066/5/201131,09,Secuencias de los sondeos verticales (datos convencionales),309066,(Niveles estándar y significativo),,201131,Cambio de anchura de datos,,,,Operational,Original
bufr4/3/09/066/6/202129,09,Secuencias de los sondeos verticales (datos convencionales),309066,(Niveles estándar y significativo),,202129,Cambio de escala,,,,Operational,Original
bufr4/3/09/066/7/025069,09,Secuencias de los sondeos verticales (datos convencionales),309066,(Niveles estándar y significativo),,025069,Correcciones de presión del nivel de vuelo,,,,Operational,Original
bufr4/3/09/066/8/007004,09,Secuencias de los sondeos verticales (datos convencionales),309066,(Niveles estándar y significativo),,007004,Presión,,,,Operational,Original
bufr4/3/09/066/9/013003,09,Secuencias de los sondeos verticales (datos convencionales),309066,(Niveles estándar y significativo),,013003,Humedad relativa,,,,Operational,Original
bufr4/3/09/066/10/202000,09,Secuencias de los sondeos verticales (datos convencionales),309066,(Niveles estándar y significativo),,202000,Cambio de escala Anular,,,,Operational,Original
bufr4/3/09/066/11/201000,09,Secuencias de los sondeos verticales (datos convencionales),309066,(Niveles estándar y significativo),,201000,Cambio de anchura de datos Anular,,,,Operational,Original
bufr4/3/09/066/12/002013,09,Secuencias de los sondeos verticales (datos convencionales),309066,,,002013,Corrección de la radiación solar y de infrarrojo,,,,Operational,Original
bufr4/3/09/066/13/012101,09,Secuencias de los sondeos verticales (datos convencionales),309066,,,012101,Temperatura/temperatura del aire,,,,Operational,Original
bufr4/3/09/066/14/012103,09,Secuencias de los sondeos verticales (datos convencionales),309066,,,012103,Temperatura de punto de rocío,,,,Operational,Original
bufr4/3/09/066/15/010009,09,Secuencias de los sondeos verticales (datos convencionales),309066,,,010009,Altura geopotencial,,,,Operational,Original
bufr4/3/09/066/16/010007,09,Secuencias de los sondeos verticales (datos convencionales),309066,,,010007,Altura,,,,Operational,Original
bufr4/3/09/066/17/011002,09,Secuencias de los sondeos verticales (datos convencionales),309066,,,011002,Velocidad del viento,,,,Operational,Original
bufr4/3/09/066/18/011001,09,Secuencias de los sondeos verticales (datos convencionales),309066,,,011001,Dirección del viento,,,,Operational,Original
bufr4/3/09/070/1/001035,09,Secuencias de los sondeos verticales (datos convencionales),309070,(Perfil vertical para los datos de predicción numérica del tiempo),,001035,Centro de origen,,,,Operational,Original
bufr4/3/09/070/2/001032,09,Secuencias de los sondeos verticales (datos convencionales),309070,(Perfil vertical para los datos de predicción numérica del tiempo),,001032,Aplicación de producción,,,,Operational,Original
bufr4/3/09/070/3/001015,09,Secuencias de los sondeos verticales (datos convencionales),309070,(Perfil vertical para los datos de predicción numérica del tiempo),,001015,Nombre de la estación o emplazamiento,,,,Operational,Original
bufr4/3/09/070/4/001063,09,Secuencias de los sondeos verticales (datos convencionales),309070,(Perfil vertical para los datos de predicción numérica del tiempo),,001063,Indicador de ubicación de la OACI,,,,Operational,Original
bufr4/3/09/070/5/301001,09,Secuencias de los sondeos verticales (datos convencionales),309070,(Perfil vertical para los datos de predicción numérica del tiempo),,301001,Números de bloque y de la estación de la OMM Ubicación y hora de referencia,,,,Operational,Original
bufr4/3/09/070/6/301011,09,Secuencias de los sondeos verticales (datos convencionales),309070,(Perfil vertical para los datos de predicción numérica del tiempo),,301011,"Año, mes, día",,,,Operational,Original
bufr4/3/09/070/7/301012,09,Secuencias de los sondeos verticales (datos convencionales),309070,(Perfil vertical para los datos de predicción numérica del tiempo),,301012,"Hora de referencia de Hora, minuto la predicción (T-cero)",,,,Operational,Original
bufr4/3/09/070/8/301021,09,Secuencias de los sondeos verticales (datos convencionales),309070,(Perfil vertical para los datos de predicción numérica del tiempo),,301021,Latitud/longitud (gran exactitud),,,,Operational,Original
bufr4/3/09/070/9/207001,09,Secuencias de los sondeos verticales (datos convencionales),309070,(Perfil vertical para los datos de predicción numérica del tiempo),,207001,"Aumento de escala, valor de referencia y anchura /Véase la columna de de datos la izquierda. Aumentar en 1 el factor de escala; el valor de referencia y la anchura de datos se recalculan conforme la especificación del operador 2 07 YYY en la tabla C",,,,Operational,Original
bufr4/3/09/070/10/010001,09,Secuencias de los sondeos verticales (datos convencionales),309070,(Perfil vertical para los datos de predicción numérica del tiempo),,010001,Elevación de la Altura del terreno (véase la nota 7) estación (sin coordenadas),,,,Operational,Original
bufr4/3/09/070/11/207000,09,Secuencias de los sondeos verticales (datos convencionales),309070,(Perfil vertical para los datos de predicción numérica del tiempo),,207000,"Aumentar la escala, valor de referencia y anchura Anular de datos",,,,Operational,Original
bufr4/3/09/070/12/008086,09,Secuencias de los sondeos verticales (datos convencionales),309070,(Perfil vertical para los datos de predicción numérica del tiempo),,008086,Significación vertical para predicción numérica del Bit 9 fijado a 1 Altura tiempo de la estación virtual,,,,Operational,Original
bufr4/3/09/070/13/007030,09,Secuencias de los sondeos verticales (datos convencionales),309070,(Perfil vertical para los datos de predicción numérica del tiempo),,007030,"Altura del suelo de la estación sobre el nivel /Véase la columna de medio del mar la izquierda. Elevación del terreno en el modelo para la latitud/ longitud de la estación. Con las puntualizaciones de 0 08 086, este valor es específico tanto para la estación como para el modelo. Metadatos sobre el perfil vertical",,,,Operational,Original
bufr4/3/09/070/14/025031,09,Secuencias de los sondeos verticales (datos convencionales),309070,(Perfil vertical para los datos de predicción numérica del tiempo),,025031,Método de adelgazamiento del perfil vertical generado por predicción numérica del tiempo (véase la nota 8),,,,Operational,Original
bufr4/3/09/070/15/008021,09,Secuencias de los sondeos verticales (datos convencionales),309070,(Perfil vertical para los datos de predicción numérica del tiempo),,008021,"= 4 predicción, = 16 Significación temporal análisis, = 27 de primera aproximación",,,,Operational,Original
bufr4/3/09/070/16/004014,09,Secuencias de los sondeos verticales (datos convencionales),309070,(Perfil vertical para los datos de predicción numérica del tiempo),,004014,"/Véase la columna de Incremento de tiempo la izquierda. Tiempo de validez de la predicción, expresado en Delta T respecto de la hora de referencia. En caso de análisis o predicción a las 00 horas, el valor se fijará en cero.",,,,Operational,Original
bufr4/3/09/070/17/010004,09,Secuencias de los sondeos verticales (datos convencionales),309070,,,010004,Presión,,,,Operational,Original
bufr4/3/09/070/18/010051,09,Secuencias de los sondeos verticales (datos convencionales),309070,,,010051,Presión reducida al nivel medio del mar,,,,Operational,Original
bufr4/3/09/070/19/010009,09,Secuencias de los sondeos verticales (datos convencionales),309070,,,010009,Altura geopotencial,,,,Operational,Original
bufr4/3/09/070/20/020010,09,Secuencias de los sondeos verticales (datos convencionales),309070,,,020010,Cubierta de nubes (total),,,,Operational,Original
bufr4/3/09/070/21/013095,09,Secuencias de los sondeos verticales (datos convencionales),309070,,,013095,Vapor de agua total en columna Bucle de repetición para los niveles,,,,Operational,Original
bufr4/3/09/070/22/128000,09,Secuencias de los sondeos verticales (datos convencionales),309070,,,128000,Repetición diferida de 28 descriptores,,,,Operational,Original
bufr4/3/09/070/23/031002,09,Secuencias de los sondeos verticales (datos convencionales),309070,,,031002,"Factor ampliado de repetición diferida del /Véase la columna de descriptor la izquierda. Esta repetición determina el número de niveles utilizados en el perfil vertical. Es un número facultativo, y abarca todos los niveles por encima del terreno y los niveles de presión. Datos sobre coordenadas de presión",,,,Operational,Original
bufr4/3/09/070/24/113000,09,Secuencias de los sondeos verticales (datos convencionales),309070,,,113000,Repetición diferida de 13 descriptores,,,,Operational,Original
bufr4/3/09/070/25/031000,09,Secuencias de los sondeos verticales (datos convencionales),309070,,,031000,"Factor de repetición ligeramente diferida del = 1 la coordenada descriptor vertical es la presión, = 0 en los demás casos",,,,Operational,Original
bufr4/3/09/070/26/008086,09,Secuencias de los sondeos verticales (datos convencionales),309070,,,008086,Significación vertical para predicción numérica del Bit 1 fijado a 0 y tiempo otros bits según corresponda,,,,Operational,Original
bufr4/3/09/070/27/007004,09,Secuencias de los sondeos verticales (datos convencionales),309070,,,007004,Presión (véase la nota 9),,,,Operational,Original
bufr4/3/09/070/28/011001,09,Secuencias de los sondeos verticales (datos convencionales),309070,,,011001,Dirección del viento Grados verdaderos,,,,Operational,Original
bufr4/3/09/070/29/011002,09,Secuencias de los sondeos verticales (datos convencionales),309070,,,011002,Velocidad del viento m/s,,,,Operational,Original
bufr4/3/09/070/30/012101,09,Secuencias de los sondeos verticales (datos convencionales),309070,,,012101,Temperatura/temperatura del aire,,,,Operational,Original
bufr4/3/09/070/31/012102,09,Secuencias de los sondeos verticales (datos convencionales),309070,,,012102,Temperatura de bulbo húmedo,,,,Operational,Original
bufr4/3/09/070/32/012103,09,Secuencias de los sondeos verticales (datos convencionales),309070,,,012103,Temperatura del punto de rocío,,,,Operational,Original
bufr4/3/09/070/33/010009,09,Secuencias de los sondeos verticales (datos convencionales),309070,,,010009,Altura geopotencial,,,,Operational,Original
bufr4/3/09/070/34/103000,09,Secuencias de los sondeos verticales (datos convencionales),309070,,,103000,Repetición diferida de 3 descriptores,,,,Operational,Original
bufr4/3/09/070/35/031000,09,Secuencias de los sondeos verticales (datos convencionales),309070,,,031000,Factor de repetición ligeramente diferida del = 1 incluir descriptor opcionalmente datos mejorados del modelo,,,,Operational,Original
bufr4/3/09/070/36/011021,09,Secuencias de los sondeos verticales (datos convencionales),309070,,,011021,Vorticidad relativa,,,,Operational,Original
bufr4/3/09/070/37/011022,09,Secuencias de los sondeos verticales (datos convencionales),309070,,,011022,Divergencia,,,,Operational,Original
bufr4/3/09/070/38/011005,09,Secuencias de los sondeos verticales (datos convencionales),309070,,,011005,Componente w Movimiento vertical Datos a 10 metros sobre el nivel del terreno,,,,Operational,Original
bufr4/3/09/070/39/104000,09,Secuencias de los sondeos verticales (datos convencionales),309070,,,104000,Repetición diferida de 4 descriptores,,,,Operational,Original
bufr4/3/09/070/40/031000,09,Secuencias de los sondeos verticales (datos convencionales),309070,,,031000,"Factor de repetición ligeramente diferida del = 1 coordenada descriptor vertical es 10 m sobre el nivel del terreno, = 0 en los demás casos",,,,Operational,Original
bufr4/3/09/070/41/008086,09,Secuencias de los sondeos verticales (datos convencionales),309070,,,008086,"Significación vertical para predicción numérica del Bit 1 fijado a 1, bit 8 tiempo fijado a 1",,,,Operational,Original
bufr4/3/09/070/42/007006,09,Secuencias de los sondeos verticales (datos convencionales),309070,,,007006,Altura por encima de la estación = 10 m,,,,Operational,Original
bufr4/3/09/070/43/011001,09,Secuencias de los sondeos verticales (datos convencionales),309070,,,011001,Dirección del viento Grados verdaderos,,,,Operational,Original
bufr4/3/09/070/44/011002,09,Secuencias de los sondeos verticales (datos convencionales),309070,,,011002,Velocidad del viento m/s Datos a 2 metros sobre el nivel del terreno,,,,Operational,Original
bufr4/3/09/070/45/105000,09,Secuencias de los sondeos verticales (datos convencionales),309070,,,105000,Repetición diferida de 5 descriptores,,,,Operational,Original
bufr4/3/09/070/46/031000,09,Secuencias de los sondeos verticales (datos convencionales),309070,,,031000,"Factor de repetición ligeramente diferida del = 1 coordenada descriptor vertical es 2 m sobre el nivel del terreno, = 0 en los demás casos",,,,Operational,Original
bufr4/3/09/070/47/008086,09,Secuencias de los sondeos verticales (datos convencionales),309070,,,008086,Significación vertical para predicción numérica del tiempo,,,,Operational,Original
bufr4/3/09/070/48/007006,09,Secuencias de los sondeos verticales (datos convencionales),309070,,,007006,Altura por encima de la estación = 2 m,,,,Operational,Original
bufr4/3/09/070/49/012101,09,Secuencias de los sondeos verticales (datos convencionales),309070,,,012101,Temperatura/temperatura del aire,,,,Operational,Original
bufr4/3/09/070/50/012102,09,Secuencias de los sondeos verticales (datos convencionales),309070,,,012102,Temperatura de bulbo húmedo,,,,Operational,Original
bufr4/3/09/070/51/012103,09,Secuencias de los sondeos verticales (datos convencionales),309070,,,012103,Temperatura del punto de rocío,,,,Operational,Original
bufr4/3/09/071/1/301001,09,Secuencias de los sondeos verticales (datos convencionales),309071,(Secuencia para la representación de datos en la clave PILOT en el área del ASECNA),,301001,Números de bloque y de la estación de la OMM,,,,Operational,Original
bufr4/3/09/071/2/002014,09,Secuencias de los sondeos verticales (datos convencionales),309071,(Secuencia para la representación de datos en la clave PILOT en el área del ASECNA),,002014,Técnica de seguimiento de trayectoria/situación del sistema,,,,Operational,Original
bufr4/3/09/071/3/002003,09,Secuencias de los sondeos verticales (datos convencionales),309071,(Secuencia para la representación de datos en la clave PILOT en el área del ASECNA),,002003,Tipo de instrumentos de medición utilizados,,,,Operational,Original
bufr4/3/09/071/4/301113,09,Secuencias de los sondeos verticales (datos convencionales),309071,(Secuencia para la representación de datos en la clave PILOT en el área del ASECNA),,301113,Fecha/hora de lanzamiento,,,,Operational,Original
bufr4/3/09/071/5/301114,09,Secuencias de los sondeos verticales (datos convencionales),309071,(Secuencia para la representación de datos en la clave PILOT en el área del ASECNA),,301114,Coordenadas horizontales y verticales del sitio de lanzamiento,,,,Operational,Original
bufr4/3/09/071/6/301023,09,Secuencias de los sondeos verticales (datos convencionales),309071,(Secuencia para la representación de datos en la clave PILOT en el área del ASECNA),,301023,Latitud/longitud (exactitud aproximada),,,,Operational,Original
bufr4/3/09/071/7/007030,09,Secuencias de los sondeos verticales (datos convencionales),309071,(Secuencia para la representación de datos en la clave PILOT en el área del ASECNA),,007030,Altura del suelo de la estación sobre el nivel medio del mar,,,,Operational,Original
bufr4/3/09/071/8/007007,09,Secuencias de los sondeos verticales (datos convencionales),309071,(Secuencia para la representación de datos en la clave PILOT en el área del ASECNA),,007007,Lanzamiento de la Altura radiosonda,,,,Operational,Original
bufr4/3/09/071/9/103000,09,Secuencias de los sondeos verticales (datos convencionales),309071,(Secuencia para la representación de datos en la clave PILOT en el área del ASECNA),,103000,Repetición diferida de 3 descriptores,,,,Operational,Original
bufr4/3/09/071/10/031001,09,Secuencias de los sondeos verticales (datos convencionales),309071,(Secuencia para la representación de datos en la clave PILOT en el área del ASECNA),,031001,Factor de repetición diferida del descriptor,,,,Operational,Original
bufr4/3/09/071/11/007009,09,Secuencias de los sondeos verticales (datos convencionales),309071,(Secuencia para la representación de datos en la clave PILOT en el área del ASECNA),,007009,Altura geopotencial,,,,Operational,Original
bufr4/3/09/071/12/011001,09,Secuencias de los sondeos verticales (datos convencionales),309071,(Secuencia para la representación de datos en la clave PILOT en el área del ASECNA),,011001,Dirección del viento,,,,Operational,Original
bufr4/3/09/071/13/011002,09,Secuencias de los sondeos verticales (datos convencionales),309071,(Secuencia para la representación de datos en la clave PILOT en el área del ASECNA),,011002,Velocidad del viento,,,,Operational,Original
