Id,FXY,ElementName_es,CodeFigure,EntryName_es,EntryName_sub1_es,EntryName_sub2_es,Note_es,noteIDs,Status,translated_by
bufr4/0/33/002/0,033002,Información sobre la calidad,0,Datos no sospechosos,,,,,Operational,Original
bufr4/0/33/002/1,033002,Información sobre la calidad,1,Datos sospechosos,,,,,Operational,Original
bufr4/0/33/002/2,033002,Información sobre la calidad,2,Reservada,,,,,Operational,Original
bufr4/0/33/002/3,033002,Información sobre la calidad,3,Información sobre la calidad no proporcionada,,,,,Operational,Original
bufr4/0/33/003/0,033003,Información sobre la calidad,0,Datos no sospechosos,,,,,Operational,Original
bufr4/0/33/003/1,033003,Información sobre la calidad,1,Datos ligeramente sospechosos,,,,,Operational,Original
bufr4/0/33/003/2,033003,Información sobre la calidad,2,Datos muy sospechosos,,,,,Operational,Original
bufr4/0/33/003/3,033003,Información sobre la calidad,3,Datos considerados inapropiados para utilizarlos,,,,,Operational,Original
bufr4/0/33/003/4-6,033003,Información sobre la calidad,4-6,Reservadas,,,,,Operational,Original
bufr4/0/33/003/7,033003,Información sobre la calidad,7,Información sobre la calidad no proporcionada,,,,,Operational,Original
bufr4/0/33/005/1,033005,Información sobre la calidad (datos EMA),1,Verificaciones automáticas de datos meteorológicos no realizadas,,,,,Operational,Original
bufr4/0/33/005/2,033005,Información sobre la calidad (datos EMA),2,Datos de presión sospechosos,,,,,Operational,Original
bufr4/0/33/005/3,033005,Información sobre la calidad (datos EMA),3,Datos de viento sospechosos,,,,,Operational,Original
bufr4/0/33/005/4,033005,Información sobre la calidad (datos EMA),4,Datos de temperatura del aire sospechosos,,,,,Operational,Original
bufr4/0/33/005/5,033005,Información sobre la calidad (datos EMA),5,Datos de temperatura de bulbo húmedo sospechosos,,,,,Operational,Original
bufr4/0/33/005/6,033005,Información sobre la calidad (datos EMA),6,Datos de humedad sospechosos,,,,,Operational,Original
bufr4/0/33/005/7,033005,Información sobre la calidad (datos EMA),7,Datos de temperatura del terreno sospechosos,,,,,Operational,Original
bufr4/0/33/005/8,033005,Información sobre la calidad (datos EMA),8,Datos de temperatura del suelo (profundidad 1) sospechosos,,,,,Operational,Original
bufr4/0/33/005/9,033005,Información sobre la calidad (datos EMA),9,Datos de temperatura del suelo (profundidad 2) sospechosos,,,,,Operational,Original
bufr4/0/33/005/10,033005,Información sobre la calidad (datos EMA),10,Datos de temperatura del suelo (profundidad 3) sospechosos,,,,,Operational,Original
bufr4/0/33/005/11,033005,Información sobre la calidad (datos EMA),11,Datos de temperatura del suelo (profundidad 4) sospechosos,,,,,Operational,Original
bufr4/0/33/005/12,033005,Información sobre la calidad (datos EMA),12,Datos de temperatura del suelo (profundidad 5) sospechosos,,,,,Operational,Original
bufr4/0/33/005/13,033005,Información sobre la calidad (datos EMA),13,Datos de nubes sospechosos,,,,,Operational,Original
bufr4/0/33/005/14,033005,Información sobre la calidad (datos EMA),14,Datos de visibilidad sospechosos,,,,,Operational,Original
bufr4/0/33/005/15,033005,Información sobre la calidad (datos EMA),15,Datos de tiempo presente sospechosos,,,,,Operational,Original
bufr4/0/33/005/16,033005,Información sobre la calidad (datos EMA),16,Datos de rayos sospechosos,,,,,Operational,Original
bufr4/0/33/005/17,033005,Información sobre la calidad (datos EMA),17,Datos de depósito de hielo sospechosos,,,,,Operational,Original
bufr4/0/33/005/18,033005,Información sobre la calidad (datos EMA),18,Datos de precipitación sospechosos,,,,,Operational,Original
bufr4/0/33/005/19,033005,Información sobre la calidad (datos EMA),19,Datos de estado del terreno sospechosos,,,,,Operational,Original
bufr4/0/33/005/20,033005,Información sobre la calidad (datos EMA),20,Datos de nieve sospechosos,,,,,Operational,Original
bufr4/0/33/005/21,033005,Información sobre la calidad (datos EMA),21,Datos de contenido de agua sospechosos,,,,,Operational,Original
bufr4/0/33/005/22,033005,Información sobre la calidad (datos EMA),22,Datos de evaporación/evapotranspiración sospechosos,,,,,Operational,Original
bufr4/0/33/005/23,033005,Información sobre la calidad (datos EMA),23,Datos de insolación sospechosos,,,,,Operational,Original
bufr4/0/33/005/24-29,033005,Información sobre la calidad (datos EMA),24-29,Reservados,,,,,Operational,Original
bufr4/0/33/005/All-30,033005,Información sobre la calidad (datos EMA),All 30,Valor faltante,,,,,Operational,AI Translator: MCP
bufr4/0/33/006/0,033006,Información interna sobre el estado de la medición (EMA),0,Ningún problema luego de la autoverificación,,,,,Operational,Original
bufr4/0/33/006/1,033006,Información interna sobre el estado de la medición (EMA),1,"Al menos un aviso activo, sin alarmas",,,,,Operational,Original
bufr4/0/33/006/2,033006,Información interna sobre el estado de la medición (EMA),2,Al menos una alarma activa,,,,,Operational,Original
bufr4/0/33/006/3,033006,Información interna sobre el estado de la medición (EMA),3,Desperfecto del sensor,,,,,Operational,Original
bufr4/0/33/006/4-6,033006,Información interna sobre el estado de la medición (EMA),4-6,Reservadas,,,,,Operational,Original
bufr4/0/33/006/7,033006,Información interna sobre el estado de la medición (EMA),7,Valor faltante,,,,,Operational,Original
bufr4/0/33/015/0,033015,Indicador de verificación de la calidad de los datos,0,Todas las verificaciones superadas,,,,,Operational,Original
bufr4/0/33/015/1,033015,Indicador de verificación de la calidad de los datos,1,Verificación de datos faltantes,,,,,Operational,Original
bufr4/0/33/015/2,033015,Indicador de verificación de la calidad de los datos,2,Verificación de globo descendente/reascendente,,,,,Operational,Original
bufr4/0/33/015/3,033015,Indicador de verificación de la calidad de los datos,3,Verificación de la plausibilidad de los datos (por encima de los límites),,,,,Operational,Original
bufr4/0/33/015/4,033015,Indicador de verificación de la calidad de los datos,4,Verificación de la plausibilidad de los datos (por debajo de los límites),,,,,Operational,Original
bufr4/0/33/015/5,033015,Indicador de verificación de la calidad de los datos,5,Verificación del gradiente superadiabático,,,,,Operational,Original
bufr4/0/33/015/6,033015,Indicador de verificación de la calidad de los datos,6,Verificación de ángulos limitantes,,,,,Operational,Original
bufr4/0/33/015/7,033015,Indicador de verificación de la calidad de los datos,7,Verificación de la tasa de ascenso,,,,,Operational,Original
bufr4/0/33/015/8,033015,Indicador de verificación de la calidad de los datos,8,Variación excesiva respecto al vuelo anterior,,,,,Operational,Original
bufr4/0/33/015/9,033015,Indicador de verificación de la calidad de los datos,9,Verificación general del globo,,,,,Operational,Original
bufr4/0/33/015/10,033015,Indicador de verificación de la calidad de los datos,10,Verificación de la velocidad del viento,,,,,Operational,Original
bufr4/0/33/015/11,033015,Indicador de verificación de la calidad de los datos,11,Verificación de la dirección del viento,,,,,Operational,Original
bufr4/0/33/015/12,033015,Indicador de verificación de la calidad de los datos,12,Verificación de dependencia,,,,,Operational,Original
bufr4/0/33/015/13,033015,Indicador de verificación de la calidad de los datos,13,Datos válidos pero modificados,,,,,Operational,Original
bufr4/0/33/015/14,033015,Indicador de verificación de la calidad de los datos,14,Verificación del valor atípico de los datos,,,,,Operational,Original
bufr4/0/33/015/15-62,033015,Indicador de verificación de la calidad de los datos,15-62,Reservadas,,,,,Operational,Original
bufr4/0/33/015/63,033015,Indicador de verificación de la calidad de los datos,63,Valor faltante,,,,,Operational,Original
bufr4/0/33/020/0,033020,Indicación del control de calidad del valor siguiente,0,Buena,,,,,Operational,Original
bufr4/0/33/020/1,033020,Indicación del control de calidad del valor siguiente,1,Inconsistente,,,,,Operational,Original
bufr4/0/33/020/2,033020,Indicación del control de calidad del valor siguiente,2,Dudosa,,,,,Operational,Original
bufr4/0/33/020/3,033020,Indicación del control de calidad del valor siguiente,3,Errada,,,,,Operational,Original
bufr4/0/33/020/4,033020,Indicación del control de calidad del valor siguiente,4,No verificada,,,,,Operational,Original
bufr4/0/33/020/5,033020,Indicación del control de calidad del valor siguiente,5,Fue modificada,,,,,Operational,Original
bufr4/0/33/020/6,033020,Indicación del control de calidad del valor siguiente,6,Estimada,,,,,Operational,Original
bufr4/0/33/020/7,033020,Indicación del control de calidad del valor siguiente,7,Valor faltante,,,,,Operational,Original
bufr4/0/33/021/0,033021,Calidad del valor siguiente,0,Dentro de los límites,,,,,Operational,Original
bufr4/0/33/021/1,033021,Calidad del valor siguiente,1,Fuera de los límites,,,,,Operational,Original
bufr4/0/33/021/2,033021,Calidad del valor siguiente,2,Reservada,,,,,Operational,Original
bufr4/0/33/021/3,033021,Calidad del valor siguiente,3,Valor faltante,,,,,Operational,Original
bufr4/0/33/022/0,033022,Calidad de la transmisión entre el satélite y la boya,0,Buena (se recibieron varios informes idénticos),,,,,Operational,Original
bufr4/0/33/022/1,033022,Calidad de la transmisión entre el satélite y la boya,1,Dudosa (no se recibieron informes idénticos),,,,,Operational,Original
bufr4/0/33/022/2,033022,Calidad de la transmisión entre el satélite y la boya,2,Reservada,,,,,Operational,Original
bufr4/0/33/022/3,033022,Calidad de la transmisión entre el satélite y la boya,3,Valor faltante,,,,,Operational,Original
bufr4/0/33/023/0,033023,Calidad de la ubicación de la boya,0,Confiable (se definió la ubicación después de dos pasos del satélite),,,,,Operational,Original
bufr4/0/33/023/1,033023,Calidad de la ubicación de la boya,1,Última ubicación conocida (no se definió la ubicación en el paso correspondiente),,,,,Operational,Original
bufr4/0/33/023/2,033023,Calidad de la ubicación de la boya,2,Dudosa (ubicación definida con un solo paso; una segunda solución es posible en el 5 por ciento de los casos),,,,,Operational,Original
bufr4/0/33/023/3,033023,Calidad de la ubicación de la boya,3,Valor faltante,,,,,Operational,Original
bufr4/0/33/024/0,033024,Marca de la calidad de la elevación de la estación (para estaciones móviles),0,Reservada,,,,,Operational,Original
bufr4/0/33/024/1,033024,Marca de la calidad de la elevación de la estación (para estaciones móviles),1,Excelente – con una aproximación de 3 metros,,,,,Operational,Original
bufr4/0/33/024/2,033024,Marca de la calidad de la elevación de la estación (para estaciones móviles),2,Buena – con una aproximación de 10 metros,,,,,Operational,Original
bufr4/0/33/024/3,033024,Marca de la calidad de la elevación de la estación (para estaciones móviles),3,Aceptable – con una aproximación de 20 metros,,,,,Operational,Original
bufr4/0/33/024/4,033024,Marca de la calidad de la elevación de la estación (para estaciones móviles),4,Mala – con una aproximación de más de 20 metros,,,,,Operational,Original
bufr4/0/33/024/5,033024,Marca de la calidad de la elevación de la estación (para estaciones móviles),5,Excelente – con una aproximación de 10 pies,,,,,Operational,Original
bufr4/0/33/024/6,033024,Marca de la calidad de la elevación de la estación (para estaciones móviles),6,Buena – con una aproximación de 30 pies,,,,,Operational,Original
bufr4/0/33/024/7,033024,Marca de la calidad de la elevación de la estación (para estaciones móviles),7,Aceptable – con una aproximación de 60 pies,,,,,Operational,Original
bufr4/0/33/024/8,033024,Marca de la calidad de la elevación de la estación (para estaciones móviles),8,Mala – con una aproximación de más de 60 pies,,,,,Operational,Original
bufr4/0/33/024/9-14,033024,Marca de la calidad de la elevación de la estación (para estaciones móviles),9-14,Reservadas,,,,,Operational,Original
bufr4/0/33/024/15,033024,Marca de la calidad de la elevación de la estación (para estaciones móviles),15,Valor faltante,,,,,Operational,Original
bufr4/0/33/025/0,033025,Indicador de valores interpolados ACARS,0,"Tiempo interpolado, latitud y longitud transmitidas",,,,,Operational,Original
bufr4/0/33/025/1,033025,Indicador de valores interpolados ACARS,1,"Tiempo transmitido, latitud y longitud interpoladas",,,,,Operational,Original
bufr4/0/33/025/2,033025,Indicador de valores interpolados ACARS,2,"Tiempo, latitud y longitud interpolados",,,,,Operational,Original
bufr4/0/33/025/3,033025,Indicador de valores interpolados ACARS,3,"Tiempo, latitud y longitud transmitidos",,,,,Operational,Original
bufr4/0/33/025/4-6,033025,Indicador de valores interpolados ACARS,4-6,Reservadas,,,,,Operational,Original
bufr4/0/33/025/7,033025,Indicador de valores interpolados ACARS,7,Valor faltante,,,,,Operational,Original
bufr4/0/33/026/0,033026,Calidad de la humedad,0,Operaciones normales - modo de medición,,,,,Operational,Original
bufr4/0/33/026/1,033026,Calidad de la humedad,1,Operaciones normales – sin medición,,,,,Operational,Original
bufr4/0/33/026/2,033026,Calidad de la humedad,2,Escasa humedad relativa,,,,,Operational,Original
bufr4/0/33/026/3,033026,Calidad de la humedad,3,Elemento del higrómetro mojado,,,,,Operational,Original
bufr4/0/33/026/4,033026,Calidad de la humedad,4,Elemento del higrómetro contaminado,,,,,Operational,Original
bufr4/0/33/026/5,033026,Calidad de la humedad,5,Falla del calentador,,,,,Operational,Original
bufr4/0/33/026/6,033026,Calidad de la humedad,6,Falla del calentador y elemento del higrómetro contaminado/mojado,,,,,Operational,Original
bufr4/0/33/026/7,033026,Calidad de la humedad,7,Por lo menos uno de los parámetros de entrada utilizados en el cálculo de la relación de mezcla es inválido,,,,,Operational,Original
bufr4/0/33/026/8,033026,Calidad de la humedad,8,Error numérico,,,,,Operational,Original
bufr4/0/33/026/9,033026,Calidad de la humedad,9,Sensor no instalado,,,,,Operational,Original
bufr4/0/33/026/10,033026,Calidad de la humedad,10,Humedad relativa calculada > 100%,,,,,Operational,Original
bufr4/0/33/026/11,033026,Calidad de la humedad,11,Potencia de láser de entrada demasiado baja,,,,,Operational,Original
bufr4/0/33/026/12,033026,Calidad de la humedad,12,Sonda WV - Temperatura fuera de dial,,,,,Operational,Original
bufr4/0/33/026/13,033026,Calidad de la humedad,13,Sonda WV - Presión fuera de dial,,,,,Operational,Original
bufr4/0/33/026/14,033026,Calidad de la humedad,14,Línea espectral fuera de dial,,,,,Operational,Original
bufr4/0/33/026/15,033026,Calidad de la humedad,15,No hay salida de láser,,,,,Operational,Original
bufr4/0/33/026/16-62,033026,Calidad de la humedad,16-62,Reservadas,,,,,Operational,Original
bufr4/0/33/026/63,033026,Calidad de la humedad,63,Valor faltante,,,,,Operational,Original
bufr4/0/33/027/0,033027,Clase de la calidad de la ubicación (alcance del radio de 66% de confianza),0,Radio ≥1 500 m,,,,,Operational,Original
bufr4/0/33/027/1,033027,Clase de la calidad de la ubicación (alcance del radio de 66% de confianza),1,500 m ≤Radio < 1 500 m,,,,,Operational,Original
bufr4/0/33/027/2,033027,Clase de la calidad de la ubicación (alcance del radio de 66% de confianza),2,250 m ≤ Radio < 500 m,,,,,Operational,Original
bufr4/0/33/027/3,033027,Clase de la calidad de la ubicación (alcance del radio de 66% de confianza),3,Radio < 250 m,,,,,Operational,Original
bufr4/0/33/027/4,033027,Clase de la calidad de la ubicación (alcance del radio de 66% de confianza),4,≤ 100 m,,,,,Operational,Original
bufr4/0/33/027/5-6,033027,Clase de la calidad de la ubicación (alcance del radio de 66% de confianza),5-6,Reservadas,,,,,Operational,Original
bufr4/0/33/027/7,033027,Clase de la calidad de la ubicación (alcance del radio de 66% de confianza),7,Valor faltante,,,,,Operational,Original
bufr4/0/33/028/1,033028,Calidad general de la instantánea,1,Nominal,,,,,Operational,Original
bufr4/0/33/028/2,033028,Calidad general de la instantánea,2,Degradada por error en el estado del tiempo significativo; cualquier error obtenido de los algoritmos,,,,,Operational,Original
bufr4/0/33/028/3,033028,Calidad general de la instantánea,3,Degradada por error instrumental,,,,,Operational,Original
bufr4/0/33/028/4,033028,Calidad general de la instantánea,4,Degradada por ADF corrompida/faltante,,,,,Operational,Original
bufr4/0/33/028/5,033028,Calidad general de la instantánea,5,Degradación general,,,,,Operational,AI Translator: MCP
bufr4/0/33/028/6,033028,Calidad general de la instantánea,6,Reservadas,,,,,Operational,AI Translator: MCP
bufr4/0/33/028/7,033028,Calidad general de la instantánea,7,Valor faltante,,,,,Operational,Original
bufr4/0/33/030/1,033030,Banderines de estado de la línea de exploración para ATOVS,1,No utilizar escáner para generar productos,,,,,Operational,Original
bufr4/0/33/030/2,033030,Banderines de estado de la línea de exploración para ATOVS,2,Error en la secuencia temporal detectado durante el barrido,,,,,Operational,Original
bufr4/0/33/030/3,033030,Banderines de estado de la línea de exploración para ATOVS,3,Datos faltantes antes del barrido,,,,,Operational,Original
bufr4/0/33/030/4,033030,Banderines de estado de la línea de exploración para ATOVS,4,Sin calibración,,,,,Operational,Original
bufr4/0/33/030/5,033030,Banderines de estado de la línea de exploración para ATOVS,5,Sin localización geográfica,,,,,Operational,Original
bufr4/0/33/030/6,033030,Banderines de estado de la línea de exploración para ATOVS,6,Primera hora correcta después de la puesta al día del reloj,,,,,Operational,Original
bufr4/0/33/030/7,033030,Banderines de estado de la línea de exploración para ATOVS,7,El estado de los instrumentos cambió durante el barrido,,,,,Operational,Original
bufr4/0/33/030/8-23,033030,Banderines de estado de la línea de exploración para ATOVS,8-23,Reservados,,,,,Operational,Original
bufr4/0/33/030/All-24,033030,Banderines de estado de la línea de exploración para ATOVS,All 24,Valor faltante,,,,,Operational,AI Translator: MCP
bufr4/0/33/031/1,033031,Banderines de calidad de la línea de exploración para ATOVS,1,"El campo horario es malo, pero puede ser inferido de la hora correcta anterior",,,,,Operational,Original
bufr4/0/33/031/2,033031,Banderines de calidad de la línea de exploración para ATOVS,2,El campo horario es malo y no puede ser inferido de la hora correcta anterior,,,,,Operational,Original
bufr4/0/33/031/3,033031,Banderines de calidad de la línea de exploración para ATOVS,3,"Este registro inicia una secuencia que no concuerda con las horas anteriores (es decir, discontinuidad en el tiempo). Este hecho puede estar asociado o no a una puesta al día del reloj de la sonda (véanse los banderines de estado de la línea de exploración de la sonda ATOVS)",,,,,Operational,Original
bufr4/0/33/031/4,033031,Banderines de calidad de la línea de exploración para ATOVS,4,Inicio de una serie que aparentemente repiten las horas de exploración que fueron previamente aceptadas,,,,,Operational,Original
bufr4/0/33/031/5,033031,Banderines de calidad de la línea de exploración para ATOVS,5,La línea de exploración no fue calibrada a causa de una hora incorrecta,,,,,Operational,Original
bufr4/0/33/031/6,033031,Banderines de calidad de la línea de exploración para ATOVS,6,"La línea de exploración se calibró utilizando menos líneas de exploración que las recomendables debido a la proximidad del inicio o fin de los datos, o a su ausencia",,,,,Operational,Original
bufr4/0/33/031/7,033031,Banderines de calidad de la línea de exploración para ATOVS,7,No se calibró la línea de exploración debido a la mala calidad o ausencia de datos de PRT,,,,,Operational,Original
bufr4/0/33/031/8,033031,Banderines de calidad de la línea de exploración para ATOVS,8,La línea de exploración se calibró utilizando únicamente datos marginales de PRT,,,,,Operational,Original
bufr4/0/33/031/9,033031,Banderines de calidad de la línea de exploración para ATOVS,9,Algunos canales no se calibraron en este barrido,,,,,Operational,Original
bufr4/0/33/031/10,033031,Banderines de calidad de la línea de exploración para ATOVS,10,Sin calibración debida al modo de los instrumentos,,,,,Operational,Original
bufr4/0/33/031/11,033031,Banderines de calidad de la línea de exploración para ATOVS,11,Calibración cuestionable por un error en la orientación de la antena hacia el espacio,,,,,Operational,Original
bufr4/0/33/031/12,033031,Banderines de calidad de la línea de exploración para ATOVS,12,Calibración cuestionable por un error en la orientación de la antena hacia el cuerpo negro,,,,,Operational,Original
bufr4/0/33/031/13,033031,Banderines de calidad de la línea de exploración para ATOVS,13,Sin localización geográfica a causa de una hora incorrecta,,,,,Operational,Original
bufr4/0/33/031/14,033031,Banderines de calidad de la línea de exploración para ATOVS,14,Localización geográfica cuestionable a causa de una clave horaria dudosa (véanse los bits de clave de defectos horarios),,,,,Operational,Original
bufr4/0/33/031/15,033031,Banderines de calidad de la línea de exploración para ATOVS,15,Localización geográfica cuestionable – control de verosimilitud sólo parcialmente satisfactorio,,,,,Operational,Original
bufr4/0/33/031/16,033031,Banderines de calidad de la línea de exploración para ATOVS,16,Localización geográfica cuestionable - control de verosimilitud no satisfactorio,,,,,Operational,Original
bufr4/0/33/031/17,033031,Banderines de calidad de la línea de exploración para ATOVS,17,Localización geográfica cuestionable a causa de la verificación de la posición de la antena,,,,,Operational,Original
bufr4/0/33/031/18,033031,Banderines de calidad de la línea de exploración para ATOVS,18,Calibración de la línea de exploración hacia el cuerpo negro frío,,,,,Operational,Original
bufr4/0/33/031/19,033031,Banderines de calidad de la línea de exploración para ATOVS,19,Calibración de la línea de exploración hacia el cuerpo negro caliente,,,,,Operational,Original
bufr4/0/33/031/20,033031,Banderines de calidad de la línea de exploración para ATOVS,20,Calibración de la línea de exploración hacia el espacio,,,,,Operational,Original
bufr4/0/33/031/21,033031,Banderines de calidad de la línea de exploración para ATOVS,21,Hacia la Tierra,,,,,Operational,Original
bufr4/0/33/031/22-23,033031,Banderines de calidad de la línea de exploración para ATOVS,22-23,Reservados,,,,,Operational,Original
bufr4/0/33/031/All-24,033031,Banderines de calidad de la línea de exploración para ATOVS,All 24,Valor faltante,,,,,Operational,AI Translator: MCP
bufr4/0/33/032/1,033032,Banderines de calidad del canal para ATOVS,1,Ningún cálculo correcto de cuerpo negro para la línea de exploración,,,,,Operational,Original
bufr4/0/33/032/2,033032,Banderines de calidad del canal para ATOVS,2,Ningún cálculo correcto de visión de espacio para esta línea,,,,,Operational,Original
bufr4/0/33/032/3,033032,Banderines de calidad del canal para ATOVS,3,Ningún dato correcto de PRT para esta línea,,,,,Operational,Original
bufr4/0/33/032/4,033032,Banderines de calidad del canal para ATOVS,4,Algunos cálculos del cuerpo negro son incorrectos para esta línea,,,,,Operational,Original
bufr4/0/33/032/5,033032,Banderines de calidad del canal para ATOVS,5,Algunos cálculos de visión de espacio son incorrectos para esta línea,,,,,Operational,Original
bufr4/0/33/032/6,033032,Banderines de calidad del canal para ATOVS,6,Algunos datos del PRT son incorrectos para esta línea,,,,,Operational,Original
bufr4/0/33/032/7,033032,Banderines de calidad del canal para ATOVS,7,La calidad de esta exploración es reducida,,,,,Operational,Original
bufr4/0/33/032/8-23,033032,Banderines de calidad del canal para ATOVS,8-23,Reservados (bits fijos en cero),,,,,Operational,Original
bufr4/0/33/032/All-24,033032,Banderines de calidad del canal para ATOVS,All 24,Valor faltante,,,,,Operational,AI Translator: MCP
bufr4/0/33/033/1,033033,Banderines de calidad del campo de visión para ATOVS,1,Se indica 1 si se realizó una calibración secundaria,,,,,Operational,Original
bufr4/0/33/033/2-21,033033,Banderines de calidad del campo de visión para ATOVS,2-21,El bit n indica 1 si la temperatura de luminancia en el canal n-1 no es físicamente razonable o no ha sido calculada debido a problemas de calibración,,,"Notas: 1) Si todos los bits indican 0, eso significa una buena calibración. 2) Los bits 2 a 21 se utilizan para la sonda HIRS, pero solamente se emplean los bits 2 a 16 para la sonda AMSU-A y los bits 2 a 6 para la sonda AMSU-B.",,Operational,Original
bufr4/0/33/033/22,033033,Banderines de calidad del campo de visión para ATOVS,22,Se indica 1 si faltan todos los canales,,,,,Operational,Original
bufr4/0/33/033/23,033033,Banderines de calidad del campo de visión para ATOVS,23,Sospechoso,,,,,Operational,Original
bufr4/0/33/033/All-24,033033,Banderines de calidad del campo de visión para ATOVS,All 24,Valor faltante,,,,,Operational,AI Translator: MCP
bufr4/0/33/035/0,033035,Control de calidad manual/automático,0,"Control de calidad automático aceptado, sin control manual",,,,,Operational,Original
bufr4/0/33/035/1,033035,Control de calidad manual/automático,1,"Control de calidad automático aceptado, después del control manual",,,,,Operational,Original
bufr4/0/33/035/2,033035,Control de calidad manual/automático,2,"Control de calidad automático aceptado, pero eliminado después del control manual",,,,,Operational,Original
bufr4/0/33/035/3,033035,Control de calidad manual/automático,3,"Control de calidad automático rechazado, sin control manual",,,,,Operational,Original
bufr4/0/33/035/4,033035,Control de calidad manual/automático,4,Control de calidad automático rechazado después del control manual,,,,,Operational,Original
bufr4/0/33/035/5,033035,Control de calidad manual/automático,5,"Control de calidad automático rechazado, pero reinsertado después del control manual",,,,,Operational,Original
bufr4/0/33/035/6,033035,Control de calidad manual/automático,6,"Control de calidad automático de los datos de la tabla de banderines cuestionable, sin control manual",,,,,Operational,Original
bufr4/0/33/035/7,033035,Control de calidad manual/automático,7,"Control de calidad automático de los datos de la tabla de banderines cuestionable, rechazado después del control manual",,,,,Operational,Original
bufr4/0/33/035/8,033035,Control de calidad manual/automático,8,Rechazado después del control manual,,,,,Operational,Original
bufr4/0/33/035/9-14,033035,Control de calidad manual/automático,9-14,Reservadas,,,,,Operational,Original
bufr4/0/33/035/15,033035,Control de calidad manual/automático,15,Valor faltante,,,,,Operational,Original
bufr4/0/33/037/1,033037,Error de correlación del viento,1,Diferencia entre u y la primera aproximación,,,,,Operational,Original
bufr4/0/33/037/2,033037,Error de correlación del viento,2,Diferencia entre v y la primera aproximación,,,,,Operational,Original
bufr4/0/33/037/3,033037,Error de correlación del viento,3,Diferencia entre u y v y la primera aproximación,,,,,Operational,Original
bufr4/0/33/037/4,033037,Error de correlación del viento,4,Aceleración de u,,,,,Operational,Original
bufr4/0/33/037/5,033037,Error de correlación del viento,5,Aceleración de v,,,,,Operational,Original
bufr4/0/33/037/6,033037,Error de correlación del viento,6,Aceleración de u y v,,,,,Operational,Original
bufr4/0/33/037/7,033037,Error de correlación del viento,7,Posible accidente del terreno,,,,,Operational,Original
bufr4/0/33/037/8,033037,Error de correlación del viento,8,Aceleración de u y accidente del terreno posible,,,,,Operational,Original
bufr4/0/33/037/9,033037,Error de correlación del viento,9,Aceleración de v y accidente del terreno posible,,,,,Operational,Original
bufr4/0/33/037/10,033037,Error de correlación del viento,10,Aceleración de u y v y accidente del terreno posible,,,,,Operational,Original
bufr4/0/33/037/11,033037,Error de correlación del viento,11,Información incorrecta de primera aproximación sobre el viento,,,,,Operational,Original
bufr4/0/33/037/12,033037,Error de correlación del viento,12,Falla de correlación,,,,,Operational,Original
bufr4/0/33/037/13,033037,Error de correlación del viento,13,La casilla de búsqueda cae fuera de la zona,,,,,Operational,Original
bufr4/0/33/037/14,033037,Error de correlación del viento,14,La casilla del blanco cae fuera de la zona,,,,,Operational,Original
bufr4/0/33/037/15,033037,Error de correlación del viento,15,Brillo de los píxeles fuera de los límites (línea de ruido),,,,,Operational,Original
bufr4/0/33/037/16,033037,Error de correlación del viento,16,Blanco fuera de casilla de latitud/longitud,,,,,Operational,Original
bufr4/0/33/037/17,033037,Error de correlación del viento,17,Blanco fuera del intervalo de máxima/mínima presión,,,,,Operational,Original
bufr4/0/33/037/18,033037,Error de correlación del viento,18,Vector lento marcado por el autoeditor,,,,,Operational,Original
bufr4/0/33/037/19,033037,Error de correlación del viento,19,Vectores marcados por el autoeditor,,,,,Operational,Original
bufr4/0/33/037/All-20,033037,Error de correlación del viento,All 20,Valor faltante,,,,,Operational,AI Translator: MCP
bufr4/0/33/038/1,033038,Banderines de calidad para datos del GNSS* basados en tierra,1,Calidad del retardo cenital total considerada deficiente,,,,,Operational,Original
bufr4/0/33/038/2,033038,Banderines de calidad para datos del GNSS* basados en tierra,2,Satélites GALILEO utilizados,,,,,Operational,Original
bufr4/0/33/038/3,033038,Banderines de calidad para datos del GNSS* basados en tierra,3,Satélites GLONASS utilizados,,,,,Operational,Original
bufr4/0/33/038/4,033038,Banderines de calidad para datos del GNSS* basados en tierra,4,Satélites GPS utilizados,,,,,Operational,Original
bufr4/0/33/038/5,033038,Banderines de calidad para datos del GNSS* basados en tierra,5,Datos meteorológicos aplicados,,,,,Operational,Original
bufr4/0/33/038/6,033038,Banderines de calidad para datos del GNSS* basados en tierra,6,Corrección de carga atmosférica aplicada,,,,,Operational,Original
bufr4/0/33/038/7,033038,Banderines de calidad para datos del GNSS* basados en tierra,7,Carga de marea oceánica aplicada,,,,,Operational,Original
bufr4/0/33/038/8,033038,Banderines de calidad para datos del GNSS* basados en tierra,8,Proceso de datos sobre la calidad del clima,,,,,Operational,Original
bufr4/0/33/038/9,033038,Banderines de calidad para datos del GNSS* basados en tierra,9,Proceso de datos en tiempo casi real,,,,,Operational,Original
bufr4/0/33/038/All-10,033038,Banderines de calidad para datos del GNSS basados en tierra,All 10,Valor faltante,,,,,Operational,AI Translator: MCP
bufr4/0/33/039/1,033039,Banderines de calidad para datos de ocultación radio,1,Calidad no nominal,,,,,Operational,Original
bufr4/0/33/039/2,033039,Banderines de calidad para datos de ocultación radio,2,Producto no en línea,,,,,Operational,Original
bufr4/0/33/039/3,033039,Banderines de calidad para datos de ocultación radio,3,Banderín de ocultación ascendente,,,,,Operational,Original
bufr4/0/33/039/4,033039,Banderines de calidad para datos de ocultación radio,4,"Proceso de exceso de fase, no nominal",,,,,Operational,Original
bufr4/0/33/039/5,033039,Banderines de calidad para datos de ocultación radio,5,"Proceso de ángulo de curvatura, no nominal",,,,,Operational,Original
bufr4/0/33/039/6,033039,Banderines de calidad para datos de ocultación radio,6,"Proceso de refractividad, no nominal",,,,,Operational,Original
bufr4/0/33/039/7,033039,Banderines de calidad para datos de ocultación radio,7,"Proceso meteorológico, no nominal",,,,,Operational,Original
bufr4/0/33/039/8,033039,Banderines de calidad para datos de ocultación radio,8,Datos de lazo abierto incluidos,,,,,Operational,AI Translator: MCP
bufr4/0/33/039/9,033039,Banderines de calidad para datos de ocultación radio,9,Reflexiones de superficie detectadas,,,,,Operational,AI Translator: MCP
bufr4/0/33/039/10,033039,Banderines de calidad para datos de ocultación radio,10,GNSS utilizados,,,,,Operational,AI Translator: MCP
bufr4/0/33/039/11-13,033039,Banderines de calidad para datos de ocultación radio,11-13,Reservadas,,,,,Operational,AI Translator: MCP
bufr4/0/33/039/14,033039,Banderines de calidad para datos de ocultación radio,14,"Perfil de fondo, no nominal",,,,,Operational,Original
bufr4/0/33/039/15,033039,Banderines de calidad para datos de ocultación radio,15,"Perfil de fondo (es decir, no recobrado) presente",,,,,Operational,Original
bufr4/0/33/039/All-16,033039,Banderines de calidad para datos de ocultación radio,All 16,Valor faltante,,,,,Operational,AI Translator: MCP
bufr4/0/33/041/0,033041,Atributo del valor siguiente,0,El valor siguiente es el valor verdadero,,,,,Operational,Original
bufr4/0/33/041/1,033041,Atributo del valor siguiente,1,El valor siguiente es mayor que el valor verdadero (la medición alcanza el límite inferior del instrumento),,,,,Operational,Original
bufr4/0/33/041/2,033041,Atributo del valor siguiente,2,El valor siguiente es menor que el valor verdadero (la medición alcanza el límite superior del instrumento),,,,,Operational,Original
bufr4/0/33/041/3,033041,Atributo del valor siguiente,3,Valor faltante,,,,,Operational,Original
bufr4/0/33/042/0,033042,Tipo de límite representado por el valor siguiente,0,Límite inferior exclusivo (>),,,,,Operational,Original
bufr4/0/33/042/1,033042,Tipo de límite representado por el valor siguiente,1,Límite inferior inclusivo (≥),,,,,Operational,Original
bufr4/0/33/042/2,033042,Tipo de límite representado por el valor siguiente,2,Límite superior exclusivo (<),,,,,Operational,Original
bufr4/0/33/042/3,033042,Tipo de límite representado por el valor siguiente,3,Límite superior inclusivo (≤),,,,,Operational,Original
bufr4/0/33/042/4-6,033042,Tipo de límite representado por el valor siguiente,4-6,Reservadas,,,,,Operational,Original
bufr4/0/33/042/7,033042,Tipo de límite representado por el valor siguiente,7,Valor faltante,,,,,Operational,Original
bufr4/0/33/043/1,033043,Grado de confianza de la temperatura media en superficie,1,"MDS de mar. Recuperación de datos de la temperatura de la superficie del mar sólo en el nadir mediante canal de 3,7 micrones. MDS de tierra reservado",,,,,Operational,Original
bufr4/0/33/043/2,033043,Grado de confianza de la temperatura media en superficie,2,"MDS de mar. Recuperación de datos de la temperatura de la superficie del mar en vista dual mediante canal de 3,7 micrones. MDS de tierra reservado",,,,,Operational,Original
bufr4/0/33/043/3,033043,Grado de confianza de la temperatura media en superficie,3,La vista del nadir contiene datos diurnos,,,,,Operational,Original
bufr4/0/33/043/4,033043,Grado de confianza de la temperatura media en superficie,4,La vista hacia adelante contiene datos diurnos,,,,,Operational,Original
bufr4/0/33/043/5-7,033043,Grado de confianza de la temperatura media en superficie,5-7,Reservados,,,,,Operational,Original
bufr4/0/33/043/All-8,033043,Grado de confianza de la temperatura media en superficie,All 8,Valor faltante,,,,,Operational,AI Translator: MCP
bufr4/0/33/044/1,033044,Información sobre la calidad de los datos de ASAR*,1,Media de los datos entrantes fuera del banderín de alcance nominal,,,,,Operational,Original
bufr4/0/33/044/2,033044,Información sobre la calidad de los datos de ASAR*,2,Desviación típica de los datos entrantes fuera del banderín de alcance nominal,,,,,Operational,Original
bufr4/0/33/044/3,033044,Información sobre la calidad de los datos de ASAR*,3,Número de lagunas de datos entrantes > valor del umbral,,,,,Operational,Original
bufr4/0/33/044/4,033044,Información sobre la calidad de los datos de ASAR*,4,Porcentaje de líneas faltantes > valor del umbral,,,,,Operational,Original
bufr4/0/33/044/5,033044,Información sobre la calidad de los datos de ASAR*,5,Punto medio Doppler incierto. Medida de confianza < valor específico,,,,,Operational,Original
bufr4/0/33/044/6,033044,Información sobre la calidad de los datos de ASAR*,6,Estimación de la ambigüedad Doppler incierta. Medida de confianza < valor específico,,,,,Operational,Original
bufr4/0/33/044/7,033044,Información sobre la calidad de los datos de ASAR*,7,Media de los datos salientes fuera del banderín de alcance nominal,,,,,Operational,Original
bufr4/0/33/044/8,033044,Información sobre la calidad de los datos de ASAR*,8,Desviación típica de los datos salientes fuera del banderín de alcance nominal,,,,,Operational,Original
bufr4/0/33/044/9,033044,Información sobre la calidad de los datos de ASAR*,9,"Reconstrucción de la fluctuación del largo de onda (""chirp"") fallida o banderín de baja calidad",,,,,Operational,Original
bufr4/0/33/044/10,033044,Información sobre la calidad de los datos de ASAR*,10,Conjunto de datos faltante,,,,,Operational,Original
bufr4/0/33/044/11,033044,Información sobre la calidad de los datos de ASAR*,11,Parámetros de enlace descendente inválidos,,,,,Operational,Original
bufr4/0/33/044/12,033044,Información sobre la calidad de los datos de ASAR*,12,Recuento de iteración del corte azimutal. El corte azimutal no convergió con el número mínimo de iteraciones,,,,,Operational,Original
bufr4/0/33/044/13,033044,Información sobre la calidad de los datos de ASAR*,13,El corte azimutal no convergió con el número mínimo de iteraciones,,,,,Operational,Original
bufr4/0/33/044/14,033044,Información sobre la calidad de los datos de ASAR*,14,"Medida de confianza de información de fase. El máximo espectral imaginario es inferior a un umbral mínimo, o el desplazamiento de retardo nulo es superior a un umbral mínimo",,,,,Operational,Original
bufr4/0/33/044/All-15,033044,Información sobre la calidad de los datos de ASAR,All 15,Valor faltante,,,,,Operational,AI Translator: MCP
bufr4/0/33/047/1,033047,Datos de confianza de las mediciones,1,Error detectado y efectuados intentos de recuperación,,,,,Operational,Original
bufr4/0/33/047/2,033047,Datos de confianza de las mediciones,2,Detectada anomalía en tratamiento de datos a bordo,,,,,Operational,Original
bufr4/0/33/047/3,033047,Datos de confianza de las mediciones,3,Detectada anomalía en proceso de oscilador ultraestable,,,,,Operational,Original
bufr4/0/33/047/4,033047,Datos de confianza de las mediciones,4,Errores detectados por computadora de a bordo,,,,,Operational,Original
bufr4/0/33/047/5,033047,Datos de confianza de las mediciones,5,Control automático de ganancia fuera de intervalo,,,,,Operational,Original
bufr4/0/33/047/6,033047,Datos de confianza de las mediciones,6,Fallo de retardo en la recepción (Rx). Distancia Rx fuera de intervalo,,,,,Operational,Original
bufr4/0/33/047/7,033047,Datos de confianza de las mediciones,7,Identificador de fallo en muestras de forma de onda. Error,,,,,Operational,Original
bufr4/0/33/047/8,033047,Datos de confianza de las mediciones,8,Se ha detectado un error de anomalía en la banda S,,,,,Operational,Original
bufr4/0/33/047/9-11,033047,Datos de confianza de las mediciones,9-11,Reservados,,,,,Operational,Original
bufr4/0/33/047/12,033047,Datos de confianza de las mediciones,12,Temperatura de luminancia (canal 1) fuera de intervalo,,,,,Operational,Original
bufr4/0/33/047/13,033047,Datos de confianza de las mediciones,13,Temperatura de luminancia (canal 2) fuera de intervalo,,,,,Operational,Original
bufr4/0/33/047/14,033047,Datos de confianza de las mediciones,14,Reservado,,,,,Operational,Original
bufr4/0/33/047/15,033047,Datos de confianza de las mediciones,15,Error de reseguimiento de océano en banda Ku,,,,,Operational,Original
bufr4/0/33/047/16,033047,Datos de confianza de las mediciones,16,Error de reseguimiento de océano en banda S,,,,,Operational,Original
bufr4/0/33/047/17,033047,Datos de confianza de las mediciones,17,Error de reseguimiento de hielo 1 en banda Ku,,,,,Operational,Original
bufr4/0/33/047/18,033047,Datos de confianza de las mediciones,18,Error de reseguimiento de hielo 1 en banda S,,,,,Operational,Original
bufr4/0/33/047/19,033047,Datos de confianza de las mediciones,19,Error de reseguimiento de hielo 2 en banda Ku,,,,,Operational,Original
bufr4/0/33/047/20,033047,Datos de confianza de las mediciones,20,Error de reseguimiento de hielo 2 en banda S,,,,,Operational,Original
bufr4/0/33/047/21,033047,Datos de confianza de las mediciones,21,Error de reseguimiento de hielo marino en banda Ku,,,,,Operational,Original
bufr4/0/33/047/22,033047,Datos de confianza de las mediciones,22,Error de fallo aritmético,,,,,Operational,Original
bufr4/0/33/047/23,033047,Datos de confianza de las mediciones,23,Estado de datos meteorológicos. Ningún mapa,,,,,Operational,Original
bufr4/0/33/047/24,033047,Datos de confianza de las mediciones,24,Estado de datos meteorológicos. 1 mapa,,,,,Operational,Original
bufr4/0/33/047/25,033047,Datos de confianza de las mediciones,25,Estado de datos meteorológicos 2 mapas degradados,,,,,Operational,Original
bufr4/0/33/047/26,033047,Datos de confianza de las mediciones,26,Estado de datos meteorológicos 2 mapas nominales,,,,,Operational,Original
bufr4/0/33/047/27,033047,Datos de confianza de las mediciones,27,"Estado de propagador de órbita para modo de propagación, varios errores",,,,,Operational,Original
bufr4/0/33/047/28,033047,Datos de confianza de las mediciones,28,"Estado de propagador de órbita para modo de propagación, aviso detectado",,,,,Operational,Original
bufr4/0/33/047/29,033047,Datos de confianza de las mediciones,29,"Estado de propagador de órbita para modo de inicialización, varios errores",,,,,Operational,Original
bufr4/0/33/047/30,033047,Datos de confianza de las mediciones,30,"Estado de propagador de órbita para modo de inicialización, aviso detectado",,,,,Operational,Original
bufr4/0/33/047/All-31,033047,Datos de confianza de las mediciones,All 31,Valor faltante,,,,,Operational,AI Translator: MCP
bufr4/0/33/048/0,033048,Medida de confianza de inversión SAR*,0,Inversión lograda,,,,,Operational,Original
bufr4/0/33/048/1,033048,Medida de confianza de inversión SAR*,1,Inversión no lograda,,,,,Operational,Original
bufr4/0/33/048/2,033048,Medida de confianza de inversión SAR*,2,Reservada,,,,,Operational,Original
bufr4/0/33/048/3,033048,Medida de confianza de inversión SAR*,3,Valor faltante,,,,,Operational,Original
bufr4/0/33/049/0,033049,Medida de confianza de recuperación de viento,0,Dirección externa del viento utilizada durante la inversión,,,,,Operational,Original
bufr4/0/33/049/1,033049,Medida de confianza de recuperación de viento,1,Dirección externa del viento no utilizada durante la inversión,,,,,Operational,Original
bufr4/0/33/049/2,033049,Medida de confianza de recuperación de viento,2,Reservada,,,,,Operational,Original
bufr4/0/33/049/3,033049,Medida de confianza de recuperación de viento,3,Valor faltante,,,,,Operational,Original
bufr4/0/33/050/0,033050,Banderín de calidad mundial del GTSPP,0,Sin evaluar,,,,,Operational,Original
bufr4/0/33/050/1,033050,Banderín de calidad mundial del GTSPP,1,Valor correcto (todas las verificaciones superadas),,,,,Operational,Original
bufr4/0/33/050/2,033050,Banderín de calidad mundial del GTSPP,2,"Probablemente buena, pero valor incoherente con las estadísticas (difiere de la climatología)",,,,,Operational,Original
bufr4/0/33/050/3,033050,Banderín de calidad mundial del GTSPP,3,"Probablemente mala (pico, gradiente, si se han superado otras pruebas)",,,,,Operational,Original
bufr4/0/33/050/4,033050,Banderín de calidad mundial del GTSPP,4,"Valor malo, valor imposible (fuera de escala, inestabilidad vertical, perfil constante)",,,,,Operational,Original
bufr4/0/33/050/5,033050,Banderín de calidad mundial del GTSPP,5,Valor modificado durante el control de calidad,,,,,Operational,Original
bufr4/0/33/050/6-7,033050,Banderín de calidad mundial del GTSPP,6-7,Reservadas,,,,,Operational,Original
bufr4/0/33/050/8,033050,Banderín de calidad mundial del GTSPP,8,Valor interpolado,,,,,Operational,Original
bufr4/0/33/050/9,033050,Banderín de calidad mundial del GTSPP,9,Adecuado para usos operacionales; precaución; consultar publicaciones para otros usos,,,,,Operational,Original
bufr4/0/33/050/10-14,033050,Banderín de calidad mundial del GTSPP,10-14,Reservadas,,,,,Operational,Original
bufr4/0/33/050/15,033050,Banderín de calidad mundial del GTSPP,15,Valor faltante,,,,,Operational,Original
bufr4/0/33/052/1-20,033052,Calidad de reseguimiento de datos oceánicos en banda S,1-20,"Los primeros 20 bits menos significativos corresponden a los 20 valores (uno por cada bloque de datos que contenga 0 = medición válida, 1 = inválida). El bit 1 es aplicable al 20° bloque de datos",,,,,Operational,Original
bufr4/0/33/052/All-21,033052,Calidad de reseguimiento de datos oceánicos en banda S,All 21,Valor faltante,,,,,Operational,AI Translator: MCP
bufr4/0/33/053/1-20,033053,Calidad de reseguimiento de datos oceánicos en banda Ku,1-20,"Los primeros 20 bits menos significativos corresponden a los 20 valores (uno por cada bloque de datos que contenga 0 = medición válida, 1 = inválida). El bit 1 es aplicable al 20° bloque de datos",,,,,Operational,Original
bufr4/0/33/053/All-21,033053,Calidad de reseguimiento de datos oceánicos en banda Ku,All 21,Valor faltante,,,,,Operational,AI Translator: MCP
bufr4/0/33/054/0,033054,Calidad general del perfil atmosférico recuperado,0,Valores del perfil buenos,,,,,Operational,AI Translator: MCP
bufr4/0/33/054/1,033054,Calidad general del perfil atmosférico recuperado,1,Valores de perfil sospechados,,,,,Operational,AI Translator: MCP
bufr4/0/33/054/2,033054,Calidad general del perfil atmosférico recuperado,2,Reservadas,,,,,Operational,AI Translator: MCP
bufr4/0/33/054/3,033054,Calidad general del perfil atmosférico recuperado,3,Los valores del perfil no son buenos.,,,,,Operational,AI Translator: MCP
bufr4/0/33/054/4-6,033054,Calidad general del perfil atmosférico recuperado,4-6,Reservadas,,,,,Operational,AI Translator: MCP
bufr4/0/33/054/7,033054,Calidad general del perfil atmosférico recuperado,7,Valor faltante,,,,,Operational,AI Translator: MCP
bufr4/0/33/055/1-10,033055,Banderín de calidad del vector de viento,1-10,Reservadas,,,,,Operational,Original
bufr4/0/33/055/11,033055,Banderín de calidad del vector de viento,11,Sigma-0 oceánico no disponible para la recuperación de datos de viento,,,,,Operational,Original
bufr4/0/33/055/12,033055,Banderín de calidad del vector de viento,12,Viento de primera aproximación no disponible,,,,,Operational,Original
bufr4/0/33/055/13,033055,Banderín de calidad del vector de viento,13,Modelo de referencia detecta tierra,,,,,Operational,Original
bufr4/0/33/055/14,033055,Banderín de calidad del vector de viento,14,Modelo de referencia detecta hielo,,,,,Operational,Original
bufr4/0/33/055/15,033055,Banderín de calidad del vector de viento,15,Sigma-0 incluye tierra/hielo,,,,,Operational,Original
bufr4/0/33/055/16,033055,Banderín de calidad del vector de viento,16,Sigma-0 incluye tierra contaminada,,,,,Operational,Original
bufr4/0/33/055/17,033055,Banderín de calidad del vector de viento,17,Sigma-0 incluye hielo contaminado,,,,,Operational,Original
bufr4/0/33/055/18,033055,Banderín de calidad del vector de viento,18,Diversidad azimutal insuficiente,,,,,Operational,Original
bufr4/0/33/055/19,033055,Banderín de calidad del vector de viento,19,No se produce inversión,,,,,Operational,Original
bufr4/0/33/055/20,033055,Banderín de calidad del vector de viento,20,Banderín WVC general,,,,,Operational,Original
bufr4/0/33/055/21,033055,Banderín de calidad del vector de viento,21,Se intenta la inversión (se fija banderín),,,,,Operational,Original
bufr4/0/33/055/22,033055,Banderín de calidad del vector de viento,22,Se intenta la precipitación (se fija banderín),,,,,Operational,Original
bufr4/0/33/055/23,033055,Banderín de calidad del vector de viento,23,Se detecta precipitación,,,,,Operational,Original
bufr4/0/33/055/All-24,033055,Banderín de calidad del vector de viento,All 24,Valor faltante,,,,,Operational,AI Translator: MCP
bufr4/0/33/056/1-7,033056,Banderín de calidad Sigma-0,1-7,Reservadas,,,,,Operational,Original
bufr4/0/33/056/8,033056,Banderín de calidad Sigma-0,8,Ascendente,,,,,Operational,Original
bufr4/0/33/056/9,033056,Banderín de calidad Sigma-0,9,Polarización VV,,,,,Operational,Original
bufr4/0/33/056/10,033056,Banderín de calidad Sigma-0,10,Parte frontal del vehículo espacial,,,,,Operational,Original
bufr4/0/33/056/11,033056,Banderín de calidad Sigma-0,11,Tierra,,,,,Operational,Original
bufr4/0/33/056/12,033056,Banderín de calidad Sigma-0,12,Sigma-0 insuficiente (resumen),,,,,Operational,Original
bufr4/0/33/056/13,033056,Banderín de calidad Sigma-0,13,Sigma-0 inválido (resumen),,,,,Operational,Original
bufr4/0/33/056/14,033056,Banderín de calidad Sigma-0,14,Temperatura de luminancia insuficiente,,,,,Operational,Original
bufr4/0/33/056/15,033056,Banderín de calidad Sigma-0,15,Temperatura de luminancia inválida,,,,,Operational,Original
bufr4/0/33/056/16,033056,Banderín de calidad Sigma-0,16,Límite tierra-mar,,,,,Operational,Original
bufr4/0/33/056/17,033056,Banderín de calidad Sigma-0,17,Sigma-0 negativo,,,,,Operational,Original
bufr4/0/33/056/18-20,033056,Banderín de calidad Sigma-0,18-20,Reservadas,,,,,Operational,Original
bufr4/0/33/056/21,033056,Banderín de calidad Sigma-0,21,Hielo,,,,,Operational,Original
bufr4/0/33/056/22,033056,Banderín de calidad Sigma-0,22,Dato faltante a una altitud-longitud dadas para el proceso de marcado de hielo marino para 2 o más días,,,,,Operational,Original
bufr4/0/33/056/23,033056,Banderín de calidad Sigma-0,23,Contaminación hielo-océano,,,,,Operational,Original
bufr4/0/33/056/All-24,033056,Banderín de calidad de Sigma-0,All 24,Valor faltante,,,,,Operational,AI Translator: MCP
bufr4/0/33/060/0,033060,GqisFlagQual– banderín de calidad individual del sistema IASI,0,Bueno,,,,,Operational,Original
bufr4/0/33/060/1,033060,GqisFlagQual– banderín de calidad individual del sistema IASI,1,Malo,,,,,Operational,Original
bufr4/0/33/060/2,033060,GqisFlagQual– banderín de calidad individual del sistema IASI,2,Reservado,,,,,Operational,Original
bufr4/0/33/060/3,033060,GqisFlagQual– banderín de calidad individual del sistema IASI,3,Valor faltante,,,,,Operational,Original
bufr4/0/33/066/1-19,033066,Banderín de calidad de los AMV*,1-19,Reservados,,,,,Operational,Original
bufr4/0/33/066/20,033066,Banderín de calidad de los AMV*,20,"Buen viento, pero se usa un canal alternativo para seguimiento de características",,,,,Operational,Original
bufr4/0/33/066/21,033066,Banderín de calidad de los AMV*,21,"Buen viento, pero se usa un conjunto alternativo de canales para determinar la altura de la cima de las nubes/asignación de la altura de los AMV",,,,,Operational,Original
bufr4/0/33/066/22,033066,Banderín de calidad de los AMV*,22,Fallos de restricción de la superficie de correlación,,,,,Operational,Original
bufr4/0/33/066/23,033066,Banderín de calidad de los AMV*,23,Reservado,,,,,Operational,Original
bufr4/0/33/066/All-24,033066,Banderín de calidad del vector de movimiento atmosférico (VMA),All 24,Valor faltante,,,,,Operational,AI Translator: MCP
bufr4/0/33/070/0,033070,Calidad del contenido total de ozono,0,Toma de datos satisfactoria,,,,,Operational,Original
bufr4/0/33/070/1,033070,Calidad del contenido total de ozono,1,Banderín de información sobre aerosoles insatisfactorio o anomalía de radiancia NOAA-16,,,,,Operational,Original
bufr4/0/33/070/2,033070,Calidad del contenido total de ozono,2,Ángulo del cénit solar superior a 84 grados,,,,,Operational,Original
bufr4/0/33/070/3,033070,Calidad del contenido total de ozono,3,Residuo de 380nm superior al límite,,,,,Operational,Original
bufr4/0/33/070/4,033070,Calidad del contenido total de ozono,4,Incoherencia de los datos de ozono,,,,,Operational,Original
bufr4/0/33/070/5,033070,Calidad del contenido total de ozono,5,Diferencia entre el perfil de ozono y el valor de contenido total de ozono en la etapa 3 superior al umbral (fijado en 25 DU),,,,,Operational,Original
bufr4/0/33/070/6,033070,Calidad del contenido total de ozono,6,La iteración de los datos de ozono en la etapa 1 no converge,,,,,Operational,Original
bufr4/0/33/070/7,033070,Calidad del contenido total de ozono,7,Todo residuo de canal superior a 16 o radiancia insatisfactoria,,,,,Operational,Original
bufr4/0/33/070/8,033070,Calidad del contenido total de ozono,8,Pixels insuficientes - no procesado,,,,,Operational,Original
bufr4/0/33/070/9,033070,Calidad del contenido total de ozono,9,Primera aproximación satisfactoria - utilizados datos de predicción de ozono,,,,,Operational,Original
bufr4/0/33/070/10,033070,Calidad del contenido total de ozono,10,Nube alta en píxel - no procesado,,,,,Operational,Original
bufr4/0/33/070/11,033070,Calidad del contenido total de ozono,11,Recuperación satisfactoria de datos de ozono,,,,,Operational,Original
bufr4/0/33/070/12,033070,Calidad del contenido total de ozono,12,Recuperación no satisfactoria de datos de ozono,,,,,Operational,Original
bufr4/0/33/070/13-14,033070,Calidad del contenido total de ozono,13-14,Reservadas,,,,,Operational,Original
bufr4/0/33/070/15,033070,Calidad del contenido total de ozono,15,Valor faltante,,,,,Operational,Original
bufr4/0/33/071/0,033071,Calidad del perfil de ozono,0,Toma de datos satisfactoria,,,,,Operational,Original
bufr4/0/33/071/1,033071,Calidad del perfil de ozono,1,Ángulo del cénit solar superior a 84 grados,,,,,Operational,Original
bufr4/0/33/071/2,033071,Calidad del perfil de ozono,2,Diferencia entre la etapa 3 y el perfil de contenido total de ozono total superior al límite (25 du),,,,,Operational,Original
bufr4/0/33/071/3,033071,Calidad del perfil de ozono,3,"Residuo final promediado de las longitudes de onda utilizadas en la toma de datos, superior al umbral",,,,,Operational,Original
bufr4/0/33/071/4,033071,Calidad del perfil de ozono,4,Residuo final superior al triple del error apriorístico,,,,,Operational,Original
bufr4/0/33/071/5,033071,Calidad del perfil de ozono,5,"Diferencia entre el valor tomado y el valor apriorístico, superior al triple del error apriorístico",,,,,Operational,Original
bufr4/0/33/071/6,033071,Calidad del perfil de ozono,6,Solución no convergente,,,,,Operational,Original
bufr4/0/33/071/7,033071,Calidad del perfil de ozono,7,Anomalía del perfil en niveles superiores o anomalía de luz ficticia,,,,,Operational,Original
bufr4/0/33/071/8,033071,Calidad del perfil de ozono,8,"Residuo inicial superior a 18,0 unidades de valor N",,,,,Operational,Original
bufr4/0/33/071/9-14,033071,Calidad del perfil de ozono,9-14,Reservadas,,,,,Operational,Original
bufr4/0/33/071/15,033071,Calidad del perfil de ozono,15,Valor faltante,,,,,Operational,Original
bufr4/0/33/072/0,033072,Error en ozono,0,Toma de datos satisfactoria,,,,,Operational,Original
bufr4/0/33/072/1,033072,Error en ozono,1,Reflectividad fuera de dial,,,,,Operational,Original
bufr4/0/33/072/2,033072,Error en ozono,2,Píxeles más grandes (número de píxel intertrayectorias inferior a 32) o error de retro-barrido,,,,,Operational,Original
bufr4/0/33/072/3,033072,Error en ozono,3,Ángulo del cénit solar superior a 88 grados,,,,,Operational,Original
bufr4/0/33/072/4,033072,Error en ozono,4,Latitud/longitud fuera de dial,,,,,Operational,Original
bufr4/0/33/072/5,033072,Error en ozono,5,Ángulo cenital de visión o ángulo cenital solar fuera de dial,,,,,Operational,Original
bufr4/0/33/072/6,033072,Error en ozono,6,Fallo general de proceso en la etapa 1,,,,,Operational,Original
bufr4/0/33/072/7,033072,Error en ozono,7,Primera conjetura del valor de ozono fuera de dial,,,,,Operational,Original
bufr4/0/33/072/8,033072,Error en ozono,8,Demasiadas iteraciones (más de 8),,,,,Operational,Original
bufr4/0/33/072/9,033072,Error en ozono,9,Fallo del cálculo del residuo en la etapa 1,,,,,Operational,Original
bufr4/0/33/072/10,033072,Error en ozono,10,Fallo general de proceso en la etapa 2,,,,,Operational,Original
bufr4/0/33/072/11,033072,Error en ozono,11,Primera conjetura del valor del perfil de ozono fuera de dial,,,,,Operational,Original
bufr4/0/33/072/12,033072,Error en ozono,12,Valor de ozono en la etapa 2 fuera de dial,,,,,Operational,Original
bufr4/0/33/072/13,033072,Error en ozono,13,Fallo del cálculo del residuo en la etapa 2,,,,,Operational,Original
bufr4/0/33/072/14,033072,Error en ozono,14,Fallo general de proceso en la etapa 3,,,,,Operational,Original
bufr4/0/33/072/15,033072,Error en ozono,15,Alerta sobre la exactitud de la corrección de la polarización,,,,,Operational,Original
bufr4/0/33/072/16,033072,Error en ozono,16,Radiancia o irradiancia inferior o igual a 0,,,,,Operational,Original
bufr4/0/33/072/17-30,033072,Error en ozono,17-30,Reservadas,,,,,Operational,Original
bufr4/0/33/072/31,033072,Error en ozono,31,Valor faltante,,,,,Operational,Original
bufr4/0/33/075/1,033075,Banderines de calidad del nivel de exploración,1,"Se ha detectado la falta de datos en el registro de datos en bruto (es decir, la falta de exploración (es) antes de la exploración actual)",,,,,Operational,Original
bufr4/0/33/075/2,033075,Banderines de calidad del nivel de exploración,2,"El tiempo registrado no sigue la secuencia (es decir, la hora de inicio de la exploración queda fuera de la secuencia)",,,,,Operational,Original
bufr4/0/33/075/3,033075,Banderines de calidad del nivel de exploración,3,No puede actualizarse el cálculo lamda (véase la Nota 1),,,"Notas: 1) Se fija en 1 si el cálculo de la longitud de onda del láser es inválido debido a un error sistemático del diodo láser y/o a que las mediciones de temperatura del diodo láser no se ajustan a los intervalos permitidos que se han predeterminado. Estos intervalos son ajustables. En este caso, se utilizará 1 bit por barrido para el cálculo lamda. 2) Estas temperaturas se utilizan para calcular la contribución “ambiental"" a las radiancias del blanco de calibración interna. Cuando este bit se fija en 1, las temperaturas inválidas se reemplazan por los valores de temperatura validados del blanco de calibración interna.",,Operational,Original
bufr4/0/33/075/4,033075,Banderines de calidad del nivel de exploración,4,"Las temperaturas medidas de todo componente de un instrumento (por ejemplo, un divisor de haz, un espejo de exploración, un deflector de exploración, etc.) quedan fuera de los intervalos permitidos (véase la Nota 2)",,,"Notas: 1) Se fija en 1 si el cálculo de la longitud de onda del láser es inválido debido a un error sistemático del diodo láser y/o a que las mediciones de temperatura del diodo láser no se ajustan a los intervalos permitidos que se han predeterminado. Estos intervalos son ajustables. En este caso, se utilizará 1 bit por barrido para el cálculo lamda. 2) Estas temperaturas se utilizan para calcular la contribución “ambiental"" a las radiancias del blanco de calibración interna. Cuando este bit se fija en 1, las temperaturas inválidas se reemplazan por los valores de temperatura validados del blanco de calibración interna.",,Operational,Original
bufr4/0/33/075/5,033075,Banderines de calidad del nivel de exploración,5,Al menos una de las temperaturas controladas de los instrumentos ha variado más allá de un valor específico de tolerancia,,,,,Operational,Original
bufr4/0/33/075/6-12,033075,Banderines de calidad del nivel de exploración,6-12,Reservados,,,,,Operational,Original
bufr4/0/33/075/All-13,033075,Banderines de calidad del nivel de exploración,All 13,Valor faltante,,,,,Operational,AI Translator: MCP
bufr4/0/33/076/1,033076,Banderines de calidad de la calibración,1,Interferencia lunar en la primera visión del espacio lejano (véase la Nota),,,Nota: Se fija en 1 si al menos un espectro de la media móvil para el espacio lejano se considera no válido debido a una interferencia lunar.,,Operational,Original
bufr4/0/33/076/2,033076,Banderines de calidad de la calibración,2,Interferencia lunar en la segunda visión del espacio lejano (véase la Nota),,,Nota: Se fija en 1 si al menos un espectro de la media móvil para el espacio lejano se considera no válido debido a una interferencia lunar.,,Operational,Original
bufr4/0/33/076/3-8,033076,Banderines de calidad de la calibración,3-8,Reservados,,,,,Operational,Original
bufr4/0/33/076/All-9,033076,Banderines de calidad de la calibración,All 9,Valor faltante,,,,,Operational,AI Translator: MCP
bufr4/0/33/077/1,033077,Banderines de calidad del campo de visión,1,Calidad degradada del registro de datos científicos,,,,,Operational,Original
bufr4/0/33/077/2,033077,Banderines de calidad del campo de visión,2,Calidad inválida del registro de datos científicos (véase la nota 1),,,"Notas: 1) La calidad del registro de datos científicos es inválida si falla el reajuste del bit (véase el bit 12) o si se detectan errores en el cálculo de franjas (véase el bit 11), datos inválidos en el registro de datos en bruto (véase el bit 10), calibraciones radiométricas inválidas (véase el bit 5) o calibraciones espectrales inválidas (véase el bit 7). 2) La calibración radiométrica es inválida si no se realiza o si se realiza con datos de calibración inválidos (por ejemplo, cuando el tamaño de la ventana de espacio lejano es igual a 0). 3) La calibración espectral es inválida si se detecta y corrige el error en el cálculo de franjas (véase el bit 8), si la calibración de neón es dudosa y el cálculo lamda no puede actualizarse (véanse los ""Banderines de calidad del nivel de exploración"" (0 33 075) - bit 3). 4) Se fija en 0 si no se detecta ningún error en el cálculo de franjas (véase el bit 11) o si se detecta un error de cálculo pero no se corrige. 5) Se fija en 0 si es de día (ángulo cenital solar < 90°). Se fija en 1 si es de noche (ángulo cenital solar ≥90°). 6) Este banderín indica que el instrumento presenta errores de funcionamiento y que el/los interferograma(s) asociado(s) queda (n) excluido(s) del procesamiento del registro de datos científicos. 7) Este banderín indica que no se ha detectado un número significativo de franjas, desplazando la diferencia de trayecto cero (ZPD) del interferograma fuera de una ventana controlada por el instrumento, y que el interferograma queda excluido del procesamiento del registro de datos científicos.",,Operational,Original
bufr4/0/33/077/3,033077,Banderines de calidad del campo de visión,3,Información inválida sobre el geoposicionamiento del registro de datos científicos,,,"Notas: 1) La calidad del registro de datos científicos es inválida si falla el reajuste del bit (véase el bit 12) o si se detectan errores en el cálculo de franjas (véase el bit 11), datos inválidos en el registro de datos en bruto (véase el bit 10), calibraciones radiométricas inválidas (véase el bit 5) o calibraciones espectrales inválidas (véase el bit 7). 2) La calibración radiométrica es inválida si no se realiza o si se realiza con datos de calibración inválidos (por ejemplo, cuando el tamaño de la ventana de espacio lejano es igual a 0). 3) La calibración espectral es inválida si se detecta y corrige el error en el cálculo de franjas (véase el bit 8), si la calibración de neón es dudosa y el cálculo lamda no puede actualizarse (véanse los ""Banderines de calidad del nivel de exploración"" (0 33 075) - bit 3). 4) Se fija en 0 si no se detecta ningún error en el cálculo de franjas (véase el bit 11) o si se detecta un error de cálculo pero no se corrige. 5) Se fija en 0 si es de día (ángulo cenital solar < 90°). Se fija en 1 si es de noche (ángulo cenital solar ≥90°). 6) Este banderín indica que el instrumento presenta errores de funcionamiento y que el/los interferograma(s) asociado(s) queda (n) excluido(s) del procesamiento del registro de datos científicos. 7) Este banderín indica que no se ha detectado un número significativo de franjas, desplazando la diferencia de trayecto cero (ZPD) del interferograma fuera de una ventana controlada por el instrumento, y que el interferograma queda excluido del procesamiento del registro de datos científicos.",,Operational,Original
bufr4/0/33/077/4,033077,Banderines de calidad del campo de visión,4,Calibración radiométrica degradada,,,"Notas: 1) La calidad del registro de datos científicos es inválida si falla el reajuste del bit (véase el bit 12) o si se detectan errores en el cálculo de franjas (véase el bit 11), datos inválidos en el registro de datos en bruto (véase el bit 10), calibraciones radiométricas inválidas (véase el bit 5) o calibraciones espectrales inválidas (véase el bit 7). 2) La calibración radiométrica es inválida si no se realiza o si se realiza con datos de calibración inválidos (por ejemplo, cuando el tamaño de la ventana de espacio lejano es igual a 0). 3) La calibración espectral es inválida si se detecta y corrige el error en el cálculo de franjas (véase el bit 8), si la calibración de neón es dudosa y el cálculo lamda no puede actualizarse (véanse los ""Banderines de calidad del nivel de exploración"" (0 33 075) - bit 3). 4) Se fija en 0 si no se detecta ningún error en el cálculo de franjas (véase el bit 11) o si se detecta un error de cálculo pero no se corrige. 5) Se fija en 0 si es de día (ángulo cenital solar < 90°). Se fija en 1 si es de noche (ángulo cenital solar ≥90°). 6) Este banderín indica que el instrumento presenta errores de funcionamiento y que el/los interferograma(s) asociado(s) queda (n) excluido(s) del procesamiento del registro de datos científicos. 7) Este banderín indica que no se ha detectado un número significativo de franjas, desplazando la diferencia de trayecto cero (ZPD) del interferograma fuera de una ventana controlada por el instrumento, y que el interferograma queda excluido del procesamiento del registro de datos científicos.",,Operational,Original
bufr4/0/33/077/5,033077,Banderines de calidad del campo de visión,5,Calibración radiométrica inválida (véase la nota 2),,,"Notas: 1) La calidad del registro de datos científicos es inválida si falla el reajuste del bit (véase el bit 12) o si se detectan errores en el cálculo de franjas (véase el bit 11), datos inválidos en el registro de datos en bruto (véase el bit 10), calibraciones radiométricas inválidas (véase el bit 5) o calibraciones espectrales inválidas (véase el bit 7). 2) La calibración radiométrica es inválida si no se realiza o si se realiza con datos de calibración inválidos (por ejemplo, cuando el tamaño de la ventana de espacio lejano es igual a 0). 3) La calibración espectral es inválida si se detecta y corrige el error en el cálculo de franjas (véase el bit 8), si la calibración de neón es dudosa y el cálculo lamda no puede actualizarse (véanse los ""Banderines de calidad del nivel de exploración"" (0 33 075) - bit 3). 4) Se fija en 0 si no se detecta ningún error en el cálculo de franjas (véase el bit 11) o si se detecta un error de cálculo pero no se corrige. 5) Se fija en 0 si es de día (ángulo cenital solar < 90°). Se fija en 1 si es de noche (ángulo cenital solar ≥90°). 6) Este banderín indica que el instrumento presenta errores de funcionamiento y que el/los interferograma(s) asociado(s) queda (n) excluido(s) del procesamiento del registro de datos científicos. 7) Este banderín indica que no se ha detectado un número significativo de franjas, desplazando la diferencia de trayecto cero (ZPD) del interferograma fuera de una ventana controlada por el instrumento, y que el interferograma queda excluido del procesamiento del registro de datos científicos.",,Operational,Original
bufr4/0/33/077/6,033077,Banderines de calidad del campo de visión,6,Calibración espectral degradada,,,"Notas: 1) La calidad del registro de datos científicos es inválida si falla el reajuste del bit (véase el bit 12) o si se detectan errores en el cálculo de franjas (véase el bit 11), datos inválidos en el registro de datos en bruto (véase el bit 10), calibraciones radiométricas inválidas (véase el bit 5) o calibraciones espectrales inválidas (véase el bit 7). 2) La calibración radiométrica es inválida si no se realiza o si se realiza con datos de calibración inválidos (por ejemplo, cuando el tamaño de la ventana de espacio lejano es igual a 0). 3) La calibración espectral es inválida si se detecta y corrige el error en el cálculo de franjas (véase el bit 8), si la calibración de neón es dudosa y el cálculo lamda no puede actualizarse (véanse los ""Banderines de calidad del nivel de exploración"" (0 33 075) - bit 3). 4) Se fija en 0 si no se detecta ningún error en el cálculo de franjas (véase el bit 11) o si se detecta un error de cálculo pero no se corrige. 5) Se fija en 0 si es de día (ángulo cenital solar < 90°). Se fija en 1 si es de noche (ángulo cenital solar ≥90°). 6) Este banderín indica que el instrumento presenta errores de funcionamiento y que el/los interferograma(s) asociado(s) queda (n) excluido(s) del procesamiento del registro de datos científicos. 7) Este banderín indica que no se ha detectado un número significativo de franjas, desplazando la diferencia de trayecto cero (ZPD) del interferograma fuera de una ventana controlada por el instrumento, y que el interferograma queda excluido del procesamiento del registro de datos científicos.",,Operational,Original
bufr4/0/33/077/7,033077,Banderines de calidad del campo de visión,7,Calibración espectral inválida (véase la nota 3),,,"Notas: 1) La calidad del registro de datos científicos es inválida si falla el reajuste del bit (véase el bit 12) o si se detectan errores en el cálculo de franjas (véase el bit 11), datos inválidos en el registro de datos en bruto (véase el bit 10), calibraciones radiométricas inválidas (véase el bit 5) o calibraciones espectrales inválidas (véase el bit 7). 2) La calibración radiométrica es inválida si no se realiza o si se realiza con datos de calibración inválidos (por ejemplo, cuando el tamaño de la ventana de espacio lejano es igual a 0). 3) La calibración espectral es inválida si se detecta y corrige el error en el cálculo de franjas (véase el bit 8), si la calibración de neón es dudosa y el cálculo lamda no puede actualizarse (véanse los ""Banderines de calidad del nivel de exploración"" (0 33 075) - bit 3). 4) Se fija en 0 si no se detecta ningún error en el cálculo de franjas (véase el bit 11) o si se detecta un error de cálculo pero no se corrige. 5) Se fija en 0 si es de día (ángulo cenital solar < 90°). Se fija en 1 si es de noche (ángulo cenital solar ≥90°). 6) Este banderín indica que el instrumento presenta errores de funcionamiento y que el/los interferograma(s) asociado(s) queda (n) excluido(s) del procesamiento del registro de datos científicos. 7) Este banderín indica que no se ha detectado un número significativo de franjas, desplazando la diferencia de trayecto cero (ZPD) del interferograma fuera de una ventana controlada por el instrumento, y que el interferograma queda excluido del procesamiento del registro de datos científicos.",,Operational,Original
bufr4/0/33/077/8,033077,Banderines de calidad del campo de visión,8,Error en el cálculo de franjas detectado y corregido (véase la nota 4),,,"Notas: 1) La calidad del registro de datos científicos es inválida si falla el reajuste del bit (véase el bit 12) o si se detectan errores en el cálculo de franjas (véase el bit 11), datos inválidos en el registro de datos en bruto (véase el bit 10), calibraciones radiométricas inválidas (véase el bit 5) o calibraciones espectrales inválidas (véase el bit 7). 2) La calibración radiométrica es inválida si no se realiza o si se realiza con datos de calibración inválidos (por ejemplo, cuando el tamaño de la ventana de espacio lejano es igual a 0). 3) La calibración espectral es inválida si se detecta y corrige el error en el cálculo de franjas (véase el bit 8), si la calibración de neón es dudosa y el cálculo lamda no puede actualizarse (véanse los ""Banderines de calidad del nivel de exploración"" (0 33 075) - bit 3). 4) Se fija en 0 si no se detecta ningún error en el cálculo de franjas (véase el bit 11) o si se detecta un error de cálculo pero no se corrige. 5) Se fija en 0 si es de día (ángulo cenital solar < 90°). Se fija en 1 si es de noche (ángulo cenital solar ≥90°). 6) Este banderín indica que el instrumento presenta errores de funcionamiento y que el/los interferograma(s) asociado(s) queda (n) excluido(s) del procesamiento del registro de datos científicos. 7) Este banderín indica que no se ha detectado un número significativo de franjas, desplazando la diferencia de trayecto cero (ZPD) del interferograma fuera de una ventana controlada por el instrumento, y que el interferograma queda excluido del procesamiento del registro de datos científicos.",,Operational,Original
bufr4/0/33/077/9,033077,Banderines de calidad del campo de visión,9,Indicador día/noche (véase la nota 5),,,"Notas: 1) La calidad del registro de datos científicos es inválida si falla el reajuste del bit (véase el bit 12) o si se detectan errores en el cálculo de franjas (véase el bit 11), datos inválidos en el registro de datos en bruto (véase el bit 10), calibraciones radiométricas inválidas (véase el bit 5) o calibraciones espectrales inválidas (véase el bit 7). 2) La calibración radiométrica es inválida si no se realiza o si se realiza con datos de calibración inválidos (por ejemplo, cuando el tamaño de la ventana de espacio lejano es igual a 0). 3) La calibración espectral es inválida si se detecta y corrige el error en el cálculo de franjas (véase el bit 8), si la calibración de neón es dudosa y el cálculo lamda no puede actualizarse (véanse los ""Banderines de calidad del nivel de exploración"" (0 33 075) - bit 3). 4) Se fija en 0 si no se detecta ningún error en el cálculo de franjas (véase el bit 11) o si se detecta un error de cálculo pero no se corrige. 5) Se fija en 0 si es de día (ángulo cenital solar < 90°). Se fija en 1 si es de noche (ángulo cenital solar ≥90°). 6) Este banderín indica que el instrumento presenta errores de funcionamiento y que el/los interferograma(s) asociado(s) queda (n) excluido(s) del procesamiento del registro de datos científicos. 7) Este banderín indica que no se ha detectado un número significativo de franjas, desplazando la diferencia de trayecto cero (ZPD) del interferograma fuera de una ventana controlada por el instrumento, y que el interferograma queda excluido del procesamiento del registro de datos científicos.",,Operational,Original
bufr4/0/33/077/10,033077,Banderines de calidad del campo de visión,10,Datos inválidos del registro de datos en bruto (véase la nota 6),,,"Notas: 1) La calidad del registro de datos científicos es inválida si falla el reajuste del bit (véase el bit 12) o si se detectan errores en el cálculo de franjas (véase el bit 11), datos inválidos en el registro de datos en bruto (véase el bit 10), calibraciones radiométricas inválidas (véase el bit 5) o calibraciones espectrales inválidas (véase el bit 7). 2) La calibración radiométrica es inválida si no se realiza o si se realiza con datos de calibración inválidos (por ejemplo, cuando el tamaño de la ventana de espacio lejano es igual a 0). 3) La calibración espectral es inválida si se detecta y corrige el error en el cálculo de franjas (véase el bit 8), si la calibración de neón es dudosa y el cálculo lamda no puede actualizarse (véanse los ""Banderines de calidad del nivel de exploración"" (0 33 075) - bit 3). 4) Se fija en 0 si no se detecta ningún error en el cálculo de franjas (véase el bit 11) o si se detecta un error de cálculo pero no se corrige. 5) Se fija en 0 si es de día (ángulo cenital solar < 90°). Se fija en 1 si es de noche (ángulo cenital solar ≥90°). 6) Este banderín indica que el instrumento presenta errores de funcionamiento y que el/los interferograma(s) asociado(s) queda (n) excluido(s) del procesamiento del registro de datos científicos. 7) Este banderín indica que no se ha detectado un número significativo de franjas, desplazando la diferencia de trayecto cero (ZPD) del interferograma fuera de una ventana controlada por el instrumento, y que el interferograma queda excluido del procesamiento del registro de datos científicos.",,Operational,Original
bufr4/0/33/077/11,033077,Banderines de calidad del campo de visión,11,Error significativo en el cálculo de franjas detectado (véase la nota 7),,,"Notas: 1) La calidad del registro de datos científicos es inválida si falla el reajuste del bit (véase el bit 12) o si se detectan errores en el cálculo de franjas (véase el bit 11), datos inválidos en el registro de datos en bruto (véase el bit 10), calibraciones radiométricas inválidas (véase el bit 5) o calibraciones espectrales inválidas (véase el bit 7). 2) La calibración radiométrica es inválida si no se realiza o si se realiza con datos de calibración inválidos (por ejemplo, cuando el tamaño de la ventana de espacio lejano es igual a 0). 3) La calibración espectral es inválida si se detecta y corrige el error en el cálculo de franjas (véase el bit 8), si la calibración de neón es dudosa y el cálculo lamda no puede actualizarse (véanse los ""Banderines de calidad del nivel de exploración"" (0 33 075) - bit 3). 4) Se fija en 0 si no se detecta ningún error en el cálculo de franjas (véase el bit 11) o si se detecta un error de cálculo pero no se corrige. 5) Se fija en 0 si es de día (ángulo cenital solar < 90°). Se fija en 1 si es de noche (ángulo cenital solar ≥90°). 6) Este banderín indica que el instrumento presenta errores de funcionamiento y que el/los interferograma(s) asociado(s) queda (n) excluido(s) del procesamiento del registro de datos científicos. 7) Este banderín indica que no se ha detectado un número significativo de franjas, desplazando la diferencia de trayecto cero (ZPD) del interferograma fuera de una ventana controlada por el instrumento, y que el interferograma queda excluido del procesamiento del registro de datos científicos.",,Operational,Original
bufr4/0/33/077/12,033077,Banderines de calidad del campo de visión,12,Falla de reajuste del bit,,,,,Operational,Original
bufr4/0/33/077/13-18,033077,Banderines de calidad del campo de visión,13-18,Reservados,,,,,Operational,Original
bufr4/0/33/077/All-19,033077,Banderines de calidad del campo de visión,All 19,Valor faltante,,,,,Operational,AI Translator: MCP
bufr4/0/33/078/0,033078,Calidad del geoposicionamiento,0,Nominal - datos de altitud y efemérides disponibles,,,,,Operational,Original
bufr4/0/33/078/1,033078,Calidad del geoposicionamiento,1,"Falta, como máximo, una pequeña laguna de datos de altitud y efemérides",,,,,Operational,Original
bufr4/0/33/078/2,033078,Calidad del geoposicionamiento,2,"Falta más que una pequeña laguna de datos de altitud y efemérides, pero no más que una separación de granulado",,,,,Operational,Original
bufr4/0/33/078/3,033078,Calidad del geoposicionamiento,3,Falta más de una separación de granulado de datos de altitud y efemérides,,,,,Operational,Original
bufr4/0/33/078/4-14,033078,Calidad del geoposicionamiento,4-14,Reservadas,,,,,Operational,Original
bufr4/0/33/078/15,033078,Calidad del geoposicionamiento,15,Valor faltante,,,,,Operational,Original
bufr4/0/33/079/1-5,033079,Banderines de calidad del nivel granulado,1-5,Reservados,,,,,Operational,Original
bufr4/0/33/079/6,033079,Banderines de calidad del nivel granulado,6,Los números 1 a 7 no superaron la prueba de buen funcionamiento,,,,,Operational,Original
bufr4/0/33/079/7,033079,Banderines de calidad del nivel granulado,7,Los números 8 a 15 no superaron la prueba de buen funcionamiento,,,,,Operational,Original
bufr4/0/33/079/8,033079,Banderines de calidad del nivel granulado,8,Los números 16 a 23 no superaron la prueba de buen funcionamiento,,,,,Operational,Original
bufr4/0/33/079/9,033079,Banderines de calidad del nivel granulado,9,Los números 24 a 31 no superaron la prueba de buen funcionamiento,,,,,Operational,Original
bufr4/0/33/079/10,033079,Banderines de calidad del nivel granulado,10,Los números 32 a 39 no superaron la prueba de buen funcionamiento,,,,,Operational,Original
bufr4/0/33/079/11,033079,Banderines de calidad del nivel granulado,11,Los números 40 a 47 no superaron la prueba de buen funcionamiento,,,,,Operational,Original
bufr4/0/33/079/12,033079,Banderines de calidad del nivel granulado,12,Los números 48 a 55 no superaron la prueba de buen funcionamiento,,,,,Operational,Original
bufr4/0/33/079/13,033079,Banderines de calidad del nivel granulado,13,Los números 56 a 63 no superaron la prueba de buen funcionamiento,,,,,Operational,Original
bufr4/0/33/079/14,033079,Banderines de calidad del nivel granulado,14,Los números 64 a 70 no superaron la prueba de buen funcionamiento,,,,,Operational,Original
bufr4/0/33/079/15,033079,Banderines de calidad del nivel granulado,15,Corrección cuadrática aplicada a la función de transferencia radiométrica para la corrección no lineal,,,,,Operational,Original
bufr4/0/33/079/All-16,033079,Banderines de calidad del nivel granulado,All 16,Valor faltante,,,,,Operational,AI Translator: MCP
bufr4/0/33/080/1-6,033080,Banderines de calidad del nivel de exploración,1-6,Reservados,,,,,Operational,Original
bufr4/0/33/080/7,033080,Banderines de calidad del nivel de exploración,7,La condición dividir por cero o el lazo de cálculo no convergieron en la PRT* de la banda K/Ka y V (KAV),,,,,Operational,Original
bufr4/0/33/080/8,033080,Banderines de calidad del nivel de exploración,8,La condición dividir por cero o el lazo de cálculo no convergieron en la PRT de la banda WG,,,,,Operational,Original
bufr4/0/33/080/9,033080,Banderines de calidad del nivel de exploración,9,"La condición dividir por cero o el lazo de cálculo no convergieron en el estante receptor de la banda K/Ka, V, W, G, respecto del cálculo de la temperatura K PRT",,,,,Operational,Original
bufr4/0/33/080/10,033080,Banderines de calidad del nivel de exploración,10,Condición fuera de la gama de valores para la PRT de la banda K/Ka y V,,,,,Operational,Original
bufr4/0/33/080/11,033080,Banderines de calidad del nivel de exploración,11,Condición fuera de la gama de valores para la PRT de la banda WG,,,,,Operational,Original
bufr4/0/33/080/12,033080,Banderines de calidad del nivel de exploración,12,Discordancia de temperaturas en PRT KAV,,,,,Operational,Original
bufr4/0/33/080/13,033080,Banderines de calidad del nivel de exploración,13,Discordancia de temperaturas en PRT WG,,,,,Operational,Original
bufr4/0/33/080/14,033080,Banderines de calidad del nivel de exploración,14,Error en la secuencia temporal,,,,,Operational,Original
bufr4/0/33/080/15,033080,Banderines de calidad del nivel de exploración,15,Datos faltantes: falta de exploración(es) antes de la exploración actual,,,,,Operational,Original
bufr4/0/33/080/16,033080,Banderines de calidad del nivel de exploración,16,Suficiencia de la PRT KAV: disponibilidad insuficiente de datos de PRT KAV,,,,,Operational,Original
bufr4/0/33/080/17,033080,Banderines de calidad del nivel de exploración,17,Suficiencia de la PRT de WG: disponibilidad insuficiente de datos de PRT WG,,,,,Operational,Original
bufr4/0/33/080/18,033080,Banderines de calidad del nivel de exploración,18,Error en la orientación de la antena hacia el espacio,,,,,Operational,Original
bufr4/0/33/080/19,033080,Banderines de calidad del nivel de exploración,19,Error en la orientación de la antena hacia el cuerpo negro,,,,,Operational,Original
bufr4/0/33/080/All-20,033080,Banderines de calidad del nivel de exploración,All 20,Valor faltante,,,,,Operational,AI Translator: MCP
bufr4/0/33/081/1-2,033081,Banderines de calidad de los datos del canal,1-2,Reservados,,,,,Operational,Original
bufr4/0/33/081/3,033081,Banderines de calidad de los datos del canal,3,Visión de espacio de la luna,,,,,Operational,Original
bufr4/0/33/081/4,033081,Banderines de calidad de los datos del canal,4,Error de ganancia: el cálculo del cuerpo negro es inferior o igual al cálculo de visión de espacio más elevado en una exploración,,,,,Operational,Original
bufr4/0/33/081/5,033081,Banderines de calidad de los datos del canal,5,Calibración con menos de las muestras preferidas,,,,,Operational,Original
bufr4/0/33/081/6,033081,Banderines de calidad de los datos del canal,6,Verificación de la suficiencia de datos de visión de espacio: disponibilidad insuficiente de muestras de visión de espacio,,,,,Operational,Original
bufr4/0/33/081/7,033081,Banderines de calidad de los datos del canal,7,Verificación de la suficiencia de datos de visión del cuerpo negro: disponibilidad insuficiente de muestras de visión del cuerpo negro,,,,,Operational,Original
bufr4/0/33/081/8,033081,Banderines de calidad de los datos del canal,8,Condición fuera de la gama de valores para la visión de espacio,,,,,Operational,Original
bufr4/0/33/081/9,033081,Banderines de calidad de los datos del canal,9,Condición fuera de la gama de valores para la visión del cuerpo negro,,,,,Operational,Original
bufr4/0/33/081/10,033081,Banderines de calidad de los datos del canal,10,Incoherencia de la visión de espacio,,,,,Operational,Original
bufr4/0/33/081/11,033081,Banderines de calidad de los datos del canal,11,Incoherencia de la visión del cuerpo negro,,,,,Operational,Original
bufr4/0/33/081/All-12,033081,Banderines de calidad de los datos del canal,All 12,Valor faltante,,,,,Operational,AI Translator: MCP
bufr4/0/33/082/1-5,033082,Banderines de calidad del geoposicionamiento,1-5,Reservados,,,,,Operational,Original
bufr4/0/33/082/6,033082,Banderines de calidad del geoposicionamiento,6,Dentro de la anomalía del Atlántico sur,,,,,Operational,Original
bufr4/0/33/082/7,033082,Banderines de calidad del geoposicionamiento,7,Datos de entrada no válidos (indica que cualquiera de los datos sobre las efemérides o la posición de las aeronaves no son válidos),,,,,Operational,Original
bufr4/0/33/082/8,033082,Banderines de calidad del geoposicionamiento,8,"Puntería defectuosa (indica que la línea de visión del sensor no cruza el geoide, está cerca del limbo, tiene ángulos sensores no válidos u otra característica similar)",,,,,Operational,Original
bufr4/0/33/082/9,033082,Banderines de calidad del geoposicionamiento,9,Terreno defectuoso (indica que el algoritmo no pudo obtener un valor de terreno válido),,,,,Operational,Original
bufr4/0/33/082/10,033082,Banderines de calidad del geoposicionamiento,10,Ángulos solares no válidos,,,,,Operational,Original
bufr4/0/33/082/11,033082,Banderines de calidad del geoposicionamiento,11,"Falta, como máximo, una pequeña laguna de datos de altitud y efemérides",,,,,Operational,Original
bufr4/0/33/082/12,033082,Banderines de calidad del geoposicionamiento,12,"Falta más de una pequeña laguna de datos de altitud y efemérides, pero no más de una separación de granulado",,,,,Operational,Original
bufr4/0/33/082/13,033082,Banderines de calidad del geoposicionamiento,13,Falta más de una separación de granulado de datos de altitud y efemérides,,,,,Operational,Original
bufr4/0/33/082/14,033082,Banderines de calidad del geoposicionamiento,14,El número de valores de impulso del codificador por tiempo delta no es el previsto,,,,,Operational,Original
bufr4/0/33/082/15,033082,Banderines de calidad del geoposicionamiento,15,Eclipse solar durante exploración hacia la Tierra,,,,,Operational,Original
bufr4/0/33/082/All-16,033082,Banderines de calidad del geoposicionamiento,All 16,Valor faltante,,,,,Operational,AI Translator: MCP
bufr4/0/33/083/1-5,033083,Banderines de calidad de los datos de radiancia,1-5,Reservados,,,,,Operational,Original
bufr4/0/33/083/6,033083,Banderines de calidad de los datos de radiancia,6,Píxel afectado por interferencia de radiofrecuencia,,,,,Operational,Original
bufr4/0/33/083/7,033083,Banderines de calidad de los datos de radiancia,7,"Calidad de calibración deficiente debido a desviaciones de la visión de espacio, desviaciones de visión según calibración a bordo (OBC), etc. o utilización de una visión de calibración anterior",,,,,Operational,Original
bufr4/0/33/083/8,033083,Banderines de calidad de los datos de radiancia,8,Píxel saturado,,,,,Operational,Original
bufr4/0/33/083/9,033083,Banderines de calidad de los datos de radiancia,9,Datos faltantes: no se dispone de los datos necesarios para procesar la calibración,,,,,Operational,Original
bufr4/0/33/083/10,033083,Banderines de calidad de los datos de radiancia,10,Radiancia de píxel calibrada fuera de la gama de valores,,,,,Operational,Original
bufr4/0/33/083/11,033083,Banderines de calidad de los datos de radiancia,11,Reflectancia de píxel calibrada o temperatura efectiva del cuerpo negro fuera de la gama de valores,,,,,Operational,Original
bufr4/0/33/083/12,033083,Banderines de calidad de los datos de radiancia,12,La luna ha corrompido la visión de espacio,,,,,Operational,Original
bufr4/0/33/083/13,033083,Banderines de calidad de los datos de radiancia,13,Las datos de exploración están ausentes (no hay datos válidos),,,,,Operational,Original
bufr4/0/33/083/14,033083,Banderines de calidad de los datos de radiancia,14,La calidad de esta línea de exploración es reducida. El valor lo determinan el número de pasos combinados necesarios para encontrar un elemento sustitutivo de los datos de origen de termistor o calibración,,,,,Operational,Original
bufr4/0/33/083/15,033083,Banderines de calidad de los datos de radiancia,15,Sensor defectuoso,,,,,Operational,Original
bufr4/0/33/083/All-16,033083,Banderines de calidad de los datos de radiancia,All 16,Valor faltante,,,,,Operational,AI Translator: MCP
bufr4/0/33/084/1-5,033084,Banderines de calidad del nivel del pixel,1-5,Reservados,,,,,Operational,Original
bufr4/0/33/084/6,033084,Banderines de calidad del nivel del pixel,6,TSM global fuera del intervalo de validación,,,,,Operational,Original
bufr4/0/33/084/7,033084,Banderines de calidad del nivel del pixel,7,TSM somera fuera del intervalo de validación,,,,,Operational,Original
bufr4/0/33/084/8,033084,Banderines de calidad del nivel del pixel,8,"Ángulo cenital del sensor > 40 grados (el píxel no está situado a menos de 40 grados del nadir, por lo que no es de alta calidad)",,,,,Operational,Original
bufr4/0/33/084/9,033084,Banderines de calidad del nivel del pixel,9,"Degradación: tamaño de la celda horizontal > 1,3 km (tamaño de la celda horizontal > 1,3 km, anchura de la franja >1 700 km, ángulo cenital del sensor > 50,3 grados)",,,,,Operational,Original
bufr4/0/33/084/10,033084,Banderines de calidad del nivel del pixel,10,Exclusión: No hay océano en el pixel,,,,,Operational,Original
bufr4/0/33/084/11,033084,Banderines de calidad del nivel del pixel,11,"Degradación: espesor óptico del aerosol > 0,6 (espesor óptico del aerosol en la celda horizontal > 0,6 a lo largo del trayecto oblicuo (espesor óptico del aerosol @550 nm))",,,,,Operational,Original
bufr4/0/33/084/12,033084,Banderines de calidad del nivel del pixel,12,"Exclusión: Espesor óptico del aerosol > 1,0 (espesor óptico del aerosol en la celda horizontal > 1,0 a lo largo del trayecto oblicuo (espesor óptico del aerosol @550 nm))",,,,,Operational,Original
bufr4/0/33/084/13,033084,Banderines de calidad del nivel del pixel,13,Presencia de reflexión especular del Sol en el píxel,,,,,Operational,Original
bufr4/0/33/084/14,033084,Banderines de calidad del nivel del pixel,14,Rebasado el umbral de concentración de hielo (TSM no recuperada debido a que la concentración de hielo rebasa el umbral en las especificaciones del sistema),,,,,Operational,Original
bufr4/0/33/084/15,033084,Banderines de calidad del nivel del pixel,15,Cirro de escaso grosor detectado en el píxel,,,,,Operational,Original
bufr4/0/33/084/All-16,033084,Banderines de calidad del nivel del píxel,All 16,Valor faltante,,,,,Operational,AI Translator: MCP
bufr4/0/33/085/1-3,033085,Banderines de calidad del espesor óptico de aerosol,1-3,Reservados,,,,,Operational,Original
bufr4/0/33/085/4,033085,Banderines de calidad del espesor óptico de aerosol,4,El exponente de Angstrom está fuera del intervalo de especificación del sistema,,,,,Operational,Original
bufr4/0/33/085/5,033085,Banderines de calidad del espesor óptico de aerosol,5,"Excluido, el exponente de Angstrom para el espesor óptico de aerosol a 550 nm < 0,15",,,,,Operational,Original
bufr4/0/33/085/6,033085,Banderines de calidad del espesor óptico de aerosol,6,"Superficie brillante en célula (cuando se produce sobre tierra), o aguas poco profundas o turbias en célula (cuando se produce sobre el océano)",,,,,Operational,Original
bufr4/0/33/085/7,033085,Banderines de calidad del espesor óptico de aerosol,7,"Sol bajo, excluido, ángulo cenital del sol > 80 grados",,,,,Operational,Original
bufr4/0/33/085/8,033085,Banderines de calidad del espesor óptico de aerosol,8,"Sol bajo, degradado, 65 grados < ángulo cenital del sol ≤ 80 grados",,,,,Operational,Original
bufr4/0/33/085/9,033085,Banderines de calidad del espesor óptico de aerosol,9,Incendio detectado en célula,,,,,Operational,Original
bufr4/0/33/085/10,033085,Banderines de calidad del espesor óptico de aerosol,10,Nieve/hielo en célula,,,,,Operational,Original
bufr4/0/33/085/11,033085,Banderines de calidad del espesor óptico de aerosol,11,Sombra de la nube en célula,,,,,Operational,Original
bufr4/0/33/085/12,033085,Banderines de calidad del espesor óptico de aerosol,12,Destello solar en célula,,,,,Operational,Original
bufr4/0/33/085/13,033085,Banderines de calidad del espesor óptico de aerosol,13,Mal registro de datos científicos presentes en célula horizontal (calidad del espesor óptico de aerosol/parámetro del tamaño de la partícula de aerosol degradado o espesor óptico de aerosol/parámetro del tamaño de la partícula de aerosol no recuperado debido a un mal registro de datos científicos en célula horizontal),,,,,Operational,Original
bufr4/0/33/085/14,033085,Banderines de calidad del espesor óptico de aerosol,14,Contaminación por cirrus en célula,,,,,Operational,Original
bufr4/0/33/085/15,033085,Banderines de calidad del espesor óptico de aerosol,15,Nube adyacente a célula,,,,,Operational,Original
bufr4/0/33/085/16,033085,Banderines de calidad del espesor óptico de aerosol,16,Contaminación de la nube en célula,,,,,Operational,Original
bufr4/0/33/085/17,033085,Banderines de calidad del espesor óptico de aerosol,17,El espesor óptico de aerosol está fuera del intervalo de especificación del sistema,,,,,Operational,Original
bufr4/0/33/085/All-18,033085,Banderín de calidad del espesor óptico de aerosol,All 18,Valor faltante,,,,,Operational,AI Translator: MCP
bufr4/0/33/086/0,033086,Recuperación de la calidad del nivel del pixel,0,No recuperada,,,,,Operational,Original
bufr4/0/33/086/1,033086,Recuperación de la calidad del nivel del pixel,1,Excluida,,,,,Operational,Original
bufr4/0/33/086/2,033086,Recuperación de la calidad del nivel del pixel,2,Degradada,,,,,Operational,Original
bufr4/0/33/086/3,033086,Recuperación de la calidad del nivel del pixel,3,Alta calidad,,,,,Operational,Original
bufr4/0/33/086/4-6,033086,Recuperación de la calidad del nivel del pixel,4-6,Reservadas,,,,,Operational,Original
bufr4/0/33/086/7,033086,Recuperación de la calidad del nivel del pixel,7,Valor faltante,,,,,Operational,Original
bufr4/0/33/087/0,033087,Alcance del satélite en la anomalía del Atlántico sur (basado en datos climatológicos),0,Inferior o igual a 10%,,,,,Operational,Original
bufr4/0/33/087/1,033087,Alcance del satélite en la anomalía del Atlántico sur (basado en datos climatológicos),1,Superior a 10% pero inferior o igual a 20%,,,,,Operational,Original
bufr4/0/33/087/2,033087,Alcance del satélite en la anomalía del Atlántico sur (basado en datos climatológicos),2,Superior a 20% pero inferior o igual a 30%,,,,,Operational,Original
bufr4/0/33/087/3,033087,Alcance del satélite en la anomalía del Atlántico sur (basado en datos climatológicos),3,Superior a 30% pero inferior o igual a 40%,,,,,Operational,Original
bufr4/0/33/087/4,033087,Alcance del satélite en la anomalía del Atlántico sur (basado en datos climatológicos),4,Superior a 40% pero inferior o igual a 50%,,,,,Operational,Original
bufr4/0/33/087/5,033087,Alcance del satélite en la anomalía del Atlántico sur (basado en datos climatológicos),5,Superior a 50% pero inferior o igual a 60%,,,,,Operational,Original
bufr4/0/33/087/6,033087,Alcance del satélite en la anomalía del Atlántico sur (basado en datos climatológicos),6,Superior a 60% pero inferior o igual a 70%,,,,,Operational,Original
bufr4/0/33/087/7,033087,Alcance del satélite en la anomalía del Atlántico sur (basado en datos climatológicos),7,Superior a 70% pero inferior o igual a 80%,,,,,Operational,Original
bufr4/0/33/087/8,033087,Alcance del satélite en la anomalía del Atlántico sur (basado en datos climatológicos),8,Superior a 80%,,,,,Operational,Original
bufr4/0/33/087/9-14,033087,Alcance del satélite en la anomalía del Atlántico sur (basado en datos climatológicos),9-14,Reservadas,,,,,Operational,Original
bufr4/0/33/087/15,033087,Alcance del satélite en la anomalía del Atlántico sur (basado en datos climatológicos),15,Valor faltante,,,,,Operational,Original
bufr4/0/33/088/1-5,033088,Banderines de calidad de la columna total de ozono,1-5,Reservados,,,,,Operational,Original
bufr4/0/33/088/6,033088,Banderines de calidad de la columna total de ozono,6,Reflectividad de la superficie fuera del intervalo,,,,,Operational,Original
bufr4/0/33/088/7,033088,Banderines de calidad de la columna total de ozono,7,Umbral residual excedido,,,,,Operational,Original
bufr4/0/33/088/8,033088,Banderines de calidad de la columna total de ozono,8,Límite del índice de aerosoles excedido,,,,,Operational,Original
bufr4/0/33/088/9,033088,Banderines de calidad de la columna total de ozono,9,"Eclipse solar presente (toda o una parte del IFOV se ve afectado por un eclipse solar, la sombra de la Tierra o la penumbra)",,,,,Operational,Original
bufr4/0/33/088/10,033088,Banderines de calidad de la columna total de ozono,10,Destello solar presente en el IFOV,,,,,Operational,Original
bufr4/0/33/088/11,033088,Banderines de calidad de la columna total de ozono,11,Superficie de nieve o de hielo en el IFOV,,,,,Operational,Original
bufr4/0/33/088/12,033088,Banderines de calidad de la columna total de ozono,12,Ángulo cenital del sol en condición excluida (noche) (ángulo cenital del sol ≥ 88 grados),,,,,Operational,Original
bufr4/0/33/088/13,033088,Banderines de calidad de la columna total de ozono,13,Ángulo cenital del sol en condición degradada (80 grados ≤ ángulo cenital del sol < 88 grados),,,,,Operational,Original
bufr4/0/33/088/14,033088,Banderines de calidad de la columna total de ozono,14,Índice SO2 > 6 DU (condición degradada),,,,,Operational,Original
bufr4/0/33/088/15,033088,Banderines de calidad de la columna total de ozono,15,Los residuos no son coherentes (indica si los residuos de las 22 longitudes de onda son coherentes),,,,,Operational,Original
bufr4/0/33/088/16,033088,Banderines de calidad de la columna total de ozono,16,La selección del triplete 03 no es coherente en el triplete de ozono recuperado (coherencia),,,,,Operational,Original
bufr4/0/33/088/17,033088,Banderines de calidad de la columna total de ozono,17,La calidad de los datos entrantes no es buena,,,,,Operational,Original
bufr4/0/33/088/All-18,033088,Banderín de calidad de la columna total de ozono,All 18,Valor faltante,,,,,Operational,AI Translator: MCP
bufr4/0/33/092/1,033092,Banderín de calidad oceánica de banda específica,1,Altímetro en funcionamiento,,,,,Operational,Original
bufr4/0/33/092/2,033092,Banderín de calidad oceánica de banda específica,2,Radiómetro de microondas en funcionamiento,,,,,Operational,Original
bufr4/0/33/092/3-8,033092,Banderín de calidad oceánica de banda específica,3-8,Reservadas,,,,,Operational,Original
bufr4/0/33/092/All-9,033092,Banderín de calidad oceánico de banda específica,All 9,Valor faltante,,,,,Operational,AI Translator: MCP
bufr4/0/33/093/1,033093,Banderines de calidad ampliados para datos del GNSS terrestres,1,La calidad del retraso del trayecto se considera insuficiente,,,,,Operational,Original
bufr4/0/33/093/2,033093,Banderines de calidad ampliados para datos del GNSS terrestres,2,Se usan satélites GALILEO,,,,,Operational,Original
bufr4/0/33/093/3,033093,Banderines de calidad ampliados para datos del GNSS terrestres,3,Se usan satélites GLONASS,,,,,Operational,Original
bufr4/0/33/093/4,033093,Banderines de calidad ampliados para datos del GNSS terrestres,4,Se usan satélites GPS,,,,,Operational,Original
bufr4/0/33/093/5,033093,Banderines de calidad ampliados para datos del GNSS terrestres,5,Se usan satélites BeiDou,,,,,Operational,Original
bufr4/0/33/093/6-8,033093,Banderines de calidad ampliados para datos del GNSS terrestres,6-8,Reservados para nuevo GNSS,,,,,Operational,Original
bufr4/0/33/093/9,033093,Banderines de calidad ampliados para datos del GNSS terrestres,9,Se aplican datos meteorológicos,,,,,Operational,Original
bufr4/0/33/093/10,033093,Banderines de calidad ampliados para datos del GNSS terrestres,10,Se aplica corrección por carga de presión atmosférica,,,,,Operational,Original
bufr4/0/33/093/11,033093,Banderines de calidad ampliados para datos del GNSS terrestres,11,Se aplica efecto oceánico indirecto,,,,,Operational,Original
bufr4/0/33/093/12,033093,Banderines de calidad ampliados para datos del GNSS terrestres,12,Se aplican correcciones ionosféricas de segundo orden,,,,,Operational,Original
bufr4/0/33/093/13,033093,Banderines de calidad ampliados para datos del GNSS terrestres,13,Se aplican correcciones ionosféricas de tercer orden,,,,,Operational,Original
bufr4/0/33/093/14,033093,Banderines de calidad ampliados para datos del GNSS terrestres,14,Solución PPP,,,,,Operational,Original
bufr4/0/33/093/15,033093,Banderines de calidad ampliados para datos del GNSS terrestres,15,Gradientes aplicados a retraso de trayecto,,,,,Operational,Original
bufr4/0/33/093/16,033093,Banderines de calidad ampliados para datos del GNSS terrestres,16,Correcciones multitrayecto aplicadas a retraso de trayecto,,,,,Operational,Original
bufr4/0/33/093/17,033093,Banderines de calidad ampliados para datos del GNSS terrestres,17,Residuos aplicados a retraso de trayecto,,,,,Operational,Original
bufr4/0/33/093/18,033093,Banderines de calidad ampliados para datos del GNSS terrestres,18,Proceso de datos de calidad sobre clima,,,,,Operational,Original
bufr4/0/33/093/19,033093,Banderines de calidad ampliados para datos del GNSS terrestres,19,Reproceso,,,,,Operational,Original
bufr4/0/33/093/20,033093,Banderines de calidad ampliados para datos del GNSS terrestres,20,Postproceso,,,,,Operational,Original
bufr4/0/33/093/21,033093,Banderines de calidad ampliados para datos del GNSS terrestres,21,Proceso de datos en tiempo casi real,,,,,Operational,Original
bufr4/0/33/093/22,033093,Banderines de calidad ampliados para datos del GNSS terrestres,22,Proceso de datos en tiempo real,,,,,Operational,Original
bufr4/0/33/093/23-30,033093,Banderines de calidad ampliados para datos del GNSS terrestres,23-30,Reservado,,,,,Operational,Original
bufr4/0/33/093/All-31,033093,Banderines de calidad ampliados para datos del GNSS terrestres,All 31,Valor faltante,,,,,Operational,AI Translator: MCP
bufr4/0/33/094/1-15,033094,Banderas de control de calidad de calibración,1-15,Reservadas,,,,,Operational,AI Translator: MCP
bufr4/0/33/094/16,033094,calidad de calibración,16,No oceánico,,,,,Operational,AI Translator: MCP
bufr4/0/33/094/17,033094,Banderas de control de calidad de calibración,17,Intrusión lunar o solar,,,,,Operational,AI Translator: MCP
bufr4/0/33/094/18,033094,calidad de calibración,18,Maniobra de nave espacial,,,,,Operational,AI Translator: MCP
bufr4/0/33/094/19,033094,Banderas de control de calidad de calibración,19,Consistencia de calibración en frío,,,,,Operational,AI Translator: MCP
bufr4/0/33/094/20,033094,Banderas de control de calidad de calibración,20,Consistencia de calibración en caliente,,,,,Operational,AI Translator: MCP
bufr4/0/33/094/21,033094,Banderas de control de calidad de calibración,21,Descendiendo,,,,,Operational,AI Translator: MCP
bufr4/0/33/094/22,033094,Banderas de control de calidad de calibración,22,Noche,,,,,Operational,AI Translator: MCP
bufr4/0/33/094/23,033094,Banderas de control de calidad de calibración,23,Orientación trasera de la carga útil,,,,,Operational,AI Translator: MCP
bufr4/0/33/094/All-24,033094,Banderas de control de calidad de calibración,All 24,Valor faltante,,,,,Operational,AI Translator: MCP
bufr4/0/33/095/1,033095,temperatura,1,Las temperaturas PRT o temperatura THM faltan o tienen lecturas anómalas.,,,,,Operational,AI Translator: MCP
bufr4/0/33/095/2,033095,temperatura,2,Las temperaturas de PRT de OBCT utilizadas en la calibración radiométrica están ausentes o tienen lecturas anómalas.,,,,,Operational,AI Translator: MCP
bufr4/0/33/095/3,033095,temperatura,3,Las temperaturas THM de SVR utilizadas en las calibraciones radiométricas faltan o tienen lecturas anómalas.,,,,,Operational,AI Translator: MCP
bufr4/0/33/095/4,033095,Bandera de temperaturas MWI,4,Las temperaturas THM del reflector principal faltan o tienen lecturas anómalas.,,,,,Operational,AI Translator: MCP
bufr4/0/33/095/5,033095,temperatura,5,Las temperaturas THM de la pista están ausentes o con lecturas anómalas.,,,,,Operational,AI Translator: MCP
bufr4/0/33/095/6,033095,temperatura,6,Las temperaturas THM de los receptores faltan o tienen lecturas anómalas.,,,,,Operational,AI Translator: MCP
bufr4/0/33/095/7,033095,temperatura,7,Reservadas,,,,,Operational,AI Translator: MCP
bufr4/0/33/095/All-8,033095,temperatura,All 8,Faltante,,,,,Operational,AI Translator: MCP
bufr4/0/33/096/1,033096,Bandera de calibración MWI,1,La calibración radiométrica falló o está degradada,,,,,Operational,AI Translator: MCP
bufr4/0/33/096/2,033096,Bandera de calibración MWI,2,El valor promedio de los conteos de vista OBCT sobre los escaneos está ausente (esto es válido para la carga de calibración de alta referencia cuando se aplica la calibración de respaldo para los canales MWI-1 a MWI-3).,,,,,Operational,AI Translator: MCP
bufr4/0/33/096/3,033096,Bandera de calibración MWI,3,El cálculo de visión de espacio promediado sobre escaneos está ausente (esto es válido para la carga de calibración de referencia baja cuando se aplica la calibración de respaldo para los canales MWI-1 a MWI-3).,,,,,Operational,AI Translator: MCP
bufr4/0/33/096/4,033096,Bandera de calibración MWI,4,El valor promedio de los recuentos de vista OBCT a lo largo de los escaneos se degrada debido a valores de recuentos faltantes o anómalos (esto es válido para la carga de calibración de alta referencia cuando se aplica la calibración de respaldo para los canales MWI-1 a MWI-3).,,,,,Operational,AI Translator: MCP
bufr4/0/33/096/5,033096,Bandera de calibración MWI,5,El cálculo de visión de espacio promedio sobre los escaneos se degrada debido a valores faltantes o anómalos de conteo (esto es válido para la carga de calibración de referencia baja cuando se aplica la calibración de respaldo para los canales MWI-1 a MWI-3).,,,,,Operational,AI Translator: MCP
bufr4/0/33/096/6,033096,Bandera de calibración MWI,6,El valor promedio de la radiancia de vista OBCT sobre los escaneos falta (esto es válido para la carga de calibración de alta referencia cuando se aplica la calibración de respaldo para los canales MWI-1 a MWI-3).,,,,,Operational,AI Translator: MCP
bufr4/0/33/096/7,033096,Bandera de calibración MWI,7,La radiancia promedio de la vista del espacio frío sobre los escaneos está ausente (esto es válido para la carga de calibración de referencia baja cuando se aplica la calibración de respaldo para los canales MWI-1 a MWI-3).,,,,,Operational,AI Translator: MCP
bufr4/0/33/096/8,033096,Bandera de calibración MWI,8,El valor promedio de la radiancia de vista OBCT sobre los escaneos se degrada debido a valores faltantes o anómalos (esto es válido para la carga de calibración de alta referencia cuando se aplica la calibración de respaldo para los canales MWI-1 a MWI-3).,,,,,Operational,AI Translator: MCP
bufr4/0/33/096/9,033096,Bandera de calibración MWI,9,El valor promedio de la radiancia de la vista del espacio frío sobre los escaneos se degrada debido a valores faltantes o anómalos (esto es válido para la carga de calibración de referencia baja cuando se aplica la calibración de respaldo para los canales MWI-1 a MWI-3).,,,,,Operational,AI Translator: MCP
bufr4/0/33/096/10,033096,Bandera de calibración MWI,10,El parámetro de no linealidad calculado utilizando diodos de ruido está ausente (significativo solo para los canales MWI-1 a MWI-3).,,,,,Operational,AI Translator: MCP
bufr4/0/33/096/11,033096,Bandera de calibración MWI,11,El parámetro de no linealidad calculado usando diodos de ruido está degradado (significativo solo para los canales MWI-1 a MWI-3).,,,,,Operational,AI Translator: MCP
bufr4/0/33/096/12,033096,Bandera de calibración MWI,12,Las temperaturas PRT o THM del escaneo actual faltan o tienen lecturas anómalas.,,,,,Operational,AI Translator: MCP
bufr4/0/33/096/13,033096,Bandera de calibración MWI,13,La intrusión de la Luna en el espacio frío degradó la calibración (menos de Nvalid_c muestras válidas no están afectadas por la Luna para el canal y la exploración considerados).,,,,,Operational,AI Translator: MCP
bufr4/0/33/096/14,033096,Bandera de calibración MWI,14,Calibración de respaldo con diodos de ruido realizada (significativo solo para MWI-1 a MWI-3),,,,,Operational,AI Translator: MCP
bufr4/0/33/096/15,033096,Bandera de calibración MWI,15,Las temperaturas degradadas del receptor conducen a una calibración degradada.,,,,,Operational,AI Translator: MCP
bufr4/0/33/096/All-16,033096,Bandera de calibración MWI,All 16,Faltante,,,,,Operational,AI Translator: MCP
bufr4/0/33/097/1,033097,exploración,1,El escaneo está degradado en el registro de datos en bruto (RDR).,,,,,Operational,AI Translator: MCP
bufr4/0/33/097/2,033097,exploración,2,Error en la secuencia temporal,,,,,Operational,AI Translator: MCP
bufr4/0/33/097/3,033097,exploración,3,El banderines de estado de la línea de exploración actual se adquiere después de una pausa.,,,,,Operational,AI Translator: MCP
bufr4/0/33/097/4,033097,exploración,4,"El escaneo está en el período de inicialización de la calibración de los promedios de datos a lo largo de los escaneos (debido a un inicio en frío/final en frío, paquetes L0 cálidos/fríos faltantes o brechas de datos).",,,,,Operational,AI Translator: MCP
bufr4/0/33/097/5,033097,exploración,5,Ángulo de intrusión lunar en cálculo de visión de espacio por debajo del umbral para al menos un Banderines de calidad del canal,,,,,Operational,AI Translator: MCP
bufr4/0/33/097/6,033097,exploración,6,La corrección lunar se aplica pero está degradada para al menos un Banderines de calidad del canal.,,,,,Operational,AI Translator: MCP
bufr4/0/33/097/7,033097,exploración,7,Ángulo de destello solar por debajo del umbral para al menos un canal.,,,,,Operational,AI Translator: MCP
bufr4/0/33/097/8,033097,exploración,8,Contaminación por RFI en la vista de la Tierra o paquete de RFI faltante para el escaneo considerado (solo para MWI-1V y MWI-1H).,,,,,Operational,AI Translator: MCP
bufr4/0/33/097/9,033097,exploración,9,El satélite realiza una maniobra en la exploración actual.,,,,,Operational,AI Translator: MCP
bufr4/0/33/097/10,033097,exploración,10,Faltan paquetes L0 cálidos o fríos para la exploración,,,,,Operational,AI Translator: MCP
bufr4/0/33/097/11-15,033097,exploración,11-15,Reservadas,,,,,Operational,AI Translator: MCP
bufr4/0/33/097/All-16,033097,exploración,All 16,Faltante,,,,,Operational,AI Translator: MCP
bufr4/0/33/098/1,033098,Bandera de calidad de datos MWI,1,Los datos de radiancia espectral MWI del canal están ausentes o degradados.,,,,,Operational,AI Translator: MCP
bufr4/0/33/098/2,033098,Indicador de calidad de datos MWI,2,Los recuentos de vista terrestre de la exploración están ausentes o fuera de límites.,,,,,Operational,AI Translator: MCP
bufr4/0/33/098/3,033098,Indicador de calidad de datos MWI,3,La calibración radiométrica falló o está degradada,,,,,Operational,AI Translator: MCP
bufr4/0/33/098/4,033098,Indicador de calidad de datos MWI,4,La localización es errónea o degradada,,,,,Operational,AI Translator: MCP
bufr4/0/33/098/5,033098,Indicador de calidad de datos MWI,5,NEΔT de este gránulo de datos está por encima del umbral,,,,,Operational,AI Translator: MCP
bufr4/0/33/098/6,033098,Indicador de calidad de datos MWI,6,La corrección de emisividad MR y derrame falló o se degradó.,,,,,Operational,AI Translator: MCP
bufr4/0/33/098/7,033098,Indicador de calidad de datos MWI,7,La corrección de lóbulos secundarios de MR falló o se degradó.,,,,,Operational,AI Translator: MCP
bufr4/0/33/098/8,033098,Indicador de calidad de datos MWI,8,El canal está defectuoso,,,,,Operational,AI Translator: MCP
bufr4/0/33/098/All-9,033098,Indicador de calidad de datos MWI,All 9,Faltante,,,,,Operational,AI Translator: MCP
bufr4/0/33/099/1,033099,Indicador de estado de navegación MWI,1,La localización es errónea o degradada,,,,,Operational,AI Translator: MCP
bufr4/0/33/099/2,033099,Indicador de estado de navegación MWI,2,Error en la secuencia temporal,,,,,Operational,AI Translator: MCP
bufr4/0/33/099/3,033099,Indicador de estado de navegación MWI,3,Archivo NAVATT faltante o corrupto llevó al uso de archivos de órbita predichos,,,,,Operational,AI Translator: MCP
bufr4/0/33/099/4,033099,Indicador de estado de navegación MWI,4,Los datos de actitud de NAVATT están degradados.,,,,,Operational,AI Translator: MCP
bufr4/0/33/099/5,033099,Indicador de estado de navegación MWI,5,Error de correlación de tiempo (boletín IERS faltante),,,,,Operational,AI Translator: MCP
bufr4/0/33/099/6,033099,Indicador de estado de navegación MWI,6,Datos de efemérides o actitud no válidos,,,,,Operational,AI Translator: MCP
bufr4/0/33/099/7,033099,Indicador de estado de navegación MWI,7,El satélite realiza una maniobra en la exploración actual.,,,,,Operational,AI Translator: MCP
bufr4/0/33/099/8,033099,Indicador de estado de navegación MWI,8,"Actitud no nominal con error de guiñada, cabeceo y alabeo por encima del umbral Delta_YPR (nominalmente estos ángulos son 0.0 grados para YSM).",,,,,Operational,AI Translator: MCP
bufr4/0/33/099/9,033099,Indicador de estado de navegación MWI,9,El tiempo de muestreo no está dentro de los límites prescritos.,,,,,Operational,AI Translator: MCP
bufr4/0/33/099/10,033099,Indicador de estado de navegación MWI,10,Velocidad de exploración no dentro de los límites prescritos,,,,,Operational,AI Translator: MCP
bufr4/0/33/099/11,033099,Indicador de estado de navegación MWI,11,Mala puntería (la línea de visión del sensor no intersecta el elipsoide o no cumple con los límites de azimut/elevación de observación),,,,,Operational,AI Translator: MCP
bufr4/0/33/099/12,033099,Indicador de estado de navegación MWI,12,Ángulos solares de azimut/cenital inválidos calculados,,,,,Operational,AI Translator: MCP
bufr4/0/33/099/13,033099,Indicador de estado de navegación MWI,13,Localización no realizada (con use_DEM_flag = 1),,,,,Operational,AI Translator: MCP
bufr4/0/33/099/14,033099,Indicador de estado de navegación MWI,14,Error en el cálculo de la fracción de tierra,,,,,Operational,AI Translator: MCP
bufr4/0/33/099/15,033099,Indicador de estado de navegación MWI,15,Archivo de órbita no disponible,,,,,Operational,AI Translator: MCP
bufr4/0/33/099/All-16,033099,Indicador de estado de navegación MWI,All 16,Faltante,,,,,Operational,AI Translator: MCP
bufr4/0/33/100/1,033100,temperatura,1,Las temperaturas PRT o temperatura THM faltan o tienen lecturas anómalas.,,,,,Operational,AI Translator: MCP
bufr4/0/33/100/2,033100,temperatura,2,Las temperaturas PRT de OBCT utilizadas en la calibración radiométrica faltan o tienen lecturas anómalas.,,,,,Operational,AI Translator: MCP
bufr4/0/33/100/3,033100,temperatura,3,Las temperaturas PRT de SVR utilizadas en la calibración radiométrica están ausentes o tienen lecturas anómalas.,,,,,Operational,AI Translator: MCP
bufr4/0/33/100/4,033100,temperatura,4,Las temperaturas PRT de IRP y el escudo solar faltan o tienen lecturas anómalas.,,,,,Operational,AI Translator: MCP
bufr4/0/33/100/5,033100,temperatura,5,La temperatura de back-end falta o tiene lecturas anómalas.,,,,,Operational,AI Translator: MCP
bufr4/0/33/100/6,033100,temperatura,6,La temperatura de THM del front-end falta o tiene lecturas anómalas.,,,,,Operational,AI Translator: MCP
bufr4/0/33/100/7,033100,temperatura,7,Las temperaturas PRT del reflector principal faltan o tienen lecturas anómalas.,,,,,Operational,AI Translator: MCP
bufr4/0/33/100/All-8,033100,temperatura,All 8,Faltante,,,,,Operational,AI Translator: MCP
bufr4/0/33/101/1,033101,Bandera de calibración ICI,1,La calibración radiométrica falló o está degradada,,,,,Operational,AI Translator: MCP
bufr4/0/33/101/2,033101,Bandera de calibración ICI,2,El valor promedio de los recuentos de vista OBCT sobre los escaneos falta.,,,,,Operational,AI Translator: MCP
bufr4/0/33/101/3,033101,Bandera de calibración ICI,3,El valor promedio de los conteos de vista del espacio frío a lo largo de los escaneos está ausente.,,,,,Operational,AI Translator: MCP
bufr4/0/33/101/4,033101,Bandera de calibración ICI,4,El valor promedio de los conteos de vista OBCT a lo largo de los escaneos se degrada debido a valores de conteos faltantes o anómalos.,,,,,Operational,AI Translator: MCP
bufr4/0/33/101/5,033101,Bandera de calibración ICI,5,El valor promedio de los conteos de la vista del espacio frío a lo largo de los escaneos se degrada debido a valores de conteo faltantes o anómalos.,,,,,Operational,AI Translator: MCP
bufr4/0/33/101/6,033101,Bandera de calibración ICI,6,El valor promedio de la radiancia de la vista OBCT sobre el error de retro-barrido falta.,,,,,Operational,AI Translator: MCP
bufr4/0/33/101/7,033101,Bandera de calibración ICI,7,El valor promedio de radiancia de la vista del espacio frío sobre los escaneos está ausente.,,,,,Operational,AI Translator: MCP
bufr4/0/33/101/8,033101,Bandera de calibración ICI,8,El valor promedio de la radiancia de la vista OBCT a lo largo de los escaneos se degrada debido a valores faltantes o anómalos.,,,,,Operational,AI Translator: MCP
bufr4/0/33/101/9,033101,Bandera de calibración ICI,9,El valor promedio de radiancia de la vista del espacio frío a través de los escaneos se degrada debido a valores faltantes o anómalos.,,,,,Operational,AI Translator: MCP
bufr4/0/33/101/10,033101,Bandera de calibración ICI,10,Las temperaturas PRT o THM del escaneo actual faltan o tienen lecturas anómalas.,,,,,Operational,AI Translator: MCP
bufr4/0/33/101/11,033101,Bandera de calibración ICI,11,La intrusión de la Luna en el espacio frío degradó la calibración (menos de Nvalid_c muestras válidas no están afectadas por la Luna para el canal y la exploración considerados).,,,,,Operational,AI Translator: MCP
bufr4/0/33/101/12,033101,Bandera de calibración ICI,12,Temperaturas degradadas o faltantes en el back-end conducen a una calibración degradada.,,,,,Operational,AI Translator: MCP
bufr4/0/33/101/13-15,033101,Bandera de calibración ICI,13-15,Reservadas,,,,,Operational,AI Translator: MCP
bufr4/0/33/101/All-16,033101,Bandera de calibración ICI,All 16,Faltante,,,,,Operational,AI Translator: MCP
bufr4/0/33/102/1,033102,Indicador de estado de navegación ICI,1,El escaneo está degradado en los registros de datos sin procesar.,,,,,Operational,AI Translator: MCP
bufr4/0/33/102/2,033102,Indicador de estado de navegación ICI,2,Error en la secuencia temporal,,,,,Operational,AI Translator: MCP
bufr4/0/33/102/3,033102,Indicador de estado de navegación ICI,3,El banderines de estado de la línea de exploración actual se adquiere después de una pausa.,,,,,Operational,AI Translator: MCP
bufr4/0/33/102/4,033102,Indicador de estado de navegación ICI,4,"El escaneo está en período de inicialización de la calibración de los promedios de datos en los escaneos (debido a un inicio en frío/final en frío, paquetes L0 cálidos/fríos faltantes o brechas de datos).",,,,,Operational,AI Translator: MCP
bufr4/0/33/102/5,033102,Indicador de estado de navegación ICI,5,Ángulo de intrusión lunar en cálculo de visión de espacio por debajo del umbral para al menos un Banderines de calidad del canal,,,,,Operational,AI Translator: MCP
bufr4/0/33/102/6,033102,Indicador de estado de navegación ICI,6,La corrección lunar se aplica pero está degradada para al menos un Banderines de calidad del canal.,,,,,Operational,AI Translator: MCP
bufr4/0/33/102/7,033102,Indicador de estado de navegación ICI,7,Ángulo de destello solar por debajo del umbral para al menos un canal.,,,,,Operational,AI Translator: MCP
bufr4/0/33/102/8,033102,Indicador de estado de navegación ICI,8,El satélite realiza una maniobra en la exploración actual.,,,,,Operational,AI Translator: MCP
bufr4/0/33/102/9,033102,Indicador de estado de navegación ICI,9,Faltan paquetes L0 cálidos o fríos para la exploración,,,,,Operational,AI Translator: MCP
bufr4/0/33/102/10-15,033102,Indicador de estado de navegación ICI,10-15,Reservadas,,,,,Operational,AI Translator: MCP
bufr4/0/33/102/All-16,033102,Indicador de estado de navegación ICI,All 16,Faltante,,,,,Operational,AI Translator: MCP
bufr4/0/33/103/1,033103,exploración,1,Los datos de radiancia espectral ICI del canal faltan o están degradados.,,,,,Operational,AI Translator: MCP
bufr4/0/33/103/2,033103,exploración,2,Los recuentos de vista terrestre de la exploración están ausentes o fuera de límites.,,,,,Operational,AI Translator: MCP
bufr4/0/33/103/3,033103,exploración,3,La calibración radiométrica falló o está degradada,,,,,Operational,AI Translator: MCP
bufr4/0/33/103/4,033103,exploración,4,La localización es errónea o degradada,,,,,Operational,AI Translator: MCP
bufr4/0/33/103/5,033103,exploración,5,NEΔT de este gránulo de datos está por encima del umbral,,,,,Operational,AI Translator: MCP
bufr4/0/33/103/6,033103,exploración,6,La corrección de emisividad MR y derrame falló o se degradó.,,,,,Operational,AI Translator: MCP
bufr4/0/33/103/7,033103,exploración,7,La corrección de lóbulos secundarios de MR falló o se degradó.,,,,,Operational,AI Translator: MCP
bufr4/0/33/103/8,033103,exploración,8,El canal está defectuoso,,,,,Operational,AI Translator: MCP
bufr4/0/33/103/All-9,033103,exploración,All 9,Faltante,,,,,Operational,AI Translator: MCP
bufr4/0/33/104/1,033104,Indicador de estado de navegación ICI,1,La geolocalización de los canales es errónea o degradada.,,,,,Operational,AI Translator: MCP
bufr4/0/33/104/2,033104,Indicador de estado de navegación ICI,2,Error en la secuencia temporal,,,,,Operational,AI Translator: MCP
bufr4/0/33/104/3,033104,Indicador de estado de navegación ICI,3,Archivo NAVATT faltante o corrupto llevó al uso de archivos de órbita predichos,,,,,Operational,AI Translator: MCP
bufr4/0/33/104/4,033104,Indicador de estado de navegación ICI,4,Los datos de actitud de NAVATT están degradados.,,,,,Operational,AI Translator: MCP
bufr4/0/33/104/5,033104,Indicador de estado de navegación ICI,5,Error de correlación de tiempo (boletín IERS faltante),,,,,Operational,AI Translator: MCP
bufr4/0/33/104/6,033104,Indicador de estado de navegación ICI,6,Datos de efemérides o actitud no válidos,,,,,Operational,AI Translator: MCP
bufr4/0/33/104/7,033104,Indicador de estado de navegación ICI,7,El satélite realiza una maniobra en la exploración actual.,,,,,Operational,AI Translator: MCP
bufr4/0/33/104/8,033104,Indicador de estado de navegación ICI,8,"Actitud no nominal con error de guiñada, cabeceo y alabeo por encima del umbral Delta_YPR (nominalmente estos ángulos son 0.0 grados para YSM).",,,,,Operational,AI Translator: MCP
bufr4/0/33/104/9,033104,Indicador de estado de navegación ICI,9,El tiempo de muestreo no está dentro de los límites prescritos.,,,,,Operational,AI Translator: MCP
bufr4/0/33/104/10,033104,Indicador de estado de navegación ICI,10,Velocidad de exploración no dentro de los límites prescritos,,,,,Operational,AI Translator: MCP
bufr4/0/33/104/11,033104,Indicador de estado de navegación ICI,11,Mala puntería (la línea de visión del sensor no intersecta el elipsoide o no cumple con los límites de azimut/elevación de observación),,,,,Operational,AI Translator: MCP
bufr4/0/33/104/12,033104,Indicador de estado de navegación ICI,12,Ángulos solares de azimut/cenital inválidos calculados,,,,,Operational,AI Translator: MCP
bufr4/0/33/104/13,033104,Indicador de estado de navegación ICI,13,Localización no realizada (con use_DEM_flag = 1),,,,,Operational,AI Translator: MCP
bufr4/0/33/104/14,033104,Indicador de estado de navegación ICI,14,Error en el cálculo de la fracción de tierra,,,,,Operational,AI Translator: MCP
bufr4/0/33/104/15,033104,Indicador de estado de navegación ICI,15,Archivo de órbita no disponible,,,,,Operational,AI Translator: MCP
bufr4/0/33/104/All-16,033104,Indicador de estado de navegación ICI,All 16,Faltante,,,,,Operational,AI Translator: MCP
bufr4/0/33/105/1,033105,Banderas de procesamiento ICI,1,La corrección de contaminación lunar en el cálculo de visión de espacio no se aplica.,,,,,Operational,AI Translator: MCP
bufr4/0/33/105/2,033105,Banderas de procesamiento ICI,2,La corrección de desbordamiento MR relativa a la emisión por plataforma del instrumento no se aplica.,,,,,Operational,AI Translator: MCP
bufr4/0/33/105/3,033105,Banderas de procesamiento ICI,3,La corrección de desbordamiento de SVR relativa a la emisión por plataforma no se aplica.,,,,,Operational,AI Translator: MCP
bufr4/0/33/105/4,033105,Banderas de procesamiento ICI,4,La corrección de lóbulos secundarios de SVR no se aplica.,,,,,Operational,AI Translator: MCP
bufr4/0/33/105/5,033105,Banderas de procesamiento ICI,5,"Se aplica la corrección completa de la polarización cruzada, incluida la corrección de ángulo pequeño.",,,,,Operational,AI Translator: MCP
bufr4/0/33/105/6,033105,Banderas de procesamiento ICI,6,La corrección dinámica de lóbulos laterales no se aplica para ICI-1.,,,,,Operational,AI Translator: MCP
bufr4/0/33/105/7,033105,Banderas de procesamiento ICI,7,La corrección dinámica de lóbulos laterales no se aplica para ICI-2.,,,,,Operational,AI Translator: MCP
bufr4/0/33/105/8,033105,Banderas de procesamiento ICI,8,La corrección dinámica de lóbulos laterales no se aplica para ICI-3.,,,,,Operational,AI Translator: MCP
bufr4/0/33/105/9,033105,Banderas de procesamiento ICI,9,La corrección dinámica de lóbulos laterales no se aplica para ICI-4 V e ICI-4 H.,,,,,Operational,AI Translator: MCP
bufr4/0/33/105/10-15,033105,Banderas de procesamiento ICI,10-15,Reservadas,,,,,Operational,AI Translator: MCP
bufr4/0/33/105/All-16,033105,Banderas de procesamiento ICI,All 16,Faltante,,,,,Operational,AI Translator: MCP
bufr4/0/33/106/1,033106,Indicadores de procesamiento MWI,1,La corrección de contaminación lunar en el cálculo de visión de espacio no se aplica.,,,,,Operational,AI Translator: MCP
bufr4/0/33/106/2,033106,Banderas de procesamiento MWI,2,La calibración con diodos de ruido no se aplica para al menos un canal entre MWI-1 y MWI-3.,,,,,Operational,AI Translator: MCP
bufr4/0/33/106/3,033106,Banderas de procesamiento MWI,3,La corrección de desbordamiento MR relativa a la emisión por plataforma del instrumento no se aplica.,,,,,Operational,AI Translator: MCP
bufr4/0/33/106/4,033106,Banderas de procesamiento MWI,4,La corrección de desbordamiento de SVR relativa a la emisión por plataforma no se aplica.,,,,,Operational,AI Translator: MCP
bufr4/0/33/106/5,033106,Banderas de procesamiento MWI,5,La corrección de lóbulos secundarios de SVR no se aplica.,,,,,Operational,AI Translator: MCP
bufr4/0/33/106/6,033106,Banderas de procesamiento MWI,6,"Se aplica la corrección completa de la polarización cruzada, incluida la corrección de ángulo pequeño.",,,,,Operational,AI Translator: MCP
bufr4/0/33/106/7,033106,Banderas de procesamiento MWI,7,La corrección de RFI en la vista de la Tierra no se aplica.,,,,,Operational,AI Translator: MCP
bufr4/0/33/106/8,033106,Banderas de procesamiento MWI,8,La corrección dinámica de lóbulos secundarios no se aplica para MWI-1.,,,,,Operational,AI Translator: MCP
bufr4/0/33/106/9,033106,Banderas de procesamiento MWI,9,La corrección dinámica de lóbulos laterales no se aplica para MWI-2.,,,,,Operational,AI Translator: MCP
bufr4/0/33/106/10,033106,Banderas de procesamiento MWI,10,La corrección dinámica de lóbulos laterales no se aplica para MWI-3.,,,,,Operational,AI Translator: MCP
bufr4/0/33/106/11,033106,Banderas de procesamiento MWI,11,La corrección dinámica de lóbulos secundarios no se aplica para MWI-4.,,,,,Operational,AI Translator: MCP
bufr4/0/33/106/12,033106,Banderas de procesamiento MWI,12,La corrección dinámica de lóbulos secundarios no se aplica para MWI-8.,,,,,Operational,AI Translator: MCP
bufr4/0/33/106/13-15,033106,Banderas de procesamiento MWI,13-15,Reservadas,,,,,Operational,AI Translator: MCP
bufr4/0/33/106/All-16,033106,Banderas de procesamiento MWI,All 16,Faltante,,,,,Operational,AI Translator: MCP
bufr4/0/33/107/1,033107,Exploración Banderín de proceso de nivel 2 – MWR,1,Exploración no nominal debido a una brecha,,,,,Operational,AI Translator: MCP
bufr4/0/33/107/2,033107,Exploración Banderín de proceso de nivel 2 – MWR,2,temperatura,,,,,Operational,AI Translator: MCP
bufr4/0/33/107/3,033107,Exploración Banderín de proceso de nivel 2 – MWR,3,Promedio no nominal a lo largo de la trayectoria de la temperatura del objetivo cálido.,,,,,Operational,AI Translator: MCP
bufr4/0/33/107/4,033107,Banderín de proceso de nivel 2 – MWR de exploración,4,temperatura,,,,,Operational,AI Translator: MCP
bufr4/0/33/107/5,033107,Banderín de proceso de nivel 2 – MWR de exploración,5,Promedio no nominal a lo largo de la trayectoria de las temperaturas de los instrumentos,,,,,Operational,AI Translator: MCP
bufr4/0/33/107/6,033107,Exploración Banderín de proceso de nivel 2 – MWR,6,Temperatura del reflector rotativo no nominal,,,,,Operational,AI Translator: MCP
bufr4/0/33/107/7,033107,Exploración Banderín de proceso de nivel 2 – MWR,7,Promedio no nominal a lo largo de la pista de la temperatura del reflector giratorio,,,,,Operational,AI Translator: MCP
bufr4/0/33/107/8,033107,Exploración Banderín de proceso de nivel 2 – MWR,8,Ángulo de exploración de antena no nominal vista de la Tierra,,,,,Operational,AI Translator: MCP
bufr4/0/33/107/9,033107,Exploración Banderín de proceso de nivel 2 – MWR,9,Ángulo de exploración de antena no nominal vista fría,,,,,Operational,AI Translator: MCP
bufr4/0/33/107/10,033107,Exploración Banderín de proceso de nivel 2 – MWR,10,Ángulo de exploración de antena no nominal vista cálida,,,,,Operational,AI Translator: MCP
bufr4/0/33/107/11,033107,Exploración Banderín de proceso de nivel 2 – MWR,11,Geolocalización no nominal,,,,,Operational,AI Translator: MCP
bufr4/0/33/107/12,033107,Exploración Banderín de proceso de nivel 2 – MWR,12,Asignación no nominal de LSM y DEM,,,,,Operational,AI Translator: MCP
bufr4/0/33/107/13,033107,Exploración Banderín de proceso de nivel 2 – MWR,13,Maniobra de satélite en curso,,,,,Operational,AI Translator: MCP
bufr4/0/33/107/14,033107,Exploración Banderín de proceso de nivel 2 – MWR,14,Conjunto redundante de 50GHz rec y PRT en uso,,,,,Operational,AI Translator: MCP
bufr4/0/33/107/15,033107,Exploración Banderín de proceso de nivel 2 – MWR,15,Reservadas,,,,,Operational,AI Translator: MCP
bufr4/0/33/107/All-16,033107,Exploración Banderín de proceso de nivel 2 – MWR,All 16,Faltante,,,,,Operational,AI Translator: MCP
bufr4/0/33/108/1,033108,Bandera de estado de navegación MWS,1,Condición no nominal,,,,,Operational,AI Translator: MCP
bufr4/0/33/108/2,033108,Indicador de estado de navegación MWS,2,Escaneo no procesado,,,,,Operational,AI Translator: MCP
bufr4/0/33/108/3,033108,Bandera de estado de navegación MWS,3,Localización no exitosa,,,,,Operational,AI Translator: MCP
bufr4/0/33/108/4,033108,Indicador de estado de navegación MWS,4,Propagador de órbita not initialized with NAVATT,,,,,Operational,AI Translator: MCP
bufr4/0/33/108/5,033108,Indicador de estado de navegación MWS,5,Calidad de actitud no inicializada con NAVATT,,,,,Operational,AI Translator: MCP
bufr4/0/33/108/6,033108,Indicador de estado de navegación MWS,6,Error de ingestión del archivo de órbita predicha,,,,,Operational,AI Translator: MCP
bufr4/0/33/108/7,033108,Indicador de estado de navegación MWS,7,Maniobra,,,,,Operational,AI Translator: MCP
bufr4/0/33/108/8,033108,Indicador de estado de navegación MWS,8,Error de ingestión del boletín A del IERS,,,,,Operational,AI Translator: MCP
bufr4/0/33/108/9,033108,Indicador de estado de navegación MWS,9,Correlación temporal y altura geopotencial inicializada con archivo de órbita predicha,,,,,Operational,AI Translator: MCP
bufr4/0/33/108/10,033108,Indicador de estado de navegación MWS,10,Precisión de la actitud inicializada de NAVATT no alcanzada.,,,,,Operational,AI Translator: MCP
bufr4/0/33/108/11,033108,Indicador de estado de navegación MWS,11,Modo de apuntamiento no YSM,,,,,Operational,AI Translator: MCP
bufr4/0/33/108/12,033108,Indicador de estado de navegación MWS,12,Error de ingestión de NAVATT,,,,,Operational,AI Translator: MCP
bufr4/0/33/108/13-15,033108,Indicador de estado de navegación MWS,13-15,Reservadas,,,,,Operational,AI Translator: MCP
bufr4/0/33/108/All-16,033108,Indicador de estado de navegación MWS,All 16,Faltante,,,,,Operational,AI Translator: MCP
bufr4/0/33/109/1,033109,Banderines de calidad,1,Faltan producto(s) de entrada,,,,,Operational,AI Translator: MCP
bufr4/0/33/109/2,033109,Banderines de calidad,2,Brecha(s) de datos,,,,,Operational,AI Translator: MCP
bufr4/0/33/109/3,033109,Banderines de calidad,3,Producto(s) de entrada corrupto(s),,,,,Operational,AI Translator: MCP
bufr4/0/33/109/4,033109,Banderines de calidad,4,anomalía,,,,,Operational,AI Translator: MCP
bufr4/0/33/109/5,033109,Banderines de calidad,5,Datos auxiliares faltantes o degradados,,,,,Operational,AI Translator: MCP
bufr4/0/33/109/6,033109,Banderines de calidad,6,Degradado debido a la maniobra,,,,,Operational,AI Translator: MCP
bufr4/0/33/109/7-15,033109,Banderines de calidad,7-15,Reservadas,,,,,Operational,AI Translator: MCP
bufr4/0/33/109/All-16,033109,Banderines de calidad,All 16,Faltante,,,,,Operational,AI Translator: MCP
bufr4/0/33/110/1,033110,canal,1,El canal está apagado,,,,,Operational,AI Translator: MCP
bufr4/0/33/110/2,033110,canal,2,Cuenta promedio de vistas cálidas no nominal.,,,,,Operational,AI Translator: MCP
bufr4/0/33/110/3,033110,canal,3,Promedio a lo largo de la trayectoria no nominal de los recuentos de vista cálida,,,,,Operational,AI Translator: MCP
bufr4/0/33/110/4,033110,canal,4,Cuenta de vistas frías medias no nominales,,,,,Operational,AI Translator: MCP
bufr4/0/33/110/5,033110,canal,5,Promedio a lo largo de la trayectoria no nominal de los recuentos de vista fría,,,,,Operational,AI Translator: MCP
bufr4/0/33/110/6,033110,canal,6,Coeficientes de calibración no nominales,,,,,Operational,AI Translator: MCP
bufr4/0/33/110/7,033110,canal,7,Intrusión de la Luna en algunos de los campos de visión fríos.,,,,,Operational,AI Translator: MCP
bufr4/0/33/110/8,033110,canal,8,Procesamiento no nominal o valor excesivo para NEDT (frío o caliente),,,,,Operational,AI Translator: MCP
bufr4/0/33/110/All-9,033110,canal,All 9,Faltante,,,,,Operational,AI Translator: MCP
bufr4/0/33/111/1,033111,Banderines de calidad,1,Órbita utilizada,,,,,Operational,AI Translator: MCP
bufr4/0/33/111/2,033111,Banderines de calidad,2,Maniobra en curso,,,,,Operational,AI Translator: MCP
bufr4/0/33/111/3,033111,Banderines de calidad,3,Reservadas,,,,,Operational,AI Translator: MCP
bufr4/0/33/111/4,033111,Banderines de calidad,4,El canal satelital no está en modo de dirección de guiñada.,,,,,Operational,AI Translator: MCP
bufr4/0/33/111/5,033111,Banderines de calidad,5,La señal del transpondedor está presente,,,,,Operational,AI Translator: MCP
bufr4/0/33/111/6,033111,Banderines de calidad,6,La estimación de ruido es deficiente.,,,,,Operational,AI Translator: MCP
bufr4/0/33/111/7,033111,Banderines de calidad,7,La estimación de ruido es muy pobre,,,,,Operational,AI Translator: MCP
bufr4/0/33/111/8,033111,Banderines de calidad,8,El valor atípico de ruido está presente.,,,,,Operational,AI Translator: MCP
bufr4/0/33/111/9,033111,Banderines de calidad,9,Los datos auxiliares son deficientes.,,,,,Operational,AI Translator: MCP
bufr4/0/33/111/10,033111,Banderines de calidad,10,Los datos auxiliares son muy pobres.,,,,,Operational,AI Translator: MCP
bufr4/0/33/111/11,033111,Banderines de calidad,11,Límites de la tabla de caracterización excedidos,,,,,Operational,AI Translator: MCP
bufr4/0/33/111/12,033111,Banderines de calidad,12,La estimación de ganancia de potencia es pobre.,,,,,Operational,AI Translator: MCP
bufr4/0/33/111/13,033111,Banderines de calidad,13,La estimación de ganancia de potencia es muy pobre.,,,,,Operational,AI Translator: MCP
bufr4/0/33/111/14,033111,Banderines de calidad,14,Ganancia de potencia fuera de límites,,,,,Operational,AI Translator: MCP
bufr4/0/33/111/15,033111,Banderines de calidad,15,La estimación de pérdida de la guía de ondas es deficiente.,,,,,Operational,AI Translator: MCP
bufr4/0/33/111/16,033111,Banderines de calidad,16,La estimación de pérdida de guía de onda es muy pobre.,,,,,Operational,AI Translator: MCP
bufr4/0/33/111/17,033111,Banderines de calidad,17,Límites de la tabla de guía de ondas excedidos,,,,,Operational,AI Translator: MCP
bufr4/0/33/111/18,033111,Banderines de calidad,18,Echo está fuera del rango del ADC,,,,,Operational,AI Translator: MCP
bufr4/0/33/111/19,033111,Banderines de calidad,19,Reservadas,,,,,Operational,AI Translator: MCP
bufr4/0/33/111/20,033111,Banderines de calidad,20,Tablas de normalización faltantes,,,,,Operational,AI Translator: MCP
bufr4/0/33/111/21,033111,Banderines de calidad,21,El número de viento es bajo.,,,,,Operational,AI Translator: MCP
bufr4/0/33/111/22,033111,Banderines de calidad,22,El número de viento es muy bajo.,,,,,Operational,AI Translator: MCP
bufr4/0/33/111/23,033111,Banderines de calidad,23,Retrodispersión negativa en datos re-muestreados,,,,,Operational,AI Translator: MCP
bufr4/0/33/111/24,033111,Banderines de calidad,24,Posible interferencia del conjunto solar,,,,,Operational,AI Translator: MCP
bufr4/0/33/111/25,033111,Banderines de calidad,25,Reservadas,,,,,Operational,AI Translator: MCP
bufr4/0/33/111/26,033111,Banderines de calidad,26,Reservadas,,,,,Operational,AI Translator: MCP
bufr4/0/33/111/27,033111,Banderines de calidad,27,Reservadas,,,,,Operational,AI Translator: MCP
bufr4/0/33/111/28,033111,Banderines de calidad,28,Tierra,,,,,Operational,AI Translator: MCP
bufr4/0/33/111/29,033111,Banderines de calidad,29,Agua,,,,,Operational,AI Translator: MCP
bufr4/0/33/111/30,033111,Banderines de calidad,30,Paso ascendente,,,,,Operational,AI Translator: MCP
bufr4/0/33/111/31,033111,Banderines de calidad,31,Paso descendente,,,,,Operational,AI Translator: MCP
bufr4/0/33/111/All-32,033111,Banderines de calidad,All 32,Faltante,,,,,Operational,AI Translator: MCP
bufr4/0/33/113/1,033113,Banderines de calidad,1,"Calidad general (0 si los tempanitos 2 a 11 son todos 0, 1 de lo contrario)",,,,,Operational,AI Translator: MCP
bufr4/0/33/113/2,033113,Banderines de calidad,2,Radiómetro sonda,,,,,Operational,AI Translator: MCP
bufr4/0/33/113/3,033113,Banderines de calidad,3,Espectral de sondeo,,,,,Operational,AI Translator: MCP
bufr4/0/33/113/4,033113,Banderines de calidad,4,productor de imágenes,,,,,Operational,AI Translator: MCP
bufr4/0/33/113/5,033113,Banderines de calidad,5,Productor de imágenes,,,,,Operational,AI Translator: MCP
bufr4/0/33/113/6,033113,Banderines de calidad,6,productor de imágenes,,,,,Operational,AI Translator: MCP
bufr4/0/33/113/7,033113,Banderines de calidad,7,Sonoridad general,,,,,Operational,AI Translator: MCP
bufr4/0/33/113/8,033113,Banderines de calidad,8,Presencia de errores.,,,,,Operational,AI Translator: MCP
bufr4/0/33/113/9,033113,Banderines de calidad,9,Datos de TM faltantes,,,,,Operational,AI Translator: MCP
bufr4/0/33/113/10,033113,Banderines de calidad,10,Datos de TM corruptos,,,,,Operational,AI Translator: MCP
bufr4/0/33/113/11,033113,Banderines de calidad,11,Instrumento de integridad TM,,,,,Operational,AI Translator: MCP
bufr4/0/33/113/12-15,033113,Banderines de calidad,12-15,Reservadas,,,,,Operational,AI Translator: MCP
bufr4/0/33/113/All-16,033113,Banderines de calidad,All 16,Faltante,,,,,Operational,AI Translator: MCP
bufr4/0/33/114/1,033114,Verificación de límites,1,temperatura,,,,,Operational,AI Translator: MCP
bufr4/0/33/114/2,033114,Verificación fuera de límites,2,vapor de agua,,,,,Operational,AI Translator: MCP
bufr4/0/33/114/3,033114,Verificación de límites,3,Perfil de ozono,,,,,Operational,AI Translator: MCP
bufr4/0/33/114/4,033114,Verificación fuera de límites,4,superficie,,,,,Operational,AI Translator: MCP
bufr4/0/33/114/5,033114,Verificación fuera de límites,5,superficie,,,,,Operational,AI Translator: MCP
bufr4/0/33/114/6,033114,Verificación fuera de límites,6,superficie temperatura,,,,,Operational,AI Translator: MCP
bufr4/0/33/114/7,033114,Verificación fuera de límites,7,Presión de superficie,,,,,Operational,AI Translator: MCP
bufr4/0/33/114/8,033114,Verificación fuera de límites,8,Estimación de error de temperatura de la superficie (indicador de calidad),,,,,Operational,AI Translator: MCP
bufr4/0/33/114/9,033114,Verificación fuera de límites,9,Estimación de error de la temperatura del aire en superficie (indicador de calidad),,,,,Operational,AI Translator: MCP
bufr4/0/33/114/10,033114,Verificación fuera de límites,10,Estimación de error de la temperatura del punto de rocío del aire de superficie (indicador de calidad),,,,,Operational,AI Translator: MCP
bufr4/0/33/114/11,033114,Verificación fuera de límites,11,Estimación de error de presión superficial (indicador de calidad),,,,,Operational,AI Translator: MCP
bufr4/0/33/114/12,033114,Verificación fuera de límites,12,Emisividad de superficie espectro infrarrojo grueso,,,,,Operational,AI Translator: MCP
bufr4/0/33/114/13,033114,Verificación fuera de límites,13,Espectro de microondas de la superficie.,,,,,Operational,AI Translator: MCP
bufr4/0/33/114/14,033114,Verificación fuera de límites,14,Perfil de CO2,,,,,Operational,AI Translator: MCP
bufr4/0/33/114/15,033114,Verificación fuera de límites,15,Perfil de CH4,,,,,Operational,AI Translator: MCP
bufr4/0/33/114/16,033114,Verificación fuera de límites,16,Perfil de N2O,,,,,Operational,AI Translator: MCP
bufr4/0/33/114/All-17,033114,Verificación fuera de límites,All 17,Faltante,,,,,Operational,AI Translator: MCP
bufr4/0/33/115/0,033115,Información de calidad de la profundidad óptica de aerosoles,0,Bueno,,,,,Operational,AI Translator: MCP
bufr4/0/33/115/1,033115,Información de calidad de la profundidad óptica de aerosoles,1,nadir,,,,,Operational,AI Translator: MCP
bufr4/0/33/115/2,033115,Información de calidad de la profundidad óptica de aerosoles,2,Nublado oblicuo,,,,,Operational,AI Translator: MCP
bufr4/0/33/115/3,033115,Información de calidad de la profundidad óptica de aerosoles,3,nadir,,,,,Operational,AI Translator: MCP
bufr4/0/33/115/4,033115,Información de calidad de la profundidad óptica de aerosoles,4,Destello oblicuo,,,,,Operational,AI Translator: MCP
bufr4/0/33/115/5-30,033115,Información de calidad de la profundidad óptica de aerosoles,5-30,Reservadas,,,,,Operational,AI Translator: MCP
bufr4/0/33/115/31,033115,Información de calidad de la profundidad óptica de aerosoles,31,Valor faltante,,,,,Operational,AI Translator: MCP
bufr4/0/33/116/1,033116,Primera suposición en la verificación de límites,1,temperatura,,,,,Operational,AI Translator: MCP
bufr4/0/33/116/2,033116,Primera suposición en la verificación de límites,2,vapor de agua,,,,,Operational,AI Translator: MCP
bufr4/0/33/116/3,033116,Primera suposición en la verificación de límites,3,Perfil de ozono,,,,,Operational,AI Translator: MCP
bufr4/0/33/116/4,033116,Primera suposición en la verificación de límites,4,superficie,,,,,Operational,AI Translator: MCP
bufr4/0/33/116/5,033116,Primera suposición en la verificación de límites,5,superficie,,,,,Operational,AI Translator: MCP
bufr4/0/33/116/6,033116,Primera suposición en la verificación de límites,6,superficie temperatura,,,,,Operational,AI Translator: MCP
bufr4/0/33/116/7,033116,Primera suposición en la verificación de límites,7,Presión de superficie,,,,,Operational,AI Translator: MCP
bufr4/0/33/116/8,033116,Primera suposición en la verificación de límites,8,Estimación de error de temperatura de la superficie (indicador de calidad),,,,,Operational,AI Translator: MCP
bufr4/0/33/116/9,033116,Primera suposición en la verificación de límites,9,Estimación de error de la temperatura del aire en superficie (indicador de calidad),,,,,Operational,AI Translator: MCP
bufr4/0/33/116/10,033116,Primera suposición en la verificación de límites,10,Estimación de error de la temperatura del punto de rocío del aire de superficie (indicador de calidad),,,,,Operational,AI Translator: MCP
bufr4/0/33/116/11,033116,Primera suposición en la verificación de límites,11,Estimación de error de presión superficial (indicador de calidad),,,,,Operational,AI Translator: MCP
bufr4/0/33/116/12,033116,Primera suposición en la verificación de límites,12,Emisividad de superficie espectro infrarrojo grueso,,,,,Operational,AI Translator: MCP
bufr4/0/33/116/13,033116,Primera suposición en la verificación de límites,13,Espectro de microondas de la superficie.,,,,,Operational,AI Translator: MCP
bufr4/0/33/116/14,033116,Primera suposición en la verificación de límites,14,Perfil de CO2,,,,,Operational,AI Translator: MCP
bufr4/0/33/116/15,033116,Primera suposición en la verificación de límites,15,Perfil de CH4,,,,,Operational,AI Translator: MCP
bufr4/0/33/116/16,033116,Primera suposición en la verificación de límites,16,Perfil de N2O,,,,,Operational,AI Translator: MCP
bufr4/0/33/116/All-17,033116,Primera suposición en la verificación de límites,All 17,Faltante,,,,,Operational,AI Translator: MCP
bufr4/0/33/117/1,033117,Comprobación dentro de los límites,1,temperatura,,,,,Operational,AI Translator: MCP
bufr4/0/33/117/2,033117,Verificación dentro de límites,2,vapor de agua,,,,,Operational,AI Translator: MCP
bufr4/0/33/117/3,033117,Verificación dentro de límites,3,Perfil de ozono,,,,,Operational,AI Translator: MCP
bufr4/0/33/117/4,033117,Verificación dentro de límites,4,superficie,,,,,Operational,AI Translator: MCP
bufr4/0/33/117/5,033117,Verificación dentro de límites,5,superficie,,,,,Operational,AI Translator: MCP
bufr4/0/33/117/6,033117,Verificación dentro de límites,6,superficie temperatura,,,,,Operational,AI Translator: MCP
bufr4/0/33/117/7,033117,Verificación dentro de límites,7,Presión de superficie,,,,,Operational,AI Translator: MCP
bufr4/0/33/117/8,033117,Verificación dentro de límites,8,Estimación de error de temperatura de la superficie (indicador de calidad),,,,,Operational,AI Translator: MCP
bufr4/0/33/117/9,033117,Verificación dentro de límites,9,Estimación de error de la temperatura del aire en superficie (indicador de calidad),,,,,Operational,AI Translator: MCP
bufr4/0/33/117/10,033117,Verificación dentro de límites,10,Estimación de error de la temperatura del punto de rocío del aire de superficie (indicador de calidad),,,,,Operational,AI Translator: MCP
bufr4/0/33/117/11,033117,Verificación dentro de límites,11,Estimación de error de presión superficial (indicador de calidad),,,,,Operational,AI Translator: MCP
bufr4/0/33/117/12,033117,Verificación dentro de límites,12,Emisividad de superficie espectro infrarrojo grueso,,,,,Operational,AI Translator: MCP
bufr4/0/33/117/13,033117,Verificación dentro de límites,13,Espectro de microondas de la superficie.,,,,,Operational,AI Translator: MCP
bufr4/0/33/117/14,033117,Verificación dentro de límites,14,Perfil de CO2,,,,,Operational,AI Translator: MCP
bufr4/0/33/117/15,033117,Verificación dentro de límites,15,Perfil de CH4,,,,,Operational,AI Translator: MCP
bufr4/0/33/117/16,033117,Verificación dentro de límites,16,Perfil de N2O,,,,,Operational,AI Translator: MCP
bufr4/0/33/117/All-17,033117,Verificación dentro de límites,All 17,Faltante,,,,,Operational,AI Translator: MCP
