Id,Category,CategoryOfSequences_en,FXY1,Title_en,SubTitle_en,FXY2,ElementName_en,ElementDescription_en,Note_en,noteIDs,Status
bufr4/3/10/001/1/301042,10,Category 10 — Vertical sounding sequences (satellite data),310001,(Satellite – brightness temperature),,301042,"Satellite identifier, instrument, data-processing technique, date/time, location",,,,Operational
bufr4/3/10/001/2/303031,10,Category 10 — Vertical sounding sequences (satellite data),310001,(Satellite – brightness temperature),,303031,"Significance data, land/sea, skin temperature",,,,Operational
bufr4/3/10/001/3/303032,10,Category 10 — Vertical sounding sequences (satellite data),310001,(Satellite – brightness temperature),,303032,Cloud,,,,Operational
bufr4/3/10/001/4/101026,10,Category 10 — Vertical sounding sequences (satellite data),310001,(Satellite – brightness temperature),,101026,Replicate 1 descriptor 26 times,,,,Operational
bufr4/3/10/001/5/303025,10,Category 10 — Vertical sounding sequences (satellite data),310001,(Satellite – brightness temperature),,303025,Satellite channel and brightness temperature,,,,Operational
bufr4/3/10/002/1/301042,10,Category 10 — Vertical sounding sequences (satellite data),310002,(Satellite – low level),,301042,"Satellite identifier, instrument, data-processing technique, date/time, location",,,,Operational
bufr4/3/10/002/2/303031,10,Category 10 — Vertical sounding sequences (satellite data),310002,(Satellite – low level),,303031,"Significance data, land/sea, skin temperature",,,,Operational
bufr4/3/10/002/3/303032,10,Category 10 — Vertical sounding sequences (satellite data),310002,(Satellite – low level),,303032,Cloud,,,,Operational
bufr4/3/10/002/4/101009,10,Category 10 — Vertical sounding sequences (satellite data),310002,(Satellite – low level),,101009,Replicate 1 descriptor 9 times,,,,Operational
bufr4/3/10/002/5/303023,10,Category 10 — Vertical sounding sequences (satellite data),310002,(Satellite – low level),,303023,Layer mean temperature,,,,Operational
bufr4/3/10/003/1/301042,10,Category 10 — Vertical sounding sequences (satellite data),310003,(Satellite – high level),,301042,"Satellite identifier, instrument, data-processing technique, date/time, location",,,,Operational
bufr4/3/10/003/2/303031,10,Category 10 — Vertical sounding sequences (satellite data),310003,(Satellite – high level),,303031,"Significance data, land/sea, skin temperature",,,,Operational
bufr4/3/10/003/3/303032,10,Category 10 — Vertical sounding sequences (satellite data),310003,(Satellite – high level),,303032,Cloud,,,,Operational
bufr4/3/10/003/4/101006,10,Category 10 — Vertical sounding sequences (satellite data),310003,(Satellite – high level),,101006,Replicate 1 descriptor 6 times,,,,Operational
bufr4/3/10/003/5/303023,10,Category 10 — Vertical sounding sequences (satellite data),310003,(Satellite – high level),,303023,Layer mean temperature,,,,Operational
bufr4/3/10/004/1/301042,10,Category 10 — Vertical sounding sequences (satellite data),310004,(Satellite – precipitable water),,301042,"Satellite identifier, instrument, data-processing technique, date/time, location",,,,Operational
bufr4/3/10/004/2/303031,10,Category 10 — Vertical sounding sequences (satellite data),310004,(Satellite – precipitable water),,303031,"Significance data, land/sea, skin temperature",,,,Operational
bufr4/3/10/004/3/303032,10,Category 10 — Vertical sounding sequences (satellite data),310004,(Satellite – precipitable water),,303032,Cloud,,,,Operational
bufr4/3/10/004/4/101003,10,Category 10 — Vertical sounding sequences (satellite data),310004,(Satellite – precipitable water),,101003,Replicate 1 descriptor 3 times,,,,Operational
bufr4/3/10/004/5/303024,10,Category 10 — Vertical sounding sequences (satellite data),310004,(Satellite – precipitable water),,303024,Precipitable water,,,,Operational
bufr4/3/10/005/1/301042,10,Category 10 — Vertical sounding sequences (satellite data),310005,,,301042,"Satellite identifier, instrument, data-processing technique, date/time, location",,,,Operational
bufr4/3/10/005/2/303031,10,Category 10 — Vertical sounding sequences (satellite data),310005,,,303031,"Significance data, land/sea, skin temperature",,,,Operational
bufr4/3/10/005/3/303033,10,Category 10 — Vertical sounding sequences (satellite data),310005,,,303033,Cloud,,,,Operational
bufr4/3/10/005/4/101000,10,Category 10 — Vertical sounding sequences (satellite data),310005,,,101000,Delayed replication of 1 descriptor,,,,Operational
bufr4/3/10/005/5/031001,10,Category 10 — Vertical sounding sequences (satellite data),310005,,,031001,Delayed descriptor replication factor,,,,Operational
bufr4/3/10/005/6/303025,10,Category 10 — Vertical sounding sequences (satellite data),310005,,,303025,Satellite channel and brightness temperature,,,,Operational
bufr4/3/10/006/1/301042,10,Category 10 — Vertical sounding sequences (satellite data),310006,,,301042,"Satellite identifier, instrument, data-processing technique, date/time, location",,,,Operational
bufr4/3/10/006/2/303031,10,Category 10 — Vertical sounding sequences (satellite data),310006,,,303031,"Significance data, land/sea, skin temperature",,,,Operational
bufr4/3/10/006/3/303033,10,Category 10 — Vertical sounding sequences (satellite data),310006,,,303033,Cloud I.2 – BUFR Table D/10 — 1,,,,Operational
bufr4/3/10/006/4/101000,10,Category 10 — Vertical sounding sequences (satellite data),310006,,,101000,Delayed replication of 1 descriptor,,,,Operational
bufr4/3/10/006/5/031001,10,Category 10 — Vertical sounding sequences (satellite data),310006,,,031001,Delayed descriptor replication factor,,,,Operational
bufr4/3/10/006/6/303023,10,Category 10 — Vertical sounding sequences (satellite data),310006,,,303023,Layer mean temperature,,,,Operational
bufr4/3/10/007/1/301042,10,Category 10 — Vertical sounding sequences (satellite data),310007,,,301042,"Satellite identifier, instrument, data-processing technique, date/time, location",,,,Operational
bufr4/3/10/007/2/303031,10,Category 10 — Vertical sounding sequences (satellite data),310007,,,303031,"Significance data, land/sea, skin temperature",,,,Operational
bufr4/3/10/007/3/303033,10,Category 10 — Vertical sounding sequences (satellite data),310007,,,303033,Cloud,,,,Operational
bufr4/3/10/007/4/101000,10,Category 10 — Vertical sounding sequences (satellite data),310007,,,101000,Delayed replication of 1 descriptor,,,,Operational
bufr4/3/10/007/5/031001,10,Category 10 — Vertical sounding sequences (satellite data),310007,,,031001,Delayed descriptor replication factor,,,,Operational
bufr4/3/10/007/6/303024,10,Category 10 — Vertical sounding sequences (satellite data),310007,,,303024,Precipitable water,,,,Operational
bufr4/3/10/008/1/310011,10,Category 10 — Vertical sounding sequences (satellite data),310008,(ATOVS HIRS report),,310011,ATOVS field of view variables,,,,Operational
bufr4/3/10/008/2/101019,10,Category 10 — Vertical sounding sequences (satellite data),310008,(ATOVS HIRS report),,101019,Replicate 1 descriptor 19 times,,,,Operational
bufr4/3/10/008/3/310012,10,Category 10 — Vertical sounding sequences (satellite data),310008,(ATOVS HIRS report),,310012,ATOVS channel variables,,,,Operational
bufr4/3/10/008/4/002150,10,Category 10 — Vertical sounding sequences (satellite data),310008,(ATOVS HIRS report),,002150,TOVS/ATOVS/AVHRR instrumentation channel number,,,,Operational
bufr4/3/10/008/5/025079,10,Category 10 — Vertical sounding sequences (satellite data),310008,(ATOVS HIRS report),,025079,Albedo-radiance solar filtered irradiance for ATOVS,,,,Operational
bufr4/3/10/008/6/025080,10,Category 10 — Vertical sounding sequences (satellite data),310008,(ATOVS HIRS report),,025080,Albedo-radiance equivalent filter width for ATOVS,,,,Operational
bufr4/3/10/008/7/033032,10,Category 10 — Vertical sounding sequences (satellite data),310008,(ATOVS HIRS report),,033032,Channel quality flags for ATOVS,,,,Operational
bufr4/3/10/008/8/014045,10,Category 10 — Vertical sounding sequences (satellite data),310008,(ATOVS HIRS report),,014045,Channel radiance,,,,Operational
bufr4/3/10/009/1/310011,10,Category 10 — Vertical sounding sequences (satellite data),310009,(ATOVS AMSU-A report),,310011,ATOVS field of view variables,,,,Operational
bufr4/3/10/009/2/101015,10,Category 10 — Vertical sounding sequences (satellite data),310009,(ATOVS AMSU-A report),,101015,Replicate 1 descriptor 15 times,,,,Operational
bufr4/3/10/009/3/310012,10,Category 10 — Vertical sounding sequences (satellite data),310009,(ATOVS AMSU-A report),,310012,ATOVS channel variables,,,,Operational
bufr4/3/10/010/1/310011,10,Category 10 — Vertical sounding sequences (satellite data),310010,(ATOVS AMSU-B/MHS report),,310011,ATOVS field of view variables,,,,Operational
bufr4/3/10/010/2/101005,10,Category 10 — Vertical sounding sequences (satellite data),310010,(ATOVS AMSU-B/MHS report),,101005,Replicate 1 descriptor 5 times,,,,Operational
bufr4/3/10/010/3/310012,10,Category 10 — Vertical sounding sequences (satellite data),310010,(ATOVS AMSU-B/MHS report),,310012,ATOVS channel variables,,,,Operational
bufr4/3/10/011/1/008070,10,Category 10 — Vertical sounding sequences (satellite data),310011,(ATOVS field of view variables),,008070,Vertical sounding product qualifier,,,,Operational
bufr4/3/10/011/2/001033,10,Category 10 — Vertical sounding sequences (satellite data),310011,(ATOVS field of view variables),,001033,Identification of originating/generating centre,,,,Operational
bufr4/3/10/011/3/001034,10,Category 10 — Vertical sounding sequences (satellite data),310011,(ATOVS field of view variables),,001034,Identification of originating/generating sub-centre,,,,Operational
bufr4/3/10/011/4/008070,10,Category 10 — Vertical sounding sequences (satellite data),310011,(ATOVS field of view variables),,008070,Vertical sounding product qualifier,,,,Operational
bufr4/3/10/011/5/001033,10,Category 10 — Vertical sounding sequences (satellite data),310011,(ATOVS field of view variables),,001033,Identification of originating/generating centre,,,,Operational
bufr4/3/10/011/6/001034,10,Category 10 — Vertical sounding sequences (satellite data),310011,(ATOVS field of view variables),,001034,Identification of originating/generating sub-centre,,,,Operational
bufr4/3/10/011/7/001007,10,Category 10 — Vertical sounding sequences (satellite data),310011,(ATOVS field of view variables),,001007,Satellite identifier,,,,Operational
bufr4/3/10/011/8/002048,10,Category 10 — Vertical sounding sequences (satellite data),310011,(ATOVS field of view variables),,002048,Satellite sensor indicator,,,,Operational
bufr4/3/10/011/9/005040,10,Category 10 — Vertical sounding sequences (satellite data),310011,(ATOVS field of view variables),,005040,Orbit number,,,,Operational
bufr4/3/10/011/10/025075,10,Category 10 — Vertical sounding sequences (satellite data),310011,(ATOVS field of view variables),,025075,Satellite antenna corrections version number I.2 – BUFR Table D/10 — 2,,,,Operational
bufr4/3/10/011/11/201133,10,Category 10 — Vertical sounding sequences (satellite data),310011,,,201133,Change data width,,,,Operational
bufr4/3/10/011/12/005041,10,Category 10 — Vertical sounding sequences (satellite data),310011,,,005041,Scan line number,,,,Operational
bufr4/3/10/011/13/201000,10,Category 10 — Vertical sounding sequences (satellite data),310011,,,201000,Change data width,,,,Operational
bufr4/3/10/011/14/005043,10,Category 10 — Vertical sounding sequences (satellite data),310011,,,005043,Field of view number,,,,Operational
bufr4/3/10/011/15/025070,10,Category 10 — Vertical sounding sequences (satellite data),310011,,,025070,Major frame count,,,,Operational
bufr4/3/10/011/16/033030,10,Category 10 — Vertical sounding sequences (satellite data),310011,,,033030,Scan line status flags for ATOVS,,,,Operational
bufr4/3/10/011/17/033031,10,Category 10 — Vertical sounding sequences (satellite data),310011,,,033031,Scan line quality flags for ATOVS,,,,Operational
bufr4/3/10/011/18/004001,10,Category 10 — Vertical sounding sequences (satellite data),310011,,,004001,Year,,,,Operational
bufr4/3/10/011/19/004002,10,Category 10 — Vertical sounding sequences (satellite data),310011,,,004002,Month,,,,Operational
bufr4/3/10/011/20/004003,10,Category 10 — Vertical sounding sequences (satellite data),310011,,,004003,Day,,,,Operational
bufr4/3/10/011/21/004004,10,Category 10 — Vertical sounding sequences (satellite data),310011,,,004004,Hour,,,,Operational
bufr4/3/10/011/22/004005,10,Category 10 — Vertical sounding sequences (satellite data),310011,,,004005,Minute,,,,Operational
bufr4/3/10/011/23/202131,10,Category 10 — Vertical sounding sequences (satellite data),310011,,,202131,Change scale,,,,Operational
bufr4/3/10/011/24/201138,10,Category 10 — Vertical sounding sequences (satellite data),310011,,,201138,Change data width,,,,Operational
bufr4/3/10/011/25/004006,10,Category 10 — Vertical sounding sequences (satellite data),310011,,,004006,Second,,,,Operational
bufr4/3/10/011/26/201000,10,Category 10 — Vertical sounding sequences (satellite data),310011,,,201000,Change data width,,,,Operational
bufr4/3/10/011/27/202000,10,Category 10 — Vertical sounding sequences (satellite data),310011,,,202000,Change scale,,,,Operational
bufr4/3/10/011/28/005001,10,Category 10 — Vertical sounding sequences (satellite data),310011,,,005001,Latitude (high accuracy),,,,Operational
bufr4/3/10/011/29/006001,10,Category 10 — Vertical sounding sequences (satellite data),310011,,,006001,Longitude (high accuracy),,,,Operational
bufr4/3/10/011/30/202126,10,Category 10 — Vertical sounding sequences (satellite data),310011,,,202126,Change scale,,,,Operational
bufr4/3/10/011/31/007001,10,Category 10 — Vertical sounding sequences (satellite data),310011,,,007001,Height of station,,,,Operational
bufr4/3/10/011/32/202000,10,Category 10 — Vertical sounding sequences (satellite data),310011,,,202000,Change scale,,,,Operational
bufr4/3/10/011/33/007024,10,Category 10 — Vertical sounding sequences (satellite data),310011,,,007024,Satellite zenith angle,,,,Operational
bufr4/3/10/011/34/005021,10,Category 10 — Vertical sounding sequences (satellite data),310011,,,005021,Bearing or azimuth Satellite azimuth,,,,Operational
bufr4/3/10/011/35/007025,10,Category 10 — Vertical sounding sequences (satellite data),310011,,,007025,Solar zenith angle,,,,Operational
bufr4/3/10/011/36/005022,10,Category 10 — Vertical sounding sequences (satellite data),310011,,,005022,Solar azimuth,,,,Operational
bufr4/3/10/011/37/033033,10,Category 10 — Vertical sounding sequences (satellite data),310011,,,033033,Field of view quality flags for ATOVS,,,,Operational
bufr4/3/10/011/38/002151,10,Category 10 — Vertical sounding sequences (satellite data),310011,,,002151,Radiometer identifier,,,,Operational
bufr4/3/10/011/39/012064,10,Category 10 — Vertical sounding sequences (satellite data),310011,,,012064,Instrument temperature,,,,Operational
bufr4/3/10/011/40/002151,10,Category 10 — Vertical sounding sequences (satellite data),310011,,,002151,Radiometer identifier,,,,Operational
bufr4/3/10/011/41/012064,10,Category 10 — Vertical sounding sequences (satellite data),310011,,,012064,Instrument temperature,,,,Operational
bufr4/3/10/011/42/002151,10,Category 10 — Vertical sounding sequences (satellite data),310011,,,002151,Radiometer identifier,,,,Operational
bufr4/3/10/011/43/012064,10,Category 10 — Vertical sounding sequences (satellite data),310011,,,012064,Instrument temperature,,,,Operational
bufr4/3/10/011/44/002151,10,Category 10 — Vertical sounding sequences (satellite data),310011,,,002151,Radiometer identifier,,,,Operational
bufr4/3/10/011/45/012064,10,Category 10 — Vertical sounding sequences (satellite data),310011,,,012064,Instrument temperature,,,,Operational
bufr4/3/10/012/1/002150,10,Category 10 — Vertical sounding sequences (satellite data),310012,(ATOVS channel variables),,002150,TOVS/ATOVS/AVHRR instrumentation channel number,,,,Operational
bufr4/3/10/012/2/025076,10,Category 10 — Vertical sounding sequences (satellite data),310012,(ATOVS channel variables),,025076,Log of (temperature-radiance central wave 10 number) for ATOVS,,,,Operational
bufr4/3/10/012/3/025077,10,Category 10 — Vertical sounding sequences (satellite data),310012,(ATOVS channel variables),,025077,Bandwidth correction coefficient 1,,,,Operational
bufr4/3/10/012/4/025078,10,Category 10 — Vertical sounding sequences (satellite data),310012,(ATOVS channel variables),,025078,Bandwidth correction coefficient 2,,,,Operational
bufr4/3/10/012/5/033032,10,Category 10 — Vertical sounding sequences (satellite data),310012,(ATOVS channel variables),,033032,Channel quality flags for ATOVS,,,,Operational
bufr4/3/10/012/6/201132,10,Category 10 — Vertical sounding sequences (satellite data),310012,(ATOVS channel variables),,201132,Change data width I.2 – BUFR Table D/10 — 3,,,,Operational
bufr4/3/10/012/7/202129,10,Category 10 — Vertical sounding sequences (satellite data),310012,,,202129,Change scale,,,,Operational
bufr4/3/10/012/8/012063,10,Category 10 — Vertical sounding sequences (satellite data),310012,,,012063,Brightness temperature,,,,Operational
bufr4/3/10/012/9/202000,10,Category 10 — Vertical sounding sequences (satellite data),310012,,,202000,Change scale,,,,Operational
bufr4/3/10/012/10/201000,10,Category 10 — Vertical sounding sequences (satellite data),310012,,,201000,Change data width,,,,Operational
bufr4/3/10/013/1/001007,10,Category 10 — Vertical sounding sequences (satellite data),310013,(AVHRR (GAC) report),,001007,Satellite identifier,,,,Operational
bufr4/3/10/013/2/005040,10,Category 10 — Vertical sounding sequences (satellite data),310013,(AVHRR (GAC) report),,005040,Orbit number,,,,Operational
bufr4/3/10/013/3/004001,10,Category 10 — Vertical sounding sequences (satellite data),310013,(AVHRR (GAC) report),,004001,Year,,,,Operational
bufr4/3/10/013/4/004002,10,Category 10 — Vertical sounding sequences (satellite data),310013,(AVHRR (GAC) report),,004002,Month,,,,Operational
bufr4/3/10/013/5/004003,10,Category 10 — Vertical sounding sequences (satellite data),310013,(AVHRR (GAC) report),,004003,Day,,,,Operational
bufr4/3/10/013/6/004004,10,Category 10 — Vertical sounding sequences (satellite data),310013,(AVHRR (GAC) report),,004004,Hour,,,,Operational
bufr4/3/10/013/7/004005,10,Category 10 — Vertical sounding sequences (satellite data),310013,(AVHRR (GAC) report),,004005,Minute,,,,Operational
bufr4/3/10/013/8/004006,10,Category 10 — Vertical sounding sequences (satellite data),310013,(AVHRR (GAC) report),,004006,Second,,,,Operational
bufr4/3/10/013/9/005001,10,Category 10 — Vertical sounding sequences (satellite data),310013,(AVHRR (GAC) report),,005001,Latitude (high accuracy),,,,Operational
bufr4/3/10/013/10/006001,10,Category 10 — Vertical sounding sequences (satellite data),310013,(AVHRR (GAC) report),,006001,Longitude (high accuracy),,,,Operational
bufr4/3/10/013/11/007025,10,Category 10 — Vertical sounding sequences (satellite data),310013,(AVHRR (GAC) report),,007025,Solar zenith angle,,,,Operational
bufr4/3/10/013/12/005043,10,Category 10 — Vertical sounding sequences (satellite data),310013,(AVHRR (GAC) report),,005043,Field of view number,,,,Operational
bufr4/3/10/013/13/025085,10,Category 10 — Vertical sounding sequences (satellite data),310013,(AVHRR (GAC) report),,025085,Fraction of clear pixels in HIRS FOV,,,,Operational
bufr4/3/10/013/14/201131,10,Category 10 — Vertical sounding sequences (satellite data),310013,(AVHRR (GAC) report),,201131,Change data width,,,,Operational
bufr4/3/10/013/15/202129,10,Category 10 — Vertical sounding sequences (satellite data),310013,(AVHRR (GAC) report),,202129,Change scale,,,,Operational
bufr4/3/10/013/16/002150,10,Category 10 — Vertical sounding sequences (satellite data),310013,(AVHRR (GAC) report),,002150,TOVS/ATOVS/AVHRR instrumentation channel number,,,,Operational
bufr4/3/10/013/17/008023,10,Category 10 — Vertical sounding sequences (satellite data),310013,(AVHRR (GAC) report),,008023,First-order statistics,,,,Operational
bufr4/3/10/013/18/008072,10,Category 10 — Vertical sounding sequences (satellite data),310013,(AVHRR (GAC) report),,008072,Pixel(s) type,,,,Operational
bufr4/3/10/013/19/014027,10,Category 10 — Vertical sounding sequences (satellite data),310013,(AVHRR (GAC) report),,014027,Albedo,,,,Operational
bufr4/3/10/013/20/008072,10,Category 10 — Vertical sounding sequences (satellite data),310013,(AVHRR (GAC) report),,008072,Pixel(s) type,,,,Operational
bufr4/3/10/013/21/014027,10,Category 10 — Vertical sounding sequences (satellite data),310013,(AVHRR (GAC) report),,014027,Albedo,,,,Operational
bufr4/3/10/013/22/002150,10,Category 10 — Vertical sounding sequences (satellite data),310013,(AVHRR (GAC) report),,002150,TOVS/ATOVS/AVHRR instrumentation channel number,,,,Operational
bufr4/3/10/013/23/008023,10,Category 10 — Vertical sounding sequences (satellite data),310013,(AVHRR (GAC) report),,008023,First-order statistics,,,,Operational
bufr4/3/10/013/24/008072,10,Category 10 — Vertical sounding sequences (satellite data),310013,(AVHRR (GAC) report),,008072,Pixel(s) type,,,,Operational
bufr4/3/10/013/25/014027,10,Category 10 — Vertical sounding sequences (satellite data),310013,(AVHRR (GAC) report),,014027,Albedo,,,,Operational
bufr4/3/10/013/26/008072,10,Category 10 — Vertical sounding sequences (satellite data),310013,(AVHRR (GAC) report),,008072,Pixel(s) type,,,,Operational
bufr4/3/10/013/27/014027,10,Category 10 — Vertical sounding sequences (satellite data),310013,(AVHRR (GAC) report),,014027,Albedo,,,,Operational
bufr4/3/10/013/28/002150,10,Category 10 — Vertical sounding sequences (satellite data),310013,(AVHRR (GAC) report),,002150,TOVS/ATOVS/AVHRR instrumentation channel number,,,,Operational
bufr4/3/10/013/29/008023,10,Category 10 — Vertical sounding sequences (satellite data),310013,(AVHRR (GAC) report),,008023,First-order statistics,,,,Operational
bufr4/3/10/013/30/008072,10,Category 10 — Vertical sounding sequences (satellite data),310013,(AVHRR (GAC) report),,008072,Pixel(s) type,,,,Operational
bufr4/3/10/013/31/014027,10,Category 10 — Vertical sounding sequences (satellite data),310013,(AVHRR (GAC) report),,014027,Albedo,,,,Operational
bufr4/3/10/013/32/008072,10,Category 10 — Vertical sounding sequences (satellite data),310013,(AVHRR (GAC) report),,008072,Pixel(s) type,,,,Operational
bufr4/3/10/013/33/014027,10,Category 10 — Vertical sounding sequences (satellite data),310013,(AVHRR (GAC) report),,014027,Albedo,,,,Operational
bufr4/3/10/013/34/202000,10,Category 10 — Vertical sounding sequences (satellite data),310013,(AVHRR (GAC) report),,202000,Change scale,,,,Operational
bufr4/3/10/013/35/201000,10,Category 10 — Vertical sounding sequences (satellite data),310013,(AVHRR (GAC) report),,201000,Change data width,,,,Operational
bufr4/3/10/013/36/201132,10,Category 10 — Vertical sounding sequences (satellite data),310013,(AVHRR (GAC) report),,201132,Change data width,,,,Operational
bufr4/3/10/013/37/202129,10,Category 10 — Vertical sounding sequences (satellite data),310013,(AVHRR (GAC) report),,202129,Change scale,,,,Operational
bufr4/3/10/013/38/002150,10,Category 10 — Vertical sounding sequences (satellite data),310013,(AVHRR (GAC) report),,002150,TOVS/ATOVS/AVHRR instrumentation channel number I.2 – BUFR Table D/10 — 4,,,,Operational
bufr4/3/10/013/39/008023,10,Category 10 — Vertical sounding sequences (satellite data),310013,,,008023,First-order statistics,,,,Operational
bufr4/3/10/013/40/008072,10,Category 10 — Vertical sounding sequences (satellite data),310013,,,008072,Pixel(s) type,,,,Operational
bufr4/3/10/013/41/012063,10,Category 10 — Vertical sounding sequences (satellite data),310013,,,012063,Brightness temperature,,,,Operational
bufr4/3/10/013/42/008072,10,Category 10 — Vertical sounding sequences (satellite data),310013,,,008072,Pixel(s) type,,,,Operational
bufr4/3/10/013/43/012063,10,Category 10 — Vertical sounding sequences (satellite data),310013,,,012063,Brightness temperature,,,,Operational
bufr4/3/10/013/44/002150,10,Category 10 — Vertical sounding sequences (satellite data),310013,,,002150,TOVS/ATOVS/AVHRR instrumentation channel number,,,,Operational
bufr4/3/10/013/45/008023,10,Category 10 — Vertical sounding sequences (satellite data),310013,,,008023,First-order statistics,,,,Operational
bufr4/3/10/013/46/008072,10,Category 10 — Vertical sounding sequences (satellite data),310013,,,008072,Pixel(s) type,,,,Operational
bufr4/3/10/013/47/012063,10,Category 10 — Vertical sounding sequences (satellite data),310013,,,012063,Brightness temperature,,,,Operational
bufr4/3/10/013/48/008072,10,Category 10 — Vertical sounding sequences (satellite data),310013,,,008072,Pixel(s) type,,,,Operational
bufr4/3/10/013/49/012063,10,Category 10 — Vertical sounding sequences (satellite data),310013,,,012063,Brightness temperature,,,,Operational
bufr4/3/10/013/50/008023,10,Category 10 — Vertical sounding sequences (satellite data),310013,,,008023,First-order statistics,,,,Operational
bufr4/3/10/013/51/008072,10,Category 10 — Vertical sounding sequences (satellite data),310013,,,008072,Pixel(s) type,,,,Operational
bufr4/3/10/013/52/012063,10,Category 10 — Vertical sounding sequences (satellite data),310013,,,012063,Brightness temperature,,,,Operational
bufr4/3/10/013/53/008072,10,Category 10 — Vertical sounding sequences (satellite data),310013,,,008072,Pixel(s) type,,,,Operational
bufr4/3/10/013/54/012063,10,Category 10 — Vertical sounding sequences (satellite data),310013,,,012063,Brightness temperature,,,,Operational
bufr4/3/10/013/55/002150,10,Category 10 — Vertical sounding sequences (satellite data),310013,,,002150,TOVS/ATOVS/AVHRR instrumentation channel number,,,,Operational
bufr4/3/10/013/56/008023,10,Category 10 — Vertical sounding sequences (satellite data),310013,,,008023,First-order statistics,,,,Operational
bufr4/3/10/013/57/008072,10,Category 10 — Vertical sounding sequences (satellite data),310013,,,008072,Pixel(s) type,,,,Operational
bufr4/3/10/013/58/012063,10,Category 10 — Vertical sounding sequences (satellite data),310013,,,012063,Brightness temperature,,,,Operational
bufr4/3/10/013/59/008072,10,Category 10 — Vertical sounding sequences (satellite data),310013,,,008072,Pixel(s) type,,,,Operational
bufr4/3/10/013/60/012063,10,Category 10 — Vertical sounding sequences (satellite data),310013,,,012063,Brightness temperature,,,,Operational
bufr4/3/10/013/61/202000,10,Category 10 — Vertical sounding sequences (satellite data),310013,,,202000,Change scale,,,,Operational
bufr4/3/10/013/62/201000,10,Category 10 — Vertical sounding sequences (satellite data),310013,,,201000,Change data width,,,,Operational
bufr4/3/10/014/1/301072,10,Category 10 — Vertical sounding sequences (satellite data),310014,(Satellite – geostationary wind data),,301072,"Satellite identification Satellite identification, date/time, latitude/longitude",,,,Operational
bufr4/3/10/014/2/303041,10,Category 10 — Vertical sounding sequences (satellite data),310014,(Satellite – geostationary wind data),,303041,Wind sequence,,,,Operational
bufr4/3/10/014/3/304011,10,Category 10 — Vertical sounding sequences (satellite data),310014,(Satellite – geostationary wind data),,304011,GOES-I/M info,,,,Operational
bufr4/3/10/015/1/301072,10,Category 10 — Vertical sounding sequences (satellite data),310015,(Meteosat radiance data),,301072,Satellite identification,,,,Operational
bufr4/3/10/015/2/007024,10,Category 10 — Vertical sounding sequences (satellite data),310015,(Meteosat radiance data),,007024,Satellite zenith angle,,,,Operational
bufr4/3/10/015/3/010002,10,Category 10 — Vertical sounding sequences (satellite data),310015,(Meteosat radiance data),,010002,Height,,,,Operational
bufr4/3/10/015/4/303041,10,Category 10 — Vertical sounding sequences (satellite data),310015,(Meteosat radiance data),,303041,Wind sequence,,,,Operational
bufr4/3/10/015/5/101003,10,Category 10 — Vertical sounding sequences (satellite data),310015,(Meteosat radiance data),,101003,Replicate 1 descriptor 3 times,,,,Operational
bufr4/3/10/015/6/304032,10,Category 10 — Vertical sounding sequences (satellite data),310015,(Meteosat radiance data),,304032,Cloud fraction,,,,Operational
bufr4/3/10/015/7/002152,10,Category 10 — Vertical sounding sequences (satellite data),310015,(Meteosat radiance data),,002152,Satellite instrument used in data processing,,,,Operational
bufr4/3/10/015/8/002024,10,Category 10 — Vertical sounding sequences (satellite data),310015,(Meteosat radiance data),,002024,Integrated mean humidity computational method,,,,Operational
bufr4/3/10/015/9/007004,10,Category 10 — Vertical sounding sequences (satellite data),310015,(Meteosat radiance data),,007004,Pressure I.2 – BUFR Table D/10 — 5,,,,Operational
bufr4/3/10/015/10/007004,10,Category 10 — Vertical sounding sequences (satellite data),310015,,,007004,Pressure,,,,Operational
bufr4/3/10/015/11/013003,10,Category 10 — Vertical sounding sequences (satellite data),310015,,,013003,Relative humidity,,,,Operational
bufr4/3/10/015/12/101003,10,Category 10 — Vertical sounding sequences (satellite data),310015,,,101003,Replicate 1 descriptor 3 times,,,,Operational
bufr4/3/10/015/13/304033,10,Category 10 — Vertical sounding sequences (satellite data),310015,,,304033,Clear sky radiance,,,,Operational
bufr4/3/10/016/1/301072,10,Category 10 — Vertical sounding sequences (satellite data),310016,(Meteosat Second Generation (MSG) radiance data),,301072,Satellite identification,,,,Operational
bufr4/3/10/016/2/007024,10,Category 10 — Vertical sounding sequences (satellite data),310016,(Meteosat Second Generation (MSG) radiance data),,007024,Satellite zenith angle,,,,Operational
bufr4/3/10/016/3/010002,10,Category 10 — Vertical sounding sequences (satellite data),310016,(Meteosat Second Generation (MSG) radiance data),,010002,Height,,,,Operational
bufr4/3/10/016/4/303041,10,Category 10 — Vertical sounding sequences (satellite data),310016,(Meteosat Second Generation (MSG) radiance data),,303041,Wind sequence,,,,Operational
bufr4/3/10/016/5/101012,10,Category 10 — Vertical sounding sequences (satellite data),310016,(Meteosat Second Generation (MSG) radiance data),,101012,Replicate 1 descriptor 12 times,,,,Operational
bufr4/3/10/016/6/304032,10,Category 10 — Vertical sounding sequences (satellite data),310016,(Meteosat Second Generation (MSG) radiance data),,304032,Cloud fraction,,,,Operational
bufr4/3/10/016/7/002152,10,Category 10 — Vertical sounding sequences (satellite data),310016,(Meteosat Second Generation (MSG) radiance data),,002152,Satellite instrument used in data processing,,,,Operational
bufr4/3/10/016/8/002024,10,Category 10 — Vertical sounding sequences (satellite data),310016,(Meteosat Second Generation (MSG) radiance data),,002024,Integrated mean humidity computational method,,,,Operational
bufr4/3/10/016/9/007004,10,Category 10 — Vertical sounding sequences (satellite data),310016,(Meteosat Second Generation (MSG) radiance data),,007004,Pressure,,,,Operational
bufr4/3/10/016/10/007004,10,Category 10 — Vertical sounding sequences (satellite data),310016,(Meteosat Second Generation (MSG) radiance data),,007004,Pressure,,,,Operational
bufr4/3/10/016/11/013003,10,Category 10 — Vertical sounding sequences (satellite data),310016,(Meteosat Second Generation (MSG) radiance data),,013003,Relative humidity,,,,Operational
bufr4/3/10/016/12/101012,10,Category 10 — Vertical sounding sequences (satellite data),310016,(Meteosat Second Generation (MSG) radiance data),,101012,Replicate 1 descriptor 12 times,,,,Operational
bufr4/3/10/016/13/304033,10,Category 10 — Vertical sounding sequences (satellite data),310016,(Meteosat Second Generation (MSG) radiance data),,304033,Clear sky radiance,,,,Operational
bufr4/3/10/018/1/001007,10,Category 10 — Vertical sounding sequences (satellite data),310018,(Ozone data),,001007,Satellite identifier,,,,Operational
bufr4/3/10/018/2/005040,10,Category 10 — Vertical sounding sequences (satellite data),310018,(Ozone data),,005040,Orbit number,,,,Operational
bufr4/3/10/018/3/004001,10,Category 10 — Vertical sounding sequences (satellite data),310018,(Ozone data),,004001,Year,,,,Operational
bufr4/3/10/018/4/004043,10,Category 10 — Vertical sounding sequences (satellite data),310018,(Ozone data),,004043,Day of the year,,,,Operational
bufr4/3/10/018/5/004004,10,Category 10 — Vertical sounding sequences (satellite data),310018,(Ozone data),,004004,Hour,,,,Operational
bufr4/3/10/018/6/004005,10,Category 10 — Vertical sounding sequences (satellite data),310018,(Ozone data),,004005,Minute,,,,Operational
bufr4/3/10/018/7/004006,10,Category 10 — Vertical sounding sequences (satellite data),310018,(Ozone data),,004006,Second,,,,Operational
bufr4/3/10/018/8/207002,10,Category 10 — Vertical sounding sequences (satellite data),310018,(Ozone data),,207002,"Increase scale, reference value and data width",,,,Operational
bufr4/3/10/018/9/026030,10,Category 10 — Vertical sounding sequences (satellite data),310018,(Ozone data),,026030,Measurement integration time,,,,Operational
bufr4/3/10/018/10/207000,10,Category 10 — Vertical sounding sequences (satellite data),310018,(Ozone data),,207000,"Increase scale, reference value and data Cancel width",,,,Operational
bufr4/3/10/018/11/005002,10,Category 10 — Vertical sounding sequences (satellite data),310018,(Ozone data),,005002,Latitude (coarse accuracy),,,,Operational
bufr4/3/10/018/12/006002,10,Category 10 — Vertical sounding sequences (satellite data),310018,(Ozone data),,006002,Longitude (coarse accuracy),,,,Operational
bufr4/3/10/018/13/033072,10,Category 10 — Vertical sounding sequences (satellite data),310018,(Ozone data),,033072,Ozone error,,,,Operational
bufr4/3/10/018/14/007025,10,Category 10 — Vertical sounding sequences (satellite data),310018,(Ozone data),,007025,Solar zenith angle,,,,Operational
bufr4/3/10/018/15/005022,10,Category 10 — Vertical sounding sequences (satellite data),310018,(Ozone data),,005022,Solar azimuth,,,,Operational
bufr4/3/10/018/16/207002,10,Category 10 — Vertical sounding sequences (satellite data),310018,(Ozone data),,207002,"Increase scale, reference value and data width",,,,Operational
bufr4/3/10/018/17/015001,10,Category 10 — Vertical sounding sequences (satellite data),310018,(Ozone data),,015001,Total ozone,,,,Operational
bufr4/3/10/018/18/207000,10,Category 10 — Vertical sounding sequences (satellite data),310018,(Ozone data),,207000,"Increase scale, reference value and data Cancel width",,,,Operational
bufr4/3/10/018/19/008003,10,Category 10 — Vertical sounding sequences (satellite data),310018,(Ozone data),,008003,Vertical significance (satellite observations) = 0 Surface,,,,Operational
bufr4/3/10/018/20/207001,10,Category 10 — Vertical sounding sequences (satellite data),310018,(Ozone data),,207001,"Increase scale, reference value and data width I.2 – BUFR Table D/10 — 6",,,,Operational
bufr4/3/10/018/21/010004,10,Category 10 — Vertical sounding sequences (satellite data),310018,,,010004,Pressure Terrain,,,,Operational
bufr4/3/10/018/22/207000,10,Category 10 — Vertical sounding sequences (satellite data),310018,,,207000,"Increase scale, reference value and data Cancel width",,,,Operational
bufr4/3/10/018/23/008003,10,Category 10 — Vertical sounding sequences (satellite data),310018,,,008003,Vertical significance (satellite observations) Set to missing,,,,Operational
bufr4/3/10/018/24/008003,10,Category 10 — Vertical sounding sequences (satellite data),310018,,,008003,Vertical significance (satellite observations) = 2 Cloud top,,,,Operational
bufr4/3/10/018/25/033042,10,Category 10 — Vertical sounding sequences (satellite data),310018,,,033042,Type of limit represented by following value = 0 Exclusive lower limit,,,,Operational
bufr4/3/10/018/26/207001,10,Category 10 — Vertical sounding sequences (satellite data),310018,,,207001,"Increase scale, reference value and data width",,,,Operational
bufr4/3/10/018/27/007004,10,Category 10 — Vertical sounding sequences (satellite data),310018,,,007004,Pressure,,,,Operational
bufr4/3/10/018/28/207000,10,Category 10 — Vertical sounding sequences (satellite data),310018,,,207000,"Increase scale, reference value and data Cancel width",,,,Operational
bufr4/3/10/018/29/207002,10,Category 10 — Vertical sounding sequences (satellite data),310018,,,207002,"Increase scale, reference value and data width",,,,Operational
bufr4/3/10/018/30/015001,10,Category 10 — Vertical sounding sequences (satellite data),310018,,,015001,Total ozone Below cloud top pressure,,,,Operational
bufr4/3/10/018/31/207000,10,Category 10 — Vertical sounding sequences (satellite data),310018,,,207000,"Increase scale, reference value and data Cancel width",,,,Operational
bufr4/3/10/018/32/008003,10,Category 10 — Vertical sounding sequences (satellite data),310018,,,008003,Vertical significance (satellite observations) Set to missing (cancel),,,,Operational
bufr4/3/10/018/33/207002,10,Category 10 — Vertical sounding sequences (satellite data),310018,,,207002,"Increase scale, reference value and data width",,,,Operational
bufr4/3/10/018/34/020081,10,Category 10 — Vertical sounding sequences (satellite data),310018,,,020081,Cloud amount in segment Cloud fraction,,,,Operational
bufr4/3/10/018/35/207000,10,Category 10 — Vertical sounding sequences (satellite data),310018,,,207000,"Increase scale, reference value and data Cancel width",,,,Operational
bufr4/3/10/018/36/020065,10,Category 10 — Vertical sounding sequences (satellite data),310018,,,020065,Snow cover,,,,Operational
bufr4/3/10/018/37/008029,10,Category 10 — Vertical sounding sequences (satellite data),310018,,,008029,Surface type,,,,Operational
bufr4/3/10/018/38/207004,10,Category 10 — Vertical sounding sequences (satellite data),310018,,,207004,"Increase scale, reference value and data width",,,,Operational
bufr4/3/10/018/39/015030,10,Category 10 — Vertical sounding sequences (satellite data),310018,,,015030,Aerosol contamination index,,,,Operational
bufr4/3/10/018/40/207000,10,Category 10 — Vertical sounding sequences (satellite data),310018,,,207000,"Increase scale, reference value and data Cancel width",,,,Operational
bufr4/3/10/018/41/008075,10,Category 10 — Vertical sounding sequences (satellite data),310018,,,008075,Ascending/descending orbit qualifier (Ozone data),,,,Operational
bufr4/3/10/019/1/001007,10,Category 10 — Vertical sounding sequences (satellite data),310019,(cancel),,001007,Satellite identifier,,,,Operational
bufr4/3/10/019/2/002019,10,Category 10 — Vertical sounding sequences (satellite data),310019,(cancel),,002019,Satellite instruments = 624 SBUV/2,,,,Operational
bufr4/3/10/019/3/301011,10,Category 10 — Vertical sounding sequences (satellite data),310019,(cancel),,301011,"Year, month, day",,,,Operational
bufr4/3/10/019/4/301013,10,Category 10 — Vertical sounding sequences (satellite data),310019,(cancel),,301013,"Hour, minute, second",,,,Operational
bufr4/3/10/019/5/301023,10,Category 10 — Vertical sounding sequences (satellite data),310019,(cancel),,301023,Latitude/longitude (coarse accuracy),,,,Operational
bufr4/3/10/019/6/007025,10,Category 10 — Vertical sounding sequences (satellite data),310019,(cancel),,007025,Solar zenith angle,,,,Operational
bufr4/3/10/019/7/008021,10,Category 10 — Vertical sounding sequences (satellite data),310019,(cancel),,008021,Time significance = 28 Start of scan,,,,Operational
bufr4/3/10/019/8/007025,10,Category 10 — Vertical sounding sequences (satellite data),310019,(cancel),,007025,Solar zenith angle,,,,Operational
bufr4/3/10/019/9/008021,10,Category 10 — Vertical sounding sequences (satellite data),310019,(cancel),,008021,Time significance = 29 End of scan,,,,Operational
bufr4/3/10/019/10/007025,10,Category 10 — Vertical sounding sequences (satellite data),310019,(cancel),,007025,Solar zenith angle,,,,Operational
bufr4/3/10/019/11/008021,10,Category 10 — Vertical sounding sequences (satellite data),310019,(cancel),,008021,Time significance Set to missing (cancel),,,,Operational
bufr4/3/10/019/12/008029,10,Category 10 — Vertical sounding sequences (satellite data),310019,(cancel),,008029,Surface type,,,,Operational
bufr4/3/10/019/13/005040,10,Category 10 — Vertical sounding sequences (satellite data),310019,(cancel),,005040,Orbit number I.2 – BUFR Table D/10 — 7,,,,Operational
bufr4/3/10/019/14/008075,10,Category 10 — Vertical sounding sequences (satellite data),310019,,,008075,Ascending/descending orbit qualifier,,,,Operational
bufr4/3/10/019/15/008003,10,Category 10 — Vertical sounding sequences (satellite data),310019,,,008003,Vertical significance (satellite observations) = 0 Surface,,,,Operational
bufr4/3/10/019/16/010004,10,Category 10 — Vertical sounding sequences (satellite data),310019,,,010004,Pressure = Terrain,,,,Operational
bufr4/3/10/019/17/008003,10,Category 10 — Vertical sounding sequences (satellite data),310019,,,008003,Vertical significance (satellite observations) Set to missing (cancel),,,,Operational
bufr4/3/10/019/18/207002,10,Category 10 — Vertical sounding sequences (satellite data),310019,,,207002,"Increase scale, reference value and data width",,,,Operational
bufr4/3/10/019/19/015001,10,Category 10 — Vertical sounding sequences (satellite data),310019,,,015001,Total ozone,,,,Operational
bufr4/3/10/019/20/207000,10,Category 10 — Vertical sounding sequences (satellite data),310019,,,207000,"Increase scale, reference value and data Cancel width",,,,Operational
bufr4/3/10/019/21/033070,10,Category 10 — Vertical sounding sequences (satellite data),310019,,,033070,Total ozone quality,,,,Operational
bufr4/3/10/019/22/015030,10,Category 10 — Vertical sounding sequences (satellite data),310019,,,015030,Aerosol contamination index,,,,Operational
bufr4/3/10/019/23/207002,10,Category 10 — Vertical sounding sequences (satellite data),310019,,,207002,"Increase scale, reference value and data width",,,,Operational
bufr4/3/10/019/24/020081,10,Category 10 — Vertical sounding sequences (satellite data),310019,,,020081,Cloud amount in segment Cloud fraction,,,,Operational
bufr4/3/10/019/25/207000,10,Category 10 — Vertical sounding sequences (satellite data),310019,,,207000,"Increase scale, reference value and data Cancel width",,,,Operational
bufr4/3/10/019/26/008003,10,Category 10 — Vertical sounding sequences (satellite data),310019,,,008003,Vertical significance (satellite observations) = 2 Cloud top,,,,Operational
bufr4/3/10/019/27/033042,10,Category 10 — Vertical sounding sequences (satellite data),310019,,,033042,Type of limit represented by following value = 0 Exclusive lower limit,,,,Operational
bufr4/3/10/019/28/007004,10,Category 10 — Vertical sounding sequences (satellite data),310019,,,007004,Pressure,,,,Operational
bufr4/3/10/019/29/207002,10,Category 10 — Vertical sounding sequences (satellite data),310019,,,207002,"Increase scale, reference value and data width",,,,Operational
bufr4/3/10/019/30/015001,10,Category 10 — Vertical sounding sequences (satellite data),310019,,,015001,Total ozone Below cloud top pressure,,,,Operational
bufr4/3/10/019/31/207000,10,Category 10 — Vertical sounding sequences (satellite data),310019,,,207000,"Increase scale, reference value and data Cancel width",,,,Operational
bufr4/3/10/019/32/008003,10,Category 10 — Vertical sounding sequences (satellite data),310019,,,008003,Vertical significance (satellite observations) Set to missing (cancel),,,,Operational
bufr4/3/10/019/33/113021,10,Category 10 — Vertical sounding sequences (satellite data),310019,,,113021,Replicate 13 descriptors 21 times,,,,Operational
bufr4/3/10/019/34/007004,10,Category 10 — Vertical sounding sequences (satellite data),310019,,,007004,Pressure Bottom of layer,,,,Operational
bufr4/3/10/019/35/007004,10,Category 10 — Vertical sounding sequences (satellite data),310019,,,007004,Pressure Top of layer,,,,Operational
bufr4/3/10/019/36/207002,10,Category 10 — Vertical sounding sequences (satellite data),310019,,,207002,"Increase scale, reference value and data width",,,,Operational
bufr4/3/10/019/37/008021,10,Category 10 — Vertical sounding sequences (satellite data),310019,,,008021,Time significance = 27 First guess,,,,Operational
bufr4/3/10/019/38/015005,10,Category 10 — Vertical sounding sequences (satellite data),310019,,,015005,Ozone p,,,,Operational
bufr4/3/10/019/39/008021,10,Category 10 — Vertical sounding sequences (satellite data),310019,,,008021,Time significance Set to missing (cancel),,,,Operational
bufr4/3/10/019/40/015005,10,Category 10 — Vertical sounding sequences (satellite data),310019,,,015005,Ozone p,,,,Operational
bufr4/3/10/019/41/033007,10,Category 10 — Vertical sounding sequences (satellite data),310019,,,033007,Per cent confidence,,,,Operational
bufr4/3/10/019/42/207000,10,Category 10 — Vertical sounding sequences (satellite data),310019,,,207000,"Increase scale, reference value and data Cancel width",,,,Operational
bufr4/3/10/019/43/008026,10,Category 10 — Vertical sounding sequences (satellite data),310019,,,008026,Matrix significance = 0 Row of averaging kernel matrix,,,,Operational
bufr4/3/10/019/44/101020,10,Category 10 — Vertical sounding sequences (satellite data),310019,,,101020,Replicate 1 descriptor 20 times,,,,Operational
bufr4/3/10/019/45/025143,10,Category 10 — Vertical sounding sequences (satellite data),310019,,,025143,Linear coefficient,,,,Operational
bufr4/3/10/019/46/008026,10,Category 10 — Vertical sounding sequences (satellite data),310019,,,008026,Matrix significance Set to missing (cancel) I.2 – BUFR Table D/10 — 8,,,,Operational
bufr4/3/10/019/47/008043,10,Category 10 — Vertical sounding sequences (satellite data),310019,,,008043,Atmospheric chemical or physical constituent = 0 Ozone type,,,,Operational
bufr4/3/10/019/48/109015,10,Category 10 — Vertical sounding sequences (satellite data),310019,,,109015,Replicate 9 descriptors 15 times,,,,Operational
bufr4/3/10/019/49/007004,10,Category 10 — Vertical sounding sequences (satellite data),310019,,,007004,Pressure,,,,Operational
bufr4/3/10/019/50/008090,10,Category 10 — Vertical sounding sequences (satellite data),310019,,,008090,Decimal scale of following significands,,,,Operational
bufr4/3/10/019/51/207006,10,Category 10 — Vertical sounding sequences (satellite data),310019,,,207006,"Increase scale, reference value and data width",,,,Operational
bufr4/3/10/019/52/015008,10,Category 10 — Vertical sounding sequences (satellite data),310019,,,015008,Significand of volumetric mixing ratio,,,,Operational
bufr4/3/10/019/53/207000,10,Category 10 — Vertical sounding sequences (satellite data),310019,,,207000,"Increase scale, reference value and data Cancel width",,,,Operational
bufr4/3/10/019/54/008090,10,Category 10 — Vertical sounding sequences (satellite data),310019,,,008090,Decimal scale of following significands Set to missing,,,,Operational
bufr4/3/10/019/55/207002,10,Category 10 — Vertical sounding sequences (satellite data),310019,,,207002,"Increase scale, reference value and data width",,,,Operational
bufr4/3/10/019/56/033007,10,Category 10 — Vertical sounding sequences (satellite data),310019,,,033007,Per cent confidence,,,,Operational
bufr4/3/10/019/57/207000,10,Category 10 — Vertical sounding sequences (satellite data),310019,,,207000,"Increase scale, reference value and data Cancel width",,,,Operational
bufr4/3/10/019/58/008043,10,Category 10 — Vertical sounding sequences (satellite data),310019,,,008043,Atmospheric chemical or physical constituent Set to missing type (cancel),,,,Operational
bufr4/3/10/019/59/033071,10,Category 10 — Vertical sounding sequences (satellite data),310019,,,033071,Profile ozone quality,,,,Operational
bufr4/3/10/019/60/108008,10,Category 10 — Vertical sounding sequences (satellite data),310019,,,108008,Replicate 8 descriptors 8 times,,,,Operational
bufr4/3/10/019/61/202124,10,Category 10 — Vertical sounding sequences (satellite data),310019,,,202124,Change scale,,,,Operational
bufr4/3/10/019/62/201107,10,Category 10 — Vertical sounding sequences (satellite data),310019,,,201107,Change data width,,,,Operational
bufr4/3/10/019/63/002071,10,Category 10 — Vertical sounding sequences (satellite data),310019,,,002071,Spectrographic wavelength,,,,Operational
bufr4/3/10/019/64/201000,10,Category 10 — Vertical sounding sequences (satellite data),310019,,,201000,Change data width Cancel,,,,Operational
bufr4/3/10/019/65/202000,10,Category 10 — Vertical sounding sequences (satellite data),310019,,,202000,Change scale Cancel,,,,Operational
bufr4/3/10/019/66/207002,10,Category 10 — Vertical sounding sequences (satellite data),310019,,,207002,"Increase scale, reference value and data width",,,,Operational
bufr4/3/10/019/67/020081,10,Category 10 — Vertical sounding sequences (satellite data),310019,,,020081,Cloud amount in segment Cloud fraction,,,,Operational
bufr4/3/10/019/68/207000,10,Category 10 — Vertical sounding sequences (satellite data),310019,,,207000,"Increase scale, reference value and data Cancel width (Retrieved ozone data)",,,,Operational
bufr4/3/10/020/1/310022,10,Category 10 — Vertical sounding sequences (satellite data),310020,(cancel),,310022,"Satellite identifier, instrument and product type",,,,Operational
bufr4/3/10/020/2/301011,10,Category 10 — Vertical sounding sequences (satellite data),310020,(cancel),,301011,"Year, month, day",,,,Operational
bufr4/3/10/020/3/301013,10,Category 10 — Vertical sounding sequences (satellite data),310020,(cancel),,301013,"Hour, minute, second",,,,Operational
bufr4/3/10/020/4/301021,10,Category 10 — Vertical sounding sequences (satellite data),310020,(cancel),,301021,Latitude/longitude (high accuracy),,,,Operational
bufr4/3/10/020/5/304034,10,Category 10 — Vertical sounding sequences (satellite data),310020,(cancel),,304034,"Latitude/longitude, solar elevation, number of layers",,,,Operational
bufr4/3/10/020/6/310021,10,Category 10 — Vertical sounding sequences (satellite data),310020,(cancel),,310021,"Integrated ozone density, height of defined layer",,,,Operational
bufr4/3/10/021/1/108000,10,Category 10 — Vertical sounding sequences (satellite data),310021,"(Integrated ozone density, height of defined layer)",,108000,Delayed replication of 8 descriptors,,,,Operational
bufr4/3/10/021/2/031001,10,Category 10 — Vertical sounding sequences (satellite data),310021,"(Integrated ozone density, height of defined layer)",,031001,Delayed descriptor replication factor,,,,Operational
bufr4/3/10/021/3/201131,10,Category 10 — Vertical sounding sequences (satellite data),310021,"(Integrated ozone density, height of defined layer)",,201131,Change data width,,,,Operational
bufr4/3/10/021/4/202129,10,Category 10 — Vertical sounding sequences (satellite data),310021,"(Integrated ozone density, height of defined layer)",,202129,Change scale,,,,Operational
bufr4/3/10/021/5/007004,10,Category 10 — Vertical sounding sequences (satellite data),310021,"(Integrated ozone density, height of defined layer)",,007004,Pressure I.2 – BUFR Table D/10 — 9,,,,Operational
bufr4/3/10/021/6/007004,10,Category 10 — Vertical sounding sequences (satellite data),310021,,,007004,Pressure,,,,Operational
bufr4/3/10/021/7/202000,10,Category 10 — Vertical sounding sequences (satellite data),310021,,,202000,Change scale Cancel,,,,Operational
bufr4/3/10/021/8/201000,10,Category 10 — Vertical sounding sequences (satellite data),310021,,,201000,Change data width Cancel,,,,Operational
bufr4/3/10/021/9/015020,10,Category 10 — Vertical sounding sequences (satellite data),310021,,,015020,Integrated ozone density,,,,Operational
bufr4/3/10/021/10/010002,10,Category 10 — Vertical sounding sequences (satellite data),310021,,,010002,Height,,,,Operational
bufr4/3/10/022/1/001007,10,Category 10 — Vertical sounding sequences (satellite data),310022,"(Satellite identifier, instrument and product type)",,001007,Satellite identifier,,,,Operational
bufr4/3/10/022/2/002019,10,Category 10 — Vertical sounding sequences (satellite data),310022,"(Satellite identifier, instrument and product type)",,002019,Satellite instruments,,,,Operational
bufr4/3/10/022/3/001033,10,Category 10 — Vertical sounding sequences (satellite data),310022,"(Satellite identifier, instrument and product type)",,001033,Identification of originating/generating centre,,,,Operational
bufr4/3/10/022/4/002172,10,Category 10 — Vertical sounding sequences (satellite data),310022,"(Satellite identifier, instrument and product type)",,002172,Product type for retrieved atmospheric gases,,,,Operational
bufr4/3/10/023/1/301072,10,Category 10 — Vertical sounding sequences (satellite data),310023,(Geostationary multi-channel satellite radiance data),,301072,Satellite identification,,,,Operational
bufr4/3/10/023/2/030021,10,Category 10 — Vertical sounding sequences (satellite data),310023,(Geostationary multi-channel satellite radiance data),,030021,Number of pixels per row,,,,Operational
bufr4/3/10/023/3/030022,10,Category 10 — Vertical sounding sequences (satellite data),310023,(Geostationary multi-channel satellite radiance data),,030022,Number of pixels per column,,,,Operational
bufr4/3/10/023/4/008012,10,Category 10 — Vertical sounding sequences (satellite data),310023,(Geostationary multi-channel satellite radiance data),,008012,Land/sea qualifier,,,,Operational
bufr4/3/10/023/5/007024,10,Category 10 — Vertical sounding sequences (satellite data),310023,(Geostationary multi-channel satellite radiance data),,007024,Satellite zenith angle,,,,Operational
bufr4/3/10/023/6/007025,10,Category 10 — Vertical sounding sequences (satellite data),310023,(Geostationary multi-channel satellite radiance data),,007025,Solar zenith angle,,,,Operational
bufr4/3/10/023/7/010002,10,Category 10 — Vertical sounding sequences (satellite data),310023,(Geostationary multi-channel satellite radiance data),,010002,Height,,,,Operational
bufr4/3/10/023/8/101012,10,Category 10 — Vertical sounding sequences (satellite data),310023,(Geostationary multi-channel satellite radiance data),,101012,Replicate 1 descriptor 12 times,,,,Operational
bufr4/3/10/023/9/304032,10,Category 10 — Vertical sounding sequences (satellite data),310023,(Geostationary multi-channel satellite radiance data),,304032,Cloud fraction,,,,Operational
bufr4/3/10/023/10/105002,10,Category 10 — Vertical sounding sequences (satellite data),310023,(Geostationary multi-channel satellite radiance data),,105002,Replicate 5 descriptors 2 times,,,,Operational
bufr4/3/10/023/11/002152,10,Category 10 — Vertical sounding sequences (satellite data),310023,(Geostationary multi-channel satellite radiance data),,002152,Satellite instrument used in data processing,,,,Operational
bufr4/3/10/023/12/002024,10,Category 10 — Vertical sounding sequences (satellite data),310023,(Geostationary multi-channel satellite radiance data),,002024,Integrated mean humidity computational method,,,,Operational
bufr4/3/10/023/13/007004,10,Category 10 — Vertical sounding sequences (satellite data),310023,(Geostationary multi-channel satellite radiance data),,007004,Pressure,,,,Operational
bufr4/3/10/023/14/007004,10,Category 10 — Vertical sounding sequences (satellite data),310023,(Geostationary multi-channel satellite radiance data),,007004,Pressure,,,,Operational
bufr4/3/10/023/15/013003,10,Category 10 — Vertical sounding sequences (satellite data),310023,(Geostationary multi-channel satellite radiance data),,013003,Relative humidity,,,,Operational
bufr4/3/10/023/16/101012,10,Category 10 — Vertical sounding sequences (satellite data),310023,(Geostationary multi-channel satellite radiance data),,101012,Replicate 1 descriptor 12 times,,,,Operational
bufr4/3/10/023/17/304033,10,Category 10 — Vertical sounding sequences (satellite data),310023,(Geostationary multi-channel satellite radiance data),,304033,Clear sky radiance,,,,Operational
bufr4/3/10/024/1/301072,10,Category 10 — Vertical sounding sequences (satellite data),310024,(Geostationary three-channel satellite radiance data),,301072,Satellite identification,,,,Operational
bufr4/3/10/024/2/030021,10,Category 10 — Vertical sounding sequences (satellite data),310024,(Geostationary three-channel satellite radiance data),,030021,Number of pixels per row,,,,Operational
bufr4/3/10/024/3/030022,10,Category 10 — Vertical sounding sequences (satellite data),310024,(Geostationary three-channel satellite radiance data),,030022,Number of pixels per column,,,,Operational
bufr4/3/10/024/4/008012,10,Category 10 — Vertical sounding sequences (satellite data),310024,(Geostationary three-channel satellite radiance data),,008012,Land/sea qualifier,,,,Operational
bufr4/3/10/024/5/007024,10,Category 10 — Vertical sounding sequences (satellite data),310024,(Geostationary three-channel satellite radiance data),,007024,Satellite zenith angle,,,,Operational
bufr4/3/10/024/6/007025,10,Category 10 — Vertical sounding sequences (satellite data),310024,(Geostationary three-channel satellite radiance data),,007025,Solar zenith angle,,,,Operational
bufr4/3/10/024/7/010002,10,Category 10 — Vertical sounding sequences (satellite data),310024,(Geostationary three-channel satellite radiance data),,010002,Height,,,,Operational
bufr4/3/10/024/8/101003,10,Category 10 — Vertical sounding sequences (satellite data),310024,(Geostationary three-channel satellite radiance data),,101003,Replicate 1 descriptor 3 times,,,,Operational
bufr4/3/10/024/9/304032,10,Category 10 — Vertical sounding sequences (satellite data),310024,(Geostationary three-channel satellite radiance data),,304032,Cloud fraction,,,,Operational
bufr4/3/10/024/10/105002,10,Category 10 — Vertical sounding sequences (satellite data),310024,(Geostationary three-channel satellite radiance data),,105002,Replicate 5 descriptors 2 times,,,,Operational
bufr4/3/10/024/11/002152,10,Category 10 — Vertical sounding sequences (satellite data),310024,(Geostationary three-channel satellite radiance data),,002152,Satellite instrument used in data processing I.2 – BUFR Table D/10 — 10,,,,Operational
bufr4/3/10/024/12/002024,10,Category 10 — Vertical sounding sequences (satellite data),310024,,,002024,Integrated mean humidity computational method,,,,Operational
bufr4/3/10/024/13/007004,10,Category 10 — Vertical sounding sequences (satellite data),310024,,,007004,Pressure,,,,Operational
bufr4/3/10/024/14/007004,10,Category 10 — Vertical sounding sequences (satellite data),310024,,,007004,Pressure,,,,Operational
bufr4/3/10/024/15/013003,10,Category 10 — Vertical sounding sequences (satellite data),310024,,,013003,Relative humidity,,,,Operational
bufr4/3/10/024/16/101003,10,Category 10 — Vertical sounding sequences (satellite data),310024,,,101003,Replicate 1 descriptor 3 times,,,,Operational
bufr4/3/10/024/17/304033,10,Category 10 — Vertical sounding sequences (satellite data),310024,,,304033,Clear sky radiance,,,,Operational
bufr4/3/10/025/1/001007,10,Category 10 — Vertical sounding sequences (satellite data),310025,(SSMIS temperature data record),,001007,Satellite identifier,,,,Operational
bufr4/3/10/025/2/008021,10,Category 10 — Vertical sounding sequences (satellite data),310025,(SSMIS temperature data record),,008021,Time significance Scan start,,,,Operational
bufr4/3/10/025/3/004001,10,Category 10 — Vertical sounding sequences (satellite data),310025,(SSMIS temperature data record),,004001,Year,,,,Operational
bufr4/3/10/025/4/004002,10,Category 10 — Vertical sounding sequences (satellite data),310025,(SSMIS temperature data record),,004002,Month,,,,Operational
bufr4/3/10/025/5/004003,10,Category 10 — Vertical sounding sequences (satellite data),310025,(SSMIS temperature data record),,004003,Day,,,,Operational
bufr4/3/10/025/6/004004,10,Category 10 — Vertical sounding sequences (satellite data),310025,(SSMIS temperature data record),,004004,Hour,,,,Operational
bufr4/3/10/025/7/004005,10,Category 10 — Vertical sounding sequences (satellite data),310025,(SSMIS temperature data record),,004005,Minute,,,,Operational
bufr4/3/10/025/8/201138,10,Category 10 — Vertical sounding sequences (satellite data),310025,(SSMIS temperature data record),,201138,Change data width,,,,Operational
bufr4/3/10/025/9/202131,10,Category 10 — Vertical sounding sequences (satellite data),310025,(SSMIS temperature data record),,202131,Change scale,,,,Operational
bufr4/3/10/025/10/004006,10,Category 10 — Vertical sounding sequences (satellite data),310025,(SSMIS temperature data record),,004006,Second Milliseconds,,,,Operational
bufr4/3/10/025/11/202000,10,Category 10 — Vertical sounding sequences (satellite data),310025,(SSMIS temperature data record),,202000,Change scale,,,,Operational
bufr4/3/10/025/12/201000,10,Category 10 — Vertical sounding sequences (satellite data),310025,(SSMIS temperature data record),,201000,Change data width,,,,Operational
bufr4/3/10/025/13/201132,10,Category 10 — Vertical sounding sequences (satellite data),310025,(SSMIS temperature data record),,201132,Change data width,,,,Operational
bufr4/3/10/025/14/005041,10,Category 10 — Vertical sounding sequences (satellite data),310025,(SSMIS temperature data record),,005041,Scan line number Scan number,,,,Operational
bufr4/3/10/025/15/201000,10,Category 10 — Vertical sounding sequences (satellite data),310025,(SSMIS temperature data record),,201000,Change data width,,,,Operational
bufr4/3/10/025/16/201129,10,Category 10 — Vertical sounding sequences (satellite data),310025,(SSMIS temperature data record),,201129,Change data width,,,,Operational
bufr4/3/10/025/17/005043,10,Category 10 — Vertical sounding sequences (satellite data),310025,(SSMIS temperature data record),,005043,Field of view number Scene number,,,,Operational
bufr4/3/10/025/18/201000,10,Category 10 — Vertical sounding sequences (satellite data),310025,(SSMIS temperature data record),,201000,Change data width,,,,Operational
bufr4/3/10/025/19/005002,10,Category 10 — Vertical sounding sequences (satellite data),310025,(SSMIS temperature data record),,005002,Latitude (coarse accuracy),,,,Operational
bufr4/3/10/025/20/006002,10,Category 10 — Vertical sounding sequences (satellite data),310025,(SSMIS temperature data record),,006002,Longitude (coarse accuracy),,,,Operational
bufr4/3/10/025/21/013040,10,Category 10 — Vertical sounding sequences (satellite data),310025,(SSMIS temperature data record),,013040,Surface flag,,,,Operational
bufr4/3/10/025/22/020029,10,Category 10 — Vertical sounding sequences (satellite data),310025,(SSMIS temperature data record),,020029,Rain flag,,,,Operational
bufr4/3/10/025/23/104024,10,Category 10 — Vertical sounding sequences (satellite data),310025,(SSMIS temperature data record),,104024,Replicate 4 descriptors 24 times,,,,Operational
bufr4/3/10/025/24/005042,10,Category 10 — Vertical sounding sequences (satellite data),310025,(SSMIS temperature data record),,005042,Channel number,,,,Operational
bufr4/3/10/025/25/012163,10,Category 10 — Vertical sounding sequences (satellite data),310025,(SSMIS temperature data record),,012163,Brightness temperature,,,,Operational
bufr4/3/10/025/26/021083,10,Category 10 — Vertical sounding sequences (satellite data),310025,(SSMIS temperature data record),,021083,Warm target calibration,,,,Operational
bufr4/3/10/025/27/021084,10,Category 10 — Vertical sounding sequences (satellite data),310025,(SSMIS temperature data record),,021084,Cold target calibration,,,,Operational
bufr4/3/10/025/28/115003,10,Category 10 — Vertical sounding sequences (satellite data),310025,(SSMIS temperature data record),,115003,Replicate 15 descriptors 3 times,,,,Operational
bufr4/3/10/025/29/004001,10,Category 10 — Vertical sounding sequences (satellite data),310025,(SSMIS temperature data record),,004001,Year,,,,Operational
bufr4/3/10/025/30/004002,10,Category 10 — Vertical sounding sequences (satellite data),310025,(SSMIS temperature data record),,004002,Month,,,,Operational
bufr4/3/10/025/31/004003,10,Category 10 — Vertical sounding sequences (satellite data),310025,(SSMIS temperature data record),,004003,Day,,,,Operational
bufr4/3/10/025/32/201142,10,Category 10 — Vertical sounding sequences (satellite data),310025,(SSMIS temperature data record),,201142,Change data width,,,,Operational
bufr4/3/10/025/33/202131,10,Category 10 — Vertical sounding sequences (satellite data),310025,(SSMIS temperature data record),,202131,Change scale,,,,Operational
bufr4/3/10/025/34/004026,10,Category 10 — Vertical sounding sequences (satellite data),310025,(SSMIS temperature data record),,004026,Time period or displacement Ephemeris milliseconds,,,,Operational
bufr4/3/10/025/35/202000,10,Category 10 — Vertical sounding sequences (satellite data),310025,(SSMIS temperature data record),,202000,Change scale,,,,Operational
bufr4/3/10/025/36/201000,10,Category 10 — Vertical sounding sequences (satellite data),310025,(SSMIS temperature data record),,201000,Change data width,,,,Operational
bufr4/3/10/025/37/005001,10,Category 10 — Vertical sounding sequences (satellite data),310025,(SSMIS temperature data record),,005001,Latitude (high accuracy) Ephemeris I.2 – BUFR Table D/10 — 11,,,,Operational
bufr4/3/10/025/38/006001,10,Category 10 — Vertical sounding sequences (satellite data),310025,,,006001,Longitude (high accuracy) Ephemeris,,,,Operational
bufr4/3/10/025/39/201138,10,Category 10 — Vertical sounding sequences (satellite data),310025,,,201138,Change data width,,,,Operational
bufr4/3/10/025/40/202129,10,Category 10 — Vertical sounding sequences (satellite data),310025,,,202129,Change scale,,,,Operational
bufr4/3/10/025/41/007001,10,Category 10 — Vertical sounding sequences (satellite data),310025,,,007001,Height of station Ephemeris,,,,Operational
bufr4/3/10/025/42/202000,10,Category 10 — Vertical sounding sequences (satellite data),310025,,,202000,Change scale,,,,Operational
bufr4/3/10/025/43/201000,10,Category 10 — Vertical sounding sequences (satellite data),310025,,,201000,Change data width,,,,Operational
bufr4/3/10/025/44/008021,10,Category 10 — Vertical sounding sequences (satellite data),310025,,,008021,Time significance Orbit start,,,,Operational
bufr4/3/10/025/45/004001,10,Category 10 — Vertical sounding sequences (satellite data),310025,,,004001,Year,,,,Operational
bufr4/3/10/025/46/004002,10,Category 10 — Vertical sounding sequences (satellite data),310025,,,004002,Month,,,,Operational
bufr4/3/10/025/47/004003,10,Category 10 — Vertical sounding sequences (satellite data),310025,,,004003,Day,,,,Operational
bufr4/3/10/025/48/004004,10,Category 10 — Vertical sounding sequences (satellite data),310025,,,004004,Hour,,,,Operational
bufr4/3/10/025/49/004005,10,Category 10 — Vertical sounding sequences (satellite data),310025,,,004005,Minute,,,,Operational
bufr4/3/10/025/50/005040,10,Category 10 — Vertical sounding sequences (satellite data),310025,,,005040,Orbit number,,,,Operational
bufr4/3/10/025/51/101003,10,Category 10 — Vertical sounding sequences (satellite data),310025,,,101003,Replicate 1 descriptor 3 times,,,,Operational
bufr4/3/10/025/52/012070,10,Category 10 — Vertical sounding sequences (satellite data),310025,,,012070,Warm load temperature,,,,Operational
bufr4/3/10/025/53/025054,10,Category 10 — Vertical sounding sequences (satellite data),310025,,,025054,SSMIS subframe ID number,,,,Operational
bufr4/3/10/025/54/101004,10,Category 10 — Vertical sounding sequences (satellite data),310025,,,101004,Replicate 1 descriptor 4 times,,,,Operational
bufr4/3/10/025/55/025055,10,Category 10 — Vertical sounding sequences (satellite data),310025,,,025055,Multiplexer housekeeping,,,,Operational
bufr4/3/10/025/56/008007,10,Category 10 — Vertical sounding sequences (satellite data),310025,,,008007,Dimensional significance Line,,,,Operational
bufr4/3/10/025/57/104028,10,Category 10 — Vertical sounding sequences (satellite data),310025,,,104028,Replicate 4 descriptors 28 times,,,,Operational
bufr4/3/10/025/58/005002,10,Category 10 — Vertical sounding sequences (satellite data),310025,,,005002,Latitude (coarse accuracy),,,,Operational
bufr4/3/10/025/59/006002,10,Category 10 — Vertical sounding sequences (satellite data),310025,,,006002,Longitude (coarse accuracy),,,,Operational
bufr4/3/10/025/60/002111,10,Category 10 — Vertical sounding sequences (satellite data),310025,,,002111,Radar incidence angle Earth angle,,,,Operational
bufr4/3/10/025/61/005021,10,Category 10 — Vertical sounding sequences (satellite data),310025,,,005021,Bearing or azimuth,,,,Operational
bufr4/3/10/026/1/310022,10,Category 10 — Vertical sounding sequences (satellite data),310026,(Satellite radio occultation data),,310022,"Satellite identifier, instrument and product type",,,,Operational
bufr4/3/10/026/2/025060,10,Category 10 — Vertical sounding sequences (satellite data),310026,(Satellite radio occultation data),,025060,Software identification,,,,Operational
bufr4/3/10/026/3/008021,10,Category 10 — Vertical sounding sequences (satellite data),310026,(Satellite radio occultation data),,008021,Time significance = 17 Start of phenomenon,,,,Operational
bufr4/3/10/026/4/301011,10,Category 10 — Vertical sounding sequences (satellite data),310026,(Satellite radio occultation data),,301011,"Year, month, day",,,,Operational
bufr4/3/10/026/5/301012,10,Category 10 — Vertical sounding sequences (satellite data),310026,(Satellite radio occultation data),,301012,"Hour, minute",,,,Operational
bufr4/3/10/026/6/201138,10,Category 10 — Vertical sounding sequences (satellite data),310026,(Satellite radio occultation data),,201138,Change data width 16 bits long,,,,Operational
bufr4/3/10/026/7/202131,10,Category 10 — Vertical sounding sequences (satellite data),310026,(Satellite radio occultation data),,202131,Change scale Scale: 3,,,,Operational
bufr4/3/10/026/8/004006,10,Category 10 — Vertical sounding sequences (satellite data),310026,(Satellite radio occultation data),,004006,Second,,,,Operational
bufr4/3/10/026/9/202000,10,Category 10 — Vertical sounding sequences (satellite data),310026,(Satellite radio occultation data),,202000,Change scale Cancel,,,,Operational
bufr4/3/10/026/10/201000,10,Category 10 — Vertical sounding sequences (satellite data),310026,(Satellite radio occultation data),,201000,Change data width Cancel,,,,Operational
bufr4/3/10/026/11/033039,10,Category 10 — Vertical sounding sequences (satellite data),310026,(Satellite radio occultation data),,033039,Quality flags for radio occultation data,,,,Operational
bufr4/3/10/026/12/033007,10,Category 10 — Vertical sounding sequences (satellite data),310026,(Satellite radio occultation data),,033007,Per cent confidence Whole message,,,,Operational
bufr4/3/10/026/13/304030,10,Category 10 — Vertical sounding sequences (satellite data),310026,(Satellite radio occultation data),,304030,Location of platform,,,,Operational
bufr4/3/10/026/14/304031,10,Category 10 — Vertical sounding sequences (satellite data),310026,(Satellite radio occultation data),,304031,Speed of platform,,,,Operational
bufr4/3/10/026/15/002020,10,Category 10 — Vertical sounding sequences (satellite data),310026,(Satellite radio occultation data),,002020,Satellite classification,,,,Operational
bufr4/3/10/026/16/001050,10,Category 10 — Vertical sounding sequences (satellite data),310026,(Satellite radio occultation data),,001050,Platform transmitter ID number,,,,Operational
bufr4/3/10/026/17/202127,10,Category 10 — Vertical sounding sequences (satellite data),310026,(Satellite radio occultation data),,202127,Change scale Scale: 1,,,,Operational
bufr4/3/10/026/18/304030,10,Category 10 — Vertical sounding sequences (satellite data),310026,(Satellite radio occultation data),,304030,Location of platform,,,,Operational
bufr4/3/10/026/19/202000,10,Category 10 — Vertical sounding sequences (satellite data),310026,(Satellite radio occultation data),,202000,Change scale Cancel I.2 – BUFR Table D/10 — 12,,,,Operational
bufr4/3/10/026/20/304031,10,Category 10 — Vertical sounding sequences (satellite data),310026,,,304031,Speed of platform,,,,Operational
bufr4/3/10/026/21/201133,10,Category 10 — Vertical sounding sequences (satellite data),310026,,,201133,Change data width 18 bits long,,,,Operational
bufr4/3/10/026/22/202131,10,Category 10 — Vertical sounding sequences (satellite data),310026,,,202131,Change scale Scale: 3,,,,Operational
bufr4/3/10/026/23/004016,10,Category 10 — Vertical sounding sequences (satellite data),310026,,,004016,Time increment,,,,Operational
bufr4/3/10/026/24/202000,10,Category 10 — Vertical sounding sequences (satellite data),310026,,,202000,Change scale Cancel,,,,Operational
bufr4/3/10/026/25/201000,10,Category 10 — Vertical sounding sequences (satellite data),310026,,,201000,Change data width Cancel,,,,Operational
bufr4/3/10/026/26/301021,10,Category 10 — Vertical sounding sequences (satellite data),310026,,,301021,Latitude/longitude (high accuracy),,,,Operational
bufr4/3/10/026/27/304030,10,Category 10 — Vertical sounding sequences (satellite data),310026,,,304030,Location of platform,,,,Operational
bufr4/3/10/026/28/010035,10,Category 10 — Vertical sounding sequences (satellite data),310026,,,010035,Earth’s local radius of curvature,,,,Operational
bufr4/3/10/026/29/005021,10,Category 10 — Vertical sounding sequences (satellite data),310026,,,005021,Bearing or azimuth,,,,Operational
bufr4/3/10/026/30/010036,10,Category 10 — Vertical sounding sequences (satellite data),310026,,,010036,Geoid undulation,,,,Operational
bufr4/3/10/026/31/113000,10,Category 10 — Vertical sounding sequences (satellite data),310026,,,113000,Delayed replication of 13 descriptors,,,,Operational
bufr4/3/10/026/32/031002,10,Category 10 — Vertical sounding sequences (satellite data),310026,,,031002,Extended delayed descriptor replication factor,,,,Operational
bufr4/3/10/026/33/301021,10,Category 10 — Vertical sounding sequences (satellite data),310026,,,301021,Latitude/longitude (high accuracy),,,,Operational
bufr4/3/10/026/34/005021,10,Category 10 — Vertical sounding sequences (satellite data),310026,,,005021,Bearing or azimuth,,,,Operational
bufr4/3/10/026/35/108000,10,Category 10 — Vertical sounding sequences (satellite data),310026,,,108000,Delayed replication of 8 descriptors,,,,Operational
bufr4/3/10/026/36/031001,10,Category 10 — Vertical sounding sequences (satellite data),310026,,,031001,Delayed descriptor replication factor,,,,Operational
bufr4/3/10/026/37/002121,10,Category 10 — Vertical sounding sequences (satellite data),310026,,,002121,Mean frequency,,,,Operational
bufr4/3/10/026/38/007040,10,Category 10 — Vertical sounding sequences (satellite data),310026,,,007040,Impact parameter,,,,Operational
bufr4/3/10/026/39/015037,10,Category 10 — Vertical sounding sequences (satellite data),310026,,,015037,Bending angle,,,,Operational
bufr4/3/10/026/40/008023,10,Category 10 — Vertical sounding sequences (satellite data),310026,,,008023,First-order statistics = 13 Root-mean-square,,,,Operational
bufr4/3/10/026/41/201125,10,Category 10 — Vertical sounding sequences (satellite data),310026,,,201125,Change data width 20 bits long,,,,Operational
bufr4/3/10/026/42/015037,10,Category 10 — Vertical sounding sequences (satellite data),310026,,,015037,Bending angle,,,,Operational
bufr4/3/10/026/43/201000,10,Category 10 — Vertical sounding sequences (satellite data),310026,,,201000,Change data width Cancel,,,,Operational
bufr4/3/10/026/44/008023,10,Category 10 — Vertical sounding sequences (satellite data),310026,,,008023,First-order statistics Set to missing,,,,Operational
bufr4/3/10/026/45/033007,10,Category 10 — Vertical sounding sequences (satellite data),310026,,,033007,Per cent confidence All data for current replication,,,,Operational
bufr4/3/10/026/46/108000,10,Category 10 — Vertical sounding sequences (satellite data),310026,,,108000,Delayed replication of 8 descriptors,,,,Operational
bufr4/3/10/026/47/031002,10,Category 10 — Vertical sounding sequences (satellite data),310026,,,031002,Extended delayed descriptor replication factor,,,,Operational
bufr4/3/10/026/48/007007,10,Category 10 — Vertical sounding sequences (satellite data),310026,,,007007,Height,,,,Operational
bufr4/3/10/026/49/015036,10,Category 10 — Vertical sounding sequences (satellite data),310026,,,015036,Atmospheric refractivity,,,,Operational
bufr4/3/10/026/50/008023,10,Category 10 — Vertical sounding sequences (satellite data),310026,,,008023,First-order statistics = 13 Root-mean-square,,,,Operational
bufr4/3/10/026/51/201123,10,Category 10 — Vertical sounding sequences (satellite data),310026,,,201123,Change data width 14 bits long,,,,Operational
bufr4/3/10/026/52/015036,10,Category 10 — Vertical sounding sequences (satellite data),310026,,,015036,Atmospheric refractivity,,,,Operational
bufr4/3/10/026/53/201000,10,Category 10 — Vertical sounding sequences (satellite data),310026,,,201000,Change data width Cancel,,,,Operational
bufr4/3/10/026/54/008023,10,Category 10 — Vertical sounding sequences (satellite data),310026,,,008023,First-order statistics Set to missing,,,,Operational
bufr4/3/10/026/55/033007,10,Category 10 — Vertical sounding sequences (satellite data),310026,,,033007,Per cent confidence All data for current height,,,,Operational
bufr4/3/10/026/56/116000,10,Category 10 — Vertical sounding sequences (satellite data),310026,,,116000,Delayed replication of 16 descriptors,,,,Operational
bufr4/3/10/026/57/031002,10,Category 10 — Vertical sounding sequences (satellite data),310026,,,031002,Extended delayed descriptor replication factor,,,,Operational
bufr4/3/10/026/58/007009,10,Category 10 — Vertical sounding sequences (satellite data),310026,,,007009,Geopotential height,,,,Operational
bufr4/3/10/026/59/010004,10,Category 10 — Vertical sounding sequences (satellite data),310026,,,010004,Pressure,,,,Operational
bufr4/3/10/026/60/012001,10,Category 10 — Vertical sounding sequences (satellite data),310026,,,012001,Temperature/air temperature,,,,Operational
bufr4/3/10/026/61/013001,10,Category 10 — Vertical sounding sequences (satellite data),310026,,,013001,Specific humidity,,,,Operational
bufr4/3/10/026/62/008023,10,Category 10 — Vertical sounding sequences (satellite data),310026,,,008023,First-order statistics = 13 Root-mean-square I.2 – BUFR Table D/10 — 13,,,,Operational
bufr4/3/10/026/63/201120,10,Category 10 — Vertical sounding sequences (satellite data),310026,,,201120,Change data width 6 bits long,,,,Operational
bufr4/3/10/026/64/010004,10,Category 10 — Vertical sounding sequences (satellite data),310026,,,010004,Pressure,,,,Operational
bufr4/3/10/026/65/201000,10,Category 10 — Vertical sounding sequences (satellite data),310026,,,201000,Change data width Cancel,,,,Operational
bufr4/3/10/026/66/201122,10,Category 10 — Vertical sounding sequences (satellite data),310026,,,201122,Change data width 6 bits long,,,,Operational
bufr4/3/10/026/67/012001,10,Category 10 — Vertical sounding sequences (satellite data),310026,,,012001,Temperature/air temperature,,,,Operational
bufr4/3/10/026/68/201000,10,Category 10 — Vertical sounding sequences (satellite data),310026,,,201000,Change data width Cancel,,,,Operational
bufr4/3/10/026/69/201123,10,Category 10 — Vertical sounding sequences (satellite data),310026,,,201123,Change data width 9 bits long,,,,Operational
bufr4/3/10/026/70/013001,10,Category 10 — Vertical sounding sequences (satellite data),310026,,,013001,Specific humidity,,,,Operational
bufr4/3/10/026/71/201000,10,Category 10 — Vertical sounding sequences (satellite data),310026,,,201000,Change data width Cancel,,,,Operational
bufr4/3/10/026/72/008023,10,Category 10 — Vertical sounding sequences (satellite data),310026,,,008023,First-order statistics Set to missing,,,,Operational
bufr4/3/10/026/73/033007,10,Category 10 — Vertical sounding sequences (satellite data),310026,,,033007,Per cent confidence All data for current height,,,,Operational
bufr4/3/10/026/74/008003,10,Category 10 — Vertical sounding sequences (satellite data),310026,,,008003,Vertical significance (satellite observations) = 0 Surface,,,,Operational
bufr4/3/10/026/75/007009,10,Category 10 — Vertical sounding sequences (satellite data),310026,,,007009,Geopotential height,,,,Operational
bufr4/3/10/026/76/010004,10,Category 10 — Vertical sounding sequences (satellite data),310026,,,010004,Pressure,,,,Operational
bufr4/3/10/026/77/008023,10,Category 10 — Vertical sounding sequences (satellite data),310026,,,008023,First-order statistics = 13 Root-mean-square,,,,Operational
bufr4/3/10/026/78/201120,10,Category 10 — Vertical sounding sequences (satellite data),310026,,,201120,Change data width 6 bits long,,,,Operational
bufr4/3/10/026/79/010004,10,Category 10 — Vertical sounding sequences (satellite data),310026,,,010004,Pressure,,,,Operational
bufr4/3/10/026/80/201000,10,Category 10 — Vertical sounding sequences (satellite data),310026,,,201000,Change data width Cancel,,,,Operational
bufr4/3/10/026/81/008023,10,Category 10 — Vertical sounding sequences (satellite data),310026,,,008023,First-order statistics Set to missing,,,,Operational
bufr4/3/10/026/82/033007,10,Category 10 — Vertical sounding sequences (satellite data),310026,,,033007,Per cent confidence Surface data,,,,Operational
bufr4/3/10/027/1/301071,10,Category 10 — Vertical sounding sequences (satellite data),310027,(All sky radiance product main sequence),,301071,Satellite identifier/Generating resolution Product information,,,,Operational
bufr4/3/10/027/2/301011,10,Category 10 — Vertical sounding sequences (satellite data),310027,(All sky radiance product main sequence),,301011,"Year, month, day",,,,Operational
bufr4/3/10/027/3/301013,10,Category 10 — Vertical sounding sequences (satellite data),310027,(All sky radiance product main sequence),,301013,"Hour, minute, second",,,,Operational
bufr4/3/10/027/4/301021,10,Category 10 — Vertical sounding sequences (satellite data),310027,(All sky radiance product main sequence),,301021,Latitude/longitude (high accuracy),,,,Operational
bufr4/3/10/027/5/030021,10,Category 10 — Vertical sounding sequences (satellite data),310027,(All sky radiance product main sequence),,030021,Number of pixels per row,,,,Operational
bufr4/3/10/027/6/030022,10,Category 10 — Vertical sounding sequences (satellite data),310027,(All sky radiance product main sequence),,030022,Number of pixels per column,,,,Operational
bufr4/3/10/027/7/010002,10,Category 10 — Vertical sounding sequences (satellite data),310027,(All sky radiance product main sequence),,010002,Height Orbit height,,,,Operational
bufr4/3/10/027/8/304036,10,Category 10 — Vertical sounding sequences (satellite data),310027,(All sky radiance product main sequence),,304036,Cloud coverage,,,,Operational
bufr4/3/10/027/9/002152,10,Category 10 — Vertical sounding sequences (satellite data),310027,(All sky radiance product main sequence),,002152,Satellite instrument used in data processing,,,,Operational
bufr4/3/10/027/10/002167,10,Category 10 — Vertical sounding sequences (satellite data),310027,(All sky radiance product main sequence),,002167,Radiance computational method,,,,Operational
bufr4/3/10/027/11/101011,10,Category 10 — Vertical sounding sequences (satellite data),310027,(All sky radiance product main sequence),,101011,Replicate 1 descriptor 11 times,,,,Operational
bufr4/3/10/027/12/304035,10,Category 10 — Vertical sounding sequences (satellite data),310027,(All sky radiance product main sequence),,304035,All sky radiance data,,,,Operational
bufr4/3/10/028/1/301071,10,Category 10 — Vertical sounding sequences (satellite data),310028,(All sky radiance product main sequence),,301071,Satellite identifier/Generating resolution Product information,,,,Operational
bufr4/3/10/028/2/301011,10,Category 10 — Vertical sounding sequences (satellite data),310028,(All sky radiance product main sequence),,301011,"Year, month, day",,,,Operational
bufr4/3/10/028/3/301013,10,Category 10 — Vertical sounding sequences (satellite data),310028,(All sky radiance product main sequence),,301013,"Hour, minute, second",,,,Operational
bufr4/3/10/028/4/301021,10,Category 10 — Vertical sounding sequences (satellite data),310028,(All sky radiance product main sequence),,301021,Latitude/longitude (high accuracy),,,,Operational
bufr4/3/10/028/5/030021,10,Category 10 — Vertical sounding sequences (satellite data),310028,(All sky radiance product main sequence),,030021,Number of pixels per row,,,,Operational
bufr4/3/10/028/6/030022,10,Category 10 — Vertical sounding sequences (satellite data),310028,(All sky radiance product main sequence),,030022,Number of pixels per column,,,,Operational
bufr4/3/10/028/7/010002,10,Category 10 — Vertical sounding sequences (satellite data),310028,(All sky radiance product main sequence),,010002,Height Orbit height I.2 – BUFR Table D/10 — 14,,,,Operational
bufr4/3/10/028/8/304036,10,Category 10 — Vertical sounding sequences (satellite data),310028,,,304036,Cloud coverage,,,,Operational
bufr4/3/10/028/9/002152,10,Category 10 — Vertical sounding sequences (satellite data),310028,,,002152,Satellite instrument used in data processing,,,,Operational
bufr4/3/10/028/10/002167,10,Category 10 — Vertical sounding sequences (satellite data),310028,,,002167,Radiance computational method,,,,Operational
bufr4/3/10/028/11/101011,10,Category 10 — Vertical sounding sequences (satellite data),310028,,,101011,Replicate 1 descriptor 11 times,,,,Operational
bufr4/3/10/028/12/304037,10,Category 10 — Vertical sounding sequences (satellite data),310028,,,304037,All sky radiance data,,,,Operational
bufr4/3/10/029/1/110000,10,Category 10 — Vertical sounding sequences (satellite data),310029,"(Layer, ozone, height, temperature and water vapour)",,110000,Delayed replication of 10 descriptors,,,,Operational
bufr4/3/10/029/2/031001,10,Category 10 — Vertical sounding sequences (satellite data),310029,"(Layer, ozone, height, temperature and water vapour)",,031001,Delayed descriptor replication factor,,,,Operational
bufr4/3/10/029/3/201138,10,Category 10 — Vertical sounding sequences (satellite data),310029,"(Layer, ozone, height, temperature and water vapour)",,201138,Change data width,,,,Operational
bufr4/3/10/029/4/202130,10,Category 10 — Vertical sounding sequences (satellite data),310029,"(Layer, ozone, height, temperature and water vapour)",,202130,Change scale,,,,Operational
bufr4/3/10/029/5/007004,10,Category 10 — Vertical sounding sequences (satellite data),310029,"(Layer, ozone, height, temperature and water vapour)",,007004,Pressure,,,,Operational
bufr4/3/10/029/6/007004,10,Category 10 — Vertical sounding sequences (satellite data),310029,"(Layer, ozone, height, temperature and water vapour)",,007004,Pressure,,,,Operational
bufr4/3/10/029/7/202000,10,Category 10 — Vertical sounding sequences (satellite data),310029,"(Layer, ozone, height, temperature and water vapour)",,202000,Change scale Cancel,,,,Operational
bufr4/3/10/029/8/201000,10,Category 10 — Vertical sounding sequences (satellite data),310029,"(Layer, ozone, height, temperature and water vapour)",,201000,Change data width Cancel,,,,Operational
bufr4/3/10/029/9/015020,10,Category 10 — Vertical sounding sequences (satellite data),310029,"(Layer, ozone, height, temperature and water vapour)",,015020,Integrated ozone density,,,,Operational
bufr4/3/10/029/10/010002,10,Category 10 — Vertical sounding sequences (satellite data),310029,"(Layer, ozone, height, temperature and water vapour)",,010002,Height,,,,Operational
bufr4/3/10/029/11/012101,10,Category 10 — Vertical sounding sequences (satellite data),310029,"(Layer, ozone, height, temperature and water vapour)",,012101,Temperature/air temperature,,,,Operational
bufr4/3/10/029/12/013098,10,Category 10 — Vertical sounding sequences (satellite data),310029,"(Layer, ozone, height, temperature and water vapour)",,013098,Integrated water vapour density,,,,Operational
bufr4/3/10/030/1/310022,10,Category 10 — Vertical sounding sequences (satellite data),310030,(MIPAS or GOMOS instruments reporting),,310022,"Satellite identifier, instrument and product type",,,,Operational
bufr4/3/10/030/2/301011,10,Category 10 — Vertical sounding sequences (satellite data),310030,(MIPAS or GOMOS instruments reporting),,301011,"Year, month, day",,,,Operational
bufr4/3/10/030/3/301013,10,Category 10 — Vertical sounding sequences (satellite data),310030,(MIPAS or GOMOS instruments reporting),,301013,"Hour, minute, second",,,,Operational
bufr4/3/10/030/4/301021,10,Category 10 — Vertical sounding sequences (satellite data),310030,(MIPAS or GOMOS instruments reporting),,301021,Latitude/longitude (high accuracy),,,,Operational
bufr4/3/10/030/5/304034,10,Category 10 — Vertical sounding sequences (satellite data),310030,(MIPAS or GOMOS instruments reporting),,304034,"Latitude/longitude, solar elevation, number of layers",,,,Operational
bufr4/3/10/030/6/310029,10,Category 10 — Vertical sounding sequences (satellite data),310030,(MIPAS or GOMOS instruments reporting),,310029,"Layer, ozone, height, temperature and water vapour",,,,Operational
bufr4/3/10/050/1/310051,10,Category 10 — Vertical sounding sequences (satellite data),310050,(Satellite collocated 1C reports with 3 instruments),,310051,Satellite position and instrument temperatures,,,,Operational
bufr4/3/10/050/2/310052,10,Category 10 — Vertical sounding sequences (satellite data),310050,(Satellite collocated 1C reports with 3 instruments),,310052,Satellite instrument type and position AIRS,,,,Operational
bufr4/3/10/050/3/101000,10,Category 10 — Vertical sounding sequences (satellite data),310050,(Satellite collocated 1C reports with 3 instruments),,101000,Delayed replication of 1 descriptor,,,,Operational
bufr4/3/10/050/4/031002,10,Category 10 — Vertical sounding sequences (satellite data),310050,(Satellite collocated 1C reports with 3 instruments),,031002,Extended delayed descriptor replication factor,,,,Operational
bufr4/3/10/050/5/310053,10,Category 10 — Vertical sounding sequences (satellite data),310050,(Satellite collocated 1C reports with 3 instruments),,310053,Satellite channels and brightness AIRS temperatures with expanded channel set,,,,Operational
bufr4/3/10/050/6/101004,10,Category 10 — Vertical sounding sequences (satellite data),310050,(Satellite collocated 1C reports with 3 instruments),,101004,Replicate 1 descriptor 4 times,,,,Operational
bufr4/3/10/050/7/310054,10,Category 10 — Vertical sounding sequences (satellite data),310050,(Satellite collocated 1C reports with 3 instruments),,310054,Satellite visible channels and albedos with expanded channel set,,,,Operational
bufr4/3/10/050/8/020010,10,Category 10 — Vertical sounding sequences (satellite data),310050,(Satellite collocated 1C reports with 3 instruments),,020010,Cloud cover (total),,,,Operational
bufr4/3/10/050/9/310052,10,Category 10 — Vertical sounding sequences (satellite data),310050,(Satellite collocated 1C reports with 3 instruments),,310052,Satellite instrument type and position AMSU-A,,,,Operational
bufr4/3/10/050/10/101015,10,Category 10 — Vertical sounding sequences (satellite data),310050,(Satellite collocated 1C reports with 3 instruments),,101015,Replicate 1 descriptor 15 times I.2 – BUFR Table D/10 — 15,,,,Operational
bufr4/3/10/050/11/310053,10,Category 10 — Vertical sounding sequences (satellite data),310050,,,310053,Satellite channels and brightness AMSU-A temperatures with expanded channel set,,,,Operational
bufr4/3/10/050/12/310052,10,Category 10 — Vertical sounding sequences (satellite data),310050,,,310052,Satellite instrument type and position HSB,,,,Operational
bufr4/3/10/050/13/101005,10,Category 10 — Vertical sounding sequences (satellite data),310050,,,101005,Replicate 1 descriptor 5 times,,,,Operational
bufr4/3/10/050/14/310053,10,Category 10 — Vertical sounding sequences (satellite data),310050,,,310053,Satellite channels and brightness HSB temperatures with expanded channel set,,,,Operational
bufr4/3/10/051/1/001007,10,Category 10 — Vertical sounding sequences (satellite data),310051,(Satellite position and instrument temperatures),,001007,Satellite identifier,,,,Operational
bufr4/3/10/051/2/005040,10,Category 10 — Vertical sounding sequences (satellite data),310051,(Satellite position and instrument temperatures),,005040,Orbit number,,,,Operational
bufr4/3/10/051/3/201133,10,Category 10 — Vertical sounding sequences (satellite data),310051,(Satellite position and instrument temperatures),,201133,Change data width,,,,Operational
bufr4/3/10/051/4/005041,10,Category 10 — Vertical sounding sequences (satellite data),310051,(Satellite position and instrument temperatures),,005041,Scan line number,,,,Operational
bufr4/3/10/051/5/201000,10,Category 10 — Vertical sounding sequences (satellite data),310051,(Satellite position and instrument temperatures),,201000,Change data width Cancel,,,,Operational
bufr4/3/10/051/6/201132,10,Category 10 — Vertical sounding sequences (satellite data),310051,(Satellite position and instrument temperatures),,201132,Change data width,,,,Operational
bufr4/3/10/051/7/025070,10,Category 10 — Vertical sounding sequences (satellite data),310051,(Satellite position and instrument temperatures),,025070,Major frame count,,,,Operational
bufr4/3/10/051/8/201000,10,Category 10 — Vertical sounding sequences (satellite data),310051,(Satellite position and instrument temperatures),,201000,Change data width Cancel,,,,Operational
bufr4/3/10/051/9/202126,10,Category 10 — Vertical sounding sequences (satellite data),310051,(Satellite position and instrument temperatures),,202126,Change scale,,,,Operational
bufr4/3/10/051/10/007001,10,Category 10 — Vertical sounding sequences (satellite data),310051,(Satellite position and instrument temperatures),,007001,Height of station,,,,Operational
bufr4/3/10/051/11/202000,10,Category 10 — Vertical sounding sequences (satellite data),310051,(Satellite position and instrument temperatures),,202000,Change scale Cancel,,,,Operational
bufr4/3/10/051/12/007025,10,Category 10 — Vertical sounding sequences (satellite data),310051,(Satellite position and instrument temperatures),,007025,Solar zenith angle,,,,Operational
bufr4/3/10/051/13/005022,10,Category 10 — Vertical sounding sequences (satellite data),310051,(Satellite position and instrument temperatures),,005022,Solar azimuth,,,,Operational
bufr4/3/10/051/14/102009,10,Category 10 — Vertical sounding sequences (satellite data),310051,(Satellite position and instrument temperatures),,102009,Replicate 2 descriptors 9 times,,,,Operational
bufr4/3/10/051/15/002151,10,Category 10 — Vertical sounding sequences (satellite data),310051,(Satellite position and instrument temperatures),,002151,Radiometer identifier,,,,Operational
bufr4/3/10/051/16/012064,10,Category 10 — Vertical sounding sequences (satellite data),310051,(Satellite position and instrument temperatures),,012064,Instrument temperature,,,,Operational
bufr4/3/10/052/1/002019,10,Category 10 — Vertical sounding sequences (satellite data),310052,(Satellite instrument type and position),,002019,Satellite instruments,,,,Operational
bufr4/3/10/052/2/301011,10,Category 10 — Vertical sounding sequences (satellite data),310052,(Satellite instrument type and position),,301011,"Year, month, day",,,,Operational
bufr4/3/10/052/3/301012,10,Category 10 — Vertical sounding sequences (satellite data),310052,(Satellite instrument type and position),,301012,"Hour, minute",,,,Operational
bufr4/3/10/052/4/202131,10,Category 10 — Vertical sounding sequences (satellite data),310052,(Satellite instrument type and position),,202131,Change scale,,,,Operational
bufr4/3/10/052/5/201138,10,Category 10 — Vertical sounding sequences (satellite data),310052,(Satellite instrument type and position),,201138,Change data width,,,,Operational
bufr4/3/10/052/6/004006,10,Category 10 — Vertical sounding sequences (satellite data),310052,(Satellite instrument type and position),,004006,Second,,,,Operational
bufr4/3/10/052/7/201000,10,Category 10 — Vertical sounding sequences (satellite data),310052,(Satellite instrument type and position),,201000,Change data width Cancel,,,,Operational
bufr4/3/10/052/8/202000,10,Category 10 — Vertical sounding sequences (satellite data),310052,(Satellite instrument type and position),,202000,Change scale Cancel,,,,Operational
bufr4/3/10/052/9/301021,10,Category 10 — Vertical sounding sequences (satellite data),310052,(Satellite instrument type and position),,301021,Latitude/longitude (high accuracy),,,,Operational
bufr4/3/10/052/10/007024,10,Category 10 — Vertical sounding sequences (satellite data),310052,(Satellite instrument type and position),,007024,Satellite zenith angle,,,,Operational
bufr4/3/10/052/11/005021,10,Category 10 — Vertical sounding sequences (satellite data),310052,(Satellite instrument type and position),,005021,Bearing or azimuth,,,,Operational
bufr4/3/10/052/12/005043,10,Category 10 — Vertical sounding sequences (satellite data),310052,(Satellite instrument type and position),,005043,Field of view number,,,,Operational
bufr4/3/10/053/1/201134,10,Category 10 — Vertical sounding sequences (satellite data),310053,(Satellite channels and brightness temperatures with expanded channel set),,201134,Change data width,,,,Operational
bufr4/3/10/053/2/005042,10,Category 10 — Vertical sounding sequences (satellite data),310053,(Satellite channels and brightness temperatures with expanded channel set),,005042,Channel number,,,,Operational
bufr4/3/10/053/3/201000,10,Category 10 — Vertical sounding sequences (satellite data),310053,(Satellite channels and brightness temperatures with expanded channel set),,201000,Change data width Cancel I.2 – BUFR Table D/10 — 16,,,,Operational
bufr4/3/10/053/4/025076,10,Category 10 — Vertical sounding sequences (satellite data),310053,,,025076,Log of (temperature-radiance central wave 10 number) for ATOVS,,,,Operational
bufr4/3/10/053/5/033032,10,Category 10 — Vertical sounding sequences (satellite data),310053,,,033032,Channel quality flags for ATOVS,,,,Operational
bufr4/3/10/053/6/012163,10,Category 10 — Vertical sounding sequences (satellite data),310053,,,012163,Brightness temperature Scale: 2,,,,Operational
bufr4/3/10/054/1/201134,10,Category 10 — Vertical sounding sequences (satellite data),310054,(Satellite visible channels and albedos with expanded channel set),,201134,Change data width,,,,Operational
bufr4/3/10/054/2/005042,10,Category 10 — Vertical sounding sequences (satellite data),310054,(Satellite visible channels and albedos with expanded channel set),,005042,Channel number,,,,Operational
bufr4/3/10/054/3/201000,10,Category 10 — Vertical sounding sequences (satellite data),310054,(Satellite visible channels and albedos with expanded channel set),,201000,Change data width Cancel,,,,Operational
bufr4/3/10/054/4/025076,10,Category 10 — Vertical sounding sequences (satellite data),310054,(Satellite visible channels and albedos with expanded channel set),,025076,Log of (temperature-radiance central wave 10 number) for ATOVS,,,,Operational
bufr4/3/10/054/5/033032,10,Category 10 — Vertical sounding sequences (satellite data),310054,(Satellite visible channels and albedos with expanded channel set),,033032,Channel quality flags for ATOVS,,,,Operational
bufr4/3/10/054/6/201131,10,Category 10 — Vertical sounding sequences (satellite data),310054,(Satellite visible channels and albedos with expanded channel set),,201131,Change data width,,,,Operational
bufr4/3/10/054/7/202129,10,Category 10 — Vertical sounding sequences (satellite data),310054,(Satellite visible channels and albedos with expanded channel set),,202129,Change scale,,,,Operational
bufr4/3/10/054/8/102002,10,Category 10 — Vertical sounding sequences (satellite data),310054,(Satellite visible channels and albedos with expanded channel set),,102002,Replicate 2 descriptors 2 times,,,,Operational
bufr4/3/10/054/9/008023,10,Category 10 — Vertical sounding sequences (satellite data),310054,(Satellite visible channels and albedos with expanded channel set),,008023,First-order statistics,,,,Operational
bufr4/3/10/054/10/014027,10,Category 10 — Vertical sounding sequences (satellite data),310054,(Satellite visible channels and albedos with expanded channel set),,014027,Albedo,,,,Operational
bufr4/3/10/054/11/008023,10,Category 10 — Vertical sounding sequences (satellite data),310054,(Satellite visible channels and albedos with expanded channel set),,008023,First-order statistics,,,,Operational
bufr4/3/10/054/12/202000,10,Category 10 — Vertical sounding sequences (satellite data),310054,(Satellite visible channels and albedos with expanded channel set),,202000,Change scale Cancel,,,,Operational
bufr4/3/10/054/13/201000,10,Category 10 — Vertical sounding sequences (satellite data),310054,(Satellite visible channels and albedos with expanded channel set),,201000,Change data width Cancel,,,,Operational
bufr4/3/10/055/1/310051,10,Category 10 — Vertical sounding sequences (satellite data),310055,(Satellite radiance/channel principal components),,310051,Satellite position and instrument temperatures,,,,Operational
bufr4/3/10/055/2/310052,10,Category 10 — Vertical sounding sequences (satellite data),310055,(Satellite radiance/channel principal components),,310052,Satellite instrument type and position AIRS,,,,Operational
bufr4/3/10/055/3/102020,10,Category 10 — Vertical sounding sequences (satellite data),310055,(Satellite radiance/channel principal components),,102020,Replicate 2 descriptors 20 times,,,,Operational
bufr4/3/10/055/4/025076,10,Category 10 — Vertical sounding sequences (satellite data),310055,(Satellite radiance/channel principal components),,025076,Log of (temperature-radiance central wave 10 number) for ATOVS,,,,Operational
bufr4/3/10/055/5/025052,10,Category 10 — Vertical sounding sequences (satellite data),310055,(Satellite radiance/channel principal components),,025052,Log of principal components normalized fit 10 to data,,,,Operational
bufr4/3/10/055/6/101000,10,Category 10 — Vertical sounding sequences (satellite data),310055,(Satellite radiance/channel principal components),,101000,Delayed replication of 1 descriptor,,,,Operational
bufr4/3/10/055/7/031002,10,Category 10 — Vertical sounding sequences (satellite data),310055,(Satellite radiance/channel principal components),,031002,Extended delayed descriptor replication factor,,,,Operational
bufr4/3/10/055/8/025050,10,Category 10 — Vertical sounding sequences (satellite data),310055,(Satellite radiance/channel principal components),,025050,Principal component score Satellite radiance,,,,Operational
bufr4/3/10/060/1/001007,10,Category 10 — Vertical sounding sequences (satellite data),310060,(CrIS (Cross-Track Infrared Sounder),,001007,Satellite identifier,,,,Operational
bufr4/3/10/060/2/001033,10,Category 10 — Vertical sounding sequences (satellite data),310060,(CrIS (Cross-Track Infrared Sounder),,001033,Identification of originating/generating centre,,,,Operational
bufr4/3/10/060/3/002019,10,Category 10 — Vertical sounding sequences (satellite data),310060,(CrIS (Cross-Track Infrared Sounder),,002019,Satellite instruments,,,,Operational
bufr4/3/10/060/4/002020,10,Category 10 — Vertical sounding sequences (satellite data),310060,(CrIS (Cross-Track Infrared Sounder),,002020,Satellite classification,,,,Operational
bufr4/3/10/060/5/301011,10,Category 10 — Vertical sounding sequences (satellite data),310060,(CrIS (Cross-Track Infrared Sounder),,301011,"Year, month, day",,,,Operational
bufr4/3/10/060/6/301012,10,Category 10 — Vertical sounding sequences (satellite data),310060,(CrIS (Cross-Track Infrared Sounder),,301012,"Hour, minute",,,,Operational
bufr4/3/10/060/7/207003,10,Category 10 — Vertical sounding sequences (satellite data),310060,(CrIS (Cross-Track Infrared Sounder),,207003,"Increase scale, reference value and data width",,,,Operational
bufr4/3/10/060/8/004006,10,Category 10 — Vertical sounding sequences (satellite data),310060,(CrIS (Cross-Track Infrared Sounder),,004006,Second,,,,Operational
bufr4/3/10/060/9/207000,10,Category 10 — Vertical sounding sequences (satellite data),310060,(CrIS (Cross-Track Infrared Sounder),,207000,"Increase scale, reference value and data Cancel width I.2 – BUFR Table D/10 — 17",,,,Operational
bufr4/3/10/060/10/304030,10,Category 10 — Vertical sounding sequences (satellite data),310060,,,304030,Location of platform,,,,Operational
bufr4/3/10/060/11/301021,10,Category 10 — Vertical sounding sequences (satellite data),310060,,,301021,Latitude/longitude (high accuracy),,,,Operational
bufr4/3/10/060/12/007024,10,Category 10 — Vertical sounding sequences (satellite data),310060,,,007024,Satellite zenith angle,,,,Operational
bufr4/3/10/060/13/005021,10,Category 10 — Vertical sounding sequences (satellite data),310060,,,005021,Bearing or azimuth,,,,Operational
bufr4/3/10/060/14/007025,10,Category 10 — Vertical sounding sequences (satellite data),310060,,,007025,Solar zenith angle,,,,Operational
bufr4/3/10/060/15/005022,10,Category 10 — Vertical sounding sequences (satellite data),310060,,,005022,Solar azimuth,,,,Operational
bufr4/3/10/060/16/008075,10,Category 10 — Vertical sounding sequences (satellite data),310060,,,008075,Ascending/descending orbit qualifier,,,,Operational
bufr4/3/10/060/17/201133,10,Category 10 — Vertical sounding sequences (satellite data),310060,,,201133,Change data width Increase bit width,,,,Operational
bufr4/3/10/060/18/005041,10,Category 10 — Vertical sounding sequences (satellite data),310060,,,005041,Scan line number,,,,Operational
bufr4/3/10/060/19/201000,10,Category 10 — Vertical sounding sequences (satellite data),310060,,,201000,Change data width Cancel increase bit width,,,,Operational
bufr4/3/10/060/20/005045,10,Category 10 — Vertical sounding sequences (satellite data),310060,,,005045,Field of regard number,,,,Operational
bufr4/3/10/060/21/005043,10,Category 10 — Vertical sounding sequences (satellite data),310060,,,005043,Field of view number,,,,Operational
bufr4/3/10/060/22/005040,10,Category 10 — Vertical sounding sequences (satellite data),310060,,,005040,Orbit number,,,,Operational
bufr4/3/10/060/23/010001,10,Category 10 — Vertical sounding sequences (satellite data),310060,,,010001,Height of land surface,,,,Operational
bufr4/3/10/060/24/201129,10,Category 10 — Vertical sounding sequences (satellite data),310060,,,201129,Change data width Increase bit width,,,,Operational
bufr4/3/10/060/25/007002,10,Category 10 — Vertical sounding sequences (satellite data),310060,,,007002,Height or altitude,,,,Operational
bufr4/3/10/060/26/201000,10,Category 10 — Vertical sounding sequences (satellite data),310060,,,201000,Change data width Cancel increase bit width,,,,Operational
bufr4/3/10/060/27/202127,10,Category 10 — Vertical sounding sequences (satellite data),310060,,,202127,Change scale Increase scale,,,,Operational
bufr4/3/10/060/28/201125,10,Category 10 — Vertical sounding sequences (satellite data),310060,,,201125,Change data width Increase bit width,,,,Operational
bufr4/3/10/060/29/021166,10,Category 10 — Vertical sounding sequences (satellite data),310060,,,021166,Land fraction,,,,Operational
bufr4/3/10/060/30/201000,10,Category 10 — Vertical sounding sequences (satellite data),310060,,,201000,Change data width Cancel increase bit width,,,,Operational
bufr4/3/10/060/31/202000,10,Category 10 — Vertical sounding sequences (satellite data),310060,,,202000,Change scale Cancel increase scale,,,,Operational
bufr4/3/10/060/32/008012,10,Category 10 — Vertical sounding sequences (satellite data),310060,,,008012,Land/sea qualifier,,,,Operational
bufr4/3/10/060/33/020010,10,Category 10 — Vertical sounding sequences (satellite data),310060,,,020010,Cloud cover (total),,,,Operational
bufr4/3/10/060/34/020014,10,Category 10 — Vertical sounding sequences (satellite data),310060,,,020014,Height of top of cloud,,,,Operational
bufr4/3/10/060/35/002165,10,Category 10 — Vertical sounding sequences (satellite data),310060,,,002165,Radiance type flags,,,,Operational
bufr4/3/10/060/36/033075,10,Category 10 — Vertical sounding sequences (satellite data),310060,,,033075,Scan-level quality flags,,,,Operational
bufr4/3/10/060/37/107003,10,Category 10 — Vertical sounding sequences (satellite data),310060,,,107003,Replicate 7 descriptors 3 times,,,,Operational
bufr4/3/10/060/38/008076,10,Category 10 — Vertical sounding sequences (satellite data),310060,,,008076,Type of band,,,,Operational
bufr4/3/10/060/39/006029,10,Category 10 — Vertical sounding sequences (satellite data),310060,,,006029,Wave number Start of range,,,,Operational
bufr4/3/10/060/40/006029,10,Category 10 — Vertical sounding sequences (satellite data),310060,,,006029,Wave number End of range,,,,Operational
bufr4/3/10/060/41/025140,10,Category 10 — Vertical sounding sequences (satellite data),310060,,,025140,Start channel,,,,Operational
bufr4/3/10/060/42/025141,10,Category 10 — Vertical sounding sequences (satellite data),310060,,,025141,End channel,,,,Operational
bufr4/3/10/060/43/033076,10,Category 10 — Vertical sounding sequences (satellite data),310060,,,033076,Calibration quality flags,,,,Operational
bufr4/3/10/060/44/033077,10,Category 10 — Vertical sounding sequences (satellite data),310060,,,033077,Field-of-view quality flags,,,,Operational
bufr4/3/10/060/45/008076,10,Category 10 — Vertical sounding sequences (satellite data),310060,,,008076,Type of band Set to missing (cancel),,,,Operational
bufr4/3/10/060/46/033078,10,Category 10 — Vertical sounding sequences (satellite data),310060,,,033078,Geolocation quality,,,,Operational
bufr4/3/10/060/47/033003,10,Category 10 — Vertical sounding sequences (satellite data),310060,,,033003,Quality information,,,,Operational
bufr4/3/10/060/48/104000,10,Category 10 — Vertical sounding sequences (satellite data),310060,,,104000,Delayed replication of 4 descriptors,,,,Operational
bufr4/3/10/060/49/031002,10,Category 10 — Vertical sounding sequences (satellite data),310060,,,031002,Extended delayed descriptor replication factor I.2 – BUFR Table D/10 — 18,,,,Operational
bufr4/3/10/060/50/201133,10,Category 10 — Vertical sounding sequences (satellite data),310060,,,201133,Change data width Increase bit width,,,,Operational
bufr4/3/10/060/51/005042,10,Category 10 — Vertical sounding sequences (satellite data),310060,,,005042,Channel number,,,,Operational
bufr4/3/10/060/52/201000,10,Category 10 — Vertical sounding sequences (satellite data),310060,,,201000,Change data width Cancel increase bit width,,,,Operational
bufr4/3/10/060/53/014044,10,Category 10 — Vertical sounding sequences (satellite data),310060,,,014044,Channel radiance,,,,Operational
bufr4/3/10/061/1/001007,10,Category 10 — Vertical sounding sequences (satellite data),310061,(ATMS (Advanced Technology Microwave Sounder) data),,001007,Satellite identifier,,,,Operational
bufr4/3/10/061/2/001033,10,Category 10 — Vertical sounding sequences (satellite data),310061,(ATMS (Advanced Technology Microwave Sounder) data),,001033,Identification of originating/generating centre,,,,Operational
bufr4/3/10/061/3/001034,10,Category 10 — Vertical sounding sequences (satellite data),310061,(ATMS (Advanced Technology Microwave Sounder) data),,001034,Identification of originating/generating sub-centre,,,,Operational
bufr4/3/10/061/4/002019,10,Category 10 — Vertical sounding sequences (satellite data),310061,(ATMS (Advanced Technology Microwave Sounder) data),,002019,Satellite instruments,,,,Operational
bufr4/3/10/061/5/002020,10,Category 10 — Vertical sounding sequences (satellite data),310061,(ATMS (Advanced Technology Microwave Sounder) data),,002020,Satellite classification,,,,Operational
bufr4/3/10/061/6/301011,10,Category 10 — Vertical sounding sequences (satellite data),310061,(ATMS (Advanced Technology Microwave Sounder) data),,301011,"Year, month, day",,,,Operational
bufr4/3/10/061/7/301012,10,Category 10 — Vertical sounding sequences (satellite data),310061,(ATMS (Advanced Technology Microwave Sounder) data),,301012,"Hour, minute",,,,Operational
bufr4/3/10/061/8/207003,10,Category 10 — Vertical sounding sequences (satellite data),310061,(ATMS (Advanced Technology Microwave Sounder) data),,207003,"Increase scale, reference value and data width",,,,Operational
bufr4/3/10/061/9/004006,10,Category 10 — Vertical sounding sequences (satellite data),310061,(ATMS (Advanced Technology Microwave Sounder) data),,004006,Second,,,,Operational
bufr4/3/10/061/10/207000,10,Category 10 — Vertical sounding sequences (satellite data),310061,(ATMS (Advanced Technology Microwave Sounder) data),,207000,"Increase scale, reference value and data Cancel width",,,,Operational
bufr4/3/10/061/11/005040,10,Category 10 — Vertical sounding sequences (satellite data),310061,(ATMS (Advanced Technology Microwave Sounder) data),,005040,Orbit number,,,,Operational
bufr4/3/10/061/12/005041,10,Category 10 — Vertical sounding sequences (satellite data),310061,(ATMS (Advanced Technology Microwave Sounder) data),,005041,Scan line number,,,,Operational
bufr4/3/10/061/13/005043,10,Category 10 — Vertical sounding sequences (satellite data),310061,(ATMS (Advanced Technology Microwave Sounder) data),,005043,Field of view number,,,,Operational
bufr4/3/10/061/14/033079,10,Category 10 — Vertical sounding sequences (satellite data),310061,(ATMS (Advanced Technology Microwave Sounder) data),,033079,Granule level quality flags,,,,Operational
bufr4/3/10/061/15/033080,10,Category 10 — Vertical sounding sequences (satellite data),310061,(ATMS (Advanced Technology Microwave Sounder) data),,033080,Scan level quality flags,,,,Operational
bufr4/3/10/061/16/033078,10,Category 10 — Vertical sounding sequences (satellite data),310061,(ATMS (Advanced Technology Microwave Sounder) data),,033078,Geolocation quality,,,,Operational
bufr4/3/10/061/17/301021,10,Category 10 — Vertical sounding sequences (satellite data),310061,(ATMS (Advanced Technology Microwave Sounder) data),,301021,Latitude/longitude (high accuracy),,,,Operational
bufr4/3/10/061/18/201129,10,Category 10 — Vertical sounding sequences (satellite data),310061,(ATMS (Advanced Technology Microwave Sounder) data),,201129,Change data width Increase bit width,,,,Operational
bufr4/3/10/061/19/007002,10,Category 10 — Vertical sounding sequences (satellite data),310061,(ATMS (Advanced Technology Microwave Sounder) data),,007002,Height or altitude,,,,Operational
bufr4/3/10/061/20/201000,10,Category 10 — Vertical sounding sequences (satellite data),310061,(ATMS (Advanced Technology Microwave Sounder) data),,201000,Change data width Cancel increase bit width,,,,Operational
bufr4/3/10/061/21/007024,10,Category 10 — Vertical sounding sequences (satellite data),310061,(ATMS (Advanced Technology Microwave Sounder) data),,007024,Satellite zenith angle,,,,Operational
bufr4/3/10/061/22/005021,10,Category 10 — Vertical sounding sequences (satellite data),310061,(ATMS (Advanced Technology Microwave Sounder) data),,005021,Bearing or azimuth,,,,Operational
bufr4/3/10/061/23/007025,10,Category 10 — Vertical sounding sequences (satellite data),310061,(ATMS (Advanced Technology Microwave Sounder) data),,007025,Solar zenith angle,,,,Operational
bufr4/3/10/061/24/005022,10,Category 10 — Vertical sounding sequences (satellite data),310061,(ATMS (Advanced Technology Microwave Sounder) data),,005022,Solar azimuth,,,,Operational
bufr4/3/10/061/25/025075,10,Category 10 — Vertical sounding sequences (satellite data),310061,(ATMS (Advanced Technology Microwave Sounder) data),,025075,Satellite antenna corrections version number,,,,Operational
bufr4/3/10/061/26/111000,10,Category 10 — Vertical sounding sequences (satellite data),310061,(ATMS (Advanced Technology Microwave Sounder) data),,111000,Delayed replication of 11 descriptors,,,,Operational
bufr4/3/10/061/27/031002,10,Category 10 — Vertical sounding sequences (satellite data),310061,(ATMS (Advanced Technology Microwave Sounder) data),,031002,Extended delayed descriptor replication factor,,,,Operational
bufr4/3/10/061/28/005042,10,Category 10 — Vertical sounding sequences (satellite data),310061,(ATMS (Advanced Technology Microwave Sounder) data),,005042,Channel number,,,,Operational
bufr4/3/10/061/29/202131,10,Category 10 — Vertical sounding sequences (satellite data),310061,(ATMS (Advanced Technology Microwave Sounder) data),,202131,Change scale Increase scale by 3,,,,Operational
bufr4/3/10/061/30/002153,10,Category 10 — Vertical sounding sequences (satellite data),310061,(ATMS (Advanced Technology Microwave Sounder) data),,002153,Satellite channel centre frequency,,,,Operational
bufr4/3/10/061/31/002154,10,Category 10 — Vertical sounding sequences (satellite data),310061,(ATMS (Advanced Technology Microwave Sounder) data),,002154,Satellite channel band width,,,,Operational
bufr4/3/10/061/32/202000,10,Category 10 — Vertical sounding sequences (satellite data),310061,(ATMS (Advanced Technology Microwave Sounder) data),,202000,Change scale Cancel increase scale,,,,Operational
bufr4/3/10/061/33/002104,10,Category 10 — Vertical sounding sequences (satellite data),310061,(ATMS (Advanced Technology Microwave Sounder) data),,002104,Antenna polarization,,,,Operational
bufr4/3/10/061/34/012066,10,Category 10 — Vertical sounding sequences (satellite data),310061,(ATMS (Advanced Technology Microwave Sounder) data),,012066,Antenna temperature,,,,Operational
bufr4/3/10/061/35/012163,10,Category 10 — Vertical sounding sequences (satellite data),310061,(ATMS (Advanced Technology Microwave Sounder) data),,012163,Brightness temperature I.2 – BUFR Table D/10 — 19,,,,Operational
bufr4/3/10/061/36/012158,10,Category 10 — Vertical sounding sequences (satellite data),310061,,,012158,Noise-equivalent delta temperature while viewing cold target,,,,Operational
bufr4/3/10/061/37/012159,10,Category 10 — Vertical sounding sequences (satellite data),310061,,,012159,Noise-equivalent delta temperature while viewing warm target,,,,Operational
bufr4/3/10/061/38/033081,10,Category 10 — Vertical sounding sequences (satellite data),310061,,,033081,Channel data quality flags,,,,Operational
bufr4/3/10/062/1/001007,10,Category 10 — Vertical sounding sequences (satellite data),310062,(VIIRS (Visible/Infrared Imager Radiometer Suite) data),,001007,Satellite identifier,,,,Operational
bufr4/3/10/062/2/001033,10,Category 10 — Vertical sounding sequences (satellite data),310062,(VIIRS (Visible/Infrared Imager Radiometer Suite) data),,001033,Identification of originating/generating centre,,,,Operational
bufr4/3/10/062/3/001034,10,Category 10 — Vertical sounding sequences (satellite data),310062,(VIIRS (Visible/Infrared Imager Radiometer Suite) data),,001034,Identification of originating/generating sub-centre,,,,Operational
bufr4/3/10/062/4/002019,10,Category 10 — Vertical sounding sequences (satellite data),310062,(VIIRS (Visible/Infrared Imager Radiometer Suite) data),,002019,Satellite instruments,,,,Operational
bufr4/3/10/062/5/002020,10,Category 10 — Vertical sounding sequences (satellite data),310062,(VIIRS (Visible/Infrared Imager Radiometer Suite) data),,002020,Satellite classification,,,,Operational
bufr4/3/10/062/6/301011,10,Category 10 — Vertical sounding sequences (satellite data),310062,(VIIRS (Visible/Infrared Imager Radiometer Suite) data),,301011,"Year, month, day",,,,Operational
bufr4/3/10/062/7/301012,10,Category 10 — Vertical sounding sequences (satellite data),310062,(VIIRS (Visible/Infrared Imager Radiometer Suite) data),,301012,"Hour, minute",,,,Operational
bufr4/3/10/062/8/207003,10,Category 10 — Vertical sounding sequences (satellite data),310062,(VIIRS (Visible/Infrared Imager Radiometer Suite) data),,207003,"Increase scale, reference value and data width",,,,Operational
bufr4/3/10/062/9/004006,10,Category 10 — Vertical sounding sequences (satellite data),310062,(VIIRS (Visible/Infrared Imager Radiometer Suite) data),,004006,Second,,,,Operational
bufr4/3/10/062/10/207000,10,Category 10 — Vertical sounding sequences (satellite data),310062,(VIIRS (Visible/Infrared Imager Radiometer Suite) data),,207000,"Increase scale, reference value and data Cancel width",,,,Operational
bufr4/3/10/062/11/005040,10,Category 10 — Vertical sounding sequences (satellite data),310062,(VIIRS (Visible/Infrared Imager Radiometer Suite) data),,005040,Orbit number,,,,Operational
bufr4/3/10/062/12/201133,10,Category 10 — Vertical sounding sequences (satellite data),310062,(VIIRS (Visible/Infrared Imager Radiometer Suite) data),,201133,Change data width Increase bit width,,,,Operational
bufr4/3/10/062/13/005041,10,Category 10 — Vertical sounding sequences (satellite data),310062,(VIIRS (Visible/Infrared Imager Radiometer Suite) data),,005041,Scan line number,,,,Operational
bufr4/3/10/062/14/005043,10,Category 10 — Vertical sounding sequences (satellite data),310062,(VIIRS (Visible/Infrared Imager Radiometer Suite) data),,005043,Field of view number,,,,Operational
bufr4/3/10/062/15/201000,10,Category 10 — Vertical sounding sequences (satellite data),310062,(VIIRS (Visible/Infrared Imager Radiometer Suite) data),,201000,Change data width Cancel increase bit width,,,,Operational
bufr4/3/10/062/16/008076,10,Category 10 — Vertical sounding sequences (satellite data),310062,(VIIRS (Visible/Infrared Imager Radiometer Suite) data),,008076,Type of band,,,,Operational
bufr4/3/10/062/17/033082,10,Category 10 — Vertical sounding sequences (satellite data),310062,(VIIRS (Visible/Infrared Imager Radiometer Suite) data),,033082,Geolocation quality flags,,,,Operational
bufr4/3/10/062/18/301021,10,Category 10 — Vertical sounding sequences (satellite data),310062,(VIIRS (Visible/Infrared Imager Radiometer Suite) data),,301021,Latitude/longitude (high accuracy),,,,Operational
bufr4/3/10/062/19/201129,10,Category 10 — Vertical sounding sequences (satellite data),310062,(VIIRS (Visible/Infrared Imager Radiometer Suite) data),,201129,Change data width Increase bit width,,,,Operational
bufr4/3/10/062/20/007002,10,Category 10 — Vertical sounding sequences (satellite data),310062,(VIIRS (Visible/Infrared Imager Radiometer Suite) data),,007002,Height or altitude,,,,Operational
bufr4/3/10/062/21/201000,10,Category 10 — Vertical sounding sequences (satellite data),310062,(VIIRS (Visible/Infrared Imager Radiometer Suite) data),,201000,Change data width Cancel increase bit width,,,,Operational
bufr4/3/10/062/22/007024,10,Category 10 — Vertical sounding sequences (satellite data),310062,(VIIRS (Visible/Infrared Imager Radiometer Suite) data),,007024,Satellite zenith angle,,,,Operational
bufr4/3/10/062/23/005021,10,Category 10 — Vertical sounding sequences (satellite data),310062,(VIIRS (Visible/Infrared Imager Radiometer Suite) data),,005021,Bearing or azimuth,,,,Operational
bufr4/3/10/062/24/007025,10,Category 10 — Vertical sounding sequences (satellite data),310062,(VIIRS (Visible/Infrared Imager Radiometer Suite) data),,007025,Solar zenith angle,,,,Operational
bufr4/3/10/062/25/005022,10,Category 10 — Vertical sounding sequences (satellite data),310062,(VIIRS (Visible/Infrared Imager Radiometer Suite) data),,005022,Solar azimuth,,,,Operational
bufr4/3/10/062/26/008072,10,Category 10 — Vertical sounding sequences (satellite data),310062,(VIIRS (Visible/Infrared Imager Radiometer Suite) data),,008072,Pixel(s) type,,,,Operational
bufr4/3/10/062/27/008029,10,Category 10 — Vertical sounding sequences (satellite data),310062,(VIIRS (Visible/Infrared Imager Radiometer Suite) data),,008029,Surface type,,,,Operational
bufr4/3/10/062/28/105000,10,Category 10 — Vertical sounding sequences (satellite data),310062,(VIIRS (Visible/Infrared Imager Radiometer Suite) data),,105000,Delayed replication of 5 descriptors,,,,Operational
bufr4/3/10/062/29/031002,10,Category 10 — Vertical sounding sequences (satellite data),310062,(VIIRS (Visible/Infrared Imager Radiometer Suite) data),,031002,Extended delayed descriptor replication factor,,,,Operational
bufr4/3/10/062/30/005042,10,Category 10 — Vertical sounding sequences (satellite data),310062,(VIIRS (Visible/Infrared Imager Radiometer Suite) data),,005042,Channel number,,,,Operational
bufr4/3/10/062/31/002155,10,Category 10 — Vertical sounding sequences (satellite data),310062,(VIIRS (Visible/Infrared Imager Radiometer Suite) data),,002155,Satellite channel wavelength,,,,Operational
bufr4/3/10/062/32/033083,10,Category 10 — Vertical sounding sequences (satellite data),310062,(VIIRS (Visible/Infrared Imager Radiometer Suite) data),,033083,Radiance data quality flags,,,,Operational
bufr4/3/10/062/33/014043,10,Category 10 — Vertical sounding sequences (satellite data),310062,(VIIRS (Visible/Infrared Imager Radiometer Suite) data),,014043,Channel radiance,,,,Operational
bufr4/3/10/062/34/015042,10,Category 10 — Vertical sounding sequences (satellite data),310062,(VIIRS (Visible/Infrared Imager Radiometer Suite) data),,015042,Reflectance I.2 – BUFR Table D/10 — 20,,,,Operational
bufr4/3/10/063/1/001007,10,Category 10 — Vertical sounding sequences (satellite data),310063,(SST (Sea-surface temperature) data),,001007,Satellite identifier,,,,Operational
bufr4/3/10/063/2/001033,10,Category 10 — Vertical sounding sequences (satellite data),310063,(SST (Sea-surface temperature) data),,001033,Identification of originating/generating centre,,,,Operational
bufr4/3/10/063/3/001034,10,Category 10 — Vertical sounding sequences (satellite data),310063,(SST (Sea-surface temperature) data),,001034,Identification of originating/generating sub-centre,,,,Operational
bufr4/3/10/063/4/002019,10,Category 10 — Vertical sounding sequences (satellite data),310063,(SST (Sea-surface temperature) data),,002019,Satellite instruments,,,,Operational
bufr4/3/10/063/5/002020,10,Category 10 — Vertical sounding sequences (satellite data),310063,(SST (Sea-surface temperature) data),,002020,Satellite classification,,,,Operational
bufr4/3/10/063/6/301011,10,Category 10 — Vertical sounding sequences (satellite data),310063,(SST (Sea-surface temperature) data),,301011,"Year, month, day",,,,Operational
bufr4/3/10/063/7/301012,10,Category 10 — Vertical sounding sequences (satellite data),310063,(SST (Sea-surface temperature) data),,301012,"Hour, minute",,,,Operational
bufr4/3/10/063/8/207003,10,Category 10 — Vertical sounding sequences (satellite data),310063,(SST (Sea-surface temperature) data),,207003,"Increase scale, reference value and data width",,,,Operational
bufr4/3/10/063/9/004006,10,Category 10 — Vertical sounding sequences (satellite data),310063,(SST (Sea-surface temperature) data),,004006,Second,,,,Operational
bufr4/3/10/063/10/207000,10,Category 10 — Vertical sounding sequences (satellite data),310063,(SST (Sea-surface temperature) data),,207000,"Increase scale, reference value and data Cancel width",,,,Operational
bufr4/3/10/063/11/005040,10,Category 10 — Vertical sounding sequences (satellite data),310063,(SST (Sea-surface temperature) data),,005040,Orbit number,,,,Operational
bufr4/3/10/063/12/201133,10,Category 10 — Vertical sounding sequences (satellite data),310063,(SST (Sea-surface temperature) data),,201133,Change data width Increase bit width,,,,Operational
bufr4/3/10/063/13/005041,10,Category 10 — Vertical sounding sequences (satellite data),310063,(SST (Sea-surface temperature) data),,005041,Scan line number,,,,Operational
bufr4/3/10/063/14/005043,10,Category 10 — Vertical sounding sequences (satellite data),310063,(SST (Sea-surface temperature) data),,005043,Field of view number,,,,Operational
bufr4/3/10/063/15/201000,10,Category 10 — Vertical sounding sequences (satellite data),310063,(SST (Sea-surface temperature) data),,201000,Change data width Cancel increase bit width,,,,Operational
bufr4/3/10/063/16/033082,10,Category 10 — Vertical sounding sequences (satellite data),310063,(SST (Sea-surface temperature) data),,033082,Geolocation quality flags,,,,Operational
bufr4/3/10/063/17/301021,10,Category 10 — Vertical sounding sequences (satellite data),310063,(SST (Sea-surface temperature) data),,301021,Latitude/longitude (high accuracy),,,,Operational
bufr4/3/10/063/18/201129,10,Category 10 — Vertical sounding sequences (satellite data),310063,(SST (Sea-surface temperature) data),,201129,Change data width Increase bit width,,,,Operational
bufr4/3/10/063/19/007002,10,Category 10 — Vertical sounding sequences (satellite data),310063,(SST (Sea-surface temperature) data),,007002,Height or altitude,,,,Operational
bufr4/3/10/063/20/201000,10,Category 10 — Vertical sounding sequences (satellite data),310063,(SST (Sea-surface temperature) data),,201000,Change data width Cancel increase bit width,,,,Operational
bufr4/3/10/063/21/007024,10,Category 10 — Vertical sounding sequences (satellite data),310063,(SST (Sea-surface temperature) data),,007024,Satellite zenith angle,,,,Operational
bufr4/3/10/063/22/005021,10,Category 10 — Vertical sounding sequences (satellite data),310063,(SST (Sea-surface temperature) data),,005021,Bearing or azimuth,,,,Operational
bufr4/3/10/063/23/007025,10,Category 10 — Vertical sounding sequences (satellite data),310063,(SST (Sea-surface temperature) data),,007025,Solar zenith angle,,,,Operational
bufr4/3/10/063/24/005022,10,Category 10 — Vertical sounding sequences (satellite data),310063,(SST (Sea-surface temperature) data),,005022,Solar azimuth,,,,Operational
bufr4/3/10/063/25/008075,10,Category 10 — Vertical sounding sequences (satellite data),310063,(SST (Sea-surface temperature) data),,008075,Ascending/descending orbit qualifier,,,,Operational
bufr4/3/10/063/26/008013,10,Category 10 — Vertical sounding sequences (satellite data),310063,(SST (Sea-surface temperature) data),,008013,Day/night qualifier,,,,Operational
bufr4/3/10/063/27/008072,10,Category 10 — Vertical sounding sequences (satellite data),310063,(SST (Sea-surface temperature) data),,008072,Pixel(s) type,,,,Operational
bufr4/3/10/063/28/033084,10,Category 10 — Vertical sounding sequences (satellite data),310063,(SST (Sea-surface temperature) data),,033084,Pixel level quality flags,,,,Operational
bufr4/3/10/063/29/007062,10,Category 10 — Vertical sounding sequences (satellite data),310063,(SST (Sea-surface temperature) data),,007062,Depth below sea/water surface,,,,Operational
bufr4/3/10/063/30/033086,10,Category 10 — Vertical sounding sequences (satellite data),310063,(SST (Sea-surface temperature) data),,033086,Quality of pixel level retrieval,,,,Operational
bufr4/3/10/063/31/022043,10,Category 10 — Vertical sounding sequences (satellite data),310063,(SST (Sea-surface temperature) data),,022043,Sea/water temperature,,,,Operational
bufr4/3/10/063/32/007062,10,Category 10 — Vertical sounding sequences (satellite data),310063,(SST (Sea-surface temperature) data),,007062,Depth below sea/water surface Top of layer,,,,Operational
bufr4/3/10/063/33/007062,10,Category 10 — Vertical sounding sequences (satellite data),310063,(SST (Sea-surface temperature) data),,007062,Depth below sea/water surface Bottom of layer,,,,Operational
bufr4/3/10/063/34/033086,10,Category 10 — Vertical sounding sequences (satellite data),310063,(SST (Sea-surface temperature) data),,033086,Quality of pixel level retrieval,,,,Operational
bufr4/3/10/063/35/022043,10,Category 10 — Vertical sounding sequences (satellite data),310063,(SST (Sea-surface temperature) data),,022043,Sea/water temperature,,,,Operational
bufr4/3/10/064/1/001007,10,Category 10 — Vertical sounding sequences (satellite data),310064,(AOT (Aerosol optical thickness) data),,001007,Satellite identifier,,,,Operational
bufr4/3/10/064/2/001033,10,Category 10 — Vertical sounding sequences (satellite data),310064,(AOT (Aerosol optical thickness) data),,001033,Identification of originating/generating centre,,,,Operational
bufr4/3/10/064/3/001034,10,Category 10 — Vertical sounding sequences (satellite data),310064,(AOT (Aerosol optical thickness) data),,001034,Identification of originating/generating sub-centre I.2 – BUFR Table D/10 — 21,,,,Operational
bufr4/3/10/064/4/002019,10,Category 10 — Vertical sounding sequences (satellite data),310064,,,002019,Satellite instruments,,,,Operational
bufr4/3/10/064/5/002020,10,Category 10 — Vertical sounding sequences (satellite data),310064,,,002020,Satellite classification,,,,Operational
bufr4/3/10/064/6/301011,10,Category 10 — Vertical sounding sequences (satellite data),310064,,,301011,"Year, month, day",,,,Operational
bufr4/3/10/064/7/301012,10,Category 10 — Vertical sounding sequences (satellite data),310064,,,301012,"Hour, minute",,,,Operational
bufr4/3/10/064/8/207003,10,Category 10 — Vertical sounding sequences (satellite data),310064,,,207003,"Increase scale, reference value and data width",,,,Operational
bufr4/3/10/064/9/004006,10,Category 10 — Vertical sounding sequences (satellite data),310064,,,004006,Second,,,,Operational
bufr4/3/10/064/10/207000,10,Category 10 — Vertical sounding sequences (satellite data),310064,,,207000,"Increase scale, reference value and data Cancel width",,,,Operational
bufr4/3/10/064/11/005040,10,Category 10 — Vertical sounding sequences (satellite data),310064,,,005040,Orbit number,,,,Operational
bufr4/3/10/064/12/201133,10,Category 10 — Vertical sounding sequences (satellite data),310064,,,201133,Change data width,,,,Operational
bufr4/3/10/064/13/005041,10,Category 10 — Vertical sounding sequences (satellite data),310064,,,005041,Scan line number,,,,Operational
bufr4/3/10/064/14/005043,10,Category 10 — Vertical sounding sequences (satellite data),310064,,,005043,Field of view number,,,,Operational
bufr4/3/10/064/15/201000,10,Category 10 — Vertical sounding sequences (satellite data),310064,,,201000,Change data width Cancel,,,,Operational
bufr4/3/10/064/16/033082,10,Category 10 — Vertical sounding sequences (satellite data),310064,,,033082,Geolocation quality flags,,,,Operational
bufr4/3/10/064/17/301021,10,Category 10 — Vertical sounding sequences (satellite data),310064,,,301021,Latitude/longitude (high accuracy),,,,Operational
bufr4/3/10/064/18/201129,10,Category 10 — Vertical sounding sequences (satellite data),310064,,,201129,Change data width,,,,Operational
bufr4/3/10/064/19/007002,10,Category 10 — Vertical sounding sequences (satellite data),310064,,,007002,Height or altitude,,,,Operational
bufr4/3/10/064/20/201000,10,Category 10 — Vertical sounding sequences (satellite data),310064,,,201000,Change data width Cancel,,,,Operational
bufr4/3/10/064/21/007024,10,Category 10 — Vertical sounding sequences (satellite data),310064,,,007024,Satellite zenith angle,,,,Operational
bufr4/3/10/064/22/005021,10,Category 10 — Vertical sounding sequences (satellite data),310064,,,005021,Bearing or azimuth,,,,Operational
bufr4/3/10/064/23/007025,10,Category 10 — Vertical sounding sequences (satellite data),310064,,,007025,Solar zenith angle,,,,Operational
bufr4/3/10/064/24/005022,10,Category 10 — Vertical sounding sequences (satellite data),310064,,,005022,Solar azimuth,,,,Operational
bufr4/3/10/064/25/008075,10,Category 10 — Vertical sounding sequences (satellite data),310064,,,008075,Ascending/descending orbit qualifier,,,,Operational
bufr4/3/10/064/26/008029,10,Category 10 — Vertical sounding sequences (satellite data),310064,,,008029,Surface type,,,,Operational
bufr4/3/10/064/27/008046,10,Category 10 — Vertical sounding sequences (satellite data),310064,,,008046,Atmospheric chemical or physical constituent type,,,,Operational
bufr4/3/10/064/28/033085,10,Category 10 — Vertical sounding sequences (satellite data),310064,,,033085,Aerosol optical thickness quality flags,,,,Operational
bufr4/3/10/064/29/033086,10,Category 10 — Vertical sounding sequences (satellite data),310064,,,033086,Quality of pixel level retrieval,,,,Operational
bufr4/3/10/064/30/015049,10,Category 10 — Vertical sounding sequences (satellite data),310064,,,015049,Aerosol Angstrom wavelength exponent,,,,Operational
bufr4/3/10/064/31/033086,10,Category 10 — Vertical sounding sequences (satellite data),310064,,,033086,Quality of pixel level retrieval,,,,Operational
bufr4/3/10/064/32/102011,10,Category 10 — Vertical sounding sequences (satellite data),310064,,,102011,Replicate 2 descriptors 11 times,,,,Operational
bufr4/3/10/064/33/002155,10,Category 10 — Vertical sounding sequences (satellite data),310064,,,002155,Satellite channel wavelength,,,,Operational
bufr4/3/10/064/34/015062,10,Category 10 — Vertical sounding sequences (satellite data),310064,,,015062,Aerosol optical thickness,,,,Operational
bufr4/3/10/065/1/001007,10,Category 10 — Vertical sounding sequences (satellite data),310065,(OMPS (Ozone mapping and profiler suite),,001007,Satellite identifier,,,,Operational
bufr4/3/10/065/2/001033,10,Category 10 — Vertical sounding sequences (satellite data),310065,(OMPS (Ozone mapping and profiler suite),,001033,Identification of originating/generating centre,,,,Operational
bufr4/3/10/065/3/001034,10,Category 10 — Vertical sounding sequences (satellite data),310065,(OMPS (Ozone mapping and profiler suite),,001034,Identification of originating/generating sub-centre,,,,Operational
bufr4/3/10/065/4/002019,10,Category 10 — Vertical sounding sequences (satellite data),310065,(OMPS (Ozone mapping and profiler suite),,002019,Satellite instruments,,,,Operational
bufr4/3/10/065/5/002020,10,Category 10 — Vertical sounding sequences (satellite data),310065,(OMPS (Ozone mapping and profiler suite),,002020,Satellite classification,,,,Operational
bufr4/3/10/065/6/301011,10,Category 10 — Vertical sounding sequences (satellite data),310065,(OMPS (Ozone mapping and profiler suite),,301011,"Year, month, day",,,,Operational
bufr4/3/10/065/7/301012,10,Category 10 — Vertical sounding sequences (satellite data),310065,(OMPS (Ozone mapping and profiler suite),,301012,"Hour, minute I.2 – BUFR Table D/10 — 22",,,,Operational
bufr4/3/10/064/35/207003,10,Category 10 — Vertical sounding sequences (satellite data),310064,,,207003,"Increase scale, reference value and data width",,,,Operational
bufr4/3/10/064/36/004006,10,Category 10 — Vertical sounding sequences (satellite data),310064,,,004006,Second,,,,Operational
bufr4/3/10/064/37/207000,10,Category 10 — Vertical sounding sequences (satellite data),310064,,,207000,"Increase scale, reference value and data Cancel width",,,,Operational
bufr4/3/10/064/38/005040,10,Category 10 — Vertical sounding sequences (satellite data),310064,,,005040,Orbit number,,,,Operational
bufr4/3/10/064/39/033082,10,Category 10 — Vertical sounding sequences (satellite data),310064,,,033082,Geolocation quality flags,,,,Operational
bufr4/3/10/064/40/301021,10,Category 10 — Vertical sounding sequences (satellite data),310064,,,301021,Latitude/longitude (high accuracy),,,,Operational
bufr4/3/10/064/41/201129,10,Category 10 — Vertical sounding sequences (satellite data),310064,,,201129,Change data width,,,,Operational
bufr4/3/10/064/42/007002,10,Category 10 — Vertical sounding sequences (satellite data),310064,,,007002,Height or altitude,,,,Operational
bufr4/3/10/064/43/201000,10,Category 10 — Vertical sounding sequences (satellite data),310064,,,201000,Change data width Cancel,,,,Operational
bufr4/3/10/064/44/007024,10,Category 10 — Vertical sounding sequences (satellite data),310064,,,007024,Satellite zenith angle,,,,Operational
bufr4/3/10/064/45/005021,10,Category 10 — Vertical sounding sequences (satellite data),310064,,,005021,Bearing or azimuth,,,,Operational
bufr4/3/10/064/46/007025,10,Category 10 — Vertical sounding sequences (satellite data),310064,,,007025,Solar zenith angle,,,,Operational
bufr4/3/10/064/47/005022,10,Category 10 — Vertical sounding sequences (satellite data),310064,,,005022,Solar azimuth,,,,Operational
bufr4/3/10/064/48/008075,10,Category 10 — Vertical sounding sequences (satellite data),310064,,,008075,Ascending/descending orbit qualifier,,,,Operational
bufr4/3/10/064/49/033071,10,Category 10 — Vertical sounding sequences (satellite data),310064,,,033071,Profile ozone quality,,,,Operational
bufr4/3/10/064/50/033070,10,Category 10 — Vertical sounding sequences (satellite data),310064,,,033070,Total ozone quality,,,,Operational
bufr4/3/10/064/51/020021,10,Category 10 — Vertical sounding sequences (satellite data),310064,,,020021,Type of precipitation,,,,Operational
bufr4/3/10/064/52/015045,10,Category 10 — Vertical sounding sequences (satellite data),310064,,,015045,Sulphur dioxide,,,,Operational
bufr4/3/10/064/53/015046,10,Category 10 — Vertical sounding sequences (satellite data),310064,,,015046,Volcano contamination index,,,,Operational
bufr4/3/10/064/54/008065,10,Category 10 — Vertical sounding sequences (satellite data),310064,,,008065,Sun-glint indicator,,,,Operational
bufr4/3/10/064/55/033087,10,Category 10 — Vertical sounding sequences (satellite data),310064,,,033087,Extent of satellite within South Atlantic anomaly,,,,Operational
bufr4/3/10/064/56/008003,10,Category 10 — Vertical sounding sequences (satellite data),310064,,,008003,Vertical significance (satellite observations),,,,Operational
bufr4/3/10/064/57/010004,10,Category 10 — Vertical sounding sequences (satellite data),310064,,,010004,Pressure,,,,Operational
bufr4/3/10/064/58/008003,10,Category 10 — Vertical sounding sequences (satellite data),310064,,,008003,Vertical significance (satellite observations),,,,Operational
bufr4/3/10/064/59/207002,10,Category 10 — Vertical sounding sequences (satellite data),310064,,,207002,"Increase scale, reference value and data width",,,,Operational
bufr4/3/10/064/60/015001,10,Category 10 — Vertical sounding sequences (satellite data),310064,,,015001,Total ozone,,,,Operational
bufr4/3/10/064/61/207000,10,Category 10 — Vertical sounding sequences (satellite data),310064,,,207000,"Increase scale, reference value and data Cancel width",,,,Operational
bufr4/3/10/064/62/105012,10,Category 10 — Vertical sounding sequences (satellite data),310064,,,105012,Replicate 5 descriptors 12 times,,,,Operational
bufr4/3/10/064/63/010040,10,Category 10 — Vertical sounding sequences (satellite data),310064,,,010040,Number of retrieved layers,,,,Operational
bufr4/3/10/064/64/010004,10,Category 10 — Vertical sounding sequences (satellite data),310064,,,010004,Pressure,,,,Operational
bufr4/3/10/064/65/207003,10,Category 10 — Vertical sounding sequences (satellite data),310064,,,207003,"Increase scale, reference value and data width",,,,Operational
bufr4/3/10/064/66/015005,10,Category 10 — Vertical sounding sequences (satellite data),310064,,,015005,Ozone p,,,,Operational
bufr4/3/10/064/67/207000,10,Category 10 — Vertical sounding sequences (satellite data),310064,,,207000,"Increase scale, reference value and data Cancel width",,,,Operational
bufr4/3/10/064/68/008046,10,Category 10 — Vertical sounding sequences (satellite data),310064,,,008046,Atmospheric chemical or physical constituent type,,,,Operational
bufr4/3/10/064/69/107019,10,Category 10 — Vertical sounding sequences (satellite data),310064,,,107019,Replicate 7 descriptors 19 times,,,,Operational
bufr4/3/10/064/70/010040,10,Category 10 — Vertical sounding sequences (satellite data),310064,,,010040,Number of retrieved layers,,,,Operational
bufr4/3/10/064/71/010004,10,Category 10 — Vertical sounding sequences (satellite data),310064,,,010004,Pressure,,,,Operational
bufr4/3/10/064/72/008090,10,Category 10 — Vertical sounding sequences (satellite data),310064,,,008090,Decimal scale of following signficands I.2 – BUFR Table D/10 — 23,,,,Operational
bufr4/3/10/064/73/207006,10,Category 10 — Vertical sounding sequences (satellite data),310064,,,207006,"Increase scale, reference value and data width",,,,Operational
bufr4/3/10/064/74/015008,10,Category 10 — Vertical sounding sequences (satellite data),310064,,,015008,Significand of volumetric mixing ratio,,,,Operational
bufr4/3/10/064/75/207000,10,Category 10 — Vertical sounding sequences (satellite data),310064,,,207000,"Increase scale, reference value and data Cancel width",,,,Operational
bufr4/3/10/064/76/008090,10,Category 10 — Vertical sounding sequences (satellite data),310064,,,008090,Decimal scale of following significands Set to missing,,,,Operational
bufr4/3/10/066/1/001007,10,Category 10 — Vertical sounding sequences (satellite data),310066,(cancel),,001007,Satellite identifier,,,,Operational
bufr4/3/10/066/2/001033,10,Category 10 — Vertical sounding sequences (satellite data),310066,(cancel),,001033,Identification of originating/generating centre,,,,Operational
bufr4/3/10/066/3/001034,10,Category 10 — Vertical sounding sequences (satellite data),310066,(cancel),,001034,Identification of originating/generating sub-centre,,,,Operational
bufr4/3/10/066/4/002019,10,Category 10 — Vertical sounding sequences (satellite data),310066,(cancel),,002019,Satellite instruments,,,,Operational
bufr4/3/10/066/5/002020,10,Category 10 — Vertical sounding sequences (satellite data),310066,(cancel),,002020,Satellite classification,,,,Operational
bufr4/3/10/066/6/301011,10,Category 10 — Vertical sounding sequences (satellite data),310066,(cancel),,301011,"Year, month, day",,,,Operational
bufr4/3/10/066/7/301012,10,Category 10 — Vertical sounding sequences (satellite data),310066,(cancel),,301012,"Hour, minute",,,,Operational
bufr4/3/10/066/8/207003,10,Category 10 — Vertical sounding sequences (satellite data),310066,(cancel),,207003,"Increase scale, reference value and data width",,,,Operational
bufr4/3/10/066/9/004006,10,Category 10 — Vertical sounding sequences (satellite data),310066,(cancel),,004006,Second,,,,Operational
bufr4/3/10/066/10/207000,10,Category 10 — Vertical sounding sequences (satellite data),310066,(cancel),,207000,"Increase scale, reference value and data Cancel width",,,,Operational
bufr4/3/10/066/11/005040,10,Category 10 — Vertical sounding sequences (satellite data),310066,(cancel),,005040,Orbit number,,,,Operational
bufr4/3/10/066/12/033082,10,Category 10 — Vertical sounding sequences (satellite data),310066,(cancel),,033082,Geolocation quality flags,,,,Operational
bufr4/3/10/066/13/301021,10,Category 10 — Vertical sounding sequences (satellite data),310066,(cancel),,301021,Latitude/longitude (high accuracy),,,,Operational
bufr4/3/10/066/14/201129,10,Category 10 — Vertical sounding sequences (satellite data),310066,(cancel),,201129,Change data width,,,,Operational
bufr4/3/10/066/15/007002,10,Category 10 — Vertical sounding sequences (satellite data),310066,(cancel),,007002,Height or altitude,,,,Operational
bufr4/3/10/066/16/201000,10,Category 10 — Vertical sounding sequences (satellite data),310066,(cancel),,201000,Change data width Cancel,,,,Operational
bufr4/3/10/066/17/007024,10,Category 10 — Vertical sounding sequences (satellite data),310066,(cancel),,007024,Satellite zenith angle,,,,Operational
bufr4/3/10/066/18/005021,10,Category 10 — Vertical sounding sequences (satellite data),310066,(cancel),,005021,Bearing or azimuth,,,,Operational
bufr4/3/10/066/19/007025,10,Category 10 — Vertical sounding sequences (satellite data),310066,(cancel),,007025,Solar zenith angle,,,,Operational
bufr4/3/10/066/20/005022,10,Category 10 — Vertical sounding sequences (satellite data),310066,(cancel),,005022,Solar azimuth,,,,Operational
bufr4/3/10/066/21/008075,10,Category 10 — Vertical sounding sequences (satellite data),310066,(cancel),,008075,Ascending/descending orbit qualifier,,,,Operational
bufr4/3/10/066/22/020081,10,Category 10 — Vertical sounding sequences (satellite data),310066,(cancel),,020081,Cloud amount in segment Cloud fraction,,,,Operational
bufr4/3/10/066/23/207004,10,Category 10 — Vertical sounding sequences (satellite data),310066,(cancel),,207004,"Increase scale, reference value and data width",,,,Operational
bufr4/3/10/066/24/015030,10,Category 10 — Vertical sounding sequences (satellite data),310066,(cancel),,015030,Aerosol contamination index,,,,Operational
bufr4/3/10/066/25/207000,10,Category 10 — Vertical sounding sequences (satellite data),310066,(cancel),,207000,"Increase scale, reference value and data Cancel width",,,,Operational
bufr4/3/10/066/26/020065,10,Category 10 — Vertical sounding sequences (satellite data),310066,(cancel),,020065,Snow cover,,,,Operational
bufr4/3/10/066/27/015041,10,Category 10 — Vertical sounding sequences (satellite data),310066,(cancel),,015041,Sulphur dioxide index,,,,Operational
bufr4/3/10/066/28/033086,10,Category 10 — Vertical sounding sequences (satellite data),310066,(cancel),,033086,Quality of pixel level retrieval,,,,Operational
bufr4/3/10/066/29/033087,10,Category 10 — Vertical sounding sequences (satellite data),310066,(cancel),,033087,Extent of satellite within South Atlantic anomaly,,,,Operational
bufr4/3/10/066/30/033088,10,Category 10 — Vertical sounding sequences (satellite data),310066,(cancel),,033088,Ozone total column quality flag,,,,Operational
bufr4/3/10/066/31/008003,10,Category 10 — Vertical sounding sequences (satellite data),310066,(cancel),,008003,Vertical significance (satellite observations) = 0 Surface,,,,Operational
bufr4/3/10/066/32/207001,10,Category 10 — Vertical sounding sequences (satellite data),310066,(cancel),,207001,"Increase scale, reference value and data width I.2 – BUFR Table D/10 — 24",,,,Operational
bufr4/3/10/066/33/007004,10,Category 10 — Vertical sounding sequences (satellite data),310066,,,007004,Pressure,,,,Operational
bufr4/3/10/066/34/207000,10,Category 10 — Vertical sounding sequences (satellite data),310066,,,207000,"Increase scale, reference value and data Cancel width",,,,Operational
bufr4/3/10/066/35/008003,10,Category 10 — Vertical sounding sequences (satellite data),310066,,,008003,Vertical significance (satellite observations) Set to missing,,,,Operational
bufr4/3/10/066/36/207002,10,Category 10 — Vertical sounding sequences (satellite data),310066,,,207002,"Increase scale, reference value and data width",,,,Operational
bufr4/3/10/066/37/015001,10,Category 10 — Vertical sounding sequences (satellite data),310066,,,015001,Total ozone,,,,Operational
bufr4/3/10/066/38/207000,10,Category 10 — Vertical sounding sequences (satellite data),310066,,,207000,"Increase scale, reference value and data Cancel width",,,,Operational
bufr4/3/10/066/39/008003,10,Category 10 — Vertical sounding sequences (satellite data),310066,,,008003,Vertical significance (satellite observations) = 2 Cloud top,,,,Operational
bufr4/3/10/066/40/033042,10,Category 10 — Vertical sounding sequences (satellite data),310066,,,033042,Type of limit represented by following value = 0 Exclusive lower limit (>),,,,Operational
bufr4/3/10/066/41/207001,10,Category 10 — Vertical sounding sequences (satellite data),310066,,,207001,"Increase scale, reference value and data width",,,,Operational
bufr4/3/10/066/42/007004,10,Category 10 — Vertical sounding sequences (satellite data),310066,,,007004,Pressure Cloud top pressure,,,,Operational
bufr4/3/10/066/43/207000,10,Category 10 — Vertical sounding sequences (satellite data),310066,,,207000,"Increase scale, reference value and data Cancel width",,,,Operational
bufr4/3/10/066/44/207002,10,Category 10 — Vertical sounding sequences (satellite data),310066,,,207002,"Increase scale, reference value and data width",,,,Operational
bufr4/3/10/066/45/015001,10,Category 10 — Vertical sounding sequences (satellite data),310066,,,015001,Total ozone Below cloud,,,,Operational
bufr4/3/10/066/46/207000,10,Category 10 — Vertical sounding sequences (satellite data),310066,,,207000,"Increase scale, reference value and data Cancel width",,,,Operational
bufr4/3/10/066/47/008003,10,Category 10 — Vertical sounding sequences (satellite data),310066,,,008003,Vertical significance (satellite observations) Set to missing (cancel),,,,Operational
bufr4/3/10/066/48/001032,10,Category 10 — Vertical sounding sequences (satellite data),310066,,,001032,Generating application = 0 First guess | Defined by local generating centre,,,,Operational
bufr4/3/10/066/49/207002,10,Category 10 — Vertical sounding sequences (satellite data),310066,,,207002,"Increase scale, reference value and data width",,,,Operational
bufr4/3/10/066/50/015001,10,Category 10 — Vertical sounding sequences (satellite data),310066,,,015001,Total ozone First guess total column ozone,,,,Operational
bufr4/3/10/066/51/207000,10,Category 10 — Vertical sounding sequences (satellite data),310066,,,207000,"Increase scale, reference value and data Cancel width (Satellite-derived winds) (see Note 2) Processing information",,,,Operational
bufr4/3/10/067/1/001033,10,Category 10 — Vertical sounding sequences (satellite data),310067,(cancel),,001033,Identification of originating/generating centre,,,,Operational
bufr4/3/10/067/2/001034,10,Category 10 — Vertical sounding sequences (satellite data),310067,(cancel),,001034,Identification of originating/generating sub-centre,,,,Operational
bufr4/3/10/067/3/025061,10,Category 10 — Vertical sounding sequences (satellite data),310067,(cancel),,025061,Software identification and version number,,,,Operational
bufr4/3/10/067/4/025062,10,Category 10 — Vertical sounding sequences (satellite data),310067,(cancel),,025062,Database identification Satellite/instrument identification,,,,Operational
bufr4/3/10/067/5/001007,10,Category 10 — Vertical sounding sequences (satellite data),310067,(cancel),,001007,Satellite identifier,,,,Operational
bufr4/3/10/067/6/002153,10,Category 10 — Vertical sounding sequences (satellite data),310067,(cancel),,002153,Satellite channel centre frequency,,,,Operational
bufr4/3/10/067/7/001012,10,Category 10 — Vertical sounding sequences (satellite data),310067,(cancel),,001012,Direction of motion of moving observing platform I.2 – BUFR Table D/10 — 25,,,,Operational
bufr4/3/10/067/8/201138,10,Category 10 — Vertical sounding sequences (satellite data),310067,,,201138,Change data width,,,,Operational
bufr4/3/10/067/9/002026,10,Category 10 — Vertical sounding sequences (satellite data),310067,,,002026,Cross-track resolution,,,,Operational
bufr4/3/10/067/10/002027,10,Category 10 — Vertical sounding sequences (satellite data),310067,,,002027,Along-track resolution,,,,Operational
bufr4/3/10/067/11/201000,10,Category 10 — Vertical sounding sequences (satellite data),310067,,,201000,Change data width Cancel Methods,,,,Operational
bufr4/3/10/067/12/002028,10,Category 10 — Vertical sounding sequences (satellite data),310067,,,002028,Segment size at nadir in x-direction Target box size,,,,Operational
bufr4/3/10/067/13/002029,10,Category 10 — Vertical sounding sequences (satellite data),310067,,,002029,Segment size at nadir in y-direction Target box size,,,,Operational
bufr4/3/10/067/14/002161,10,Category 10 — Vertical sounding sequences (satellite data),310067,,,002161,Wind processing method,,,,Operational
bufr4/3/10/067/15/002164,10,Category 10 — Vertical sounding sequences (satellite data),310067,,,002164,Tracer correlation method,,,,Operational
bufr4/3/10/067/16/002023,10,Category 10 — Vertical sounding sequences (satellite data),310067,,,002023,Satellite-derived wind computation method,,,,Operational
bufr4/3/10/067/17/008012,10,Category 10 — Vertical sounding sequences (satellite data),310067,,,008012,Land/sea qualifier,,,,Operational
bufr4/3/10/067/18/008013,10,Category 10 — Vertical sounding sequences (satellite data),310067,,,008013,Day/night qualifier Final AMV data,,,,Operational
bufr4/3/10/067/19/001124,10,Category 10 — Vertical sounding sequences (satellite data),310067,,,001124,Grid point identifier,,,,Operational
bufr4/3/10/067/20/005001,10,Category 10 — Vertical sounding sequences (satellite data),310067,,,005001,Latitude (high accuracy),,,,Operational
bufr4/3/10/067/21/006001,10,Category 10 — Vertical sounding sequences (satellite data),310067,,,006001,Longitude (high accuracy),,,,Operational
bufr4/3/10/067/22/004001,10,Category 10 — Vertical sounding sequences (satellite data),310067,,,004001,Year,,,,Operational
bufr4/3/10/067/23/004002,10,Category 10 — Vertical sounding sequences (satellite data),310067,,,004002,Month,,,,Operational
bufr4/3/10/067/24/004003,10,Category 10 — Vertical sounding sequences (satellite data),310067,,,004003,Day,,,,Operational
bufr4/3/10/067/25/004004,10,Category 10 — Vertical sounding sequences (satellite data),310067,,,004004,Hour,,,,Operational
bufr4/3/10/067/26/004005,10,Category 10 — Vertical sounding sequences (satellite data),310067,,,004005,Minute,,,,Operational
bufr4/3/10/067/27/004006,10,Category 10 — Vertical sounding sequences (satellite data),310067,,,004006,Second,,,,Operational
bufr4/3/10/067/28/004086,10,Category 10 — Vertical sounding sequences (satellite data),310067,,,004086,Long time period or displacement Seconds,,,,Operational
bufr4/3/10/067/29/011001,10,Category 10 — Vertical sounding sequences (satellite data),310067,,,011001,Wind direction,,,,Operational
bufr4/3/10/067/30/011002,10,Category 10 — Vertical sounding sequences (satellite data),310067,,,011002,Wind speed,,,,Operational
bufr4/3/10/067/31/011003,10,Category 10 — Vertical sounding sequences (satellite data),310067,,,011003,u-component,,,,Operational
bufr4/3/10/067/32/011004,10,Category 10 — Vertical sounding sequences (satellite data),310067,,,011004,v-component,,,,Operational
bufr4/3/10/067/33/002162,10,Category 10 — Vertical sounding sequences (satellite data),310067,,,002162,Extended height assignment method,,,,Operational
bufr4/3/10/067/34/007004,10,Category 10 — Vertical sounding sequences (satellite data),310067,,,007004,Pressure,,,,Operational
bufr4/3/10/067/35/012001,10,Category 10 — Vertical sounding sequences (satellite data),310067,,,012001,Temperature/air temperature,,,,Operational
bufr4/3/10/067/36/020014,10,Category 10 — Vertical sounding sequences (satellite data),310067,,,020014,Height of top of cloud,,,,Operational
bufr4/3/10/067/37/007024,10,Category 10 — Vertical sounding sequences (satellite data),310067,,,007024,Satellite zenith angle,,,,Operational
bufr4/3/10/067/38/001023,10,Category 10 — Vertical sounding sequences (satellite data),310067,,,001023,Observation sequence number,,,,Operational
bufr4/3/10/067/39/104000,10,Category 10 — Vertical sounding sequences (satellite data),310067,,,104000,Delayed replication of 4 descriptors,,,,Operational
bufr4/3/10/067/40/031001,10,Category 10 — Vertical sounding sequences (satellite data),310067,,,031001,Delayed descriptor replication factor,,,,Operational
bufr4/3/10/067/41/002162,10,Category 10 — Vertical sounding sequences (satellite data),310067,,,002162,Extended height assignment method,,,,Operational
bufr4/3/10/067/42/007004,10,Category 10 — Vertical sounding sequences (satellite data),310067,,,007004,Pressure,,,,Operational
bufr4/3/10/067/43/012001,10,Category 10 — Vertical sounding sequences (satellite data),310067,,,012001,Temperature/air temperature,,,,Operational
bufr4/3/10/067/44/020014,10,Category 10 — Vertical sounding sequences (satellite data),310067,,,020014,Height of top of cloud Image information (for each image used),,,,Operational
bufr4/3/10/067/45/113000,10,Category 10 — Vertical sounding sequences (satellite data),310067,,,113000,Delayed replication of 13 descriptors,,,,Operational
bufr4/3/10/067/46/031001,10,Category 10 — Vertical sounding sequences (satellite data),310067,,,031001,Delayed descriptor replication factor,,,,Operational
bufr4/3/10/067/47/004086,10,Category 10 — Vertical sounding sequences (satellite data),310067,,,004086,Long time period or displacement Seconds,,,,Operational
bufr4/3/10/067/48/002020,10,Category 10 — Vertical sounding sequences (satellite data),310067,,,002020,Satellite classification,,,,Operational
bufr4/3/10/067/49/001007,10,Category 10 — Vertical sounding sequences (satellite data),310067,,,001007,Satellite identifier,,,,Operational
bufr4/3/10/067/50/002019,10,Category 10 — Vertical sounding sequences (satellite data),310067,,,002019,Satellite instruments,,,,Operational
bufr4/3/10/067/51/005042,10,Category 10 — Vertical sounding sequences (satellite data),310067,,,005042,Channel number I.2 – BUFR Table D/10 — 26,,,,Operational
bufr4/3/10/067/52/002153,10,Category 10 — Vertical sounding sequences (satellite data),310067,,,002153,Satellite channel centre frequency,,,,Operational
bufr4/3/10/067/53/005040,10,Category 10 — Vertical sounding sequences (satellite data),310067,,,005040,Orbit number,,,,Operational
bufr4/3/10/067/54/007024,10,Category 10 — Vertical sounding sequences (satellite data),310067,,,007024,Satellite zenith angle,,,,Operational
bufr4/3/10/067/55/005021,10,Category 10 — Vertical sounding sequences (satellite data),310067,,,005021,Bearing or azimuth,,,,Operational
bufr4/3/10/067/56/002162,10,Category 10 — Vertical sounding sequences (satellite data),310067,,,002162,Extended height assignment method,,,,Operational
bufr4/3/10/067/57/007004,10,Category 10 — Vertical sounding sequences (satellite data),310067,,,007004,Pressure,,,,Operational
bufr4/3/10/067/58/012001,10,Category 10 — Vertical sounding sequences (satellite data),310067,,,012001,Temperature/air temperature,,,,Operational
bufr4/3/10/067/59/020014,10,Category 10 — Vertical sounding sequences (satellite data),310067,,,020014,Height of top of cloud Intermediate vectors (for each component vector),,,,Operational
bufr4/3/10/067/60/119000,10,Category 10 — Vertical sounding sequences (satellite data),310067,,,119000,Delayed replication of 19 descriptors,,,,Operational
bufr4/3/10/067/61/031001,10,Category 10 — Vertical sounding sequences (satellite data),310067,,,031001,Delayed descriptor replication factor,,,,Operational
bufr4/3/10/067/62/004086,10,Category 10 — Vertical sounding sequences (satellite data),310067,,,004086,Long time period or displacement Seconds,,,,Operational
bufr4/3/10/067/63/004086,10,Category 10 — Vertical sounding sequences (satellite data),310067,,,004086,Long time period or displacement Seconds,,,,Operational
bufr4/3/10/067/64/005001,10,Category 10 — Vertical sounding sequences (satellite data),310067,,,005001,Latitude (high accuracy),,,,Operational
bufr4/3/10/067/65/006001,10,Category 10 — Vertical sounding sequences (satellite data),310067,,,006001,Longitude (high accuracy),,,,Operational
bufr4/3/10/067/66/011003,10,Category 10 — Vertical sounding sequences (satellite data),310067,,,011003,u-component,,,,Operational
bufr4/3/10/067/67/011004,10,Category 10 — Vertical sounding sequences (satellite data),310067,,,011004,v-component,,,,Operational
bufr4/3/10/067/68/011113,10,Category 10 — Vertical sounding sequences (satellite data),310067,,,011113,Tracking correlation of vector,,,,Operational
bufr4/3/10/067/69/025148,10,Category 10 — Vertical sounding sequences (satellite data),310067,,,025148,Coefficient of variation,,,,Operational
bufr4/3/10/067/70/103000,10,Category 10 — Vertical sounding sequences (satellite data),310067,,,103000,Delayed replication of 3 descriptors,,,,Operational
bufr4/3/10/067/71/031001,10,Category 10 — Vertical sounding sequences (satellite data),310067,,,031001,Delayed descriptor replication factor,,,,Operational
bufr4/3/10/067/72/008023,10,Category 10 — Vertical sounding sequences (satellite data),310067,,,008023,First order statistics,,,,Operational
bufr4/3/10/067/73/011003,10,Category 10 — Vertical sounding sequences (satellite data),310067,,,011003,u-component,,,,Operational
bufr4/3/10/067/74/011004,10,Category 10 — Vertical sounding sequences (satellite data),310067,,,011004,v-component,,,,Operational
bufr4/3/10/067/75/008023,10,Category 10 — Vertical sounding sequences (satellite data),310067,,,008023,First order statistics Set to missing (cancel),,,,Operational
bufr4/3/10/067/76/103000,10,Category 10 — Vertical sounding sequences (satellite data),310067,,,103000,Delayed replication of 3 descriptors,,,,Operational
bufr4/3/10/067/77/031001,10,Category 10 — Vertical sounding sequences (satellite data),310067,,,031001,Delayed descriptor replication factor,,,,Operational
bufr4/3/10/067/78/020111,10,Category 10 — Vertical sounding sequences (satellite data),310067,,,020111,x-axis error ellipse major component,,,,Operational
bufr4/3/10/067/79/020112,10,Category 10 — Vertical sounding sequences (satellite data),310067,,,020112,y-axis error ellipse minor component,,,,Operational
bufr4/3/10/067/80/020114,10,Category 10 — Vertical sounding sequences (satellite data),310067,,,020114,Angle of x-axis in error ellipse Corresponding forecast data,,,,Operational
bufr4/3/10/067/81/001033,10,Category 10 — Vertical sounding sequences (satellite data),310067,,,001033,Identification of originating/generating centre,,,,Operational
bufr4/3/10/067/82/008021,10,Category 10 — Vertical sounding sequences (satellite data),310067,,,008021,Time significance = 27 First guess,,,,Operational
bufr4/3/10/067/83/011095,10,Category 10 — Vertical sounding sequences (satellite data),310067,,,011095,u-component of the model wind vector,,,,Operational
bufr4/3/10/067/84/011096,10,Category 10 — Vertical sounding sequences (satellite data),310067,,,011096,v-component of the model wind vector,,,,Operational
bufr4/3/10/067/85/007004,10,Category 10 — Vertical sounding sequences (satellite data),310067,,,007004,Pressure,,,,Operational
bufr4/3/10/067/86/008021,10,Category 10 — Vertical sounding sequences (satellite data),310067,,,008021,Time significance = 4 Forecast,,,,Operational
bufr4/3/10/067/87/011095,10,Category 10 — Vertical sounding sequences (satellite data),310067,,,011095,u-component of the model wind vector,,,,Operational
bufr4/3/10/067/88/011096,10,Category 10 — Vertical sounding sequences (satellite data),310067,,,011096,v-component of the model wind vector,,,,Operational
bufr4/3/10/067/89/007004,10,Category 10 — Vertical sounding sequences (satellite data),310067,,,007004,Pressure,,,,Operational
bufr4/3/10/067/90/008021,10,Category 10 — Vertical sounding sequences (satellite data),310067,,,008021,Time significance Set to missing (cancel),,,,Operational
bufr4/3/10/067/91/008086,10,Category 10 — Vertical sounding sequences (satellite data),310067,,,008086,Vertical significance for NWP = 10 Level of best fit,,,,Operational
bufr4/3/10/067/92/011095,10,Category 10 — Vertical sounding sequences (satellite data),310067,,,011095,u-component of the model wind vector,,,,Operational
bufr4/3/10/067/93/011096,10,Category 10 — Vertical sounding sequences (satellite data),310067,,,011096,v-component of the model wind vector I.2 – BUFR Table D/10 — 27,,,,Operational
bufr4/3/10/067/94/007004,10,Category 10 — Vertical sounding sequences (satellite data),310067,,,007004,Pressure,,,,Operational
bufr4/3/10/067/95/008086,10,Category 10 — Vertical sounding sequences (satellite data),310067,,,008086,Vertical significance for NWP Set to missing,,,,Operational
bufr4/3/10/067/96/102004,10,Category 10 — Vertical sounding sequences (satellite data),310067,,,102004,Replicate 2 descriptors 4 times,,,,Operational
bufr4/3/10/067/97/001032,10,Category 10 — Vertical sounding sequences (satellite data),310067,,,001032,Generating application,,,,Operational
bufr4/3/10/067/98/033007,10,Category 10 — Vertical sounding sequences (satellite data),310067,,,033007,Per cent confidence,,,,Operational
bufr4/3/10/067/99/008092,10,Category 10 — Vertical sounding sequences (satellite data),310067,,,008092,Measurement uncertainty expression = 0 Standard uncertainty,,,,Operational
bufr4/3/10/067/100/011003,10,Category 10 — Vertical sounding sequences (satellite data),310067,,,011003,u-component,,,,Operational
bufr4/3/10/067/101/011004,10,Category 10 — Vertical sounding sequences (satellite data),310067,,,011004,v-component,,,,Operational
bufr4/3/10/067/102/007004,10,Category 10 — Vertical sounding sequences (satellite data),310067,,,007004,Pressure,,,,Operational
bufr4/3/10/067/103/008092,10,Category 10 — Vertical sounding sequences (satellite data),310067,,,008092,Measurement uncertainty expression Set to missing (cancel),,,,Operational
bufr4/3/10/067/104/033066,10,Category 10 — Vertical sounding sequences (satellite data),310067,,,033066,AMV quality flag Cloud data and microphysics (refers to the nominal image used for height assignment),,,,Operational
bufr4/3/10/067/105/020081,10,Category 10 — Vertical sounding sequences (satellite data),310067,,,020081,Cloud amount in segment,,,,Operational
bufr4/3/10/067/106/020012,10,Category 10 — Vertical sounding sequences (satellite data),310067,,,020012,Cloud type,,,,Operational
bufr4/3/10/067/107/020056,10,Category 10 — Vertical sounding sequences (satellite data),310067,,,020056,Cloud phase,,,,Operational
bufr4/3/10/067/108/117000,10,Category 10 — Vertical sounding sequences (satellite data),310067,,,117000,Delayed replication of 17 descriptors,,,,Operational
bufr4/3/10/067/109/031001,10,Category 10 — Vertical sounding sequences (satellite data),310067,,,031001,Delayed descriptor replication factor,,,,Operational
bufr4/3/10/067/110/008023,10,Category 10 — Vertical sounding sequences (satellite data),310067,,,008023,First order statistics,,,,Operational
bufr4/3/10/067/111/020016,10,Category 10 — Vertical sounding sequences (satellite data),310067,,,020016,Pressure at top of cloud,,,,Operational
bufr4/3/10/067/112/008092,10,Category 10 — Vertical sounding sequences (satellite data),310067,,,008092,Measurement uncertainty expression = 0 Standard uncertainty,,,,Operational
bufr4/3/10/067/113/008003,10,Category 10 — Vertical sounding sequences (satellite data),310067,,,008003,Vertical significance (satellite observations) = 2 Cloud top,,,,Operational
bufr4/3/10/067/114/012001,10,Category 10 — Vertical sounding sequences (satellite data),310067,,,012001,Temperature/air temperature,,,,Operational
bufr4/3/10/067/115/008003,10,Category 10 — Vertical sounding sequences (satellite data),310067,,,008003,Vertical significance (satellite observations) Set to missing (cancel),,,,Operational
bufr4/3/10/067/116/020016,10,Category 10 — Vertical sounding sequences (satellite data),310067,,,020016,Pressure at top of cloud,,,,Operational
bufr4/3/10/067/117/008092,10,Category 10 — Vertical sounding sequences (satellite data),310067,,,008092,Measurement uncertainty expression Set to missing (cancel),,,,Operational
bufr4/3/10/067/118/025149,10,Category 10 — Vertical sounding sequences (satellite data),310067,,,025149,Optimal estimation cost,,,,Operational
bufr4/3/10/067/119/020016,10,Category 10 — Vertical sounding sequences (satellite data),310067,,,020016,Pressure at top of cloud,,,,Operational
bufr4/3/10/067/120/020014,10,Category 10 — Vertical sounding sequences (satellite data),310067,,,020014,Height of top of cloud,,,,Operational
bufr4/3/10/067/121/013093,10,Category 10 — Vertical sounding sequences (satellite data),310067,,,013093,Cloud optical thickness,,,,Operational
bufr4/3/10/067/122/013109,10,Category 10 — Vertical sounding sequences (satellite data),310067,,,013109,Ice/liquid water path,,,,Operational
bufr4/3/10/067/123/040038,10,Category 10 — Vertical sounding sequences (satellite data),310067,,,040038,Cloud particle size,,,,Operational
bufr4/3/10/067/124/008011,10,Category 10 — Vertical sounding sequences (satellite data),310067,,,008011,Meteorological feature = 12 Cloud,,,,Operational
bufr4/3/10/067/125/014050,10,Category 10 — Vertical sounding sequences (satellite data),310067,,,014050,Emissivity,,,,Operational
bufr4/3/10/067/126/008011,10,Category 10 — Vertical sounding sequences (satellite data),310067,,,008011,Meteorological feature Set to missing (cancel),,,,Operational
bufr4/3/10/067/127/008023,10,Category 10 — Vertical sounding sequences (satellite data),310067,,,008023,First order statistics Set to missing (cancel) (VASS field of view variables),,,,Operational
bufr4/3/10/068/1/008070,10,Category 10 — Vertical sounding sequences (satellite data),310068,(cancel),,008070,Vertical sounding product qualifier,,,,Operational
bufr4/3/10/068/2/001033,10,Category 10 — Vertical sounding sequences (satellite data),310068,(cancel),,001033,Identification of originating/generating centre I.2 – BUFR Table D/10 — 28,,,,Operational
bufr4/3/10/068/3/001034,10,Category 10 — Vertical sounding sequences (satellite data),310068,,,001034,Identification of originating/generating sub-centre,,,,Operational
bufr4/3/10/068/4/001007,10,Category 10 — Vertical sounding sequences (satellite data),310068,,,001007,Satellite identifier,,,,Operational
bufr4/3/10/068/5/002019,10,Category 10 — Vertical sounding sequences (satellite data),310068,,,002019,Satellite instruments,,,,Operational
bufr4/3/10/068/6/012064,10,Category 10 — Vertical sounding sequences (satellite data),310068,,,012064,Instrument temperature,,,,Operational
bufr4/3/10/068/7/005040,10,Category 10 — Vertical sounding sequences (satellite data),310068,,,005040,Orbit number,,,,Operational
bufr4/3/10/068/8/201136,10,Category 10 — Vertical sounding sequences (satellite data),310068,,,201136,Change data width,,,,Operational
bufr4/3/10/068/9/005041,10,Category 10 — Vertical sounding sequences (satellite data),310068,,,005041,Scan line number,,,,Operational
bufr4/3/10/068/10/201000,10,Category 10 — Vertical sounding sequences (satellite data),310068,,,201000,Change data width Cancel,,,,Operational
bufr4/3/10/068/11/005043,10,Category 10 — Vertical sounding sequences (satellite data),310068,,,005043,Field of view number,,,,Operational
bufr4/3/10/068/12/301011,10,Category 10 — Vertical sounding sequences (satellite data),310068,,,301011,"Year, month, day",,,,Operational
bufr4/3/10/068/13/301012,10,Category 10 — Vertical sounding sequences (satellite data),310068,,,301012,"Hour, minute",,,,Operational
bufr4/3/10/068/14/201138,10,Category 10 — Vertical sounding sequences (satellite data),310068,,,201138,Change data width,,,,Operational
bufr4/3/10/068/15/202131,10,Category 10 — Vertical sounding sequences (satellite data),310068,,,202131,Change scale,,,,Operational
bufr4/3/10/068/16/004006,10,Category 10 — Vertical sounding sequences (satellite data),310068,,,004006,Second,,,,Operational
bufr4/3/10/068/17/202000,10,Category 10 — Vertical sounding sequences (satellite data),310068,,,202000,Change scale Cancel,,,,Operational
bufr4/3/10/068/18/201000,10,Category 10 — Vertical sounding sequences (satellite data),310068,,,201000,Change data width Cancel,,,,Operational
bufr4/3/10/068/19/005001,10,Category 10 — Vertical sounding sequences (satellite data),310068,,,005001,Latitude (high accuracy),,,,Operational
bufr4/3/10/068/20/006001,10,Category 10 — Vertical sounding sequences (satellite data),310068,,,006001,Longitude (high accuracy),,,,Operational
bufr4/3/10/068/21/202126,10,Category 10 — Vertical sounding sequences (satellite data),310068,,,202126,Change scale,,,,Operational
bufr4/3/10/068/22/007001,10,Category 10 — Vertical sounding sequences (satellite data),310068,,,007001,Height of station,,,,Operational
bufr4/3/10/068/23/202000,10,Category 10 — Vertical sounding sequences (satellite data),310068,,,202000,Change scale Cancel,,,,Operational
bufr4/3/10/068/24/010007,10,Category 10 — Vertical sounding sequences (satellite data),310068,,,010007,Height,,,,Operational
bufr4/3/10/068/25/007024,10,Category 10 — Vertical sounding sequences (satellite data),310068,,,007024,Satellite zenith angle,,,,Operational
bufr4/3/10/068/26/005021,10,Category 10 — Vertical sounding sequences (satellite data),310068,,,005021,Bearing or azimuth,,,,Operational
bufr4/3/10/068/27/007025,10,Category 10 — Vertical sounding sequences (satellite data),310068,,,007025,Solar zenith angle,,,,Operational
bufr4/3/10/068/28/005022,10,Category 10 — Vertical sounding sequences (satellite data),310068,,,005022,Solar azimuth,,,,Operational
bufr4/3/10/068/29/013040,10,Category 10 — Vertical sounding sequences (satellite data),310068,,,013040,Surface flag,,,,Operational
bufr4/3/10/068/30/012101,10,Category 10 — Vertical sounding sequences (satellite data),310068,,,012101,Temperature/air temperature Land or ocean surface temperature,,,,Operational
bufr4/3/10/068/31/201131,10,Category 10 — Vertical sounding sequences (satellite data),310068,,,201131,Change data width,,,,Operational
bufr4/3/10/068/32/202129,10,Category 10 — Vertical sounding sequences (satellite data),310068,,,202129,Change scale,,,,Operational
bufr4/3/10/068/33/011011,10,Category 10 — Vertical sounding sequences (satellite data),310068,,,011011,Wind direction at 10 m Ocean surface wind,,,,Operational
bufr4/3/10/068/34/202000,10,Category 10 — Vertical sounding sequences (satellite data),310068,,,202000,Change scale Cancel,,,,Operational
bufr4/3/10/068/35/201000,10,Category 10 — Vertical sounding sequences (satellite data),310068,,,201000,Change data width Cancel,,,,Operational
bufr4/3/10/068/36/201130,10,Category 10 — Vertical sounding sequences (satellite data),310068,,,201130,Change data width,,,,Operational
bufr4/3/10/068/37/202129,10,Category 10 — Vertical sounding sequences (satellite data),310068,,,202129,Change scale,,,,Operational
bufr4/3/10/068/38/011012,10,Category 10 — Vertical sounding sequences (satellite data),310068,,,011012,Wind speed at 10 m Ocean surface wind,,,,Operational
bufr4/3/10/068/39/202000,10,Category 10 — Vertical sounding sequences (satellite data),310068,,,202000,Change scale Cancel,,,,Operational
bufr4/3/10/068/40/201000,10,Category 10 — Vertical sounding sequences (satellite data),310068,,,201000,Change data width Cancel,,,,Operational
bufr4/3/10/068/41/020029,10,Category 10 — Vertical sounding sequences (satellite data),310068,,,020029,Rain flag,,,,Operational
bufr4/3/10/068/42/020010,10,Category 10 — Vertical sounding sequences (satellite data),310068,,,020010,Cloud cover (total),,,,Operational
bufr4/3/10/068/43/020014,10,Category 10 — Vertical sounding sequences (satellite data),310068,,,020014,Height of top of cloud,,,,Operational
bufr4/3/10/068/44/013162,10,Category 10 — Vertical sounding sequences (satellite data),310068,,,013162,Cloud liquid water,,,,Operational
bufr4/3/10/068/45/014050,10,Category 10 — Vertical sounding sequences (satellite data),310068,,,014050,Emissivity I.2 – BUFR Table D/10 — 29,,,,Operational
bufr4/3/10/069/1/005042,10,Category 10 — Vertical sounding sequences (satellite data),310069,(VASS channel variables),,005042,Channel number,,,,Operational
bufr4/3/10/069/2/201139,10,Category 10 — Vertical sounding sequences (satellite data),310069,(VASS channel variables),,201139,Change data width,,,,Operational
bufr4/3/10/069/3/002155,10,Category 10 — Vertical sounding sequences (satellite data),310069,(VASS channel variables),,002155,Satellite channel wavelength,,,,Operational
bufr4/3/10/069/4/201000,10,Category 10 — Vertical sounding sequences (satellite data),310069,(VASS channel variables),,201000,Change data width Cancel,,,,Operational
bufr4/3/10/069/5/025077,10,Category 10 — Vertical sounding sequences (satellite data),310069,(VASS channel variables),,025077,Bandwidth correction coefficient 1,,,,Operational
bufr4/3/10/069/6/025078,10,Category 10 — Vertical sounding sequences (satellite data),310069,(VASS channel variables),,025078,Bandwidth correction coefficient 2,,,,Operational
bufr4/3/10/069/7/033007,10,Category 10 — Vertical sounding sequences (satellite data),310069,(VASS channel variables),,033007,Per cent confidence,,,,Operational
bufr4/3/10/069/8/201132,10,Category 10 — Vertical sounding sequences (satellite data),310069,(VASS channel variables),,201132,Change data width,,,,Operational
bufr4/3/10/069/9/202129,10,Category 10 — Vertical sounding sequences (satellite data),310069,(VASS channel variables),,202129,Change scale,,,,Operational
bufr4/3/10/069/10/012063,10,Category 10 — Vertical sounding sequences (satellite data),310069,(VASS channel variables),,012063,Brightness temperature,,,,Operational
bufr4/3/10/069/11/202000,10,Category 10 — Vertical sounding sequences (satellite data),310069,(VASS channel variables),,202000,Change scale Cancel,,,,Operational
bufr4/3/10/069/12/201000,10,Category 10 — Vertical sounding sequences (satellite data),310069,(VASS channel variables),,201000,Change data width Cancel,,,,Operational
bufr4/3/10/070/1/310068,10,Category 10 — Vertical sounding sequences (satellite data),310070,(VASS MWTS report of FY-3),,310068,VASS field of view variables,,,,Operational
bufr4/3/10/070/2/101013,10,Category 10 — Vertical sounding sequences (satellite data),310070,(VASS MWTS report of FY-3),,101013,Replicate 1 descriptor 13 times,,,,Operational
bufr4/3/10/070/3/310069,10,Category 10 — Vertical sounding sequences (satellite data),310070,(VASS MWTS report of FY-3),,310069,VASS channel variables,,,,Operational
bufr4/3/10/071/1/310068,10,Category 10 — Vertical sounding sequences (satellite data),310071,(VASS MWHS report of FY-3),,310068,VASS field of view variables,,,,Operational
bufr4/3/10/071/2/101015,10,Category 10 — Vertical sounding sequences (satellite data),310071,(VASS MWHS report of FY-3),,101015,Replicate 1 descriptor 15 times,,,,Operational
bufr4/3/10/071/3/310069,10,Category 10 — Vertical sounding sequences (satellite data),310071,(VASS MWHS report of FY-3),,310069,VASS channel variables,,,,Operational
bufr4/3/10/072/1/310068,10,Category 10 — Vertical sounding sequences (satellite data),310072,(VASS IRAS report of FY-3),,310068,VASS field of view variables,,,,Operational
bufr4/3/10/072/2/101026,10,Category 10 — Vertical sounding sequences (satellite data),310072,(VASS IRAS report of FY-3),,101026,Replicate 1 descriptor 26 times,,,,Operational
bufr4/3/10/072/3/310069,10,Category 10 — Vertical sounding sequences (satellite data),310072,(VASS IRAS report of FY-3),,310069,VASS channel variables,,,,Operational
bufr4/3/10/077/1/001033,10,Category 10 — Vertical sounding sequences (satellite data),310077,(Satellite-derived winds),,001033,Identification of originating/generating centre,,,,Operational
bufr4/3/10/077/2/001034,10,Category 10 — Vertical sounding sequences (satellite data),310077,(Satellite-derived winds),,001034,Identification of originating/generating sub-centre,,,,Operational
bufr4/3/10/077/3/025061,10,Category 10 — Vertical sounding sequences (satellite data),310077,(Satellite-derived winds),,025061,Software identification and version number,,,,Operational
bufr4/3/10/077/4/025062,10,Category 10 — Vertical sounding sequences (satellite data),310077,(Satellite-derived winds),,025062,Database identification Satellite/instrument identification,,,,Operational
bufr4/3/10/077/5/001007,10,Category 10 — Vertical sounding sequences (satellite data),310077,(Satellite-derived winds),,001007,Satellite identifier,,,,Operational
bufr4/3/10/077/6/002153,10,Category 10 — Vertical sounding sequences (satellite data),310077,(Satellite-derived winds),,002153,Satellite channel centre frequency,,,,Operational
bufr4/3/10/077/7/001012,10,Category 10 — Vertical sounding sequences (satellite data),310077,(Satellite-derived winds),,001012,Direction of motion of moving observing platform,,,,Operational
bufr4/3/10/077/8/201138,10,Category 10 — Vertical sounding sequences (satellite data),310077,(Satellite-derived winds),,201138,Change data width,,,,Operational
bufr4/3/10/077/9/002026,10,Category 10 — Vertical sounding sequences (satellite data),310077,(Satellite-derived winds),,002026,Cross-track resolution,,,,Operational
bufr4/3/10/077/10/002027,10,Category 10 — Vertical sounding sequences (satellite data),310077,(Satellite-derived winds),,002027,Along-track resolution,,,,Operational
bufr4/3/10/077/11/201000,10,Category 10 — Vertical sounding sequences (satellite data),310077,(Satellite-derived winds),,201000,Change data width Cancel I.2 – BUFR Table D/10 — 30,,,,Operational
bufr4/3/10/077/12/002028,10,Category 10 — Vertical sounding sequences (satellite data),310077,,,002028,Segment size at nadir in x-direction Target box size,,,,Operational
bufr4/3/10/077/13/002029,10,Category 10 — Vertical sounding sequences (satellite data),310077,,,002029,Segment size at nadir in y-direction Target box size,,,,Operational
bufr4/3/10/077/14/002161,10,Category 10 — Vertical sounding sequences (satellite data),310077,,,002161,Wind processing method,,,,Operational
bufr4/3/10/077/15/002164,10,Category 10 — Vertical sounding sequences (satellite data),310077,,,002164,Tracer correlation method,,,,Operational
bufr4/3/10/077/16/002023,10,Category 10 — Vertical sounding sequences (satellite data),310077,,,002023,Satellite derived wind computation method,,,,Operational
bufr4/3/10/077/17/008012,10,Category 10 — Vertical sounding sequences (satellite data),310077,,,008012,Land/sea qualifier,,,,Operational
bufr4/3/10/077/18/008013,10,Category 10 — Vertical sounding sequences (satellite data),310077,,,008013,Day/night qualifier Final AMV data,,,,Operational
bufr4/3/10/077/19/001124,10,Category 10 — Vertical sounding sequences (satellite data),310077,,,001124,Grid point identifier,,,,Operational
bufr4/3/10/077/20/005001,10,Category 10 — Vertical sounding sequences (satellite data),310077,,,005001,Latitude (high accuracy),,,,Operational
bufr4/3/10/077/21/006001,10,Category 10 — Vertical sounding sequences (satellite data),310077,,,006001,Longitude (high accuracy),,,,Operational
bufr4/3/10/077/22/004001,10,Category 10 — Vertical sounding sequences (satellite data),310077,,,004001,Year,,,,Operational
bufr4/3/10/077/23/004002,10,Category 10 — Vertical sounding sequences (satellite data),310077,,,004002,Month,,,,Operational
bufr4/3/10/077/24/004003,10,Category 10 — Vertical sounding sequences (satellite data),310077,,,004003,Day,,,,Operational
bufr4/3/10/077/25/004004,10,Category 10 — Vertical sounding sequences (satellite data),310077,,,004004,Hour,,,,Operational
bufr4/3/10/077/26/004005,10,Category 10 — Vertical sounding sequences (satellite data),310077,,,004005,Minute,,,,Operational
bufr4/3/10/077/27/004006,10,Category 10 — Vertical sounding sequences (satellite data),310077,,,004006,Second,,,,Operational
bufr4/3/10/077/28/004086,10,Category 10 — Vertical sounding sequences (satellite data),310077,,,004086,Long time period or displacement Seconds,,,,Operational
bufr4/3/10/077/29/002162,10,Category 10 — Vertical sounding sequences (satellite data),310077,,,002162,Extended height assignment method,,,,Operational
bufr4/3/10/077/30/007004,10,Category 10 — Vertical sounding sequences (satellite data),310077,,,007004,Pressure,,,,Operational
bufr4/3/10/077/31/011001,10,Category 10 — Vertical sounding sequences (satellite data),310077,,,011001,Wind direction,,,,Operational
bufr4/3/10/077/32/011002,10,Category 10 — Vertical sounding sequences (satellite data),310077,,,011002,Wind speed,,,,Operational
bufr4/3/10/077/33/011003,10,Category 10 — Vertical sounding sequences (satellite data),310077,,,011003,u-component,,,,Operational
bufr4/3/10/077/34/011004,10,Category 10 — Vertical sounding sequences (satellite data),310077,,,011004,v-component,,,,Operational
bufr4/3/10/077/35/012001,10,Category 10 — Vertical sounding sequences (satellite data),310077,,,012001,Temperature/air temperature,,,,Operational
bufr4/3/10/077/36/020014,10,Category 10 — Vertical sounding sequences (satellite data),310077,,,020014,Height of top of cloud,,,,Operational
bufr4/3/10/077/37/007024,10,Category 10 — Vertical sounding sequences (satellite data),310077,,,007024,Satellite zenith angle,,,,Operational
bufr4/3/10/077/38/001023,10,Category 10 — Vertical sounding sequences (satellite data),310077,,,001023,Observation sequence number,,,,Operational
bufr4/3/10/077/39/104000,10,Category 10 — Vertical sounding sequences (satellite data),310077,,,104000,Delayed replication of 4 descriptors,,,,Operational
bufr4/3/10/077/40/031001,10,Category 10 — Vertical sounding sequences (satellite data),310077,,,031001,Delayed descriptor replication factor,,,,Operational
bufr4/3/10/077/41/002162,10,Category 10 — Vertical sounding sequences (satellite data),310077,,,002162,Extended height assignment method,,,,Operational
bufr4/3/10/077/42/007004,10,Category 10 — Vertical sounding sequences (satellite data),310077,,,007004,Pressure,,,,Operational
bufr4/3/10/077/43/012001,10,Category 10 — Vertical sounding sequences (satellite data),310077,,,012001,Temperature/air temperature,,,,Operational
bufr4/3/10/077/44/020014,10,Category 10 — Vertical sounding sequences (satellite data),310077,,,020014,Height of top of cloud Image information (for each image used),,,,Operational
bufr4/3/10/077/45/113000,10,Category 10 — Vertical sounding sequences (satellite data),310077,,,113000,Delayed replication of 13 descriptors,,,,Operational
bufr4/3/10/077/46/031001,10,Category 10 — Vertical sounding sequences (satellite data),310077,,,031001,Delayed descriptor replication factor,,,,Operational
bufr4/3/10/077/47/004086,10,Category 10 — Vertical sounding sequences (satellite data),310077,,,004086,Long time period or displacement Seconds,,,,Operational
bufr4/3/10/077/48/002020,10,Category 10 — Vertical sounding sequences (satellite data),310077,,,002020,Satellite classification,,,,Operational
bufr4/3/10/077/49/001007,10,Category 10 — Vertical sounding sequences (satellite data),310077,,,001007,Satellite identifier,,,,Operational
bufr4/3/10/077/50/002019,10,Category 10 — Vertical sounding sequences (satellite data),310077,,,002019,Satellite instruments,,,,Operational
bufr4/3/10/077/51/005042,10,Category 10 — Vertical sounding sequences (satellite data),310077,,,005042,Channel number,,,,Operational
bufr4/3/10/077/52/002153,10,Category 10 — Vertical sounding sequences (satellite data),310077,,,002153,Satellite channel centre frequency,,,,Operational
bufr4/3/10/077/53/005040,10,Category 10 — Vertical sounding sequences (satellite data),310077,,,005040,Orbit number,,,,Operational
bufr4/3/10/077/54/007024,10,Category 10 — Vertical sounding sequences (satellite data),310077,,,007024,Satellite zenith angle,,,,Operational
bufr4/3/10/077/55/005021,10,Category 10 — Vertical sounding sequences (satellite data),310077,,,005021,Bearing or azimuth I.2 – BUFR Table D/10 — 31,,,,Operational
bufr4/3/10/077/56/002162,10,Category 10 — Vertical sounding sequences (satellite data),310077,,,002162,Extended height assignment method,,,,Operational
bufr4/3/10/077/57/007004,10,Category 10 — Vertical sounding sequences (satellite data),310077,,,007004,Pressure,,,,Operational
bufr4/3/10/077/58/012001,10,Category 10 — Vertical sounding sequences (satellite data),310077,,,012001,Temperature/air temperature,,,,Operational
bufr4/3/10/077/59/020014,10,Category 10 — Vertical sounding sequences (satellite data),310077,,,020014,Height of top of cloud Intermediate vectors (for each component vector),,,,Operational
bufr4/3/10/077/60/119000,10,Category 10 — Vertical sounding sequences (satellite data),310077,,,119000,Delayed replication of 19 descriptors,,,,Operational
bufr4/3/10/077/61/031001,10,Category 10 — Vertical sounding sequences (satellite data),310077,,,031001,Delayed descriptor replication factor,,,,Operational
bufr4/3/10/077/62/004086,10,Category 10 — Vertical sounding sequences (satellite data),310077,,,004086,Long time period or displacement Seconds,,,,Operational
bufr4/3/10/077/63/004086,10,Category 10 — Vertical sounding sequences (satellite data),310077,,,004086,Long time period or displacement Seconds,,,,Operational
bufr4/3/10/077/64/005001,10,Category 10 — Vertical sounding sequences (satellite data),310077,,,005001,Latitude (high accuracy),,,,Operational
bufr4/3/10/077/65/006001,10,Category 10 — Vertical sounding sequences (satellite data),310077,,,006001,Longitude (high accuracy),,,,Operational
bufr4/3/10/077/66/011003,10,Category 10 — Vertical sounding sequences (satellite data),310077,,,011003,u-component,,,,Operational
bufr4/3/10/077/67/011004,10,Category 10 — Vertical sounding sequences (satellite data),310077,,,011004,v-component,,,,Operational
bufr4/3/10/077/68/011113,10,Category 10 — Vertical sounding sequences (satellite data),310077,,,011113,Tracking correlation of vector,,,,Operational
bufr4/3/10/077/69/025148,10,Category 10 — Vertical sounding sequences (satellite data),310077,,,025148,Coefficient of variation,,,,Operational
bufr4/3/10/077/70/103000,10,Category 10 — Vertical sounding sequences (satellite data),310077,,,103000,Delayed replication of 3 descriptors,,,,Operational
bufr4/3/10/077/71/031001,10,Category 10 — Vertical sounding sequences (satellite data),310077,,,031001,Delayed descriptor replication factor,,,,Operational
bufr4/3/10/077/72/008023,10,Category 10 — Vertical sounding sequences (satellite data),310077,,,008023,First order statistics,,,,Operational
bufr4/3/10/077/73/011003,10,Category 10 — Vertical sounding sequences (satellite data),310077,,,011003,u-component,,,,Operational
bufr4/3/10/077/74/011004,10,Category 10 — Vertical sounding sequences (satellite data),310077,,,011004,v-component,,,,Operational
bufr4/3/10/077/75/008023,10,Category 10 — Vertical sounding sequences (satellite data),310077,,,008023,First order statistics Set to missing (cancel),,,,Operational
bufr4/3/10/077/76/103000,10,Category 10 — Vertical sounding sequences (satellite data),310077,,,103000,Delayed replication of 3 descriptors,,,,Operational
bufr4/3/10/077/77/031001,10,Category 10 — Vertical sounding sequences (satellite data),310077,,,031001,Delayed descriptor replication factor,,,,Operational
bufr4/3/10/077/78/020111,10,Category 10 — Vertical sounding sequences (satellite data),310077,,,020111,x-axis error ellipse major component,,,,Operational
bufr4/3/10/077/79/020112,10,Category 10 — Vertical sounding sequences (satellite data),310077,,,020112,y-axis error ellipse minor component,,,,Operational
bufr4/3/10/077/80/020114,10,Category 10 — Vertical sounding sequences (satellite data),310077,,,020114,Angle of x-axis in error ellipse Corresponding forecast data,,,,Operational
bufr4/3/10/077/81/001033,10,Category 10 — Vertical sounding sequences (satellite data),310077,,,001033,Identification of originating/generating centre,,,,Operational
bufr4/3/10/077/82/008021,10,Category 10 — Vertical sounding sequences (satellite data),310077,,,008021,Time significance = 27 First guess,,,,Operational
bufr4/3/10/077/83/007004,10,Category 10 — Vertical sounding sequences (satellite data),310077,,,007004,Pressure,,,,Operational
bufr4/3/10/077/84/011095,10,Category 10 — Vertical sounding sequences (satellite data),310077,,,011095,u-component of the model wind vector,,,,Operational
bufr4/3/10/077/85/011096,10,Category 10 — Vertical sounding sequences (satellite data),310077,,,011096,v-component of the model wind vector,,,,Operational
bufr4/3/10/077/86/008021,10,Category 10 — Vertical sounding sequences (satellite data),310077,,,008021,Time significance = 4 Forecast,,,,Operational
bufr4/3/10/077/87/007004,10,Category 10 — Vertical sounding sequences (satellite data),310077,,,007004,Pressure,,,,Operational
bufr4/3/10/077/88/011095,10,Category 10 — Vertical sounding sequences (satellite data),310077,,,011095,u-component of the model wind vector,,,,Operational
bufr4/3/10/077/89/011096,10,Category 10 — Vertical sounding sequences (satellite data),310077,,,011096,v-component of the model wind vector,,,,Operational
bufr4/3/10/077/90/008021,10,Category 10 — Vertical sounding sequences (satellite data),310077,,,008021,Time significance Set to missing (cancel),,,,Operational
bufr4/3/10/077/91/008086,10,Category 10 — Vertical sounding sequences (satellite data),310077,,,008086,Vertical significance for NWP = 10 Level of best fit,,,,Operational
bufr4/3/10/077/92/007004,10,Category 10 — Vertical sounding sequences (satellite data),310077,,,007004,Pressure,,,,Operational
bufr4/3/10/077/93/011095,10,Category 10 — Vertical sounding sequences (satellite data),310077,,,011095,u-component of the model wind vector,,,,Operational
bufr4/3/10/077/94/011096,10,Category 10 — Vertical sounding sequences (satellite data),310077,,,011096,v-component of the model wind vector,,,,Operational
bufr4/3/10/077/95/008086,10,Category 10 — Vertical sounding sequences (satellite data),310077,,,008086,Vertical significance for NWP Set to missing (cancel) I.2 – BUFR Table D/10 — 32,,,,Operational
bufr4/3/10/077/96/102004,10,Category 10 — Vertical sounding sequences (satellite data),310077,,,102004,Replicate 2 descriptors 4 times,,,,Operational
bufr4/3/10/077/97/001044,10,Category 10 — Vertical sounding sequences (satellite data),310077,,,001044,Standard generating application,,,,Operational
bufr4/3/10/077/98/033007,10,Category 10 — Vertical sounding sequences (satellite data),310077,,,033007,Per cent confidence,,,,Operational
bufr4/3/10/077/99/008092,10,Category 10 — Vertical sounding sequences (satellite data),310077,,,008092,Measurement uncertainty expression = 0 Standard uncertainty,,,,Operational
bufr4/3/10/077/100/007004,10,Category 10 — Vertical sounding sequences (satellite data),310077,,,007004,Pressure,,,,Operational
bufr4/3/10/077/101/011003,10,Category 10 — Vertical sounding sequences (satellite data),310077,,,011003,u-component,,,,Operational
bufr4/3/10/077/102/011004,10,Category 10 — Vertical sounding sequences (satellite data),310077,,,011004,v-component,,,,Operational
bufr4/3/10/077/103/008092,10,Category 10 — Vertical sounding sequences (satellite data),310077,,,008092,Measurement uncertainty expression Set to missing (cancel),,,,Operational
bufr4/3/10/077/104/033066,10,Category 10 — Vertical sounding sequences (satellite data),310077,,,033066,AMV quality flag Cloud data and microphysics (refers to the nominal image used for height assignment),,,,Operational
bufr4/3/10/077/105/020081,10,Category 10 — Vertical sounding sequences (satellite data),310077,,,020081,Cloud amount in segment,,,,Operational
bufr4/3/10/077/106/020012,10,Category 10 — Vertical sounding sequences (satellite data),310077,,,020012,Cloud type,,,,Operational
bufr4/3/10/077/107/020056,10,Category 10 — Vertical sounding sequences (satellite data),310077,,,020056,Cloud phase,,,,Operational
bufr4/3/10/077/108/117000,10,Category 10 — Vertical sounding sequences (satellite data),310077,,,117000,Delayed replication of 17 descriptors,,,,Operational
bufr4/3/10/077/109/031001,10,Category 10 — Vertical sounding sequences (satellite data),310077,,,031001,Delayed descriptor replication factor,,,,Operational
bufr4/3/10/077/110/008023,10,Category 10 — Vertical sounding sequences (satellite data),310077,,,008023,First order statistics,,,,Operational
bufr4/3/10/077/111/020016,10,Category 10 — Vertical sounding sequences (satellite data),310077,,,020016,Pressure at the top of cloud,,,,Operational
bufr4/3/10/077/112/008092,10,Category 10 — Vertical sounding sequences (satellite data),310077,,,008092,Measurement uncertainty expression = 0 Standard uncertainty,,,,Operational
bufr4/3/10/077/113/008003,10,Category 10 — Vertical sounding sequences (satellite data),310077,,,008003,Vertical significance (satellite observations) = 2 Cloud top,,,,Operational
bufr4/3/10/077/114/012001,10,Category 10 — Vertical sounding sequences (satellite data),310077,,,012001,Temperature/air temperature,,,,Operational
bufr4/3/10/077/115/008003,10,Category 10 — Vertical sounding sequences (satellite data),310077,,,008003,Vertical significance (satellite observations) Set to missing (cancel),,,,Operational
bufr4/3/10/077/116/020016,10,Category 10 — Vertical sounding sequences (satellite data),310077,,,020016,Pressure at the top of cloud,,,,Operational
bufr4/3/10/077/117/008092,10,Category 10 — Vertical sounding sequences (satellite data),310077,,,008092,Measurement uncertainty expression Set to missing (cancel),,,,Operational
bufr4/3/10/077/118/025149,10,Category 10 — Vertical sounding sequences (satellite data),310077,,,025149,Optimal estimation cost,,,,Operational
bufr4/3/10/077/119/020016,10,Category 10 — Vertical sounding sequences (satellite data),310077,,,020016,Pressure at the top of cloud,,,,Operational
bufr4/3/10/077/120/020014,10,Category 10 — Vertical sounding sequences (satellite data),310077,,,020014,Height of the top of cloud,,,,Operational
bufr4/3/10/077/121/013093,10,Category 10 — Vertical sounding sequences (satellite data),310077,,,013093,Cloud optical thickness,,,,Operational
bufr4/3/10/077/122/013109,10,Category 10 — Vertical sounding sequences (satellite data),310077,,,013109,Ice/liquid water path,,,,Operational
bufr4/3/10/077/123/040038,10,Category 10 — Vertical sounding sequences (satellite data),310077,,,040038,Cloud particle size,,,,Operational
bufr4/3/10/077/124/008011,10,Category 10 — Vertical sounding sequences (satellite data),310077,,,008011,Meteorological feature = 12 Cloud,,,,Operational
bufr4/3/10/077/125/014050,10,Category 10 — Vertical sounding sequences (satellite data),310077,,,014050,Emissivity,,,,Operational
bufr4/3/10/077/126/008011,10,Category 10 — Vertical sounding sequences (satellite data),310077,,,008011,Meteorological feature Set to missing (cancel),,,,Operational
bufr4/3/10/077/127/008023,10,Category 10 — Vertical sounding sequences (satellite data),310077,,,008023,First order statistics Set to missing (cancel) I.2 – BUFR Table D/10 — 33,,,,Operational
