Id,Category,CategoryOfSequences_en,FXY1,Title_en,SubTitle_en,FXY2,ElementName_en,ElementDescription_en,Note_en,noteIDs,Status
bufr4/3/02/001/1/010004,02,Category 02 — Meteorological sequences common to surface data,302001,(Pressure and 3-hour pressure change),,010004,Pressure,Station level,,,Operational
bufr4/3/02/001/2/010051,02,Category 02 — Meteorological sequences common to surface data,302001,(Pressure and 3-hour pressure change),,010051,Pressure reduced to mean sea level,,,,Operational
bufr4/3/02/001/3/010061,02,Category 02 — Meteorological sequences common to surface data,302001,(Pressure and 3-hour pressure change),,010061,3-hour pressure change,,,,Operational
bufr4/3/02/001/4/010063,02,Category 02 — Meteorological sequences common to surface data,302001,(Pressure and 3-hour pressure change),,010063,Characteristic of pressure tendency,,,,Operational
bufr4/3/02/002/1/010004,02,Category 02 — Meteorological sequences common to surface data,302002,(High altitude station),,010004,Pressure,Station level,,,Operational
bufr4/3/02/002/2/007004,02,Category 02 — Meteorological sequences common to surface data,302002,(High altitude station),,007004,Pressure,Pressure level,,,Operational
bufr4/3/02/002/3/010003,02,Category 02 — Meteorological sequences common to surface data,302002,(High altitude station),,010003,Geopotential,Pressure level,,,Operational
bufr4/3/02/002/4/010061,02,Category 02 — Meteorological sequences common to surface data,302002,(High altitude station),,010061,3-hour pressure change,,,,Operational
bufr4/3/02/002/5/010063,02,Category 02 — Meteorological sequences common to surface data,302002,(High altitude station),,010063,Characteristic of pressure tendency,,,,Operational
bufr4/3/02/003/1/011011,02,Category 02 — Meteorological sequences common to surface data,302003,"(Wind, temperature, humidity, visibility, weather)",,011011,Wind direction at 10 m,,,,Operational
bufr4/3/02/003/2/011012,02,Category 02 — Meteorological sequences common to surface data,302003,"(Wind, temperature, humidity, visibility, weather)",,011012,Wind speed at 10 m,,,,Operational
bufr4/3/02/003/3/012004,02,Category 02 — Meteorological sequences common to surface data,302003,"(Wind, temperature, humidity, visibility, weather)",,012004,Air temperature at 2 m,,,,Operational
bufr4/3/02/003/4/012006,02,Category 02 — Meteorological sequences common to surface data,302003,"(Wind, temperature, humidity, visibility, weather)",,012006,Dewpoint temperature at 2 m,,,,Operational
bufr4/3/02/003/5/013003,02,Category 02 — Meteorological sequences common to surface data,302003,"(Wind, temperature, humidity, visibility, weather)",,013003,Relative humidity,,,,Operational
bufr4/3/02/003/6/020001,02,Category 02 — Meteorological sequences common to surface data,302003,"(Wind, temperature, humidity, visibility, weather)",,020001,Horizontal visibility,,,,Operational
bufr4/3/02/003/7/020003,02,Category 02 — Meteorological sequences common to surface data,302003,"(Wind, temperature, humidity, visibility, weather)",,020003,Present weather,,,,Operational
bufr4/3/02/003/8/020004,02,Category 02 — Meteorological sequences common to surface data,302003,"(Wind, temperature, humidity, visibility, weather)",,020004,Past weather (1),,,,Operational
bufr4/3/02/003/9/020005,02,Category 02 — Meteorological sequences common to surface data,302003,"(Wind, temperature, humidity, visibility, weather)",,020005,Past weather (2),,,,Operational
bufr4/3/02/004/1/020010,02,Category 02 — Meteorological sequences common to surface data,302004,(General cloud information),,020010,Cloud cover (total),,,,Operational
bufr4/3/02/004/2/008002,02,Category 02 — Meteorological sequences common to surface data,302004,(General cloud information),,008002,Vertical significance (surface observations),,,,Operational
bufr4/3/02/004/3/020011,02,Category 02 — Meteorological sequences common to surface data,302004,(General cloud information),,020011,Cloud amount,,,,Operational
bufr4/3/02/004/4/020013,02,Category 02 — Meteorological sequences common to surface data,302004,(General cloud information),,020013,Height of base of cloud,,,,Operational
bufr4/3/02/004/5/020012,02,Category 02 — Meteorological sequences common to surface data,302004,(General cloud information),,020012,Cloud type,,,,Operational
bufr4/3/02/004/6/020012,02,Category 02 — Meteorological sequences common to surface data,302004,(General cloud information),,020012,Cloud type,,,,Operational
bufr4/3/02/004/7/020012,02,Category 02 — Meteorological sequences common to surface data,302004,(General cloud information),,020012,Cloud type,,,,Operational
bufr4/3/02/005/1/008002,02,Category 02 — Meteorological sequences common to surface data,302005,(Cloud layer),,008002,Vertical significance (surface observations),,,,Operational
bufr4/3/02/005/2/020011,02,Category 02 — Meteorological sequences common to surface data,302005,(Cloud layer),,020011,Cloud amount,,,,Operational
bufr4/3/02/005/3/020012,02,Category 02 — Meteorological sequences common to surface data,302005,(Cloud layer),,020012,Cloud type,,,,Operational
bufr4/3/02/005/4/020013,02,Category 02 — Meteorological sequences common to surface data,302005,(Cloud layer),,020013,Height of base of cloud I.2 – BUFR Table D/02 — 1,,,,Operational
bufr4/3/02/006/1/010004,02,Category 02 — Meteorological sequences common to surface data,302006,(Pressure and 24-hour pressure change),,010004,Pressure,Station level,,,Operational
bufr4/3/02/006/2/010051,02,Category 02 — Meteorological sequences common to surface data,302006,(Pressure and 24-hour pressure change),,010051,Pressure reduced to mean sea level,,,,Operational
bufr4/3/02/006/3/010062,02,Category 02 — Meteorological sequences common to surface data,302006,(Pressure and 24-hour pressure change),,010062,24-hour pressure change,,,,Operational
bufr4/3/02/006/4/010063,02,Category 02 — Meteorological sequences common to surface data,302006,(Pressure and 24-hour pressure change),,010063,Characteristic of pressure tendency,,,,Operational
bufr4/3/02/011/1/302001,02,Category 02 — Meteorological sequences common to surface data,302011,(Low altitude station),,302001,Pressure and 3-hour pressure change,,,,Operational
bufr4/3/02/011/2/302003,02,Category 02 — Meteorological sequences common to surface data,302011,(Low altitude station),,302003,"Wind, temperature, humidity, visibility, weather",,,,Operational
bufr4/3/02/011/3/302004,02,Category 02 — Meteorological sequences common to surface data,302011,(Low altitude station),,302004,General cloud information,Significant cloud layer,,,Operational
bufr4/3/02/012/1/302002,02,Category 02 — Meteorological sequences common to surface data,302012,(High altitude station),,302002,High altitude station,Pressure and pressure change,,,Operational
bufr4/3/02/012/2/302003,02,Category 02 — Meteorological sequences common to surface data,302012,(High altitude station),,302003,"Wind, temperature, humidity, visibility, weather",,,,Operational
bufr4/3/02/012/3/302004,02,Category 02 — Meteorological sequences common to surface data,302012,(High altitude station),,302004,General cloud information,Significant cloud layer,,,Operational
bufr4/3/02/013/1/302006,02,Category 02 — Meteorological sequences common to surface data,302013,(Basic surface report),,302006,Pressure and 24-hour pressure change,,,,Operational
bufr4/3/02/013/2/302003,02,Category 02 — Meteorological sequences common to surface data,302013,(Basic surface report),,302003,"Wind, temperature, humidity, visibility, weather",,,,Operational
bufr4/3/02/013/3/101000,02,Category 02 — Meteorological sequences common to surface data,302013,(Basic surface report),,101000,Delayed replication of 1 descriptor,,,,Operational
bufr4/3/02/013/4/031001,02,Category 02 — Meteorological sequences common to surface data,302013,(Basic surface report),,031001,Delayed descriptor replication factor,,,,Operational
bufr4/3/02/013/5/302005,02,Category 02 — Meteorological sequences common to surface data,302013,(Basic surface report),,302005,Cloud layer,,,,Operational
bufr4/3/02/021/1/022001,02,Category 02 — Meteorological sequences common to surface data,302021,(Waves),,022001,Direction of waves,,,,Operational
bufr4/3/02/021/2/022011,02,Category 02 — Meteorological sequences common to surface data,302021,(Waves),,022011,Period of waves,,,,Operational
bufr4/3/02/021/3/022021,02,Category 02 — Meteorological sequences common to surface data,302021,(Waves),,022021,Height of waves,,,,Operational
bufr4/3/02/022/1/022002,02,Category 02 — Meteorological sequences common to surface data,302022,(Wind waves),,022002,Direction of wind waves,,,,Operational
bufr4/3/02/022/2/022012,02,Category 02 — Meteorological sequences common to surface data,302022,(Wind waves),,022012,Period of wind waves,,,,Operational
bufr4/3/02/022/3/022022,02,Category 02 — Meteorological sequences common to surface data,302022,(Wind waves),,022022,Height of wind waves,,,,Operational
bufr4/3/02/023/1/022003,02,Category 02 — Meteorological sequences common to surface data,302023,(Swell waves),,022003,Direction of swell waves,,,,Operational
bufr4/3/02/023/2/022013,02,Category 02 — Meteorological sequences common to surface data,302023,(Swell waves),,022013,Period of swell waves,,,,Operational
bufr4/3/02/023/3/022023,02,Category 02 — Meteorological sequences common to surface data,302023,(Swell waves),,022023,Height of swell waves I.2 – BUFR Table D/02 — 2,,,,Operational
bufr4/3/02/024/1/302022,02,Category 02 — Meteorological sequences common to surface data,302024,(Wind and swell waves),,302022,Wind waves,,,,Operational
bufr4/3/02/024/2/101002,02,Category 02 — Meteorological sequences common to surface data,302024,(Wind and swell waves),,101002,Replicate 1 descriptor 2 times,,,,Operational
bufr4/3/02/024/3/302023,02,Category 02 — Meteorological sequences common to surface data,302024,(Wind and swell waves),,302023,Swell waves,2 systems of swell,,,Operational
bufr4/3/02/031/1/302001,02,Category 02 — Meteorological sequences common to surface data,302031,(Pressure information),,302001,Pressure and 3-hour pressure change,,,,Operational
bufr4/3/02/031/2/010062,02,Category 02 — Meteorological sequences common to surface data,302031,(Pressure information),,010062,24-hour pressure change,,,,Operational
bufr4/3/02/031/3/007004,02,Category 02 — Meteorological sequences common to surface data,302031,(Pressure information),,007004,Pressure,Standard level,,,Operational
bufr4/3/02/031/4/010009,02,Category 02 — Meteorological sequences common to surface data,302031,(Pressure information),,010009,Geopotential height,,,,Operational
bufr4/3/02/032/1/007032,02,Category 02 — Meteorological sequences common to surface data,302032,(Temperature and humidity data),,007032,Height of sensor above local ground (or deck of marine platform),Temperature and humidity measurement,,,Operational
bufr4/3/02/032/2/012101,02,Category 02 — Meteorological sequences common to surface data,302032,(Temperature and humidity data),,012101,Temperature/air temperature,Scale: 2,,,Operational
bufr4/3/02/032/3/012103,02,Category 02 — Meteorological sequences common to surface data,302032,(Temperature and humidity data),,012103,Dewpoint temperature,Scale: 2,,,Operational
bufr4/3/02/032/4/013003,02,Category 02 — Meteorological sequences common to surface data,302032,(Temperature and humidity data),,013003,Relative humidity,,,,Operational
bufr4/3/02/033/1/007032,02,Category 02 — Meteorological sequences common to surface data,302033,(Visibility data),,007032,Height of sensor above local ground (or deck of marine platform),Visibility measurement,,,Operational
bufr4/3/02/033/2/020001,02,Category 02 — Meteorological sequences common to surface data,302033,(Visibility data),,020001,Horizontal visibility,,,,Operational
bufr4/3/02/034/1/007032,02,Category 02 — Meteorological sequences common to surface data,302034,(Precipitation past 24 hours),,007032,Height of sensor above local ground (or deck of marine platform),Precipitation measurement,,,Operational
bufr4/3/02/034/2/013023,02,Category 02 — Meteorological sequences common to surface data,302034,(Precipitation past 24 hours),,013023,Total precipitation past 24 hours,,,,Operational
bufr4/3/02/035/1/302032,02,Category 02 — Meteorological sequences common to surface data,302035,(Basic synoptic “instantaneous” data),,302032,Temperature and humidity data,,,,Operational
bufr4/3/02/035/2/302033,02,Category 02 — Meteorological sequences common to surface data,302035,(Basic synoptic “instantaneous” data),,302033,Visibility data,,,,Operational
bufr4/3/02/035/3/302034,02,Category 02 — Meteorological sequences common to surface data,302035,(Basic synoptic “instantaneous” data),,302034,Precipitation past 24 hours,,,,Operational
bufr4/3/02/035/4/007032,02,Category 02 — Meteorological sequences common to surface data,302035,(Basic synoptic “instantaneous” data),,007032,Height of sensor above local ground (or deck of marine platform),Set to missing (cancel),,,Operational
bufr4/3/02/035/5/302004,02,Category 02 — Meteorological sequences common to surface data,302035,(Basic synoptic “instantaneous” data),,302004,General cloud information,,,,Operational
bufr4/3/02/035/6/101000,02,Category 02 — Meteorological sequences common to surface data,302035,(Basic synoptic “instantaneous” data),,101000,Delayed replication of 1 descriptor,,,,Operational
bufr4/3/02/035/7/031001,02,Category 02 — Meteorological sequences common to surface data,302035,(Basic synoptic “instantaneous” data),,031001,Delayed descriptor replication factor,,,,Operational
bufr4/3/02/035/8/302005,02,Category 02 — Meteorological sequences common to surface data,302035,(Basic synoptic “instantaneous” data),,302005,Cloud layer I.2 – BUFR Table D/02 — 3,Individual cloud layer or mass,,,Operational
bufr4/3/02/036/1/105000,02,Category 02 — Meteorological sequences common to surface data,302036,(Clouds with bases below station level),,105000,Delayed replication of 5 descriptors,,,,Operational
bufr4/3/02/036/2/031001,02,Category 02 — Meteorological sequences common to surface data,302036,(Clouds with bases below station level),,031001,Delayed descriptor replication factor,,,,Operational
bufr4/3/02/036/3/008002,02,Category 02 — Meteorological sequences common to surface data,302036,(Clouds with bases below station level),,008002,Vertical significance (surface observations),,,,Operational
bufr4/3/02/036/4/020011,02,Category 02 — Meteorological sequences common to surface data,302036,(Clouds with bases below station level),,020011,Cloud amount,,,,Operational
bufr4/3/02/036/5/020012,02,Category 02 — Meteorological sequences common to surface data,302036,(Clouds with bases below station level),,020012,Cloud type,,,,Operational
bufr4/3/02/036/6/020014,02,Category 02 — Meteorological sequences common to surface data,302036,(Clouds with bases below station level),,020014,Height of top of cloud,,,,Operational
bufr4/3/02/036/7/020017,02,Category 02 — Meteorological sequences common to surface data,302036,(Clouds with bases below station level),,020017,Cloud top description,,,,Operational
bufr4/3/02/037/1/020062,02,Category 02 — Meteorological sequences common to surface data,302037,"(State of ground, snow depth, ground minimum temperature)",,020062,State of the ground (with or without snow),,,,Operational
bufr4/3/02/037/2/013013,02,Category 02 — Meteorological sequences common to surface data,302037,"(State of ground, snow depth, ground minimum temperature)",,013013,Total snow depth,,,,Operational
bufr4/3/02/037/3/012113,02,Category 02 — Meteorological sequences common to surface data,302037,"(State of ground, snow depth, ground minimum temperature)",,012113,"Ground minimum temperature, past 12 hours",Scale: 2,,,Operational
bufr4/3/02/038/1/020003,02,Category 02 — Meteorological sequences common to surface data,302038,(Present and past weather),,020003,Present weather,,,,Operational
bufr4/3/02/038/2/004024,02,Category 02 — Meteorological sequences common to surface data,302038,(Present and past weather),,004024,Time period or displacement,Hours,,,Operational
bufr4/3/02/038/3/020004,02,Category 02 — Meteorological sequences common to surface data,302038,(Present and past weather),,020004,Past weather (1),,,,Operational
bufr4/3/02/038/4/020005,02,Category 02 — Meteorological sequences common to surface data,302038,(Present and past weather),,020005,Past weather (2),,,,Operational
bufr4/3/02/039/1/004024,02,Category 02 — Meteorological sequences common to surface data,302039,(Sunshine data (from 1 hour and 24-hour period)),,004024,Time period or displacement,Hours,,,Operational
bufr4/3/02/039/2/014031,02,Category 02 — Meteorological sequences common to surface data,302039,(Sunshine data (from 1 hour and 24-hour period)),,014031,Total sunshine,,,,Operational
bufr4/3/02/040/1/007032,02,Category 02 — Meteorological sequences common to surface data,302040,(Precipitation measurement),,007032,Height of sensor above local ground (or deck of marine platform),Precipitation measurement,,,Operational
bufr4/3/02/040/2/102002,02,Category 02 — Meteorological sequences common to surface data,302040,(Precipitation measurement),,102002,Replicate 2 descriptors 2 times,,,,Operational
bufr4/3/02/040/3/004024,02,Category 02 — Meteorological sequences common to surface data,302040,(Precipitation measurement),,004024,Time period or displacement,Hours,,,Operational
bufr4/3/02/040/4/013011,02,Category 02 — Meteorological sequences common to surface data,302040,(Precipitation measurement),,013011,Total precipitation/total water equivalent,,,,Operational
bufr4/3/02/041/1/007032,02,Category 02 — Meteorological sequences common to surface data,302041,(Extreme temperature data),,007032,Height of sensor above local ground (or deck of marine platform),Temperature measurement,,,Operational
bufr4/3/02/041/2/004024,02,Category 02 — Meteorological sequences common to surface data,302041,(Extreme temperature data),,004024,Time period or displacement,,,,Operational
bufr4/3/02/041/3/004024,02,Category 02 — Meteorological sequences common to surface data,302041,(Extreme temperature data),,004024,Time period or displacement (see Notes 1 and 2),,,,Operational
bufr4/3/02/041/4/012111,02,Category 02 — Meteorological sequences common to surface data,302041,(Extreme temperature data),,012111,"Maximum temperature, at height and over period specified",Scale: 2,,,Operational
bufr4/3/02/041/5/004024,02,Category 02 — Meteorological sequences common to surface data,302041,(Extreme temperature data),,004024,Time period or displacement,,,,Operational
bufr4/3/02/041/6/004024,02,Category 02 — Meteorological sequences common to surface data,302041,(Extreme temperature data),,004024,Time period or displacement (see Note 2),,,,Operational
bufr4/3/02/041/7/012112,02,Category 02 — Meteorological sequences common to surface data,302041,(Extreme temperature data),,012112,"Minimum temperature, at height and over period specified I.2 – BUFR Table D/02 — 4",Scale: 2,,,Operational
bufr4/3/02/042/1/007032,02,Category 02 — Meteorological sequences common to surface data,302042,(Wind data),,007032,Height of sensor above local ground (or deck of marine platform),Wind measurement,,,Operational
bufr4/3/02/042/2/002002,02,Category 02 — Meteorological sequences common to surface data,302042,(Wind data),,002002,Type of instrumentation for wind measurement,,,,Operational
bufr4/3/02/042/3/008021,02,Category 02 — Meteorological sequences common to surface data,302042,(Wind data),,008021,Time significance,= 2 Time averaged,,,Operational
bufr4/3/02/042/4/004025,02,Category 02 — Meteorological sequences common to surface data,302042,(Wind data),,004025,Time period or displacement,"=–10 minutes, or number of minutes after a significant change of wind",,,Operational
bufr4/3/02/042/5/011001,02,Category 02 — Meteorological sequences common to surface data,302042,(Wind data),,011001,Wind direction,,,,Operational
bufr4/3/02/042/6/011002,02,Category 02 — Meteorological sequences common to surface data,302042,(Wind data),,011002,Wind speed,,,,Operational
bufr4/3/02/042/7/008021,02,Category 02 — Meteorological sequences common to surface data,302042,(Wind data),,008021,Time significance,Set to missing,,,Operational
bufr4/3/02/042/8/103002,02,Category 02 — Meteorological sequences common to surface data,302042,(Wind data),,103002,Replicate 3 descriptors 2 times,,,,Operational
bufr4/3/02/042/9/004025,02,Category 02 — Meteorological sequences common to surface data,302042,(Wind data),,004025,Time period or displacement,Minutes,,,Operational
bufr4/3/02/042/10/011043,02,Category 02 — Meteorological sequences common to surface data,302042,(Wind data),,011043,Maximum wind gust direction,,,,Operational
bufr4/3/02/042/11/011041,02,Category 02 — Meteorological sequences common to surface data,302042,(Wind data),,011041,Maximum wind gust speed,,,,Operational
bufr4/3/02/043/1/302038,02,Category 02 — Meteorological sequences common to surface data,302043,(Basic synoptic “period” data),,302038,Present and past weather,,,,Operational
bufr4/3/02/043/2/101002,02,Category 02 — Meteorological sequences common to surface data,302043,(Basic synoptic “period” data),,101002,Replicate 1 descriptor 2 times,,,,Operational
bufr4/3/02/043/3/302039,02,Category 02 — Meteorological sequences common to surface data,302043,(Basic synoptic “period” data),,302039,Sunshine data (from 1 hour and 24-hour period),,,,Operational
bufr4/3/02/043/4/302040,02,Category 02 — Meteorological sequences common to surface data,302043,(Basic synoptic “period” data),,302040,Precipitation measurement,,,,Operational
bufr4/3/02/043/5/302041,02,Category 02 — Meteorological sequences common to surface data,302043,(Basic synoptic “period” data),,302041,Extreme temperature data,,,,Operational
bufr4/3/02/043/6/302042,02,Category 02 — Meteorological sequences common to surface data,302043,(Basic synoptic “period” data),,302042,Wind data,,,,Operational
bufr4/3/02/043/7/007032,02,Category 02 — Meteorological sequences common to surface data,302043,(Basic synoptic “period” data),,007032,Height of sensor above local ground (or deck of marine platform),Set to missing (cancel),,,Operational
bufr4/3/02/044/1/004024,02,Category 02 — Meteorological sequences common to surface data,302044,(Evaporation data),,004024,Time period or displacement,Hours,,,Operational
bufr4/3/02/044/2/002004,02,Category 02 — Meteorological sequences common to surface data,302044,(Evaporation data),,002004,Type of instrumentation for evaporation measurement or type of crop for which evapotranspiration is reported,,,,Operational
bufr4/3/02/044/3/013033,02,Category 02 — Meteorological sequences common to surface data,302044,(Evaporation data),,013033,Evaporation/evapotranspiration,,,,Operational
bufr4/3/02/045/1/004024,02,Category 02 — Meteorological sequences common to surface data,302045,(Radiation data (from 1 hour and 24-hour period)),,004024,Time period or displacement,Hours,,,Operational
bufr4/3/02/045/2/014002,02,Category 02 — Meteorological sequences common to surface data,302045,(Radiation data (from 1 hour and 24-hour period)),,014002,"Long-wave radiation, integrated over period specified",,,,Operational
bufr4/3/02/045/3/014004,02,Category 02 — Meteorological sequences common to surface data,302045,(Radiation data (from 1 hour and 24-hour period)),,014004,"Short-wave radiation, integrated over period specified",,,,Operational
bufr4/3/02/045/4/014016,02,Category 02 — Meteorological sequences common to surface data,302045,(Radiation data (from 1 hour and 24-hour period)),,014016,"Net radiation, integrated over period specified",,,,Operational
bufr4/3/02/045/5/014028,02,Category 02 — Meteorological sequences common to surface data,302045,(Radiation data (from 1 hour and 24-hour period)),,014028,"Global solar radiation (high accuracy), integrated over period specified",,,,Operational
bufr4/3/02/045/6/014029,02,Category 02 — Meteorological sequences common to surface data,302045,(Radiation data (from 1 hour and 24-hour period)),,014029,"Diffuse solar radiation (high accuracy), integrated over period specified",,,,Operational
bufr4/3/02/045/7/014030,02,Category 02 — Meteorological sequences common to surface data,302045,(Radiation data (from 1 hour and 24-hour period)),,014030,"Direct solar radiation (high accuracy), integrated over period specified I.2 – BUFR Table D/02 — 5",,,,Operational
bufr4/3/02/046/1/004024,02,Category 02 — Meteorological sequences common to surface data,302046,(Temperature change),,004024,Time period or displacement,,,,Operational
bufr4/3/02/046/2/004024,02,Category 02 — Meteorological sequences common to surface data,302046,(Temperature change),,004024,Time period or displacement (see Note 3),,,,Operational
bufr4/3/02/046/3/012049,02,Category 02 — Meteorological sequences common to surface data,302046,(Temperature change),,012049,Temperature change over specified period,,,,Operational
bufr4/3/02/047/1/102003,02,Category 02 — Meteorological sequences common to surface data,302047,(Direction of cloud drift),,102003,Replicate 2 descriptors 3 times,,,,Operational
bufr4/3/02/047/2/008002,02,Category 02 — Meteorological sequences common to surface data,302047,(Direction of cloud drift),,008002,Vertical significance (surface observations),,,,Operational
bufr4/3/02/047/3/020054,02,Category 02 — Meteorological sequences common to surface data,302047,(Direction of cloud drift),,020054,True direction from which a phenomenon or clouds are moving or in which they are observed,,,,Operational
bufr4/3/02/048/1/005021,02,Category 02 — Meteorological sequences common to surface data,302048,(Direction and elevation of cloud),,005021,Bearing or azimuth,,,,Operational
bufr4/3/02/048/2/007021,02,Category 02 — Meteorological sequences common to surface data,302048,(Direction and elevation of cloud),,007021,Elevation,Elevation angle,,,Operational
bufr4/3/02/048/3/020012,02,Category 02 — Meteorological sequences common to surface data,302048,(Direction and elevation of cloud),,020012,Cloud type,,,,Operational
bufr4/3/02/048/4/005021,02,Category 02 — Meteorological sequences common to surface data,302048,(Direction and elevation of cloud),,005021,Bearing or azimuth,Set to missing (cancel),,,Operational
bufr4/3/02/048/5/007021,02,Category 02 — Meteorological sequences common to surface data,302048,(Direction and elevation of cloud),,007021,Elevation,Set to missing (cancel),,,Operational
bufr4/3/02/049/1/008002,02,Category 02 — Meteorological sequences common to surface data,302049,(Cloud information reported with vertical soundings),,008002,Vertical significance (surface observations),,,,Operational
bufr4/3/02/049/2/020011,02,Category 02 — Meteorological sequences common to surface data,302049,(Cloud information reported with vertical soundings),,020011,Cloud amount,Low or middle clouds N h,,,Operational
bufr4/3/02/049/3/020013,02,Category 02 — Meteorological sequences common to surface data,302049,(Cloud information reported with vertical soundings),,020013,Height of base of cloud,h,,,Operational
bufr4/3/02/049/4/020012,02,Category 02 — Meteorological sequences common to surface data,302049,(Cloud information reported with vertical soundings),,020012,Cloud type,Low clouds C L,,,Operational
bufr4/3/02/049/5/020012,02,Category 02 — Meteorological sequences common to surface data,302049,(Cloud information reported with vertical soundings),,020012,Cloud type,Middle clouds C M,,,Operational
bufr4/3/02/049/6/020012,02,Category 02 — Meteorological sequences common to surface data,302049,(Cloud information reported with vertical soundings),,020012,Cloud type,High clouds C H,,,Operational
bufr4/3/02/049/7/008002,02,Category 02 — Meteorological sequences common to surface data,302049,(Cloud information reported with vertical soundings),,008002,Vertical significance (surface observations),Set to missing,,,Operational
bufr4/3/02/050/1/008041,02,Category 02 — Meteorological sequences common to surface data,302050,(Radiosonde surface observation),,008041,Data significance,= 5 Surface observation displacement from launch point,,,Operational
bufr4/3/02/050/2/005021,02,Category 02 — Meteorological sequences common to surface data,302050,(Radiosonde surface observation),,005021,Bearing or azimuth,,,,Operational
bufr4/3/02/050/3/007005,02,Category 02 — Meteorological sequences common to surface data,302050,(Radiosonde surface observation),,007005,Height increment,,,,Operational
bufr4/3/02/050/4/202130,02,Category 02 — Meteorological sequences common to surface data,302050,(Radiosonde surface observation),,202130,Change scale,,,,Operational
bufr4/3/02/050/5/006021,02,Category 02 — Meteorological sequences common to surface data,302050,(Radiosonde surface observation),,006021,Distance,,,,Operational
bufr4/3/02/050/6/202000,02,Category 02 — Meteorological sequences common to surface data,302050,(Radiosonde surface observation),,202000,Change scale,Cancel,,,Operational
bufr4/3/02/050/7/008041,02,Category 02 — Meteorological sequences common to surface data,302050,(Radiosonde surface observation),,008041,Data significance,= 4 Surface observation,,,Operational
bufr4/3/02/050/8/201131,02,Category 02 — Meteorological sequences common to surface data,302050,(Radiosonde surface observation),,201131,Change data width,,,,Operational
bufr4/3/02/050/9/202129,02,Category 02 — Meteorological sequences common to surface data,302050,(Radiosonde surface observation),,202129,Change scale,,,,Operational
bufr4/3/02/050/10/002115,02,Category 02 — Meteorological sequences common to surface data,302050,(Radiosonde surface observation),,002115,Type of surface observing equipment,,,,Operational
bufr4/3/02/050/11/010004,02,Category 02 — Meteorological sequences common to surface data,302050,(Radiosonde surface observation),,010004,Pressure I.2 – BUFR Table D/02 — 6,,,,Operational
bufr4/3/02/050/12/002115,02,Category 02 — Meteorological sequences common to surface data,302050,,,002115,Type of surface observing equipment,,,,Operational
bufr4/3/02/050/13/013003,02,Category 02 — Meteorological sequences common to surface data,302050,,,013003,Relative humidity,,,,Operational
bufr4/3/02/050/14/202000,02,Category 02 — Meteorological sequences common to surface data,302050,,,202000,Change scale,Cancel,,,Operational
bufr4/3/02/050/15/201000,02,Category 02 — Meteorological sequences common to surface data,302050,,,201000,Change data width,Cancel,,,Operational
bufr4/3/02/050/16/002115,02,Category 02 — Meteorological sequences common to surface data,302050,,,002115,Type of surface observing equipment,,,,Operational
bufr4/3/02/050/17/011001,02,Category 02 — Meteorological sequences common to surface data,302050,,,011001,Wind direction,,,,Operational
bufr4/3/02/050/18/011002,02,Category 02 — Meteorological sequences common to surface data,302050,,,011002,Wind speed,,,,Operational
bufr4/3/02/050/19/002115,02,Category 02 — Meteorological sequences common to surface data,302050,,,002115,Type of surface observing equipment,,,,Operational
bufr4/3/02/050/20/102002,02,Category 02 — Meteorological sequences common to surface data,302050,,,102002,Replicate 2 descriptors 2 times,,,,Operational
bufr4/3/02/050/21/012101,02,Category 02 — Meteorological sequences common to surface data,302050,,,012101,Temperature/air temperature,,,,Operational
bufr4/3/02/050/22/004024,02,Category 02 — Meteorological sequences common to surface data,302050,,,004024,Time period or displacement,Hours,,,Operational
bufr4/3/02/050/23/002115,02,Category 02 — Meteorological sequences common to surface data,302050,,,002115,Type of surface observing equipment,,,,Operational
bufr4/3/02/050/24/012103,02,Category 02 — Meteorological sequences common to surface data,302050,,,012103,Dewpoint temperature,,,,Operational
bufr4/3/02/050/25/012102,02,Category 02 — Meteorological sequences common to surface data,302050,,,012102,Wet-bulb temperature,,,,Operational
bufr4/3/02/050/26/101003,02,Category 02 — Meteorological sequences common to surface data,302050,,,101003,Replicate 1 descriptor 3 times,,,,Operational
bufr4/3/02/050/27/020012,02,Category 02 — Meteorological sequences common to surface data,302050,,,020012,Cloud type,,,,Operational
bufr4/3/02/050/28/020011,02,Category 02 — Meteorological sequences common to surface data,302050,,,020011,Cloud amount,,,,Operational
bufr4/3/02/050/29/020013,02,Category 02 — Meteorological sequences common to surface data,302050,,,020013,Height of base of cloud,,,,Operational
bufr4/3/02/050/30/101002,02,Category 02 — Meteorological sequences common to surface data,302050,,,101002,Replicate 1 descriptor 2 times,,,,Operational
bufr4/3/02/050/31/020003,02,Category 02 — Meteorological sequences common to surface data,302050,,,020003,Present weather,,,,Operational
bufr4/3/02/051/1/010004,02,Category 02 — Meteorological sequences common to surface data,302051,,,010004,Pressure,,,,Operational
bufr4/3/02/051/2/010051,02,Category 02 — Meteorological sequences common to surface data,302051,,,010051,Pressure reduced to mean sea level,,,,Operational
bufr4/3/02/051/3/007004,02,Category 02 — Meteorological sequences common to surface data,302051,,,007004,Pressure,Vertical location,,,Operational
bufr4/3/02/051/4/010003,02,Category 02 — Meteorological sequences common to surface data,302051,,,010003,Geopotential,,,,Operational
bufr4/3/02/051/5/012004,02,Category 02 — Meteorological sequences common to surface data,302051,,,012004,Air temperature at 2 m,,,,Operational
bufr4/3/02/051/6/012051,02,Category 02 — Meteorological sequences common to surface data,302051,,,012051,Standard deviation temperature,,,,Operational
bufr4/3/02/051/7/012016,02,Category 02 — Meteorological sequences common to surface data,302051,,,012016,"Maximum temperature at 2 m, past 24 hours",,,,Operational
bufr4/3/02/051/8/012017,02,Category 02 — Meteorological sequences common to surface data,302051,,,012017,"Minimum temperature at 2 m, past 24 hours",,,,Operational
bufr4/3/02/051/9/013004,02,Category 02 — Meteorological sequences common to surface data,302051,,,013004,Vapour pressure,,,,Operational
bufr4/3/02/051/10/102004,02,Category 02 — Meteorological sequences common to surface data,302051,,,102004,Replicate 2 descriptors 4 times,,,,Operational
bufr4/3/02/051/11/008051,02,Category 02 — Meteorological sequences common to surface data,302051,,,008051,Qualifier for number of missing values in calculation of statistic,,,,Operational
bufr4/3/02/051/12/008020,02,Category 02 — Meteorological sequences common to surface data,302051,,,008020,Total number of missing entities (with respect to accumulation or average),,,,Operational
bufr4/3/02/052/1/007032,02,Category 02 — Meteorological sequences common to surface data,302052,(Ship temperature and humidity data),,007032,Height of sensor above local ground (or deck of marine platform),Temperature and humidity measurement,,,Operational
bufr4/3/02/052/2/007033,02,Category 02 — Meteorological sequences common to surface data,302052,(Ship temperature and humidity data),,007033,Height of sensor above water surface,Temperature and humidity measurement,,,Operational
bufr4/3/02/052/3/012101,02,Category 02 — Meteorological sequences common to surface data,302052,(Ship temperature and humidity data),,012101,Temperature/air temperature,Scale: 2,,,Operational
bufr4/3/02/052/4/002039,02,Category 02 — Meteorological sequences common to surface data,302052,(Ship temperature and humidity data),,002039,Method of wet-bulb temperature measurement,,,,Operational
bufr4/3/02/052/5/012102,02,Category 02 — Meteorological sequences common to surface data,302052,(Ship temperature and humidity data),,012102,Wet-bulb temperature,Scale: 2,,,Operational
bufr4/3/02/052/6/012103,02,Category 02 — Meteorological sequences common to surface data,302052,(Ship temperature and humidity data),,012103,Dewpoint temperature,Scale: 2,,,Operational
bufr4/3/02/052/7/013003,02,Category 02 — Meteorological sequences common to surface data,302052,(Ship temperature and humidity data),,013003,Relative humidity I.2 – BUFR Table D/02 — 7,,,,Operational
bufr4/3/02/053/1/007032,02,Category 02 — Meteorological sequences common to surface data,302053,(Ship visibility data),,007032,Height of sensor above local ground (or deck of marine platform),Visibility measurement,,,Operational
bufr4/3/02/053/2/007033,02,Category 02 — Meteorological sequences common to surface data,302053,(Ship visibility data),,007033,Height of sensor above water surface,Visibility measurement,,,Operational
bufr4/3/02/053/3/020001,02,Category 02 — Meteorological sequences common to surface data,302053,(Ship visibility data),,020001,Horizontal visibility,,,,Operational
bufr4/3/02/054/1/302052,02,Category 02 — Meteorological sequences common to surface data,302054,(Ship “instantaneous” data),,302052,Ship temperature and humidity data,,,,Operational
bufr4/3/02/054/2/302053,02,Category 02 — Meteorological sequences common to surface data,302054,(Ship “instantaneous” data),,302053,Ship visibility data,,,,Operational
bufr4/3/02/054/3/007033,02,Category 02 — Meteorological sequences common to surface data,302054,(Ship “instantaneous” data),,007033,Height of sensor above water surface,Set to missing (cancel),,,Operational
bufr4/3/02/054/4/302034,02,Category 02 — Meteorological sequences common to surface data,302054,(Ship “instantaneous” data),,302034,Precipitation past 24 hours,,,,Operational
bufr4/3/02/054/5/007032,02,Category 02 — Meteorological sequences common to surface data,302054,(Ship “instantaneous” data),,007032,Height of sensor above local ground (or deck of marine platform),Set to missing (cancel),,,Operational
bufr4/3/02/054/6/302004,02,Category 02 — Meteorological sequences common to surface data,302054,(Ship “instantaneous” data),,302004,General cloud information,,,,Operational
bufr4/3/02/054/7/101000,02,Category 02 — Meteorological sequences common to surface data,302054,(Ship “instantaneous” data),,101000,Delayed replication of 1 descriptor,,,,Operational
bufr4/3/02/054/8/031001,02,Category 02 — Meteorological sequences common to surface data,302054,(Ship “instantaneous” data),,031001,Delayed descriptor replication factor,,,,Operational
bufr4/3/02/054/9/302005,02,Category 02 — Meteorological sequences common to surface data,302054,(Ship “instantaneous” data),,302005,Cloud layer,,,,Operational
bufr4/3/02/055/1/020031,02,Category 02 — Meteorological sequences common to surface data,302055,(Icing and ice),,020031,Ice deposit (thickness),,,,Operational
bufr4/3/02/055/2/020032,02,Category 02 — Meteorological sequences common to surface data,302055,(Icing and ice),,020032,Rate of ice accretion (estimated),,,,Operational
bufr4/3/02/055/3/020033,02,Category 02 — Meteorological sequences common to surface data,302055,(Icing and ice),,020033,Cause of ice accretion,,,,Operational
bufr4/3/02/055/4/020034,02,Category 02 — Meteorological sequences common to surface data,302055,(Icing and ice),,020034,Sea-ice concentration,,,,Operational
bufr4/3/02/055/5/020035,02,Category 02 — Meteorological sequences common to surface data,302055,(Icing and ice),,020035,Amount and type of ice,,,,Operational
bufr4/3/02/055/6/020036,02,Category 02 — Meteorological sequences common to surface data,302055,(Icing and ice),,020036,Ice situation,,,,Operational
bufr4/3/02/055/7/020037,02,Category 02 — Meteorological sequences common to surface data,302055,(Icing and ice),,020037,Ice development,,,,Operational
bufr4/3/02/055/8/020038,02,Category 02 — Meteorological sequences common to surface data,302055,(Icing and ice),,020038,Bearing of ice edge,,,,Operational
bufr4/3/02/056/1/002038,02,Category 02 — Meteorological sequences common to surface data,302056,(Sea/water temperature),,002038,Method of water temperature and/or salinity measurement,,,,Operational
bufr4/3/02/056/2/007063,02,Category 02 — Meteorological sequences common to surface data,302056,(Sea/water temperature),,007063,Depth below sea/water surface (cm),Sea-surface temperature measurement,,,Operational
bufr4/3/02/056/3/022043,02,Category 02 — Meteorological sequences common to surface data,302056,(Sea/water temperature),,022043,Sea/water temperature,,,,Operational
bufr4/3/02/056/4/007063,02,Category 02 — Meteorological sequences common to surface data,302056,(Sea/water temperature),,007063,Depth below sea/water surface (cm),Set to missing (cancel),,,Operational
bufr4/3/02/057/1/302056,02,Category 02 — Meteorological sequences common to surface data,302057,(Ship marine data),,302056,Sea/water temperature,"Sea-surface temperature, method of measurement, and depth below sea surface",,,Operational
bufr4/3/02/057/2/302021,02,Category 02 — Meteorological sequences common to surface data,302057,(Ship marine data),,302021,Waves,,,,Operational
bufr4/3/02/057/3/302024,02,Category 02 — Meteorological sequences common to surface data,302057,(Ship marine data),,302024,Wind and swell waves I.2 – BUFR Table D/02 — 8,,,,Operational
bufr4/3/02/058/1/007032,02,Category 02 — Meteorological sequences common to surface data,302058,(Ship extreme temperature data),,007032,Height of sensor above local ground (or deck of marine platform),Temperature measurement,,,Operational
bufr4/3/02/058/2/007033,02,Category 02 — Meteorological sequences common to surface data,302058,(Ship extreme temperature data),,007033,Height of sensor above water surface,Temperature measurement,,,Operational
bufr4/3/02/058/3/004024,02,Category 02 — Meteorological sequences common to surface data,302058,(Ship extreme temperature data),,004024,Time period or displacement,,,,Operational
bufr4/3/02/058/4/004024,02,Category 02 — Meteorological sequences common to surface data,302058,(Ship extreme temperature data),,004024,Time period or displacement (see Notes 1 and 2),,,,Operational
bufr4/3/02/058/5/012111,02,Category 02 — Meteorological sequences common to surface data,302058,(Ship extreme temperature data),,012111,"Maximum temperature, at height and over period specified",Scale: 2,,,Operational
bufr4/3/02/058/6/004024,02,Category 02 — Meteorological sequences common to surface data,302058,(Ship extreme temperature data),,004024,Time period or displacement,,,,Operational
bufr4/3/02/058/7/004024,02,Category 02 — Meteorological sequences common to surface data,302058,(Ship extreme temperature data),,004024,Time period or displacement (see Note 2),,,,Operational
bufr4/3/02/058/8/012112,02,Category 02 — Meteorological sequences common to surface data,302058,(Ship extreme temperature data),,012112,"Minimum temperature, at height and over period specified",Scale: 2,,,Operational
bufr4/3/02/059/1/007032,02,Category 02 — Meteorological sequences common to surface data,302059,(Ship wind data),,007032,Height of sensor above local ground (or deck of marine platform),Wind measurement,,,Operational
bufr4/3/02/059/2/007033,02,Category 02 — Meteorological sequences common to surface data,302059,(Ship wind data),,007033,Height of sensor above water surface,Wind measurement,,,Operational
bufr4/3/02/059/3/002002,02,Category 02 — Meteorological sequences common to surface data,302059,(Ship wind data),,002002,Type of instrumentation for wind measurement,,,,Operational
bufr4/3/02/059/4/008021,02,Category 02 — Meteorological sequences common to surface data,302059,(Ship wind data),,008021,Time significance,= 2 Time averaged,,,Operational
bufr4/3/02/059/5/004025,02,Category 02 — Meteorological sequences common to surface data,302059,(Ship wind data),,004025,Time period or displacement,"=–10 minutes, or number of minutes after a significant change of wind",,,Operational
bufr4/3/02/059/6/011001,02,Category 02 — Meteorological sequences common to surface data,302059,(Ship wind data),,011001,Wind direction,,,,Operational
bufr4/3/02/059/7/011002,02,Category 02 — Meteorological sequences common to surface data,302059,(Ship wind data),,011002,Wind speed,,,,Operational
bufr4/3/02/059/8/008021,02,Category 02 — Meteorological sequences common to surface data,302059,(Ship wind data),,008021,Time significance,Set to missing,,,Operational
bufr4/3/02/059/9/103002,02,Category 02 — Meteorological sequences common to surface data,302059,(Ship wind data),,103002,Replicate 3 descriptors 2 times,,,,Operational
bufr4/3/02/059/10/004025,02,Category 02 — Meteorological sequences common to surface data,302059,(Ship wind data),,004025,Time period or displacement,Minutes,,,Operational
bufr4/3/02/059/11/011043,02,Category 02 — Meteorological sequences common to surface data,302059,(Ship wind data),,011043,Maximum wind gust direction,,,,Operational
bufr4/3/02/059/12/011041,02,Category 02 — Meteorological sequences common to surface data,302059,(Ship wind data),,011041,Maximum wind gust speed,,,,Operational
bufr4/3/02/060/1/302038,02,Category 02 — Meteorological sequences common to surface data,302060,(Ship “period” data),,302038,Present and past weather,,,,Operational
bufr4/3/02/060/2/302040,02,Category 02 — Meteorological sequences common to surface data,302060,(Ship “period” data),,302040,Precipitation measurement,,,,Operational
bufr4/3/02/060/3/302058,02,Category 02 — Meteorological sequences common to surface data,302060,(Ship “period” data),,302058,Ship extreme temperature data,,,,Operational
bufr4/3/02/060/4/302059,02,Category 02 — Meteorological sequences common to surface data,302060,(Ship “period” data),,302059,Ship wind data,,,,Operational
bufr4/3/02/062/1/025188,02,Category 02 — Meteorological sequences common to surface data,302062,(Ship “instantaneous” data),,025188,Method for reducing pressure to sea level,,,,Operational
bufr4/3/02/062/2/302001,02,Category 02 — Meteorological sequences common to surface data,302062,(Ship “instantaneous” data),,302001,Pressure and 3-hour pressure change,,,,Operational
bufr4/3/02/062/3/302093,02,Category 02 — Meteorological sequences common to surface data,302062,(Ship “instantaneous” data),,302093,Extended ship temperature and humidity data,,,,Operational
bufr4/3/02/062/4/101000,02,Category 02 — Meteorological sequences common to surface data,302062,(Ship “instantaneous” data),,101000,Delayed replication of 1 descriptor,,,,Operational
bufr4/3/02/062/5/031000,02,Category 02 — Meteorological sequences common to surface data,302062,(Ship “instantaneous” data),,031000,Short delayed descriptor replication factor,,,,Operational
bufr4/3/02/062/6/302053,02,Category 02 — Meteorological sequences common to surface data,302062,(Ship “instantaneous” data),,302053,Ship visibility data,,,,Operational
bufr4/3/02/062/7/007032,02,Category 02 — Meteorological sequences common to surface data,302062,(Ship “instantaneous” data),,007032,Height of sensor above local ground (or deck of marine platform) I.2 – BUFR Table D/02 — 9,Set to missing (cancel),,,Operational
bufr4/3/02/062/8/007033,02,Category 02 — Meteorological sequences common to surface data,302062,,,007033,Height of sensor above water surface,Set to missing (cancel),,,Operational
bufr4/3/02/062/9/101000,02,Category 02 — Meteorological sequences common to surface data,302062,,,101000,Delayed replication of 1 descriptor,,,,Operational
bufr4/3/02/062/10/031000,02,Category 02 — Meteorological sequences common to surface data,302062,,,031000,Short delayed descriptor replication factor,,,,Operational
bufr4/3/02/062/11/302004,02,Category 02 — Meteorological sequences common to surface data,302062,,,302004,General cloud information,,,,Operational
bufr4/3/02/062/12/101000,02,Category 02 — Meteorological sequences common to surface data,302062,,,101000,Delayed replication of 1 descriptor,,,,Operational
bufr4/3/02/062/13/031001,02,Category 02 — Meteorological sequences common to surface data,302062,,,031001,Delayed descriptor replication factor,,,,Operational
bufr4/3/02/062/14/302005,02,Category 02 — Meteorological sequences common to surface data,302062,,,302005,Cloud layer,,,,Operational
bufr4/3/02/062/15/008002,02,Category 02 — Meteorological sequences common to surface data,302062,,,008002,Vertical significance (surface observations),Set to missing (cancel),,,Operational
bufr4/3/02/062/16/101000,02,Category 02 — Meteorological sequences common to surface data,302062,,,101000,Delayed replication of 1 descriptor,,,,Operational
bufr4/3/02/062/17/031000,02,Category 02 — Meteorological sequences common to surface data,302062,,,031000,Short delayed descriptor replication factor,,,,Operational
bufr4/3/02/062/18/302055,02,Category 02 — Meteorological sequences common to surface data,302062,,,302055,Icing and ice,,,,Operational
bufr4/3/02/062/19/101000,02,Category 02 — Meteorological sequences common to surface data,302062,,,101000,Delayed replication of 1 descriptor,,,,Operational
bufr4/3/02/062/20/031000,02,Category 02 — Meteorological sequences common to surface data,302062,,,031000,Short delayed descriptor replication factor,,,,Operational
bufr4/3/02/062/21/302056,02,Category 02 — Meteorological sequences common to surface data,302062,,,302056,Sea/water temperature,,,,Operational
bufr4/3/02/062/22/101000,02,Category 02 — Meteorological sequences common to surface data,302062,,,101000,Delayed replication of 1 descriptor,,,,Operational
bufr4/3/02/062/23/031000,02,Category 02 — Meteorological sequences common to surface data,302062,,,031000,Short delayed descriptor replication factor,,,,Operational
bufr4/3/02/062/24/302021,02,Category 02 — Meteorological sequences common to surface data,302062,,,302021,Waves,,,,Operational
bufr4/3/02/062/25/101000,02,Category 02 — Meteorological sequences common to surface data,302062,,,101000,Delayed replication of 1 descriptor,,,,Operational
bufr4/3/02/062/26/031000,02,Category 02 — Meteorological sequences common to surface data,302062,,,031000,Short delayed descriptor replication factor,,,,Operational
bufr4/3/02/062/27/302024,02,Category 02 — Meteorological sequences common to surface data,302062,,,302024,Wind and swell waves,,,,Operational
bufr4/3/02/063/1/302038,02,Category 02 — Meteorological sequences common to surface data,302063,(Ship “period” data),,302038,Present and past weather,,,,Operational
bufr4/3/02/063/2/101000,02,Category 02 — Meteorological sequences common to surface data,302063,(Ship “period” data),,101000,Delayed replication of 1 descriptor,,,,Operational
bufr4/3/02/063/3/031000,02,Category 02 — Meteorological sequences common to surface data,302063,(Ship “period” data),,031000,Short delayed descriptor replication factor,,,,Operational
bufr4/3/02/063/4/302040,02,Category 02 — Meteorological sequences common to surface data,302063,(Ship “period” data),,302040,Precipitation measurement,,,,Operational
bufr4/3/02/063/5/101000,02,Category 02 — Meteorological sequences common to surface data,302063,(Ship “period” data),,101000,Delayed replication of 1 descriptor,,,,Operational
bufr4/3/02/063/6/031000,02,Category 02 — Meteorological sequences common to surface data,302063,(Ship “period” data),,031000,Short delayed descriptor replication factor,,,,Operational
bufr4/3/02/063/7/302034,02,Category 02 — Meteorological sequences common to surface data,302063,(Ship “period” data),,302034,Precipitation past 24 hours,,,,Operational
bufr4/3/02/063/8/007032,02,Category 02 — Meteorological sequences common to surface data,302063,(Ship “period” data),,007032,Height of sensor above local ground (or deck of marine platform),Set to missing (cancel),,,Operational
bufr4/3/02/063/9/101000,02,Category 02 — Meteorological sequences common to surface data,302063,(Ship “period” data),,101000,Delayed replication of 1 descriptor,,,,Operational
bufr4/3/02/063/10/031000,02,Category 02 — Meteorological sequences common to surface data,302063,(Ship “period” data),,031000,Short delayed descriptor replication factor,,,,Operational
bufr4/3/02/063/11/302058,02,Category 02 — Meteorological sequences common to surface data,302063,(Ship “period” data),,302058,Ship extreme temperature data,,,,Operational
bufr4/3/02/063/12/101000,02,Category 02 — Meteorological sequences common to surface data,302063,(Ship “period” data),,101000,Delayed replication of 1 descriptor,,,,Operational
bufr4/3/02/063/13/031000,02,Category 02 — Meteorological sequences common to surface data,302063,(Ship “period” data),,031000,Short delayed descriptor replication factor,,,,Operational
bufr4/3/02/063/14/302064,02,Category 02 — Meteorological sequences common to surface data,302063,(Ship “period” data),,302064,Ship or other marine platform wind data,,,,Operational
bufr4/3/02/064/1/007032,02,Category 02 — Meteorological sequences common to surface data,302064,(Ship or other marine platform wind data),,007032,Height of sensor above local ground (or deck of marine platform),,,,Operational
bufr4/3/02/064/2/007033,02,Category 02 — Meteorological sequences common to surface data,302064,(Ship or other marine platform wind data),,007033,Height of sensor above water surface,,,,Operational
bufr4/3/02/064/3/002002,02,Category 02 — Meteorological sequences common to surface data,302064,(Ship or other marine platform wind data),,002002,Type of instrumentation for wind measurement,,,,Operational
bufr4/3/02/064/4/008021,02,Category 02 — Meteorological sequences common to surface data,302064,(Ship or other marine platform wind data),,008021,Time significance,= 2 Time averaged,,,Operational
bufr4/3/02/064/5/004025,02,Category 02 — Meteorological sequences common to surface data,302064,(Ship or other marine platform wind data),,004025,Time period or displacement,,,,Operational
bufr4/3/02/064/6/011001,02,Category 02 — Meteorological sequences common to surface data,302064,(Ship or other marine platform wind data),,011001,Wind direction I.2 – BUFR Table D/02 — 10,,,,Operational
bufr4/3/02/064/7/011002,02,Category 02 — Meteorological sequences common to surface data,302064,,,011002,Wind speed,,,,Operational
bufr4/3/02/064/8/008021,02,Category 02 — Meteorological sequences common to surface data,302064,,,008021,Time significance,Set to missing (cancel),,,Operational
bufr4/3/02/064/9/103000,02,Category 02 — Meteorological sequences common to surface data,302064,,,103000,Delayed replication of 3 descriptors,,,,Operational
bufr4/3/02/064/10/031001,02,Category 02 — Meteorological sequences common to surface data,302064,,,031001,Delayed descriptor replication factor,,,,Operational
bufr4/3/02/064/11/004025,02,Category 02 — Meteorological sequences common to surface data,302064,,,004025,Time period or displacement,,,,Operational
bufr4/3/02/064/12/011043,02,Category 02 — Meteorological sequences common to surface data,302064,,,011043,Maximum wind gust direction,,,,Operational
bufr4/3/02/064/13/011041,02,Category 02 — Meteorological sequences common to surface data,302064,,,011041,Maximum wind gust speed,,,,Operational
bufr4/3/02/066/1/020023,02,Category 02 — Meteorological sequences common to surface data,302066,(Dangerous weather phenomena),,020023,Other weather phenomena,,,,Operational
bufr4/3/02/066/2/020024,02,Category 02 — Meteorological sequences common to surface data,302066,(Dangerous weather phenomena),,020024,Intensity of phenomena,,,,Operational
bufr4/3/02/066/3/020027,02,Category 02 — Meteorological sequences common to surface data,302066,(Dangerous weather phenomena),,020027,Phenomena occurrence,,,,Operational
bufr4/3/02/066/4/020054,02,Category 02 — Meteorological sequences common to surface data,302066,(Dangerous weather phenomena),,020054,True direction from which a phenomenon or clouds are moving or in which they are observed,,,,Operational
bufr4/3/02/066/5/020023,02,Category 02 — Meteorological sequences common to surface data,302066,(Dangerous weather phenomena),,020023,Other weather phenomena,,,,Operational
bufr4/3/02/066/6/020027,02,Category 02 — Meteorological sequences common to surface data,302066,(Dangerous weather phenomena),,020027,Phenomena occurrence,,,,Operational
bufr4/3/02/066/7/020054,02,Category 02 — Meteorological sequences common to surface data,302066,(Dangerous weather phenomena),,020054,True direction from which a phenomenon or clouds are moving or in which they are observed,,,,Operational
bufr4/3/02/066/8/020025,02,Category 02 — Meteorological sequences common to surface data,302066,(Dangerous weather phenomena),,020025,Obscuration,,,,Operational
bufr4/3/02/066/9/020026,02,Category 02 — Meteorological sequences common to surface data,302066,(Dangerous weather phenomena),,020026,Character of obscuration,,,,Operational
bufr4/3/02/066/10/020027,02,Category 02 — Meteorological sequences common to surface data,302066,(Dangerous weather phenomena),,020027,Phenomena occurrence,,,,Operational
bufr4/3/02/066/11/020040,02,Category 02 — Meteorological sequences common to surface data,302066,(Dangerous weather phenomena),,020040,Evolution of drift snow,,,,Operational
bufr4/3/02/066/12/020066,02,Category 02 — Meteorological sequences common to surface data,302066,(Dangerous weather phenomena),,020066,Maximum diameter of hailstones,,,,Operational
bufr4/3/02/066/13/020027,02,Category 02 — Meteorological sequences common to surface data,302066,(Dangerous weather phenomena),,020027,Phenomena occurrence,,,,Operational
bufr4/3/02/066/14/020021,02,Category 02 — Meteorological sequences common to surface data,302066,(Dangerous weather phenomena),,020021,Type of precipitation,,,,Operational
bufr4/3/02/066/15/020067,02,Category 02 — Meteorological sequences common to surface data,302066,(Dangerous weather phenomena),,020067,Diameter of deposit,,,,Operational
bufr4/3/02/066/16/020027,02,Category 02 — Meteorological sequences common to surface data,302066,(Dangerous weather phenomena),,020027,Phenomena occurrence,,,,Operational
bufr4/3/02/067/1/001023,02,Category 02 — Meteorological sequences common to surface data,302067,(Additional synoptical parameters),,001023,Observation sequence number Additional “instantaneous” data,,,,Operational
bufr4/3/02/067/2/004025,02,Category 02 — Meteorological sequences common to surface data,302067,(Additional synoptical parameters),,004025,Time period or displacement,= 0 minutes,,,Operational
bufr4/3/02/067/3/002177,02,Category 02 — Meteorological sequences common to surface data,302067,(Additional synoptical parameters),,002177,"Method of snow depth measurement = 0 Manual observation, = 1 Ultrasonic method, = 2 Video camera method, = 3 Laser method, 4–13 Reserved, = 14 Others, = 15 Missing value Additional present weather",/see left column,,,Operational
bufr4/3/02/067/4/101000,02,Category 02 — Meteorological sequences common to surface data,302067,(Additional synoptical parameters),,101000,Delayed replication of 1 descriptor,,,,Operational
bufr4/3/02/067/5/031001,02,Category 02 — Meteorological sequences common to surface data,302067,(Additional synoptical parameters),,031001,Delayed descriptor replication factor,,,,Operational
bufr4/3/02/067/6/020003,02,Category 02 — Meteorological sequences common to surface data,302067,(Additional synoptical parameters),,020003,Present weather Visibility in different directions,"960ww, 961ww",,,Operational
bufr4/3/02/067/7/103000,02,Category 02 — Meteorological sequences common to surface data,302067,(Additional synoptical parameters),,103000,Delayed replication of 3 descriptors,,,,Operational
bufr4/3/02/067/8/031001,02,Category 02 — Meteorological sequences common to surface data,302067,(Additional synoptical parameters),,031001,Delayed descriptor replication factor I.2 – BUFR Table D/02 — 11,,,,Operational
bufr4/3/02/067/9/005021,02,Category 02 — Meteorological sequences common to surface data,302067,,,005021,Bearing or azimuth,981VV–988VV,,,Operational
bufr4/3/02/067/10/020001,02,Category 02 — Meteorological sequences common to surface data,302067,,,020001,Horizontal visibility,VV,,,Operational
bufr4/3/02/067/11/005021,02,Category 02 — Meteorological sequences common to surface data,302067,,,005021,Bearing or azimuth Sea data (observations from a coastal station),Set to missing (cancel),,,Operational
bufr4/3/02/067/12/101000,02,Category 02 — Meteorological sequences common to surface data,302067,,,101000,Delayed replication of 1 descriptor,,,,Operational
bufr4/3/02/067/13/031000,02,Category 02 — Meteorological sequences common to surface data,302067,,,031000,Short delayed descriptor replication factor,,,,Operational
bufr4/3/02/067/14/302056,02,Category 02 — Meteorological sequences common to surface data,302067,,,302056,Sea/water temperature,"Sea-surface temperature, method of measurement, and depth below sea surface",,,Operational
bufr4/3/02/067/15/103000,02,Category 02 — Meteorological sequences common to surface data,302067,,,103000,Delayed replication of 3 descriptors,,,,Operational
bufr4/3/02/067/16/031000,02,Category 02 — Meteorological sequences common to surface data,302067,,,031000,Short delayed descriptor replication factor,,,,Operational
bufr4/3/02/067/17/033041,02,Category 02 — Meteorological sequences common to surface data,302067,,,033041,Attribute of following value,,,,Operational
bufr4/3/02/067/18/020058,02,Category 02 — Meteorological sequences common to surface data,302067,,,020058,Visibility seawards from a coastal station,980V V s s,,,Operational
bufr4/3/02/067/19/022061,02,Category 02 — Meteorological sequences common to surface data,302067,,,022061,State of the sea,924SV s,,,Operational
bufr4/3/02/067/20/101000,02,Category 02 — Meteorological sequences common to surface data,302067,,,101000,Delayed replication of 1 descriptor,,,,Operational
bufr4/3/02/067/21/031000,02,Category 02 — Meteorological sequences common to surface data,302067,,,031000,Short delayed descriptor replication factor,,,,Operational
bufr4/3/02/067/22/302022,02,Category 02 — Meteorological sequences common to surface data,302067,,,302022,Wind waves,,,,Operational
bufr4/3/02/067/23/101000,02,Category 02 — Meteorological sequences common to surface data,302067,,,101000,Delayed replication of 1 descriptor,,,,Operational
bufr4/3/02/067/24/031001,02,Category 02 — Meteorological sequences common to surface data,302067,,,031001,Delayed descriptor replication factor,,,,Operational
bufr4/3/02/067/25/302023,02,Category 02 — Meteorological sequences common to surface data,302067,,,302023,Swell waves Clouds,,,,Operational
bufr4/3/02/067/26/104000,02,Category 02 — Meteorological sequences common to surface data,302067,,,104000,Delayed replication of 4 descriptors,,,,Operational
bufr4/3/02/067/27/031001,02,Category 02 — Meteorological sequences common to surface data,302067,,,031001,Delayed descriptor replication factor,,,,Operational
bufr4/3/02/067/28/020054,02,Category 02 — Meteorological sequences common to surface data,302067,,,020054,True direction from which a phenomenon or clouds are moving or in which they are observed,"D , D a p",,,Operational
bufr4/3/02/067/29/020137,02,Category 02 — Meteorological sequences common to surface data,302067,,,020137,Evolution of clouds,940Cn 3,,,Operational
bufr4/3/02/067/30/020012,02,Category 02 — Meteorological sequences common to surface data,302067,,,020012,Cloud type,"941CD , 943C D p L p",,,Operational
bufr4/3/02/067/31/020090,02,Category 02 — Meteorological sequences common to surface data,302067,,,020090,Special clouds,993C D s a,,,Operational
bufr4/3/02/067/32/103000,02,Category 02 — Meteorological sequences common to surface data,302067,,,103000,Delayed replication of 3 descriptors,,,,Operational
bufr4/3/02/067/33/031001,02,Category 02 — Meteorological sequences common to surface data,302067,,,031001,Delayed descriptor replication factor,,,,Operational
bufr4/3/02/067/34/020054,02,Category 02 — Meteorological sequences common to surface data,302067,,,020054,True direction from which a phenomenon or clouds are moving or in which they are observed,,,,Operational
bufr4/3/02/067/35/020137,02,Category 02 — Meteorological sequences common to surface data,302067,,,020137,Evolution of clouds,,,,Operational
bufr4/3/02/067/36/020136,02,Category 02 — Meteorological sequences common to surface data,302067,,,020136,"Supplementary cloud type Additional ""period"" data","948C D , 949C D , 0 a a a 950N n , 951N n m 3 v 4",,,Operational
bufr4/3/02/067/37/004025,02,Category 02 — Meteorological sequences common to surface data,302067,,,004025,Time period or displacement,Reference period of fresh fallen snow,,,Operational
bufr4/3/02/067/38/013012,02,Category 02 — Meteorological sequences common to surface data,302067,,,013012,Depth of fresh snow Additional wind data,,,,Operational
bufr4/3/02/067/39/004025,02,Category 02 — Meteorological sequences common to surface data,302067,,,004025,Time period or displacement,=–60 minutes,,,Operational
bufr4/3/02/067/40/011042,02,Category 02 — Meteorological sequences common to surface data,302067,,,011042,Maximum wind speed (10-minute mean wind) I.2 – BUFR Table D/02 — 12,912ff 902tt 912ff .. mandatory ff ≥ 18,,,Operational
bufr4/3/02/067/41/104000,02,Category 02 — Meteorological sequences common to surface data,302067,,,104000,Delayed replication of 4 descriptors,,,,Operational
bufr4/3/02/067/42/031001,02,Category 02 — Meteorological sequences common to surface data,302067,,,031001,Delayed descriptor replication factor,,,,Operational
bufr4/3/02/067/43/008021,02,Category 02 — Meteorological sequences common to surface data,302067,,,008021,Time significance,"= 30 Time of occurrence, = 17 Start of phenomenon",,,Operational
bufr4/3/02/067/44/004025,02,Category 02 — Meteorological sequences common to surface data,302067,,,004025,Time period or displacement,= –xx | 902tt,,,Operational
bufr4/3/02/067/45/011042,02,Category 02 — Meteorological sequences common to surface data,302067,,,011042,Maximum wind speed (10-minute mean wind),912ff,,,Operational
bufr4/3/02/067/46/008021,02,Category 02 — Meteorological sequences common to surface data,302067,,,008021,Time significance Significant change in wind speed and/or direction,Set to missing (cancel),,,Operational
bufr4/3/02/067/47/115000,02,Category 02 — Meteorological sequences common to surface data,302067,,,115000,Delayed replication of 15 descriptors,,,,Operational
bufr4/3/02/067/48/031001,02,Category 02 — Meteorological sequences common to surface data,302067,,,031001,Delayed descriptor replication factor,,,,Operational
bufr4/3/02/067/49/008021,02,Category 02 — Meteorological sequences common to surface data,302067,,,008021,Time significance,"= 30 Time of occurrence, = 17 Start of phenomenon",,,Operational
bufr4/3/02/067/50/004015,02,Category 02 — Meteorological sequences common to surface data,302067,,,004015,Time increment,= –xx1,,,Operational
bufr4/3/02/067/51/008021,02,Category 02 — Meteorological sequences common to surface data,302067,,,008021,Time significance,= 2 Time averaged,,,Operational
bufr4/3/02/067/52/004025,02,Category 02 — Meteorological sequences common to surface data,302067,,,004025,Time period or displacement,"=–10 minutes, or number of minutes after a significant change of wind",,,Operational
bufr4/3/02/067/53/011001,02,Category 02 — Meteorological sequences common to surface data,302067,,,011001,Wind direction,915dd,,,Operational
bufr4/3/02/067/54/011002,02,Category 02 — Meteorological sequences common to surface data,302067,,,011002,Wind speed,913ff,,,Operational
bufr4/3/02/067/55/008021,02,Category 02 — Meteorological sequences common to surface data,302067,,,008021,Time significance,= 22 Time of occurrence of wind shift,,,Operational
bufr4/3/02/067/56/004015,02,Category 02 — Meteorological sequences common to surface data,302067,,,004015,Time increment,= +xx2,,,Operational
bufr4/3/02/067/57/008021,02,Category 02 — Meteorological sequences common to surface data,302067,,,008021,Time significance,= 2 Time averaged,,,Operational
bufr4/3/02/067/58/004025,02,Category 02 — Meteorological sequences common to surface data,302067,,,004025,Time period or displacement,"=–10 minutes, or number of minutes after a significant change of wind",,,Operational
bufr4/3/02/067/59/011001,02,Category 02 — Meteorological sequences common to surface data,302067,,,011001,Wind direction,915dd,,,Operational
bufr4/3/02/067/60/011002,02,Category 02 — Meteorological sequences common to surface data,302067,,,011002,Wind speed,913ff,,,Operational
bufr4/3/02/067/61/008021,02,Category 02 — Meteorological sequences common to surface data,302067,,,008021,Time significance,Set to missing (cancel),,,Operational
bufr4/3/02/067/62/004025,02,Category 02 — Meteorological sequences common to surface data,302067,,,004025,Time period or displacement,= 0 minutes,,,Operational
bufr4/3/02/067/63/004015,02,Category 02 — Meteorological sequences common to surface data,302067,,,004015,Time increment I.2 – BUFR Table D/02 — 13,= +(xx1–xx2) | Non negative to reset the time to the actual time,,,Operational
bufr4/3/02/067/64/103000,02,Category 02 — Meteorological sequences common to surface data,302067,,,103000,Delayed replication of 3 descriptors,,,,Operational
bufr4/3/02/067/65/031001,02,Category 02 — Meteorological sequences common to surface data,302067,,,031001,Delayed descriptor replication factor,,,,Operational
bufr4/3/02/067/66/004025,02,Category 02 — Meteorological sequences common to surface data,302067,,,004025,Time period or displacement,"= –xx, i.e. from",,,Operational
bufr4/3/02/067/67/004025,02,Category 02 — Meteorological sequences common to surface data,302067,,,004025,Time period or displacement,"= –xx, i.e. to",,,Operational
bufr4/3/02/067/68/020003,02,Category 02 — Meteorological sequences common to surface data,302067,,,020003,Present weather Additional 9S S s s groups P P p p,"962ww, 963w w , 1 1 964ww, 965w w , 1 1 966ww, 967w w 1 1",,,Operational
bufr4/3/02/067/69/110000,02,Category 02 — Meteorological sequences common to surface data,302067,,,110000,Delayed replication of 10 descriptors,,,,Operational
bufr4/3/02/067/70/031001,02,Category 02 — Meteorological sequences common to surface data,302067,,,031001,Delayed descriptor replication factor,,,,Operational
bufr4/3/02/067/71/004025,02,Category 02 — Meteorological sequences common to surface data,302067,,,004025,Time period or displacement,"= –xx, i.e. from",,,Operational
bufr4/3/02/067/72/004025,02,Category 02 — Meteorological sequences common to surface data,302067,,,004025,Time period or displacement,"= –xx, i.e. to",,,Operational
bufr4/3/02/067/73/005021,02,Category 02 — Meteorological sequences common to surface data,302067,,,005021,Bearing or azimuth,"D , D a p",,,Operational
bufr4/3/02/067/74/005021,02,Category 02 — Meteorological sequences common to surface data,302067,,,005021,Bearing or azimuth,"D , D a p",,,Operational
bufr4/3/02/067/75/020054,02,Category 02 — Meteorological sequences common to surface data,302067,,,020054,True direction from which a phenomenon or clouds are moving or in which they are observed,"D , D a p",,,Operational
bufr4/3/02/067/76/020024,02,Category 02 — Meteorological sequences common to surface data,302067,,,020024,Intensity of phenomena,"= 1 Light, = 2 Moderate, = 3 Heavy, = 4 Violent, = 5 Severe",,,Operational
bufr4/3/02/067/77/020025,02,Category 02 — Meteorological sequences common to surface data,302067,,,020025,Obscuration,,,,Operational
bufr4/3/02/067/78/020026,02,Category 02 — Meteorological sequences common to surface data,302067,,,020026,Character of obscuration,,,,Operational
bufr4/3/02/067/79/020027,02,Category 02 — Meteorological sequences common to surface data,302067,,,020027,Phenomena occurrence,,,,Operational
bufr4/3/02/067/80/020063,02,Category 02 — Meteorological sequences common to surface data,302067,,,020063,Special phenomena,,,,Operational
bufr4/3/02/069/1/007032,02,Category 02 — Meteorological sequences common to surface data,302069,(Visibility data),,007032,Height of sensor above local ground (or deck of marine platform),,,,Operational
bufr4/3/02/069/2/007033,02,Category 02 — Meteorological sequences common to surface data,302069,(Visibility data),,007033,Height of sensor above water surface,,,,Operational
bufr4/3/02/069/3/033041,02,Category 02 — Meteorological sequences common to surface data,302069,(Visibility data),,033041,Attribute of following value,,,,Operational
bufr4/3/02/069/4/020001,02,Category 02 — Meteorological sequences common to surface data,302069,(Visibility data),,020001,Horizontal visibility,,,,Operational
bufr4/3/02/070/1/007032,02,Category 02 — Meteorological sequences common to surface data,302070,(Wind data),,007032,Height of sensor above local ground (or deck of marine platform),,,,Operational
bufr4/3/02/070/2/007033,02,Category 02 — Meteorological sequences common to surface data,302070,(Wind data),,007033,Height of sensor above water surface,,,,Operational
bufr4/3/02/070/3/011001,02,Category 02 — Meteorological sequences common to surface data,302070,(Wind data),,011001,Wind direction,,,,Operational
bufr4/3/02/070/4/011002,02,Category 02 — Meteorological sequences common to surface data,302070,(Wind data),,011002,Wind speed,,,,Operational
bufr4/3/02/070/5/011043,02,Category 02 — Meteorological sequences common to surface data,302070,(Wind data),,011043,Maximum wind gust direction,,,,Operational
bufr4/3/02/070/6/011041,02,Category 02 — Meteorological sequences common to surface data,302070,(Wind data),,011041,Maximum wind gust speed,,,,Operational
bufr4/3/02/070/7/011016,02,Category 02 — Meteorological sequences common to surface data,302070,(Wind data),,011016,Extreme counterclockwise wind direction of a variable wind,,,,Operational
bufr4/3/02/070/8/011017,02,Category 02 — Meteorological sequences common to surface data,302070,(Wind data),,011017,Extreme clockwise wind direction of a variable wind I.2 – BUFR Table D/02 — 14,,,,Operational
bufr4/3/02/071/1/007032,02,Category 02 — Meteorological sequences common to surface data,302071,(Wind data from one-hour period),,007032,Height of sensor above local ground (or deck of marine platform),,,,Operational
bufr4/3/02/071/2/007033,02,Category 02 — Meteorological sequences common to surface data,302071,(Wind data from one-hour period),,007033,Height of sensor above water surface,,,,Operational
bufr4/3/02/071/3/008021,02,Category 02 — Meteorological sequences common to surface data,302071,(Wind data from one-hour period),,008021,Time significance,= 2 Time averaged,,,Operational
bufr4/3/02/071/4/004025,02,Category 02 — Meteorological sequences common to surface data,302071,(Wind data from one-hour period),,004025,Time period or displacement,"=–10 minutes, or number of minutes after a significant change of wind, if any",,,Operational
bufr4/3/02/071/5/011001,02,Category 02 — Meteorological sequences common to surface data,302071,(Wind data from one-hour period),,011001,Wind direction,,,,Operational
bufr4/3/02/071/6/011002,02,Category 02 — Meteorological sequences common to surface data,302071,(Wind data from one-hour period),,011002,Wind speed,,,,Operational
bufr4/3/02/071/7/008021,02,Category 02 — Meteorological sequences common to surface data,302071,(Wind data from one-hour period),,008021,Time significance,Set to missing,,,Operational
bufr4/3/02/071/8/103002,02,Category 02 — Meteorological sequences common to surface data,302071,(Wind data from one-hour period),,103002,Replicate 3 descriptors 2 times,,,,Operational
bufr4/3/02/071/9/004025,02,Category 02 — Meteorological sequences common to surface data,302071,(Wind data from one-hour period),,004025,Time period or displacement,"=–10 minutes in the first replication, =–60 minutes in the second replication",,,Operational
bufr4/3/02/071/10/011043,02,Category 02 — Meteorological sequences common to surface data,302071,(Wind data from one-hour period),,011043,Maximum wind gust direction,,,,Operational
bufr4/3/02/071/11/011041,02,Category 02 — Meteorological sequences common to surface data,302071,(Wind data from one-hour period),,011041,Maximum wind gust speed,,,,Operational
bufr4/3/02/071/12/004025,02,Category 02 — Meteorological sequences common to surface data,302071,(Wind data from one-hour period),,004025,Time period or displacement,=–10 minutes,,,Operational
bufr4/3/02/071/13/011016,02,Category 02 — Meteorological sequences common to surface data,302071,(Wind data from one-hour period),,011016,Extreme counterclockwise wind direction of a variable wind,,,,Operational
bufr4/3/02/071/14/011017,02,Category 02 — Meteorological sequences common to surface data,302071,(Wind data from one-hour period),,011017,Extreme clockwise wind direction of a variable wind,,,,Operational
bufr4/3/02/072/1/007032,02,Category 02 — Meteorological sequences common to surface data,302072,(Temperature and humidity data),,007032,Height of sensor above local ground (or deck of marine platform),,,,Operational
bufr4/3/02/072/2/007033,02,Category 02 — Meteorological sequences common to surface data,302072,(Temperature and humidity data),,007033,Height of sensor above water surface,,,,Operational
bufr4/3/02/072/3/012101,02,Category 02 — Meteorological sequences common to surface data,302072,(Temperature and humidity data),,012101,Temperature/air temperature,Scale: 2,,,Operational
bufr4/3/02/072/4/012103,02,Category 02 — Meteorological sequences common to surface data,302072,(Temperature and humidity data),,012103,Dewpoint temperature,Scale: 2,,,Operational
bufr4/3/02/072/5/013003,02,Category 02 — Meteorological sequences common to surface data,302072,(Temperature and humidity data),,013003,Relative humidity,,,,Operational
bufr4/3/02/073/1/020010,02,Category 02 — Meteorological sequences common to surface data,302073,(Cloud data),,020010,Cloud cover (total),,,,Operational
bufr4/3/02/073/2/105004,02,Category 02 — Meteorological sequences common to surface data,302073,(Cloud data),,105004,Replicate 5 descriptors 4 times,,,,Operational
bufr4/3/02/073/3/008002,02,Category 02 — Meteorological sequences common to surface data,302073,(Cloud data),,008002,Vertical significance (surface observations),,,,Operational
bufr4/3/02/073/4/020011,02,Category 02 — Meteorological sequences common to surface data,302073,(Cloud data),,020011,Cloud amount,,,,Operational
bufr4/3/02/073/5/020012,02,Category 02 — Meteorological sequences common to surface data,302073,(Cloud data),,020012,Cloud type,,,,Operational
bufr4/3/02/073/6/033041,02,Category 02 — Meteorological sequences common to surface data,302073,(Cloud data),,033041,Attribute of following value,,,,Operational
bufr4/3/02/073/7/020013,02,Category 02 — Meteorological sequences common to surface data,302073,(Cloud data),,020013,Height of base of cloud I.2 – BUFR Table D/02 — 15,,,,Operational
bufr4/3/02/074/1/020003,02,Category 02 — Meteorological sequences common to surface data,302074,(Present and past weather),,020003,Present weather,,,,Operational
bufr4/3/02/074/2/004025,02,Category 02 — Meteorological sequences common to surface data,302074,(Present and past weather),,004025,Time period or displacement,,,,Operational
bufr4/3/02/074/3/020004,02,Category 02 — Meteorological sequences common to surface data,302074,(Present and past weather),,020004,Past weather (1),,,,Operational
bufr4/3/02/074/4/020005,02,Category 02 — Meteorological sequences common to surface data,302074,(Present and past weather),,020005,Past weather (2),,,,Operational
bufr4/3/02/075/1/008021,02,Category 02 — Meteorological sequences common to surface data,302075,"(Intensity of precipitation, size of precipitation element)",,008021,Time significance,= 2 Time averaged,,,Operational
bufr4/3/02/075/2/004025,02,Category 02 — Meteorological sequences common to surface data,302075,"(Intensity of precipitation, size of precipitation element)",,004025,Time period or displacement,=–10 minutes,,,Operational
bufr4/3/02/075/3/013055,02,Category 02 — Meteorological sequences common to surface data,302075,"(Intensity of precipitation, size of precipitation element)",,013055,Intensity of precipitation,,,,Operational
bufr4/3/02/075/4/013058,02,Category 02 — Meteorological sequences common to surface data,302075,"(Intensity of precipitation, size of precipitation element)",,013058,Size of precipitating element,,,,Operational
bufr4/3/02/075/5/008021,02,Category 02 — Meteorological sequences common to surface data,302075,"(Intensity of precipitation, size of precipitation element)",,008021,Time significance,Set to missing,,,Operational
bufr4/3/02/076/1/020021,02,Category 02 — Meteorological sequences common to surface data,302076,"(Precipitation, obscuration and other phenomena)",,020021,Type of precipitation,,,,Operational
bufr4/3/02/076/2/020022,02,Category 02 — Meteorological sequences common to surface data,302076,"(Precipitation, obscuration and other phenomena)",,020022,Character of precipitation,,,,Operational
bufr4/3/02/076/3/026020,02,Category 02 — Meteorological sequences common to surface data,302076,"(Precipitation, obscuration and other phenomena)",,026020,Duration of precipitation,,,,Operational
bufr4/3/02/076/4/020023,02,Category 02 — Meteorological sequences common to surface data,302076,"(Precipitation, obscuration and other phenomena)",,020023,Other weather phenomena,,,,Operational
bufr4/3/02/076/5/020024,02,Category 02 — Meteorological sequences common to surface data,302076,"(Precipitation, obscuration and other phenomena)",,020024,Intensity of phenomena,,,,Operational
bufr4/3/02/076/6/020025,02,Category 02 — Meteorological sequences common to surface data,302076,"(Precipitation, obscuration and other phenomena)",,020025,Obscuration,,,,Operational
bufr4/3/02/076/7/020026,02,Category 02 — Meteorological sequences common to surface data,302076,"(Precipitation, obscuration and other phenomena)",,020026,Character of obscuration,,,,Operational
bufr4/3/02/077/1/007032,02,Category 02 — Meteorological sequences common to surface data,302077,(Extreme temperature data),,007032,Height of sensor above local ground (or deck of marine platform),,,,Operational
bufr4/3/02/077/2/007033,02,Category 02 — Meteorological sequences common to surface data,302077,(Extreme temperature data),,007033,Height of sensor above water surface,,,,Operational
bufr4/3/02/077/3/004025,02,Category 02 — Meteorological sequences common to surface data,302077,(Extreme temperature data),,004025,Time period or displacement,,,,Operational
bufr4/3/02/077/4/012111,02,Category 02 — Meteorological sequences common to surface data,302077,(Extreme temperature data),,012111,"Maximum temperature, at height and over period specified",Scale: 2,,,Operational
bufr4/3/02/077/5/012112,02,Category 02 — Meteorological sequences common to surface data,302077,(Extreme temperature data),,012112,"Minimum temperature, at height and over period specified",Scale: 2,,,Operational
bufr4/3/02/077/6/007032,02,Category 02 — Meteorological sequences common to surface data,302077,(Extreme temperature data),,007032,Height of sensor above local ground (or deck of marine platform),Ground temperature,,,Operational
bufr4/3/02/077/7/004025,02,Category 02 — Meteorological sequences common to surface data,302077,(Extreme temperature data),,004025,Time period or displacement,,,,Operational
bufr4/3/02/077/8/012112,02,Category 02 — Meteorological sequences common to surface data,302077,(Extreme temperature data),,012112,"Minimum temperature, at height and over period specified",Scale: 2 | Ground temperature,,,Operational
bufr4/3/02/078/1/002176,02,Category 02 — Meteorological sequences common to surface data,302078,(State of ground and snow depth measurement),,002176,Method of state of ground measurement,,,,Operational
bufr4/3/02/078/2/020062,02,Category 02 — Meteorological sequences common to surface data,302078,(State of ground and snow depth measurement),,020062,State of the ground (with or without snow),,,,Operational
bufr4/3/02/078/3/002177,02,Category 02 — Meteorological sequences common to surface data,302078,(State of ground and snow depth measurement),,002177,Method of snow depth measurement,,,,Operational
bufr4/3/02/078/4/013013,02,Category 02 — Meteorological sequences common to surface data,302078,(State of ground and snow depth measurement),,013013,Total snow depth I.2 – BUFR Table D/02 — 16,,,,Operational
bufr4/3/02/079/1/007032,02,Category 02 — Meteorological sequences common to surface data,302079,(Precipitation measurement),,007032,Height of sensor above local ground (or deck of marine platform),,,,Operational
bufr4/3/02/079/2/002175,02,Category 02 — Meteorological sequences common to surface data,302079,(Precipitation measurement),,002175,Method of precipitation measurement,,,,Operational
bufr4/3/02/079/3/002178,02,Category 02 — Meteorological sequences common to surface data,302079,(Precipitation measurement),,002178,Method of liquid content measurement of precipitation,,,,Operational
bufr4/3/02/079/4/004025,02,Category 02 — Meteorological sequences common to surface data,302079,(Precipitation measurement),,004025,Time period or displacement,,,,Operational
bufr4/3/02/079/5/013011,02,Category 02 — Meteorological sequences common to surface data,302079,(Precipitation measurement),,013011,Total precipitation/total water equivalent,,,,Operational
bufr4/3/02/080/1/002185,02,Category 02 — Meteorological sequences common to surface data,302080,(Evaporation measurement),,002185,Method of evaporation measurement,,,,Operational
bufr4/3/02/080/2/004025,02,Category 02 — Meteorological sequences common to surface data,302080,(Evaporation measurement),,004025,Time period or displacement,,,,Operational
bufr4/3/02/080/3/013033,02,Category 02 — Meteorological sequences common to surface data,302080,(Evaporation measurement),,013033,Evaporation/evapotranspiration,,,,Operational
bufr4/3/02/081/1/004025,02,Category 02 — Meteorological sequences common to surface data,302081,(Total sunshine data),,004025,Time period or displacement,,,,Operational
bufr4/3/02/081/2/014031,02,Category 02 — Meteorological sequences common to surface data,302081,(Total sunshine data),,014031,Total sunshine,,,,Operational
bufr4/3/02/082/1/004025,02,Category 02 — Meteorological sequences common to surface data,302082,(Radiation data),,004025,Time period or displacement,,,,Operational
bufr4/3/02/082/2/014002,02,Category 02 — Meteorological sequences common to surface data,302082,(Radiation data),,014002,"Long-wave radiation, integrated over period specified",,,,Operational
bufr4/3/02/082/3/014004,02,Category 02 — Meteorological sequences common to surface data,302082,(Radiation data),,014004,"Short-wave radiation, integrated over period specified",,,,Operational
bufr4/3/02/082/4/014016,02,Category 02 — Meteorological sequences common to surface data,302082,(Radiation data),,014016,"Net radiation, integrated over period specified",,,,Operational
bufr4/3/02/082/5/014028,02,Category 02 — Meteorological sequences common to surface data,302082,(Radiation data),,014028,"Global solar radiation (high accuracy), integrated over period specified",,,,Operational
bufr4/3/02/082/6/014029,02,Category 02 — Meteorological sequences common to surface data,302082,(Radiation data),,014029,"Diffuse solar radiation (high accuracy), integrated over period specified",,,,Operational
bufr4/3/02/082/7/014030,02,Category 02 — Meteorological sequences common to surface data,302082,(Radiation data),,014030,"Direct solar radiation (high accuracy), integrated over period specified",,,,Operational
bufr4/3/02/083/1/004025,02,Category 02 — Meteorological sequences common to surface data,302083,"(First-order statistics of P, W, T, U data)",,004025,Time period or displacement,,,,Operational
bufr4/3/02/083/2/008023,02,Category 02 — Meteorological sequences common to surface data,302083,"(First-order statistics of P, W, T, U data)",,008023,First-order statistics,,,,Operational
bufr4/3/02/083/3/010004,02,Category 02 — Meteorological sequences common to surface data,302083,"(First-order statistics of P, W, T, U data)",,010004,Pressure,,,,Operational
bufr4/3/02/083/4/011001,02,Category 02 — Meteorological sequences common to surface data,302083,"(First-order statistics of P, W, T, U data)",,011001,Wind direction,,,,Operational
bufr4/3/02/083/5/011002,02,Category 02 — Meteorological sequences common to surface data,302083,"(First-order statistics of P, W, T, U data)",,011002,Wind speed,,,,Operational
bufr4/3/02/083/6/012101,02,Category 02 — Meteorological sequences common to surface data,302083,"(First-order statistics of P, W, T, U data)",,012101,Temperature/air temperature,Scale: 2,,,Operational
bufr4/3/02/083/7/013003,02,Category 02 — Meteorological sequences common to surface data,302083,"(First-order statistics of P, W, T, U data)",,013003,Relative humidity,,,,Operational
bufr4/3/02/083/8/008023,02,Category 02 — Meteorological sequences common to surface data,302083,"(First-order statistics of P, W, T, U data)",,008023,First-order statistics,Set to missing,,,Operational
bufr4/3/02/084/1/302031,02,Category 02 — Meteorological sequences common to surface data,302084,(“Instantaneous” data of sequence 3 07 096),,302031,Pressure information,,,,Operational
bufr4/3/02/084/2/302072,02,Category 02 — Meteorological sequences common to surface data,302084,(“Instantaneous” data of sequence 3 07 096),,302072,Temperature and humidity data,,,,Operational
bufr4/3/02/084/3/103000,02,Category 02 — Meteorological sequences common to surface data,302084,(“Instantaneous” data of sequence 3 07 096),,103000,Delayed replication of 3 descriptors,,,,Operational
bufr4/3/02/084/4/031000,02,Category 02 — Meteorological sequences common to surface data,302084,(“Instantaneous” data of sequence 3 07 096),,031000,Short delayed descriptor replication factor I.2 – BUFR Table D/02 — 17,,,,Operational
bufr4/3/02/084/5/101005,02,Category 02 — Meteorological sequences common to surface data,302084,,,101005,Replicate 1 descriptor 5 times,,,,Operational
bufr4/3/02/084/6/307063,02,Category 02 — Meteorological sequences common to surface data,302084,,,307063,Depth below land surface and soil temperature,,,,Operational
bufr4/3/02/084/7/007061,02,Category 02 — Meteorological sequences common to surface data,302084,,,007061,Depth below land surface Visibility data,Set to missing (cancel),,,Operational
bufr4/3/02/084/8/101000,02,Category 02 — Meteorological sequences common to surface data,302084,,,101000,Delayed replication of 1 descriptor,,,,Operational
bufr4/3/02/084/9/031000,02,Category 02 — Meteorological sequences common to surface data,302084,,,031000,Short delayed descriptor replication factor,,,,Operational
bufr4/3/02/084/10/302069,02,Category 02 — Meteorological sequences common to surface data,302084,,,302069,Visibility data,,,,Operational
bufr4/3/02/084/11/007032,02,Category 02 — Meteorological sequences common to surface data,302084,,,007032,Height of sensor above local ground (or deck of marine platform),Set to missing (cancel),,,Operational
bufr4/3/02/084/12/007033,02,Category 02 — Meteorological sequences common to surface data,302084,,,007033,Height of sensor above water surface Marine data,Set to missing (cancel),,,Operational
bufr4/3/02/084/13/105000,02,Category 02 — Meteorological sequences common to surface data,302084,,,105000,Delayed replication of 5 descriptors,,,,Operational
bufr4/3/02/084/14/031000,02,Category 02 — Meteorological sequences common to surface data,302084,,,031000,Short delayed descriptor replication factor,,,,Operational
bufr4/3/02/084/15/020031,02,Category 02 — Meteorological sequences common to surface data,302084,,,020031,Ice deposit (thickness),,,,Operational
bufr4/3/02/084/16/020032,02,Category 02 — Meteorological sequences common to surface data,302084,,,020032,Rate of ice accretion (estimated),,,,Operational
bufr4/3/02/084/17/002038,02,Category 02 — Meteorological sequences common to surface data,302084,,,002038,Method of water temperature and/or salinity measurement,,,,Operational
bufr4/3/02/084/18/022043,02,Category 02 — Meteorological sequences common to surface data,302084,,,022043,Sea/water temperature,Scale: 2,,,Operational
bufr4/3/02/084/19/302021,02,Category 02 — Meteorological sequences common to surface data,302084,,,302021,Waves State of ground and snow depth measurement,,,,Operational
bufr4/3/02/084/20/101000,02,Category 02 — Meteorological sequences common to surface data,302084,,,101000,Delayed replication of 1 descriptor,,,,Operational
bufr4/3/02/084/21/031000,02,Category 02 — Meteorological sequences common to surface data,302084,,,031000,Short delayed descriptor replication factor,,,,Operational
bufr4/3/02/084/22/302078,02,Category 02 — Meteorological sequences common to surface data,302084,,,302078,State of ground and snow depth measurement,,,,Operational
bufr4/3/02/084/23/012113,02,Category 02 — Meteorological sequences common to surface data,302084,,,012113,"Ground minimum temperature, past 12 hours Cloud data",Scale: 2,,,Operational
bufr4/3/02/084/24/101000,02,Category 02 — Meteorological sequences common to surface data,302084,,,101000,Delayed replication of 1 descriptor,,,,Operational
bufr4/3/02/084/25/031000,02,Category 02 — Meteorological sequences common to surface data,302084,,,031000,Short delayed descriptor replication factor,,,,Operational
bufr4/3/02/084/26/302004,02,Category 02 — Meteorological sequences common to surface data,302084,,,302004,General cloud information,,,,Operational
bufr4/3/02/084/27/105000,02,Category 02 — Meteorological sequences common to surface data,302084,,,105000,Delayed replication of 5 descriptors,,,,Operational
bufr4/3/02/084/28/031001,02,Category 02 — Meteorological sequences common to surface data,302084,,,031001,Delayed descriptor replication factor,,,,Operational
bufr4/3/02/084/29/008002,02,Category 02 — Meteorological sequences common to surface data,302084,,,008002,Vertical significance (surface observations),,,,Operational
bufr4/3/02/084/30/020011,02,Category 02 — Meteorological sequences common to surface data,302084,,,020011,Cloud amount,,,,Operational
bufr4/3/02/084/31/020012,02,Category 02 — Meteorological sequences common to surface data,302084,,,020012,Cloud type,,,,Operational
bufr4/3/02/084/32/033041,02,Category 02 — Meteorological sequences common to surface data,302084,,,033041,Attribute of following value,,,,Operational
bufr4/3/02/084/33/020013,02,Category 02 — Meteorological sequences common to surface data,302084,,,020013,Height of base of cloud,,,,Operational
bufr4/3/02/084/34/302036,02,Category 02 — Meteorological sequences common to surface data,302084,,,302036,Clouds with bases below station level Direction of cloud drift 6D D D L M H,,,,Operational
bufr4/3/02/084/35/101000,02,Category 02 — Meteorological sequences common to surface data,302084,,,101000,Delayed replication of 1 descriptor,,,,Operational
bufr4/3/02/084/36/031000,02,Category 02 — Meteorological sequences common to surface data,302084,,,031000,Short delayed descriptor replication factor,,,,Operational
bufr4/3/02/084/37/302047,02,Category 02 — Meteorological sequences common to surface data,302084,,,302047,Direction of cloud drift,,,,Operational
bufr4/3/02/084/38/008002,02,Category 02 — Meteorological sequences common to surface data,302084,,,008002,Vertical significance (surface observations) I.2 – BUFR Table D/02 — 18,Set to missing (cancel),,,Operational
bufr4/3/02/084/39/101000,02,Category 02 — Meteorological sequences common to surface data,302084,,,101000,Delayed replication of 1 descriptor,,,,Operational
bufr4/3/02/084/40/031000,02,Category 02 — Meteorological sequences common to surface data,302084,,,031000,Short delayed descriptor replication factor,,,,Operational
bufr4/3/02/084/41/302048,02,Category 02 — Meteorological sequences common to surface data,302084,,,302048,Direction and elevation of cloud,,,,Operational
bufr4/3/02/085/1/105000,02,Category 02 — Meteorological sequences common to surface data,302085,(“Period” data of sequence 3 07 096),,105000,Delayed replication of 5 descriptors,,,,Operational
bufr4/3/02/085/2/031000,02,Category 02 — Meteorological sequences common to surface data,302085,(“Period” data of sequence 3 07 096),,031000,Short delayed descriptor replication factor,,,,Operational
bufr4/3/02/085/3/020003,02,Category 02 — Meteorological sequences common to surface data,302085,(“Period” data of sequence 3 07 096),,020003,Present weather,,,,Operational
bufr4/3/02/085/4/103002,02,Category 02 — Meteorological sequences common to surface data,302085,(“Period” data of sequence 3 07 096),,103002,Replicate 3 descriptors 2 times,,,,Operational
bufr4/3/02/085/5/004024,02,Category 02 — Meteorological sequences common to surface data,302085,(“Period” data of sequence 3 07 096),,004024,"Time period or displacement =–1 hour in the first replication, = –x hours in the second replication, x corresponding to the time period of W W 1 2 in the SYNOP report",/see left column,,,Operational
bufr4/3/02/085/6/020004,02,Category 02 — Meteorological sequences common to surface data,302085,(“Period” data of sequence 3 07 096),,020004,Past weather (1),,,,Operational
bufr4/3/02/085/7/020005,02,Category 02 — Meteorological sequences common to surface data,302085,(“Period” data of sequence 3 07 096),,020005,"Past weather (2) Intensity of precipitation, size of precipitation element",,,,Operational
bufr4/3/02/085/8/101000,02,Category 02 — Meteorological sequences common to surface data,302085,(“Period” data of sequence 3 07 096),,101000,Delayed replication of 1 descriptor,,,,Operational
bufr4/3/02/085/9/031000,02,Category 02 — Meteorological sequences common to surface data,302085,(“Period” data of sequence 3 07 096),,031000,Short delayed descriptor replication factor,,,,Operational
bufr4/3/02/085/10/302175,02,Category 02 — Meteorological sequences common to surface data,302085,(“Period” data of sequence 3 07 096),,302175,"Intensity of precipitation, size of precipitation element Precipitation, obscuration and other phenomena",,,,Operational
bufr4/3/02/085/11/102000,02,Category 02 — Meteorological sequences common to surface data,302085,(“Period” data of sequence 3 07 096),,102000,Delayed replication of 2 descriptors,,,,Operational
bufr4/3/02/085/12/031000,02,Category 02 — Meteorological sequences common to surface data,302085,(“Period” data of sequence 3 07 096),,031000,Short delayed descriptor replication factor,,,,Operational
bufr4/3/02/085/13/004025,02,Category 02 — Meteorological sequences common to surface data,302085,(“Period” data of sequence 3 07 096),,004025,Time period or displacement,=–10 minutes,,,Operational
bufr4/3/02/085/14/302076,02,Category 02 — Meteorological sequences common to surface data,302085,(“Period” data of sequence 3 07 096),,302076,"Precipitation, obscuration and other phenomena Lightning data",,,,Operational
bufr4/3/02/085/15/102000,02,Category 02 — Meteorological sequences common to surface data,302085,(“Period” data of sequence 3 07 096),,102000,Delayed replication of 2 descriptors,,,,Operational
bufr4/3/02/085/16/031000,02,Category 02 — Meteorological sequences common to surface data,302085,(“Period” data of sequence 3 07 096),,031000,Short delayed descriptor replication factor,,,,Operational
bufr4/3/02/085/17/004025,02,Category 02 — Meteorological sequences common to surface data,302085,(“Period” data of sequence 3 07 096),,004025,Time period or displacement,=–10 minutes,,,Operational
bufr4/3/02/085/18/013059,02,Category 02 — Meteorological sequences common to surface data,302085,(“Period” data of sequence 3 07 096),,013059,Number of flashes (thunderstorm) Wind data,,,,Operational
bufr4/3/02/085/19/007032,02,Category 02 — Meteorological sequences common to surface data,302085,(“Period” data of sequence 3 07 096),,007032,Height of sensor above local ground (or deck of marine platform),,,,Operational
bufr4/3/02/085/20/007033,02,Category 02 — Meteorological sequences common to surface data,302085,(“Period” data of sequence 3 07 096),,007033,Height of sensor above water surface,,,,Operational
bufr4/3/02/085/21/008021,02,Category 02 — Meteorological sequences common to surface data,302085,(“Period” data of sequence 3 07 096),,008021,Time significance,= 2 Time averaged,,,Operational
bufr4/3/02/085/22/004025,02,Category 02 — Meteorological sequences common to surface data,302085,(“Period” data of sequence 3 07 096),,004025,Time period or displacement,"=–10 minutes, or number of minutes after a significant change of wind",,,Operational
bufr4/3/02/085/23/011001,02,Category 02 — Meteorological sequences common to surface data,302085,(“Period” data of sequence 3 07 096),,011001,Wind direction,,,,Operational
bufr4/3/02/085/24/011002,02,Category 02 — Meteorological sequences common to surface data,302085,(“Period” data of sequence 3 07 096),,011002,Wind speed,,,,Operational
bufr4/3/02/085/25/008021,02,Category 02 — Meteorological sequences common to surface data,302085,(“Period” data of sequence 3 07 096),,008021,Time significance,Set to missing,,,Operational
bufr4/3/02/085/26/103003,02,Category 02 — Meteorological sequences common to surface data,302085,(“Period” data of sequence 3 07 096),,103003,Replicate 3 descriptors 3 times I.2 – BUFR Table D/02 — 19,,,,Operational
bufr4/3/02/085/27/004025,02,Category 02 — Meteorological sequences common to surface data,302085,,,004025,"Time period or displacement =–10 minutes in the first replication, =–60 minutes in the second replication, =–60x3 or 60x6 minutes in the third replication",/see left column,,,Operational
bufr4/3/02/085/28/011043,02,Category 02 — Meteorological sequences common to surface data,302085,,,011043,Maximum wind gust direction,,,,Operational
bufr4/3/02/085/29/011041,02,Category 02 — Meteorological sequences common to surface data,302085,,,011041,Maximum wind gust speed,,,,Operational
bufr4/3/02/085/30/004025,02,Category 02 — Meteorological sequences common to surface data,302085,,,004025,Time period or displacement,=–10 minutes,,,Operational
bufr4/3/02/085/31/011016,02,Category 02 — Meteorological sequences common to surface data,302085,,,011016,Extreme counterclockwise wind direction of a variable wind,,,,Operational
bufr4/3/02/085/32/011017,02,Category 02 — Meteorological sequences common to surface data,302085,,,011017,Extreme clockwise wind direction of a variable wind Extreme temperature data,,,,Operational
bufr4/3/02/085/33/302077,02,Category 02 — Meteorological sequences common to surface data,302085,,,302077,Extreme temperature data,,,,Operational
bufr4/3/02/085/34/007033,02,Category 02 — Meteorological sequences common to surface data,302085,,,007033,Height of sensor above water surface,Set to missing (cancel),,,Operational
bufr4/3/02/085/35/302041,02,Category 02 — Meteorological sequences common to surface data,302085,,,302041,Extreme temperature data Precipitation measurement,,,,Operational
bufr4/3/02/085/36/106000,02,Category 02 — Meteorological sequences common to surface data,302085,,,106000,Delayed replication of 6 descriptors,,,,Operational
bufr4/3/02/085/37/031000,02,Category 02 — Meteorological sequences common to surface data,302085,,,031000,Short delayed descriptor replication factor,,,,Operational
bufr4/3/02/085/38/007032,02,Category 02 — Meteorological sequences common to surface data,302085,,,007032,Height of sensor above local ground (or deck of marine platform),,,,Operational
bufr4/3/02/085/39/002175,02,Category 02 — Meteorological sequences common to surface data,302085,,,002175,Method of precipitation measurement,,,,Operational
bufr4/3/02/085/40/002178,02,Category 02 — Meteorological sequences common to surface data,302085,,,002178,Method of liquid content measurement of precipitation,,,,Operational
bufr4/3/02/085/41/102005,02,Category 02 — Meteorological sequences common to surface data,302085,,,102005,Replicate 2 descriptors 5 times,,,,Operational
bufr4/3/02/085/42/004024,02,Category 02 — Meteorological sequences common to surface data,302085,,,004024,Time period or displacement,"=–1 hour in the first replication, = – 3,–6,–12 and–24 hours in the other replications",,,Operational
bufr4/3/02/085/43/013011,02,Category 02 — Meteorological sequences common to surface data,302085,,,013011,Total precipitation/total water equivalent,,,,Operational
bufr4/3/02/085/44/007032,02,Category 02 — Meteorological sequences common to surface data,302085,,,007032,Height of sensor above local ground (or deck of marine platform) Evaporation data,Set to missing (cancel),,,Operational
bufr4/3/02/085/45/103000,02,Category 02 — Meteorological sequences common to surface data,302085,,,103000,Delayed replication of 3 descriptors,,,,Operational
bufr4/3/02/085/46/031000,02,Category 02 — Meteorological sequences common to surface data,302085,,,031000,Short delayed descriptor replication factor,,,,Operational
bufr4/3/02/085/47/002185,02,Category 02 — Meteorological sequences common to surface data,302085,,,002185,Method of evaporation measurement,,,,Operational
bufr4/3/02/085/48/101002,02,Category 02 — Meteorological sequences common to surface data,302085,,,101002,Replicate 1 descriptor 2 times,,,,Operational
bufr4/3/02/085/49/302044,02,Category 02 — Meteorological sequences common to surface data,302085,,,302044,Evaporation data Total sunshine data,,,,Operational
bufr4/3/02/085/50/102000,02,Category 02 — Meteorological sequences common to surface data,302085,,,102000,Delayed replication of 2 descriptors,,,,Operational
bufr4/3/02/085/51/031000,02,Category 02 — Meteorological sequences common to surface data,302085,,,031000,Short delayed descriptor replication factor,,,,Operational
bufr4/3/02/085/52/101002,02,Category 02 — Meteorological sequences common to surface data,302085,,,101002,Replicate 1 descriptor 2 times,,,,Operational
bufr4/3/02/085/53/302039,02,Category 02 — Meteorological sequences common to surface data,302085,,,302039,Sunshine data (from 1 hour and 24-hour period) I.2 – BUFR Table D/02 — 20,,,,Operational
bufr4/3/02/085/54/102000,02,Category 02 — Meteorological sequences common to surface data,302085,,,102000,Delayed replication of 2 descriptors,,,,Operational
bufr4/3/02/085/55/031000,02,Category 02 — Meteorological sequences common to surface data,302085,,,031000,Short delayed descriptor replication factor,,,,Operational
bufr4/3/02/085/56/101002,02,Category 02 — Meteorological sequences common to surface data,302085,,,101002,Replicate 1 descriptor 2 times,,,,Operational
bufr4/3/02/085/57/302045,02,Category 02 — Meteorological sequences common to surface data,302085,,,302045,Radiation data (from 1 hour and 24-hour period) Temperature change group 54g s d 0 n T,,,,Operational
bufr4/3/02/085/58/101000,02,Category 02 — Meteorological sequences common to surface data,302085,,,101000,Delayed replication of 1 descriptor,,,,Operational
bufr4/3/02/085/59/031000,02,Category 02 — Meteorological sequences common to surface data,302085,,,031000,Short delayed descriptor replication factor,,,,Operational
bufr4/3/02/085/60/302046,02,Category 02 — Meteorological sequences common to surface data,302085,,,302046,"Temperature change First-order statistics of P, W, T, U data",,,,Operational
bufr4/3/02/085/61/101000,02,Category 02 — Meteorological sequences common to surface data,302085,,,101000,Delayed replication of 1 descriptor,,,,Operational
bufr4/3/02/085/62/031000,02,Category 02 — Meteorological sequences common to surface data,302085,,,031000,Short delayed descriptor replication factor,,,,Operational
bufr4/3/02/085/63/302083,02,Category 02 — Meteorological sequences common to surface data,302085,,,302083,"First-order statistics of P, W, T, U data",,,,Operational
bufr4/3/02/089/1/020101,02,Category 02 — Meteorological sequences common to surface data,302089,(Locust information),,020101,Locust (acridian) name,L n,,,Operational
bufr4/3/02/089/2/020102,02,Category 02 — Meteorological sequences common to surface data,302089,(Locust information),,020102,Locust (maturity) colour,L c,,,Operational
bufr4/3/02/089/3/020103,02,Category 02 — Meteorological sequences common to surface data,302089,(Locust information),,020103,Stage of development of locusts,L d,,,Operational
bufr4/3/02/089/4/020104,02,Category 02 — Meteorological sequences common to surface data,302089,(Locust information),,020104,Organization state of swarm or band of locusts,L g,,,Operational
bufr4/3/02/089/5/020105,02,Category 02 — Meteorological sequences common to surface data,302089,(Locust information),,020105,Size of swarm or band of locusts and duration of passage of swarm,s L,,,Operational
bufr4/3/02/089/6/020106,02,Category 02 — Meteorological sequences common to surface data,302089,(Locust information),,020106,Locust population density,d L,,,Operational
bufr4/3/02/089/7/020107,02,Category 02 — Meteorological sequences common to surface data,302089,(Locust information),,020107,Direction of movements of locust swarm,D L,,,Operational
bufr4/3/02/089/8/020108,02,Category 02 — Meteorological sequences common to surface data,302089,(Locust information),,020108,Extent of vegetation,v e,,,Operational
bufr4/3/02/090/1/002038,02,Category 02 — Meteorological sequences common to surface data,302090,(Sea/water temperature high precision),,002038,Method of water temperature and/or salinity measurement,,,,Operational
bufr4/3/02/090/2/007063,02,Category 02 — Meteorological sequences common to surface data,302090,(Sea/water temperature high precision),,007063,Depth below sea/water surface (cm),Sea-surface temperature measurement,,,Operational
bufr4/3/02/090/3/022045,02,Category 02 — Meteorological sequences common to surface data,302090,(Sea/water temperature high precision),,022045,Sea/water temperature,,,,Operational
bufr4/3/02/091/1/020001,02,Category 02 — Meteorological sequences common to surface data,302091,(Sequence for representation of ancillary meteorological observations),,020001,Horizontal visibility,,,,Operational
bufr4/3/02/091/2/004024,02,Category 02 — Meteorological sequences common to surface data,302091,(Sequence for representation of ancillary meteorological observations),,004024,Time period or displacement,,,,Operational
bufr4/3/02/091/3/013011,02,Category 02 — Meteorological sequences common to surface data,302091,(Sequence for representation of ancillary meteorological observations),,013011,Total precipitation/total water equivalent,,,,Operational
bufr4/3/02/092/1/011104,02,Category 02 — Meteorological sequences common to surface data,302092,(VOSClim data elements),,011104,"True heading of aircraft, ship or other mobile platform",Ship’s true heading,,,Operational
bufr4/3/02/092/2/001012,02,Category 02 — Meteorological sequences common to surface data,302092,(VOSClim data elements),,001012,Direction of motion of moving observing platform,Ship’s course over ground,,,Operational
bufr4/3/02/092/3/001013,02,Category 02 — Meteorological sequences common to surface data,302092,(VOSClim data elements),,001013,Speed of motion of moving observing platform,Ship’s speed over ground,,,Operational
bufr4/3/02/092/4/010038,02,Category 02 — Meteorological sequences common to surface data,302092,(VOSClim data elements),,010038,Maximum height of deck cargo above summer load line I.2 – BUFR Table D/02 — 21,,,,Operational
bufr4/3/02/092/5/010039,02,Category 02 — Meteorological sequences common to surface data,302092,,,010039,Departure of reference level (summer maximum load line) from actual sea level,,,,Operational
bufr4/3/02/092/6/011007,02,Category 02 — Meteorological sequences common to surface data,302092,,,011007,Relative wind direction (in degrees off bow),,,,Operational
bufr4/3/02/092/7/011008,02,Category 02 — Meteorological sequences common to surface data,302092,,,011008,Relative wind speed,,,,Operational
bufr4/3/02/093/1/007032,02,Category 02 — Meteorological sequences common to surface data,302093,(Extended ship temperature and humidity data),,007032,Height of sensor above local ground (or deck of marine platform),,,,Operational
bufr4/3/02/093/2/007033,02,Category 02 — Meteorological sequences common to surface data,302093,(Extended ship temperature and humidity data),,007033,Height of sensor above water surface,,,,Operational
bufr4/3/02/093/3/303099,02,Category 02 — Meteorological sequences common to surface data,302093,(Extended ship temperature and humidity data),,303099,Metadata common to temperature/humidity sensors,,,,Operational
bufr4/3/02/093/4/012101,02,Category 02 — Meteorological sequences common to surface data,302093,(Extended ship temperature and humidity data),,012101,Temperature/air temperature,,,,Operational
bufr4/3/02/093/5/103000,02,Category 02 — Meteorological sequences common to surface data,302093,(Extended ship temperature and humidity data),,103000,Delayed replication of 3 descriptors,,,,Operational
bufr4/3/02/093/6/031000,02,Category 02 — Meteorological sequences common to surface data,302093,(Extended ship temperature and humidity data),,031000,Short delayed descriptor replication factor,"Set to 0 if no change from previous values, 1 if changes",,,Operational
bufr4/3/02/093/7/007032,02,Category 02 — Meteorological sequences common to surface data,302093,(Extended ship temperature and humidity data),,007032,Height of sensor above local ground (or deck of marine platform),,,,Operational
bufr4/3/02/093/8/007033,02,Category 02 — Meteorological sequences common to surface data,302093,(Extended ship temperature and humidity data),,007033,Height of sensor above water surface,,,,Operational
bufr4/3/02/093/9/303099,02,Category 02 — Meteorological sequences common to surface data,302093,(Extended ship temperature and humidity data),,303099,Metadata common to temperature/humidity sensors,,,,Operational
bufr4/3/02/093/10/002039,02,Category 02 — Meteorological sequences common to surface data,302093,(Extended ship temperature and humidity data),,002039,Method of wet-bulb temperature measurement,,,,Operational
bufr4/3/02/093/11/002097,02,Category 02 — Meteorological sequences common to surface data,302093,(Extended ship temperature and humidity data),,002097,Type of humidity sensor,,,,Operational
bufr4/3/02/093/12/003024,02,Category 02 — Meteorological sequences common to surface data,302093,(Extended ship temperature and humidity data),,003024,Psychrometric coefficient,Set to missing if type of humidity sensor is not psychrometer,,,Operational
bufr4/3/02/093/13/003021,02,Category 02 — Meteorological sequences common to surface data,302093,(Extended ship temperature and humidity data),,003021,Hygrometer heating,,,,Operational
bufr4/3/02/093/14/012102,02,Category 02 — Meteorological sequences common to surface data,302093,(Extended ship temperature and humidity data),,012102,Wet-bulb temperature,,,,Operational
bufr4/3/02/093/15/012103,02,Category 02 — Meteorological sequences common to surface data,302093,(Extended ship temperature and humidity data),,012103,Dewpoint temperature,,,,Operational
bufr4/3/02/093/16/013003,02,Category 02 — Meteorological sequences common to surface data,302093,(Extended ship temperature and humidity data),,013003,Relative humidity,,,,Operational
bufr4/3/02/093/17/007032,02,Category 02 — Meteorological sequences common to surface data,302093,(Extended ship temperature and humidity data),,007032,Height of sensor above local ground (or deck of marine platform),Set to missing (cancel),,,Operational
bufr4/3/02/093/18/007033,02,Category 02 — Meteorological sequences common to surface data,302093,(Extended ship temperature and humidity data),,007033,Height of sensor above water surface,Set to missing (cancel),,,Operational
bufr4/3/02/093/19/303099,02,Category 02 — Meteorological sequences common to surface data,302093,(Extended ship temperature and humidity data),,303099,Metadata common to temperature/humidity sensors,Set all elements in sequence to missing (cancel),,,Operational
bufr4/3/02/093/20/002039,02,Category 02 — Meteorological sequences common to surface data,302093,(Extended ship temperature and humidity data),,002039,Method of wet-bulb temperature measurement Set to missing,(cancel),,,Operational
bufr4/3/02/093/21/002097,02,Category 02 — Meteorological sequences common to surface data,302093,(Extended ship temperature and humidity data),,002097,Type of humidity sensor,Set to missing (cancel),,,Operational
bufr4/3/02/093/22/003021,02,Category 02 — Meteorological sequences common to surface data,302093,(Extended ship temperature and humidity data),,003021,Hygrometer heating,Set to missing (cancel),,,Operational
bufr4/3/02/093/23/003024,02,Category 02 — Meteorological sequences common to surface data,302093,(Extended ship temperature and humidity data),,003024,Psychrometric coefficient I.2 – BUFR Table D/02 — 22,Set to missing (cancel),,,Operational
bufr4/3/02/175/1/008021,02,Category 02 — Meteorological sequences common to surface data,302175,"(Intensity of precipitation, size of precipitation element)",,008021,Time significance,,,,Operational
bufr4/3/02/175/2/004025,02,Category 02 — Meteorological sequences common to surface data,302175,"(Intensity of precipitation, size of precipitation element)",,004025,Time period or displacement,,,,Operational
bufr4/3/02/175/3/013155,02,Category 02 — Meteorological sequences common to surface data,302175,"(Intensity of precipitation, size of precipitation element)",,013155,Intensity of precipitation (high accuracy),,,,Operational
bufr4/3/02/175/4/013058,02,Category 02 — Meteorological sequences common to surface data,302175,"(Intensity of precipitation, size of precipitation element)",,013058,Size of precipitating element,,,,Operational
bufr4/3/02/175/5/008021,02,Category 02 — Meteorological sequences common to surface data,302175,"(Intensity of precipitation, size of precipitation element)",,008021,Time significance I.2 – BUFR Table D/02 — 23,,,,Operational
