Id,Category,CategoryOfSequences_en,FXY1,Title_en,SubTitle_en,FXY2,ElementName_en,ElementDescription_en,Note_en,noteIDs,Status
bufr4/3/07/001/1/301031,07,Category 07 — Surface report sequences (land),307001,(Low altitude station),,301031,"Identification and type of station, date/time, location (high accuracy), height of station",,,,Operational
bufr4/3/07/001/2/302011,07,Category 07 — Surface report sequences (land),307001,(Low altitude station),,302011,Low altitude station Basic surface report,,,,Operational
bufr4/3/07/002/1/301032,07,Category 07 — Surface report sequences (land),307002,(Low altitude station),,301032,"Identification and type of station, date/time, location (coarse accuracy), height of station",,,,Operational
bufr4/3/07/002/2/302011,07,Category 07 — Surface report sequences (land),307002,(Low altitude station),,302011,Low altitude station Basic surface report,,,,Operational
bufr4/3/07/003/1/307001,07,Category 07 — Surface report sequences (land),307003,(Low altitude station),,307001,Low altitude station Location (high accuracy) and basic report,,,,Operational
bufr4/3/07/003/2/101000,07,Category 07 — Surface report sequences (land),307003,(Low altitude station),,101000,Delayed replication of 1 descriptor,,,,Operational
bufr4/3/07/003/3/031001,07,Category 07 — Surface report sequences (land),307003,(Low altitude station),,031001,Delayed descriptor replication factor,,,,Operational
bufr4/3/07/003/4/302005,07,Category 07 — Surface report sequences (land),307003,(Low altitude station),,302005,Cloud layer,,,,Operational
bufr4/3/07/004/1/307002,07,Category 07 — Surface report sequences (land),307004,(Low altitude station),,307002,Low altitude station Location (coarse accuracy) and basic report,,,,Operational
bufr4/3/07/004/2/101000,07,Category 07 — Surface report sequences (land),307004,(Low altitude station),,101000,Delayed replication of 1 descriptor,,,,Operational
bufr4/3/07/004/3/031001,07,Category 07 — Surface report sequences (land),307004,(Low altitude station),,031001,Delayed descriptor replication factor,,,,Operational
bufr4/3/07/004/4/302005,07,Category 07 — Surface report sequences (land),307004,(Low altitude station),,302005,Cloud layer,,,,Operational
bufr4/3/07/005/1/307001,07,Category 07 — Surface report sequences (land),307005,(Low altitude station),,307001,Low altitude station Location (high accuracy) and basic report,,,,Operational
bufr4/3/07/005/2/101004,07,Category 07 — Surface report sequences (land),307005,(Low altitude station),,101004,Replicate 1 descriptor 4 times,,,,Operational
bufr4/3/07/005/3/302005,07,Category 07 — Surface report sequences (land),307005,(Low altitude station),,302005,Cloud layer 4 layers,,,,Operational
bufr4/3/07/006/1/307002,07,Category 07 — Surface report sequences (land),307006,(Low altitude station),,307002,Low altitude station Location (coarse accuracy) and basic report,,,,Operational
bufr4/3/07/006/2/101004,07,Category 07 — Surface report sequences (land),307006,(Low altitude station),,101004,Replicate 1 descriptor 4 times,,,,Operational
bufr4/3/07/006/3/302005,07,Category 07 — Surface report sequences (land),307006,(Low altitude station),,302005,Cloud layer 4 layers,,,,Operational
bufr4/3/07/007/1/301031,07,Category 07 — Surface report sequences (land),307007,(High altitude station),,301031,"Identification and type of station, date/time, location (high accuracy), height of station",,,,Operational
bufr4/3/07/007/2/302012,07,Category 07 — Surface report sequences (land),307007,(High altitude station),,302012,High altitude station Basic surface report I.2 – BUFR Table D/07 — 1,,,,Operational
bufr4/3/07/008/1/301032,07,Category 07 — Surface report sequences (land),307008,(High altitude station),,301032,"Identification and type of station, date/time, location (coarse accuracy), height of station",,,,Operational
bufr4/3/07/008/2/302012,07,Category 07 — Surface report sequences (land),307008,(High altitude station),,302012,High altitude station Basic surface report,,,,Operational
bufr4/3/07/009/1/301031,07,Category 07 — Surface report sequences (land),307009,,,301031,"Identification and type of station, date/time, location (high accuracy), height of station",,,,Operational
bufr4/3/07/009/2/302013,07,Category 07 — Surface report sequences (land),307009,,,302013,Basic surface report,,,,Operational
bufr4/3/07/011/1/001063,07,Category 07 — Surface report sequences (land),307011,(Main part of data for representation of METAR/SPECI code in BUFR),,001063,ICAO location indicator,,,,Operational
bufr4/3/07/011/2/002001,07,Category 07 — Surface report sequences (land),307011,(Main part of data for representation of METAR/SPECI code in BUFR),,002001,Type of station,,,,Operational
bufr4/3/07/011/3/301011,07,Category 07 — Surface report sequences (land),307011,(Main part of data for representation of METAR/SPECI code in BUFR),,301011,"Year, month, day YY",,,,Operational
bufr4/3/07/011/4/301012,07,Category 07 — Surface report sequences (land),307011,(Main part of data for representation of METAR/SPECI code in BUFR),,301012,"Hour, minute GG, gg",,,,Operational
bufr4/3/07/011/5/301024,07,Category 07 — Surface report sequences (land),307011,(Main part of data for representation of METAR/SPECI code in BUFR),,301024,"Latitude/longitude (coarse accuracy), height of station",,,,Operational
bufr4/3/07/011/6/007006,07,Category 07 — Surface report sequences (land),307011,(Main part of data for representation of METAR/SPECI code in BUFR),,007006,Height above station Height of an anemometer,,,,Operational
bufr4/3/07/011/7/011001,07,Category 07 — Surface report sequences (land),307011,(Main part of data for representation of METAR/SPECI code in BUFR),,011001,Wind direction,,,,Operational
bufr4/3/07/011/8/011016,07,Category 07 — Surface report sequences (land),307011,(Main part of data for representation of METAR/SPECI code in BUFR),,011016,Extreme counterclockwise wind direction of a variable wind,,,,Operational
bufr4/3/07/011/9/011017,07,Category 07 — Surface report sequences (land),307011,(Main part of data for representation of METAR/SPECI code in BUFR),,011017,Extreme clockwise wind direction of a variable wind,,,,Operational
bufr4/3/07/011/10/011002,07,Category 07 — Surface report sequences (land),307011,(Main part of data for representation of METAR/SPECI code in BUFR),,011002,Wind speed,,,,Operational
bufr4/3/07/011/11/011041,07,Category 07 — Surface report sequences (land),307011,(Main part of data for representation of METAR/SPECI code in BUFR),,011041,Maximum wind gust speed,,,,Operational
bufr4/3/07/011/12/007006,07,Category 07 — Surface report sequences (land),307011,(Main part of data for representation of METAR/SPECI code in BUFR),,007006,Height above station Height of a thermometer,,,,Operational
bufr4/3/07/011/13/012001,07,Category 07 — Surface report sequences (land),307011,(Main part of data for representation of METAR/SPECI code in BUFR),,012001,Temperature/air temperature,,,,Operational
bufr4/3/07/011/14/012003,07,Category 07 — Surface report sequences (land),307011,(Main part of data for representation of METAR/SPECI code in BUFR),,012003,Dewpoint temperature,,,,Operational
bufr4/3/07/011/15/010052,07,Category 07 — Surface report sequences (land),307011,(Main part of data for representation of METAR/SPECI code in BUFR),,010052,Altimeter setting (QNH),,,,Operational
bufr4/3/07/011/16/020009,07,Category 07 — Surface report sequences (land),307011,(Main part of data for representation of METAR/SPECI code in BUFR),,020009,General weather indicator (TAF/METAR),,,,Operational
bufr4/3/07/012/1/103000,07,Category 07 — Surface report sequences (land),307012,(Horizontal visibility),,103000,Delayed replication of 3 descriptors,,,,Operational
bufr4/3/07/012/2/031001,07,Category 07 — Surface report sequences (land),307012,(Horizontal visibility),,031001,Delayed descriptor replication factor Up to 3,,,,Operational
bufr4/3/07/012/3/008023,07,Category 07 — Surface report sequences (land),307012,(Horizontal visibility),,008023,First-order statistics,,,,Operational
bufr4/3/07/012/4/005021,07,Category 07 — Surface report sequences (land),307012,(Horizontal visibility),,005021,Bearing or azimuth Direction of visibility observed,,,,Operational
bufr4/3/07/012/5/020001,07,Category 07 — Surface report sequences (land),307012,(Horizontal visibility),,020001,Horizontal visibility,,,,Operational
bufr4/3/07/013/1/106000,07,Category 07 — Surface report sequences (land),307013,(Runway visual range),,106000,Delayed replication of 6 descriptors,,,,Operational
bufr4/3/07/013/2/031001,07,Category 07 — Surface report sequences (land),307013,(Runway visual range),,031001,Delayed descriptor replication factor Up to 4,,,,Operational
bufr4/3/07/013/3/001064,07,Category 07 — Surface report sequences (land),307013,(Runway visual range),,001064,Runway designator,,,,Operational
bufr4/3/07/013/4/008014,07,Category 07 — Surface report sequences (land),307013,(Runway visual range),,008014,Qualifier for runway visual range I.2 – BUFR Table D/07 — 2,,,,Operational
bufr4/3/07/013/5/020061,07,Category 07 — Surface report sequences (land),307013,,,020061,Runway visual range (RVR),,,,Operational
bufr4/3/07/013/6/008014,07,Category 07 — Surface report sequences (land),307013,,,008014,Qualifier for runway visual range,,,,Operational
bufr4/3/07/013/7/020061,07,Category 07 — Surface report sequences (land),307013,,,020061,Runway visual range (RVR),,,,Operational
bufr4/3/07/013/8/020018,07,Category 07 — Surface report sequences (land),307013,,,020018,Tendency of runway visual range,,,,Operational
bufr4/3/07/014/1/101000,07,Category 07 — Surface report sequences (land),307014,(Significant present or forecast weather),,101000,Delayed replication of 1 descriptor,,,,Operational
bufr4/3/07/014/2/031001,07,Category 07 — Surface report sequences (land),307014,(Significant present or forecast weather),,031001,Delayed descriptor replication factor Up to 3,,,,Operational
bufr4/3/07/014/3/020019,07,Category 07 — Surface report sequences (land),307014,(Significant present or forecast weather),,020019,Significant present or forecast weather,,,,Operational
bufr4/3/07/015/1/101000,07,Category 07 — Surface report sequences (land),307015,(Clouds group(s)),,101000,Delayed replication of 1 descriptor,,,,Operational
bufr4/3/07/015/2/031001,07,Category 07 — Surface report sequences (land),307015,(Clouds group(s)),,031001,Delayed descriptor replication factor,,,,Operational
bufr4/3/07/015/3/302005,07,Category 07 — Surface report sequences (land),307015,(Clouds group(s)),,302005,Cloud layer N,"N N , CC, h h h s s s s s s",,,Operational
bufr4/3/07/015/4/020002,07,Category 07 — Surface report sequences (land),307015,(Clouds group(s)),,020002,Vertical visibility,,,,Operational
bufr4/3/07/016/1/101000,07,Category 07 — Surface report sequences (land),307016,(Significant recent weather phenomena),,101000,Delayed replication of 1 descriptor,,,,Operational
bufr4/3/07/016/2/031001,07,Category 07 — Surface report sequences (land),307016,(Significant recent weather phenomena),,031001,Delayed descriptor replication factor Up to 3,,,,Operational
bufr4/3/07/016/3/020020,07,Category 07 — Surface report sequences (land),307016,(Significant recent weather phenomena),,020020,Significant recent weather phenomena,,,,Operational
bufr4/3/07/017/1/101000,07,Category 07 — Surface report sequences (land),307017,(Wind shear on runway(s)),,101000,Delayed replication of 1 descriptor,,,,Operational
bufr4/3/07/017/2/031001,07,Category 07 — Surface report sequences (land),307017,(Wind shear on runway(s)),,031001,Delayed descriptor replication factor,,,,Operational
bufr4/3/07/017/3/011070,07,Category 07 — Surface report sequences (land),307017,(Wind shear on runway(s)),,011070,Designator of the runway affected by wind shear (including ALL),,,,Operational
bufr4/3/07/018/1/008016,07,Category 07 — Surface report sequences (land),307018,(Trend-type landing forecast),,008016,Change qualifier of a trend-type forecast or an aerodrome forecast,,,,Operational
bufr4/3/07/018/2/102000,07,Category 07 — Surface report sequences (land),307018,(Trend-type landing forecast),,102000,Delayed replication of 2 descriptors,,,,Operational
bufr4/3/07/018/3/031001,07,Category 07 — Surface report sequences (land),307018,(Trend-type landing forecast),,031001,Delayed descriptor replication factor Up to 2,,,,Operational
bufr4/3/07/018/4/008017,07,Category 07 — Surface report sequences (land),307018,(Trend-type landing forecast),,008017,"Qualifier of the time when the forecast change FM, TL, AT is expected",,,,Operational
bufr4/3/07/018/5/301012,07,Category 07 — Surface report sequences (land),307018,(Trend-type landing forecast),,301012,"Hour, minute GG, gg",,,,Operational
bufr4/3/07/018/6/104000,07,Category 07 — Surface report sequences (land),307018,(Trend-type landing forecast),,104000,Delayed replication of 4 descriptors,,,,Operational
bufr4/3/07/018/7/031001,07,Category 07 — Surface report sequences (land),307018,(Trend-type landing forecast),,031001,Delayed descriptor replication factor Up to 1,,,,Operational
bufr4/3/07/018/8/007006,07,Category 07 — Surface report sequences (land),307018,(Trend-type landing forecast),,007006,Height above station,,,,Operational
bufr4/3/07/018/9/011001,07,Category 07 — Surface report sequences (land),307018,(Trend-type landing forecast),,011001,Wind direction,,,,Operational
bufr4/3/07/018/10/011002,07,Category 07 — Surface report sequences (land),307018,(Trend-type landing forecast),,011002,Wind speed,,,,Operational
bufr4/3/07/018/11/011041,07,Category 07 — Surface report sequences (land),307018,(Trend-type landing forecast),,011041,Maximum wind gust speed,,,,Operational
bufr4/3/07/018/12/020009,07,Category 07 — Surface report sequences (land),307018,(Trend-type landing forecast),,020009,General weather indicator (TAF/METAR),,,,Operational
bufr4/3/07/018/13/101000,07,Category 07 — Surface report sequences (land),307018,(Trend-type landing forecast),,101000,Delayed replication of 1 descriptor,,,,Operational
bufr4/3/07/018/14/031001,07,Category 07 — Surface report sequences (land),307018,(Trend-type landing forecast),,031001,Delayed descriptor replication factor Up to 1,,,,Operational
bufr4/3/07/018/15/020001,07,Category 07 — Surface report sequences (land),307018,(Trend-type landing forecast),,020001,Horizontal visibility,,,,Operational
bufr4/3/07/018/16/307014,07,Category 07 — Surface report sequences (land),307018,(Trend-type landing forecast),,307014,Significant present or forecast weather w’w’ I.2 – BUFR Table D/07 — 3,,,,Operational
bufr4/3/07/020/1/307011,07,Category 07 — Surface report sequences (land),307020,(Short METAR/SPECI),,307011,Main part of data for representation of METAR/SPECI code in BUFR,,,,Operational
bufr4/3/07/020/2/307014,07,Category 07 — Surface report sequences (land),307020,(Short METAR/SPECI),,307014,Significant present or forecast weather w’w’,,,,Operational
bufr4/3/07/020/3/307016,07,Category 07 — Surface report sequences (land),307020,(Short METAR/SPECI),,307016,Significant recent weather phenomena REw’w’,,,,Operational
bufr4/3/07/021/1/307011,07,Category 07 — Surface report sequences (land),307021,(Total sequence for representation of METAR/SPECI code in BUFR),,307011,Main part of data for representation of METAR/SPECI code in BUFR,,,,Operational
bufr4/3/07/021/2/307012,07,Category 07 — Surface report sequences (land),307021,(Total sequence for representation of METAR/SPECI code in BUFR),,307012,Horizontal visibility D,VVVV v,,,Operational
bufr4/3/07/021/3/307013,07,Category 07 — Surface report sequences (land),307021,(Total sequence for representation of METAR/SPECI code in BUFR),,307013,Runway visual range D,D /V V V V R R R R R R,,,Operational
bufr4/3/07/021/4/307014,07,Category 07 — Surface report sequences (land),307021,(Total sequence for representation of METAR/SPECI code in BUFR),,307014,Significant present or forecast weather w’w’,,,,Operational
bufr4/3/07/021/5/307015,07,Category 07 — Surface report sequences (land),307021,(Total sequence for representation of METAR/SPECI code in BUFR),,307015,Clouds group(s),,,,Operational
bufr4/3/07/021/6/307016,07,Category 07 — Surface report sequences (land),307021,(Total sequence for representation of METAR/SPECI code in BUFR),,307016,Significant recent weather phenomena REw’w’,,,,Operational
bufr4/3/07/021/7/307017,07,Category 07 — Surface report sequences (land),307021,(Total sequence for representation of METAR/SPECI code in BUFR),,307017,Wind shear on runway(s),,,,Operational
bufr4/3/07/021/8/307018,07,Category 07 — Surface report sequences (land),307021,(Total sequence for representation of METAR/SPECI code in BUFR),,307018,Trend-type landing forecast,,,,Operational
bufr4/3/07/021/9/307015,07,Category 07 — Surface report sequences (land),307021,(Total sequence for representation of METAR/SPECI code in BUFR),,307015,Clouds group(s),,,,Operational
bufr4/3/07/022/1/001015,07,Category 07 — Surface report sequences (land),307022,(Ground-based GNSS data),,001015,Station or site name,,,,Operational
bufr4/3/07/022/2/301011,07,Category 07 — Surface report sequences (land),307022,(Ground-based GNSS data),,301011,"Year, month, day",,,,Operational
bufr4/3/07/022/3/301012,07,Category 07 — Surface report sequences (land),307022,(Ground-based GNSS data),,301012,"Hour, minute",,,,Operational
bufr4/3/07/022/4/301022,07,Category 07 — Surface report sequences (land),307022,(Ground-based GNSS data),,301022,"Latitude/longitude (high accuracy), height of station",,,,Operational
bufr4/3/07/022/5/008021,07,Category 07 — Surface report sequences (land),307022,(Ground-based GNSS data),,008021,Time significance = 23 Monitoring period,,,,Operational
bufr4/3/07/022/6/004025,07,Category 07 — Surface report sequences (land),307022,(Ground-based GNSS data),,004025,Time period or displacement,,,,Operational
bufr4/3/07/022/7/010004,07,Category 07 — Surface report sequences (land),307022,(Ground-based GNSS data),,010004,Pressure,,,,Operational
bufr4/3/07/022/8/012001,07,Category 07 — Surface report sequences (land),307022,(Ground-based GNSS data),,012001,Temperature/air temperature,,,,Operational
bufr4/3/07/022/9/013003,07,Category 07 — Surface report sequences (land),307022,(Ground-based GNSS data),,013003,Relative humidity,,,,Operational
bufr4/3/07/022/10/033038,07,Category 07 — Surface report sequences (land),307022,(Ground-based GNSS data),,033038,Quality flags for ground-based GNSS data,,,,Operational
bufr4/3/07/022/11/008022,07,Category 07 — Surface report sequences (land),307022,(Ground-based GNSS data),,008022,Total number (with respect to accumulation or Number of GNSS average) satellites used,,,,Operational
bufr4/3/07/022/12/106025,07,Category 07 — Surface report sequences (land),307022,(Ground-based GNSS data),,106025,Replicate 6 descriptors 25 times,,,,Operational
bufr4/3/07/022/13/002020,07,Category 07 — Surface report sequences (land),307022,(Ground-based GNSS data),,002020,Satellite classification,,,,Operational
bufr4/3/07/022/14/001050,07,Category 07 — Surface report sequences (land),307022,(Ground-based GNSS data),,001050,Platform transmitter ID number,,,,Operational
bufr4/3/07/022/15/005021,07,Category 07 — Surface report sequences (land),307022,(Ground-based GNSS data),,005021,Bearing or azimuth,,,,Operational
bufr4/3/07/022/16/007021,07,Category 07 — Surface report sequences (land),307022,(Ground-based GNSS data),,007021,Elevation,,,,Operational
bufr4/3/07/022/17/015031,07,Category 07 — Surface report sequences (land),307022,(Ground-based GNSS data),,015031,Atmospheric path delay in satellite signal,,,,Operational
bufr4/3/07/022/18/015032,07,Category 07 — Surface report sequences (land),307022,(Ground-based GNSS data),,015032,Estimated error in atmospheric path delay,,,,Operational
bufr4/3/07/022/19/008060,07,Category 07 — Surface report sequences (land),307022,(Ground-based GNSS data),,008060,Sample scanning mode significance = 5 North/South,,,,Operational
bufr4/3/07/022/20/015033,07,Category 07 — Surface report sequences (land),307022,(Ground-based GNSS data),,015033,Difference in path delays for limb views at extremes of scan,,,,Operational
bufr4/3/07/022/21/015034,07,Category 07 — Surface report sequences (land),307022,(Ground-based GNSS data),,015034,Estimated error in path delay difference,,,,Operational
bufr4/3/07/022/22/008060,07,Category 07 — Surface report sequences (land),307022,(Ground-based GNSS data),,008060,Sample scanning mode significance = 6 East/West I.2 – BUFR Table D/07 — 4,,,,Operational
bufr4/3/07/022/23/015033,07,Category 07 — Surface report sequences (land),307022,,,015033,Difference in path delays for limb views at extremes of scan,,,,Operational
bufr4/3/07/022/24/015034,07,Category 07 — Surface report sequences (land),307022,,,015034,Estimated error in path delay difference,,,,Operational
bufr4/3/07/022/25/015035,07,Category 07 — Surface report sequences (land),307022,,,015035,Component of zenith path delay due to water vapour,,,,Operational
bufr4/3/07/022/26/201131,07,Category 07 — Surface report sequences (land),307022,,,201131,Change data width,,,,Operational
bufr4/3/07/022/27/202129,07,Category 07 — Surface report sequences (land),307022,,,202129,Change scale,,,,Operational
bufr4/3/07/022/28/013016,07,Category 07 — Surface report sequences (land),307022,,,013016,Precipitable water,,,,Operational
bufr4/3/07/022/29/202000,07,Category 07 — Surface report sequences (land),307022,,,202000,Change scale Cancel,,,,Operational
bufr4/3/07/022/30/201000,07,Category 07 — Surface report sequences (land),307022,,,201000,Change data width Cancel,,,,Operational
bufr4/3/07/022/31/015011,07,Category 07 — Surface report sequences (land),307022,,,015011,Log of integrated electron density 10,,,,Operational
bufr4/3/07/024/1/301150,07,Category 07 — Surface report sequences (land),307024,(Ground-based GNSS data – slant total delay),,301150,WIGOS identifier,,,,Operational
bufr4/3/07/024/2/001015,07,Category 07 — Surface report sequences (land),307024,(Ground-based GNSS data – slant total delay),,001015,Station or site name,,,,Operational
bufr4/3/07/024/3/001040,07,Category 07 — Surface report sequences (land),307024,(Ground-based GNSS data – slant total delay),,001040,Processing centre ID code GNSS processing centre,,,,Operational
bufr4/3/07/024/4/008021,07,Category 07 — Surface report sequences (land),307024,(Ground-based GNSS data – slant total delay),,008021,Time significance = 30 Time of occurrence,,,,Operational
bufr4/3/07/024/5/301011,07,Category 07 — Surface report sequences (land),307024,(Ground-based GNSS data – slant total delay),,301011,"Year, month, day",,,,Operational
bufr4/3/07/024/6/301013,07,Category 07 — Surface report sequences (land),307024,(Ground-based GNSS data – slant total delay),,301013,"Hour, minute, second",,,,Operational
bufr4/3/07/024/7/301022,07,Category 07 — Surface report sequences (land),307024,(Ground-based GNSS data – slant total delay),,301022,"Latitude/longitude (high accuracy), height of station",,,,Operational
bufr4/3/07/024/8/010036,07,Category 07 — Surface report sequences (land),307024,(Ground-based GNSS data – slant total delay),,010036,"Geoid undulation Geoid height above WGS-84 ellipsoid, ±150 m to 1 cm",,,,Operational
bufr4/3/07/024/9/025061,07,Category 07 — Surface report sequences (land),307024,(Ground-based GNSS data – slant total delay),,025061,"Software identification and version number GNSS processing software, software version",,,,Operational
bufr4/3/07/024/10/010004,07,Category 07 — Surface report sequences (land),307024,(Ground-based GNSS data – slant total delay),,010004,Pressure,,,,Operational
bufr4/3/07/024/11/012001,07,Category 07 — Surface report sequences (land),307024,(Ground-based GNSS data – slant total delay),,012001,Temperature/air temperature,,,,Operational
bufr4/3/07/024/12/013003,07,Category 07 — Surface report sequences (land),307024,(Ground-based GNSS data – slant total delay),,013003,Relative humidity Zenith total delay,,,,Operational
bufr4/3/07/024/13/120000,07,Category 07 — Surface report sequences (land),307024,(Ground-based GNSS data – slant total delay),,120000,Delayed replication of 20 descriptors,,,,Operational
bufr4/3/07/024/14/031000,07,Category 07 — Surface report sequences (land),307024,(Ground-based GNSS data – slant total delay),,031000,Short delayed descriptor replication factor,,,,Operational
bufr4/3/07/024/15/025060,07,Category 07 — Surface report sequences (land),307024,(Ground-based GNSS data – slant total delay),,025060,Software identification,,,,Operational
bufr4/3/07/024/16/008021,07,Category 07 — Surface report sequences (land),307024,(Ground-based GNSS data – slant total delay),,008021,Time significance = 2 Time averaged,,,,Operational
bufr4/3/07/024/17/004025,07,Category 07 — Surface report sequences (land),307024,(Ground-based GNSS data – slant total delay),,004025,Time period or displacement,,,,Operational
bufr4/3/07/024/18/115000,07,Category 07 — Surface report sequences (land),307024,(Ground-based GNSS data – slant total delay),,115000,Delayed replication of 15 descriptors,,,,Operational
bufr4/3/07/024/19/031001,07,Category 07 — Surface report sequences (land),307024,(Ground-based GNSS data – slant total delay),,031001,Delayed descriptor replication factor,,,,Operational
bufr4/3/07/024/20/015079,07,Category 07 — Surface report sequences (land),307024,(Ground-based GNSS data – slant total delay),,015079,Zenith path delay due to neutral atmosphere,,,,Operational
bufr4/3/07/024/21/015080,07,Category 07 — Surface report sequences (land),307024,(Ground-based GNSS data – slant total delay),,015080,Estimated error in neutral atmosphere zenith path delay,,,,Operational
bufr4/3/07/024/22/008022,07,Category 07 — Surface report sequences (land),307024,(Ground-based GNSS data – slant total delay),,008022,Total number (with respect to accumulation or average),,,,Operational
bufr4/3/07/024/23/033093,07,Category 07 — Surface report sequences (land),307024,(Ground-based GNSS data – slant total delay),,033093,Extended quality flags for ground-based GNSS data,,,,Operational
bufr4/3/07/024/24/015089,07,Category 07 — Surface report sequences (land),307024,(Ground-based GNSS data – slant total delay),,015089,Zenith path delay due to neutral hydrostatic atmosphere I.2 – BUFR Table D/07 — 5,,,,Operational
bufr4/3/07/024/25/015035,07,Category 07 — Surface report sequences (land),307024,,,015035,Component of zenith path delay due to water vapour,,,,Operational
bufr4/3/07/024/26/102002,07,Category 07 — Surface report sequences (land),307024,,,102002,Replicate 2 descriptors 2 times,,,,Operational
bufr4/3/07/024/27/008060,07,Category 07 — Surface report sequences (land),307024,,,008060,Sample scanning mode significance = 5 north/south or =6 east/west,,,,Operational
bufr4/3/07/024/28/015083,07,Category 07 — Surface report sequences (land),307024,,,015083,GNSS-derived neutral atmosphere gradient,,,,Operational
bufr4/3/07/024/29/201131,07,Category 07 — Surface report sequences (land),307024,,,201131,Change data width,,,,Operational
bufr4/3/07/024/30/202129,07,Category 07 — Surface report sequences (land),307024,,,202129,Change scale,,,,Operational
bufr4/3/07/024/31/013016,07,Category 07 — Surface report sequences (land),307024,,,013016,Precipitable water,,,,Operational
bufr4/3/07/024/32/202000,07,Category 07 — Surface report sequences (land),307024,,,202000,Change scale Cancel,,,,Operational
bufr4/3/07/024/33/201000,07,Category 07 — Surface report sequences (land),307024,,,201000,Change data width Cancel,,,,Operational
bufr4/3/07/024/34/015011,07,Category 07 — Surface report sequences (land),307024,,,015011,Log10 of integrated electron density Slant total delay,,,,Operational
bufr4/3/07/024/35/131000,07,Category 07 — Surface report sequences (land),307024,,,131000,Delayed replication of 31 descriptors,,,,Operational
bufr4/3/07/024/36/031000,07,Category 07 — Surface report sequences (land),307024,,,031000,Short delayed descriptor replication factor,,,,Operational
bufr4/3/07/024/37/025060,07,Category 07 — Surface report sequences (land),307024,,,025060,Software identification,,,,Operational
bufr4/3/07/024/38/008021,07,Category 07 — Surface report sequences (land),307024,,,008021,Time significance Set to missing,,,,Operational
bufr4/3/07/024/39/004025,07,Category 07 — Surface report sequences (land),307024,,,004025,Time period or displacement = 0,,,,Operational
bufr4/3/07/024/40/033093,07,Category 07 — Surface report sequences (land),307024,,,033093,Extended quality flags for ground-based GNSS data,,,,Operational
bufr4/3/07/024/41/125000,07,Category 07 — Surface report sequences (land),307024,,,125000,Delayed replication of 25 descriptors,,,,Operational
bufr4/3/07/024/42/031001,07,Category 07 — Surface report sequences (land),307024,,,031001,Delayed descriptor replication factor Number of GNSS satellites used,,,,Operational
bufr4/3/07/024/43/002020,07,Category 07 — Surface report sequences (land),307024,,,002020,Satellite classification,,,,Operational
bufr4/3/07/024/44/001050,07,Category 07 — Surface report sequences (land),307024,,,001050,Platform transmitter ID number,,,,Operational
bufr4/3/07/024/45/001150,07,Category 07 — Surface report sequences (land),307024,,,001150,Coordinate reference system = 5 ECF coordinate system,,,,Operational
bufr4/3/07/024/46/202127,07,Category 07 — Surface report sequences (land),307024,,,202127,Change scale,,,,Operational
bufr4/3/07/024/47/304030,07,Category 07 — Surface report sequences (land),307024,,,304030,Location of platform,,,,Operational
bufr4/3/07/024/48/202000,07,Category 07 — Surface report sequences (land),307024,,,202000,Change scale,,,,Operational
bufr4/3/07/024/49/005021,07,Category 07 — Surface report sequences (land),307024,,,005021,Bearing or azimuth,,,,Operational
bufr4/3/07/024/50/007021,07,Category 07 — Surface report sequences (land),307024,,,007021,Elevation,,,,Operational
bufr4/3/07/024/51/015038,07,Category 07 — Surface report sequences (land),307024,,,015038,Path delay due to neutral atmosphere,,,,Operational
bufr4/3/07/024/52/015039,07,Category 07 — Surface report sequences (land),307024,,,015039,Estimated error in neutral atmosphere path delay,,,,Operational
bufr4/3/07/024/53/015090,07,Category 07 — Surface report sequences (land),307024,,,015090,Path delay due to neutral hydrostatic atmosphere,,,,Operational
bufr4/3/07/024/54/015081,07,Category 07 — Surface report sequences (land),307024,,,015081,Wet path delay due to neutral atmosphere,,,,Operational
bufr4/3/07/024/55/015082,07,Category 07 — Surface report sequences (land),307024,,,015082,Path-integrated water vapour,,,,Operational
bufr4/3/07/024/56/015079,07,Category 07 — Surface report sequences (land),307024,,,015079,Zenith path delay due to neutral atmosphere,,,,Operational
bufr4/3/07/024/57/015089,07,Category 07 — Surface report sequences (land),307024,,,015089,Zenith path delay due to neutral hydrostatic atmosphere,,,,Operational
bufr4/3/07/024/58/015035,07,Category 07 — Surface report sequences (land),307024,,,015035,Component of zenith path delay due to water vapour,,,,Operational
bufr4/3/07/024/59/102002,07,Category 07 — Surface report sequences (land),307024,,,102002,Replicate 2 descriptors 2 times,,,,Operational
bufr4/3/07/024/60/008060,07,Category 07 — Surface report sequences (land),307024,,,008060,Sample scanning mode significance = 5 north/south or = 6 east/west,,,,Operational
bufr4/3/07/024/61/015083,07,Category 07 — Surface report sequences (land),307024,,,015083,GNSS-derived neutral atmosphere gradient I.2 – BUFR Table D/07 — 6,,,,Operational
bufr4/3/07/022/32/015084,07,Category 07 — Surface report sequences (land),307022,,,015084,GNSS least squares residual,,,,Operational
bufr4/3/07/022/33/015085,07,Category 07 — Surface report sequences (land),307022,,,015085,GNSS multi-path delay,,,,Operational
bufr4/3/07/022/34/015086,07,Category 07 — Surface report sequences (land),307022,,,015086,GNSS hydrostatic mapping function,,,,Operational
bufr4/3/07/022/35/015087,07,Category 07 — Surface report sequences (land),307022,,,015087,GNSS wet mapping function,,,,Operational
bufr4/3/07/022/36/015088,07,Category 07 — Surface report sequences (land),307022,,,015088,GNSS gradient mapping function,,,,Operational
bufr4/3/07/022/37/015011,07,Category 07 — Surface report sequences (land),307022,,,015011,Log of integrated electron density 10,,,,Operational
bufr4/3/07/030/1/015001,07,Category 07 — Surface report sequences (land),307030,(Ozone data – single observation),,015001,Total ozone,,,,Operational
bufr4/3/07/030/2/015002,07,Category 07 — Surface report sequences (land),307030,(Ozone data – single observation),,015002,Air mass (slant path at 22 km),,,,Operational
bufr4/3/07/031/1/008022,07,Category 07 — Surface report sequences (land),307031,(Ozone data – averaged observations),,008022,Total number (with respect to accumulation or Number of average) measurements,,,,Operational
bufr4/3/07/031/2/008023,07,Category 07 — Surface report sequences (land),307031,(Ozone data – averaged observations),,008023,First-order statistics = 4 Mean value,,,,Operational
bufr4/3/07/031/3/015001,07,Category 07 — Surface report sequences (land),307031,(Ozone data – averaged observations),,015001,Total ozone Average value of ozone measurement,,,,Operational
bufr4/3/07/031/4/008023,07,Category 07 — Surface report sequences (land),307031,(Ozone data – averaged observations),,008023,First-order statistics = 9 Best estimate of standard deviation,,,,Operational
bufr4/3/07/031/5/015001,07,Category 07 — Surface report sequences (land),307031,(Ozone data – averaged observations),,015001,Total ozone Best estimate of standard deviation of the ozone measurement,,,,Operational
bufr4/3/07/031/6/008023,07,Category 07 — Surface report sequences (land),307031,(Ozone data – averaged observations),,008023,First-order statistics = 11 Harmonic mean,,,,Operational
bufr4/3/07/031/7/015002,07,Category 07 — Surface report sequences (land),307031,(Ozone data – averaged observations),,015002,Air mass (slant path at 22 km) Harmonic mean value of the air-mass,,,,Operational
bufr4/3/07/041/1/301001,07,Category 07 — Surface report sequences (land),307041,(Total ozone measurement from a Brewer ground-based spectrophotometer obtained from a single observation),,301001,WMO block and station numbers,,,,Operational
bufr4/3/07/041/2/001015,07,Category 07 — Surface report sequences (land),307041,(Total ozone measurement from a Brewer ground-based spectrophotometer obtained from a single observation),,001015,Station or site name,,,,Operational
bufr4/3/07/041/3/301024,07,Category 07 — Surface report sequences (land),307041,(Total ozone measurement from a Brewer ground-based spectrophotometer obtained from a single observation),,301024,"Latitude/longitude (coarse accuracy), height of station",,,,Operational
bufr4/3/07/041/4/301011,07,Category 07 — Surface report sequences (land),307041,(Total ozone measurement from a Brewer ground-based spectrophotometer obtained from a single observation),,301011,"Year, month, day Ozone measurement",,,,Operational
bufr4/3/07/041/5/301012,07,Category 07 — Surface report sequences (land),307041,(Total ozone measurement from a Brewer ground-based spectrophotometer obtained from a single observation),,301012,"Hour, minute Ozone measurement",,,,Operational
bufr4/3/07/041/6/301070,07,Category 07 — Surface report sequences (land),307041,(Total ozone measurement from a Brewer ground-based spectrophotometer obtained from a single observation),,301070,Ozone instrumentation – Brewer spectrophotometer,,,,Operational
bufr4/3/07/041/7/307030,07,Category 07 — Surface report sequences (land),307041,(Total ozone measurement from a Brewer ground-based spectrophotometer obtained from a single observation),,307030,Ozone data – single observation I.2 – BUFR Table D/07 — 7,,,,Operational
bufr4/3/07/042/1/301001,07,Category 07 — Surface report sequences (land),307042,(Total ozone measurement from a Brewer ground-based spectrophotometer obtained from averaged observations),,301001,WMO block and station numbers,,,,Operational
bufr4/3/07/042/2/001015,07,Category 07 — Surface report sequences (land),307042,(Total ozone measurement from a Brewer ground-based spectrophotometer obtained from averaged observations),,001015,Station or site name,,,,Operational
bufr4/3/07/042/3/301024,07,Category 07 — Surface report sequences (land),307042,(Total ozone measurement from a Brewer ground-based spectrophotometer obtained from averaged observations),,301024,"Latitude/longitude (coarse accuracy), height of station",,,,Operational
bufr4/3/07/042/4/301011,07,Category 07 — Surface report sequences (land),307042,(Total ozone measurement from a Brewer ground-based spectrophotometer obtained from averaged observations),,301011,"Year, month, day Ozone measurement",,,,Operational
bufr4/3/07/042/5/301012,07,Category 07 — Surface report sequences (land),307042,(Total ozone measurement from a Brewer ground-based spectrophotometer obtained from averaged observations),,301012,"Hour, minute Ozone measurement",,,,Operational
bufr4/3/07/042/6/008021,07,Category 07 — Surface report sequences (land),307042,(Total ozone measurement from a Brewer ground-based spectrophotometer obtained from averaged observations),,008021,Time significance = 8 Ensemble mean,,,,Operational
bufr4/3/07/042/7/004025,07,Category 07 — Surface report sequences (land),307042,(Total ozone measurement from a Brewer ground-based spectrophotometer obtained from averaged observations),,004025,Time period or displacement Time period,,,,Operational
bufr4/3/07/042/8/301070,07,Category 07 — Surface report sequences (land),307042,(Total ozone measurement from a Brewer ground-based spectrophotometer obtained from averaged observations),,301070,Ozone instrumentation – Brewer spectrophotometer,,,,Operational
bufr4/3/07/042/9/307031,07,Category 07 — Surface report sequences (land),307042,(Total ozone measurement from a Brewer ground-based spectrophotometer obtained from averaged observations),,307031,Ozone data – averaged observations (Total ozone measurement from a Dobson ground-based spectrophotometer obtained from a single observation),,,,Operational
bufr4/3/07/043/1/301001,07,Category 07 — Surface report sequences (land),307043,(minutes) for the computation of the average Ozone instrumentation – Brewer spectrophotometer Ozone data – averaged observations (Total ozone measurement from a Dobson ground-based spectrophotometer obtained from a single observation),,301001,WMO block and station numbers,,,,Operational
bufr4/3/07/043/2/001015,07,Category 07 — Surface report sequences (land),307043,(minutes) for the computation of the average Ozone instrumentation – Brewer spectrophotometer Ozone data – averaged observations (Total ozone measurement from a Dobson ground-based spectrophotometer obtained from a single observation),,001015,Station or site name,,,,Operational
bufr4/3/07/043/3/301024,07,Category 07 — Surface report sequences (land),307043,(minutes) for the computation of the average Ozone instrumentation – Brewer spectrophotometer Ozone data – averaged observations (Total ozone measurement from a Dobson ground-based spectrophotometer obtained from a single observation),,301024,"Latitude/longitude (coarse accuracy), height of station",,,,Operational
bufr4/3/07/043/4/301011,07,Category 07 — Surface report sequences (land),307043,(minutes) for the computation of the average Ozone instrumentation – Brewer spectrophotometer Ozone data – averaged observations (Total ozone measurement from a Dobson ground-based spectrophotometer obtained from a single observation),,301011,"Year, month, day Ozone measurement",,,,Operational
bufr4/3/07/043/5/301012,07,Category 07 — Surface report sequences (land),307043,(minutes) for the computation of the average Ozone instrumentation – Brewer spectrophotometer Ozone data – averaged observations (Total ozone measurement from a Dobson ground-based spectrophotometer obtained from a single observation),,301012,"Hour, minute Ozone measurement",,,,Operational
bufr4/3/07/043/6/301074,07,Category 07 — Surface report sequences (land),307043,(minutes) for the computation of the average Ozone instrumentation – Brewer spectrophotometer Ozone data – averaged observations (Total ozone measurement from a Dobson ground-based spectrophotometer obtained from a single observation),,301074,Ozone instrumentation – Dobson spectrophotometer,,,,Operational
bufr4/3/07/043/7/307030,07,Category 07 — Surface report sequences (land),307043,(minutes) for the computation of the average Ozone instrumentation – Brewer spectrophotometer Ozone data – averaged observations (Total ozone measurement from a Dobson ground-based spectrophotometer obtained from a single observation),,307030,Ozone data – single observation,,,,Operational
bufr4/3/07/044/1/301001,07,Category 07 — Surface report sequences (land),307044,(Total ozone measurement from a Dobson ground-based spectrophotometer obtained from averaged observations),,301001,WMO block and station numbers,,,,Operational
bufr4/3/07/044/2/001015,07,Category 07 — Surface report sequences (land),307044,(Total ozone measurement from a Dobson ground-based spectrophotometer obtained from averaged observations),,001015,Station or site name,,,,Operational
bufr4/3/07/044/3/301024,07,Category 07 — Surface report sequences (land),307044,(Total ozone measurement from a Dobson ground-based spectrophotometer obtained from averaged observations),,301024,"Latitude/longitude (coarse accuracy), height of station",,,,Operational
bufr4/3/07/044/4/301011,07,Category 07 — Surface report sequences (land),307044,(Total ozone measurement from a Dobson ground-based spectrophotometer obtained from averaged observations),,301011,"Year, month, day Ozone measurement I.2 – BUFR Table D/07 — 8",,,,Operational
bufr4/3/07/044/5/301012,07,Category 07 — Surface report sequences (land),307044,,,301012,"Hour, minute Ozone measurement",,,,Operational
bufr4/3/07/044/6/008021,07,Category 07 — Surface report sequences (land),307044,,,008021,Time significance = 8 Ensemble mean,,,,Operational
bufr4/3/07/044/7/004025,07,Category 07 — Surface report sequences (land),307044,,,004025,Time period or displacement Time period,,,,Operational
bufr4/3/07/044/8/301074,07,Category 07 — Surface report sequences (land),307044,,,301074,Ozone instrumentation – Dobson spectrophotometer,,,,Operational
bufr4/3/07/044/9/307031,07,Category 07 — Surface report sequences (land),307044,,,307031,"Ozone data – averaged observations (Main part of METAR/SPECI), replacing 3 07 011",,,,Operational
bufr4/3/07/045/1/001063,07,Category 07 — Surface report sequences (land),307045,"(minutes) for the computation of the average Ozone instrumentation – Dobson spectrophotometer Ozone data – averaged observations (Main part of METAR/SPECI), replacing 3 07 011",,001063,ICAO location indicator CCCC,,,,Operational
bufr4/3/07/045/2/008079,07,Category 07 — Surface report sequences (land),307045,"(minutes) for the computation of the average Ozone instrumentation – Dobson spectrophotometer Ozone data – averaged observations (Main part of METAR/SPECI), replacing 3 07 011",,008079,Product status METAR SPECI COR,,,,Operational
bufr4/3/07/045/3/002001,07,Category 07 — Surface report sequences (land),307045,"(minutes) for the computation of the average Ozone instrumentation – Dobson spectrophotometer Ozone data – averaged observations (Main part of METAR/SPECI), replacing 3 07 011",,002001,Type of station AUTO,,,,Operational
bufr4/3/07/045/4/301011,07,Category 07 — Surface report sequences (land),307045,"(minutes) for the computation of the average Ozone instrumentation – Dobson spectrophotometer Ozone data – averaged observations (Main part of METAR/SPECI), replacing 3 07 011",,301011,"Year, month, day YY",,,,Operational
bufr4/3/07/045/5/301012,07,Category 07 — Surface report sequences (land),307045,"(minutes) for the computation of the average Ozone instrumentation – Dobson spectrophotometer Ozone data – averaged observations (Main part of METAR/SPECI), replacing 3 07 011",,301012,"Hour, minute GGgg",,,,Operational
bufr4/3/07/045/6/301023,07,Category 07 — Surface report sequences (land),307045,"(minutes) for the computation of the average Ozone instrumentation – Dobson spectrophotometer Ozone data – averaged observations (Main part of METAR/SPECI), replacing 3 07 011",,301023,Latitude/longitude (coarse accuracy),,,,Operational
bufr4/3/07/045/7/007030,07,Category 07 — Surface report sequences (land),307045,"(minutes) for the computation of the average Ozone instrumentation – Dobson spectrophotometer Ozone data – averaged observations (Main part of METAR/SPECI), replacing 3 07 011",,007030,Height of station ground above mean sea level,,,,Operational
bufr4/3/07/045/8/007031,07,Category 07 — Surface report sequences (land),307045,"(minutes) for the computation of the average Ozone instrumentation – Dobson spectrophotometer Ozone data – averaged observations (Main part of METAR/SPECI), replacing 3 07 011",,007031,Height of barometer above mean sea level,,,,Operational
bufr4/3/07/045/9/007032,07,Category 07 — Surface report sequences (land),307045,"(minutes) for the computation of the average Ozone instrumentation – Dobson spectrophotometer Ozone data – averaged observations (Main part of METAR/SPECI), replacing 3 07 011",,007032,Height of sensor above local ground (or deck = 10 m (if the of marine platform) actual value is not available),,,,Operational
bufr4/3/07/045/10/011001,07,Category 07 — Surface report sequences (land),307045,"(minutes) for the computation of the average Ozone instrumentation – Dobson spectrophotometer Ozone data – averaged observations (Main part of METAR/SPECI), replacing 3 07 011",,011001,Wind direction ddd,,,,Operational
bufr4/3/07/045/11/011016,07,Category 07 — Surface report sequences (land),307045,"(minutes) for the computation of the average Ozone instrumentation – Dobson spectrophotometer Ozone data – averaged observations (Main part of METAR/SPECI), replacing 3 07 011",,011016,Extreme counterclockwise wind direction of a d variable wind,d d n n n,,,Operational
bufr4/3/07/045/12/011017,07,Category 07 — Surface report sequences (land),307045,"(minutes) for the computation of the average Ozone instrumentation – Dobson spectrophotometer Ozone data – averaged observations (Main part of METAR/SPECI), replacing 3 07 011",,011017,Extreme clockwise wind direction of a variable d wind,d d x x x,,,Operational
bufr4/3/07/045/13/008054,07,Category 07 — Surface report sequences (land),307045,"(minutes) for the computation of the average Ozone instrumentation – Dobson spectrophotometer Ozone data – averaged observations (Main part of METAR/SPECI), replacing 3 07 011",,008054,Qualifier for wind speed or wind gusts P,,,,Operational
bufr4/3/07/045/14/011083,07,Category 07 — Surface report sequences (land),307045,"(minutes) for the computation of the average Ozone instrumentation – Dobson spectrophotometer Ozone data – averaged observations (Main part of METAR/SPECI), replacing 3 07 011",,011083,Wind speed (see Note 1) ff – km/h,,,,Operational
bufr4/3/07/045/15/011084,07,Category 07 — Surface report sequences (land),307045,"(minutes) for the computation of the average Ozone instrumentation – Dobson spectrophotometer Ozone data – averaged observations (Main part of METAR/SPECI), replacing 3 07 011",,011084,Wind speed (see Note 1) ff – kt,,,,Operational
bufr4/3/07/045/16/011002,07,Category 07 — Surface report sequences (land),307045,"(minutes) for the computation of the average Ozone instrumentation – Dobson spectrophotometer Ozone data – averaged observations (Main part of METAR/SPECI), replacing 3 07 011",,011002,Wind speed (see Note 1) ff – m/s,,,,Operational
bufr4/3/07/045/17/008054,07,Category 07 — Surface report sequences (land),307045,"(minutes) for the computation of the average Ozone instrumentation – Dobson spectrophotometer Ozone data – averaged observations (Main part of METAR/SPECI), replacing 3 07 011",,008054,Qualifier for wind speed or wind gusts P,,,,Operational
bufr4/3/07/045/18/011085,07,Category 07 — Surface report sequences (land),307045,"(minutes) for the computation of the average Ozone instrumentation – Dobson spectrophotometer Ozone data – averaged observations (Main part of METAR/SPECI), replacing 3 07 011",,011085,Maximum wind gust speed (see Note 2) f,f – km/h m m,,,Operational
bufr4/3/07/045/19/011086,07,Category 07 — Surface report sequences (land),307045,"(minutes) for the computation of the average Ozone instrumentation – Dobson spectrophotometer Ozone data – averaged observations (Main part of METAR/SPECI), replacing 3 07 011",,011086,Maximum wind gust speed (see Note 2) f,f – kt m m,,,Operational
bufr4/3/07/045/20/011041,07,Category 07 — Surface report sequences (land),307045,"(minutes) for the computation of the average Ozone instrumentation – Dobson spectrophotometer Ozone data – averaged observations (Main part of METAR/SPECI), replacing 3 07 011",,011041,Maximum wind gust speed (see Note 2) f,f – m/s m m,,,Operational
bufr4/3/07/045/21/008054,07,Category 07 — Surface report sequences (land),307045,"(minutes) for the computation of the average Ozone instrumentation – Dobson spectrophotometer Ozone data – averaged observations (Main part of METAR/SPECI), replacing 3 07 011",,008054,Qualifier for wind speed or wind gusts Set to missing (cancel),,,,Operational
bufr4/3/07/045/22/007032,07,Category 07 — Surface report sequences (land),307045,"(minutes) for the computation of the average Ozone instrumentation – Dobson spectrophotometer Ozone data – averaged observations (Main part of METAR/SPECI), replacing 3 07 011",,007032,Height of sensor above local ground (or deck = 2 m (if the actual of marine platform) value is not available),,,,Operational
bufr4/3/07/045/23/012023,07,Category 07 — Surface report sequences (land),307045,"(minutes) for the computation of the average Ozone instrumentation – Dobson spectrophotometer Ozone data – averaged observations (Main part of METAR/SPECI), replacing 3 07 011",,012023,Temperature T’T’ – Celsius,,,,Operational
bufr4/3/07/045/24/012024,07,Category 07 — Surface report sequences (land),307045,"(minutes) for the computation of the average Ozone instrumentation – Dobson spectrophotometer Ozone data – averaged observations (Main part of METAR/SPECI), replacing 3 07 011",,012024,Dewpoint temperature T’,T’ – Celsius d d,,,Operational
bufr4/3/07/045/25/007032,07,Category 07 — Surface report sequences (land),307045,"(minutes) for the computation of the average Ozone instrumentation – Dobson spectrophotometer Ozone data – averaged observations (Main part of METAR/SPECI), replacing 3 07 011",,007032,Height of sensor above local ground (or deck Set to missing of marine platform) (cancel),,,,Operational
bufr4/3/07/045/26/010052,07,Category 07 — Surface report sequences (land),307045,"(minutes) for the computation of the average Ozone instrumentation – Dobson spectrophotometer Ozone data – averaged observations (Main part of METAR/SPECI), replacing 3 07 011",,010052,Altimeter setting (QNH) QP,P P P H H H H,,,Operational
bufr4/3/07/045/27/020009,07,Category 07 — Surface report sequences (land),307045,"(minutes) for the computation of the average Ozone instrumentation – Dobson spectrophotometer Ozone data – averaged observations (Main part of METAR/SPECI), replacing 3 07 011",,020009,General weather indicator (TAF/METAR) CAVOK I.2 – BUFR Table D/07 — 9,,,,Operational
bufr4/3/07/046/1/020060,07,Category 07 — Surface report sequences (land),307046,(METAR/SPECI visibility),,020060,Prevailing horizontal visibility VVVV or VVVVNDV,,,,Operational
bufr4/3/07/046/2/102000,07,Category 07 — Surface report sequences (land),307046,(METAR/SPECI visibility),,102000,Delayed replication of 2 descriptors,,,,Operational
bufr4/3/07/046/3/031001,07,Category 07 — Surface report sequences (land),307046,(METAR/SPECI visibility),,031001,Delayed descriptor replication factor Up to 2,,,,Operational
bufr4/3/07/046/4/005021,07,Category 07 — Surface report sequences (land),307046,(METAR/SPECI visibility),,005021,Bearing or azimuth Direction of minimum visibility observed D,v,,,Operational
bufr4/3/07/046/5/020059,07,Category 07 — Surface report sequences (land),307046,(METAR/SPECI visibility),,020059,Minimum horizontal visibility V,V V V N N N N,,,Operational
bufr4/3/07/047/1/105000,07,Category 07 — Surface report sequences (land),307047,"(METAR/SPECI/TAF clouds), replacing 3 07 015",,105000,Delayed replication of 5 descriptors,,,,Operational
bufr4/3/07/047/2/031001,07,Category 07 — Surface report sequences (land),307047,"(METAR/SPECI/TAF clouds), replacing 3 07 015",,031001,Delayed descriptor replication factor,,,,Operational
bufr4/3/07/047/3/008002,07,Category 07 — Surface report sequences (land),307047,"(METAR/SPECI/TAF clouds), replacing 3 07 015",,008002,Vertical significance (surface observations),,,,Operational
bufr4/3/07/047/4/020011,07,Category 07 — Surface report sequences (land),307047,"(METAR/SPECI/TAF clouds), replacing 3 07 015",,020011,Cloud amount N,N N s s s,,,Operational
bufr4/3/07/047/5/020012,07,Category 07 — Surface report sequences (land),307047,"(METAR/SPECI/TAF clouds), replacing 3 07 015",,020012,Cloud type CC,,,,Operational
bufr4/3/07/047/6/020013,07,Category 07 — Surface report sequences (land),307047,"(METAR/SPECI/TAF clouds), replacing 3 07 015",,020013,Height of base of cloud h,h h – m s s s,,,Operational
bufr4/3/07/047/7/020092,07,Category 07 — Surface report sequences (land),307047,"(METAR/SPECI/TAF clouds), replacing 3 07 015",,020092,Height of base of cloud h,h h – ft s s s,,,Operational
bufr4/3/07/047/8/020002,07,Category 07 — Surface report sequences (land),307047,"(METAR/SPECI/TAF clouds), replacing 3 07 015",,020002,Vertical visibility VVh,h h – m s s s,,,Operational
bufr4/3/07/047/9/020091,07,Category 07 — Surface report sequences (land),307047,"(METAR/SPECI/TAF clouds), replacing 3 07 015",,020091,Vertical visibility VVh,h h – ft s s s,,,Operational
bufr4/3/07/048/1/008016,07,Category 07 — Surface report sequences (land),307048,"(Trend type forecast), replacing 3 07 018",,008016,Change qualifier of a trend-type forecast or TTTTT NOSIG an aerodrome forecast,,,,Operational
bufr4/3/07/048/2/102000,07,Category 07 — Surface report sequences (land),307048,"(Trend type forecast), replacing 3 07 018",,102000,Delayed replication of 2 descriptors,,,,Operational
bufr4/3/07/048/3/031001,07,Category 07 — Surface report sequences (land),307048,"(Trend type forecast), replacing 3 07 018",,031001,"Delayed descriptor replication factor = 0, 1 or 2",,,,Operational
bufr4/3/07/048/4/008017,07,Category 07 — Surface report sequences (land),307048,"(Trend type forecast), replacing 3 07 018",,008017,Qualifier of the time when the forecast change TT is expected,,,,Operational
bufr4/3/07/048/5/301012,07,Category 07 — Surface report sequences (land),307048,"(Trend type forecast), replacing 3 07 018",,301012,"Hour, minute GGgg",,,,Operational
bufr4/3/07/048/6/112000,07,Category 07 — Surface report sequences (land),307048,"(Trend type forecast), replacing 3 07 018",,112000,Delayed replication of 12 descriptors,,,,Operational
bufr4/3/07/048/7/031000,07,Category 07 — Surface report sequences (land),307048,"(Trend type forecast), replacing 3 07 018",,031000,Short delayed descriptor replication factor = 0 or 1,,,,Operational
bufr4/3/07/048/8/007032,07,Category 07 — Surface report sequences (land),307048,"(Trend type forecast), replacing 3 07 018",,007032,Height of sensor above local ground (or deck = 10 m (if the of marine platform) actual value is not available),,,,Operational
bufr4/3/07/048/9/011001,07,Category 07 — Surface report sequences (land),307048,"(Trend type forecast), replacing 3 07 018",,011001,Wind direction ddd,,,,Operational
bufr4/3/07/048/10/008054,07,Category 07 — Surface report sequences (land),307048,"(Trend type forecast), replacing 3 07 018",,008054,Qualifier for wind speed or wind gusts P,,,,Operational
bufr4/3/07/048/11/011083,07,Category 07 — Surface report sequences (land),307048,"(Trend type forecast), replacing 3 07 018",,011083,Wind speed (see Note 1) ff – km/h,,,,Operational
bufr4/3/07/048/12/011084,07,Category 07 — Surface report sequences (land),307048,"(Trend type forecast), replacing 3 07 018",,011084,Wind speed (see Note 1) ff – kt,,,,Operational
bufr4/3/07/048/13/011002,07,Category 07 — Surface report sequences (land),307048,"(Trend type forecast), replacing 3 07 018",,011002,Wind speed (see Note 1) ff – m/s,,,,Operational
bufr4/3/07/048/14/008054,07,Category 07 — Surface report sequences (land),307048,"(Trend type forecast), replacing 3 07 018",,008054,Qualifier for wind speed or wind gusts P,,,,Operational
bufr4/3/07/048/15/011085,07,Category 07 — Surface report sequences (land),307048,"(Trend type forecast), replacing 3 07 018",,011085,Maximum wind gust speed (see Note 2) f,f – km/h m m,,,Operational
bufr4/3/07/048/16/011086,07,Category 07 — Surface report sequences (land),307048,"(Trend type forecast), replacing 3 07 018",,011086,Maximum wind gust speed (see Note 2) f,f – kt m m,,,Operational
bufr4/3/07/048/17/011041,07,Category 07 — Surface report sequences (land),307048,"(Trend type forecast), replacing 3 07 018",,011041,Maximum wind gust speed (see Note 2) f,f – m/s m m,,,Operational
bufr4/3/07/048/18/008054,07,Category 07 — Surface report sequences (land),307048,"(Trend type forecast), replacing 3 07 018",,008054,Qualifier for wind speed or wind gusts Set to missing (cancel),,,,Operational
bufr4/3/07/048/19/007032,07,Category 07 — Surface report sequences (land),307048,"(Trend type forecast), replacing 3 07 018",,007032,Height of sensor above local ground (or deck Set to missing of marine platform) (cancel),,,,Operational
bufr4/3/07/048/20/020009,07,Category 07 — Surface report sequences (land),307048,"(Trend type forecast), replacing 3 07 018",,020009,General weather indicator (TAF/METAR) CAVOK NSW NSC I.2 – BUFR Table D/07 — 10,,,,Operational
bufr4/3/07/048/21/101000,07,Category 07 — Surface report sequences (land),307048,,,101000,Delayed replication of 1 descriptor,,,,Operational
bufr4/3/07/048/22/031000,07,Category 07 — Surface report sequences (land),307048,,,031000,Short delayed descriptor replication factor = 0 or 1,,,,Operational
bufr4/3/07/048/23/020060,07,Category 07 — Surface report sequences (land),307048,,,020060,Prevailing horizontal visibility VVVV,,,,Operational
bufr4/3/07/048/24/307014,07,Category 07 — Surface report sequences (land),307048,,,307014,Significant present and forecast weather Weather intensity and phenomena w’w’,,,,Operational
bufr4/3/07/048/25/307047,07,Category 07 — Surface report sequences (land),307048,,,307047,"METAR/SPECI/TAF clouds, replacing 3 07 015 N",N N h h h s s s s s s,,,Operational
bufr4/3/07/049/1/102000,07,Category 07 — Surface report sequences (land),307049,(Sea conditions),,102000,Delayed replication of 2 descriptors,,,,Operational
bufr4/3/07/049/2/031000,07,Category 07 — Surface report sequences (land),307049,(Sea conditions),,031000,Short delayed descriptor replication factor = 0 or 1,,,,Operational
bufr4/3/07/049/3/022043,07,Category 07 — Surface report sequences (land),307049,(Sea conditions),,022043,Sea/water temperature T,T s s,,,Operational
bufr4/3/07/049/4/022021,07,Category 07 — Surface report sequences (land),307049,(Sea conditions),,022021,Height of waves S’,,,,Operational
bufr4/3/07/050/1/101000,07,Category 07 — Surface report sequences (land),307050,(Runway state),,101000,Delayed replication of 1 descriptor,,,,Operational
bufr4/3/07/050/2/031000,07,Category 07 — Surface report sequences (land),307050,(Runway state),,031000,Short delayed descriptor replication factor = 0 or 1,,,,Operational
bufr4/3/07/050/3/020085,07,Category 07 — Surface report sequences (land),307050,(Runway state),,020085,General condition of runway SNOCLO,,,,Operational
bufr4/3/07/050/4/102000,07,Category 07 — Surface report sequences (land),307050,(Runway state),,102000,Delayed replication of 2 descriptors,,,,Operational
bufr4/3/07/050/5/031001,07,Category 07 — Surface report sequences (land),307050,(Runway state),,031001,Delayed descriptor replication factor,,,,Operational
bufr4/3/07/050/6/001064,07,Category 07 — Surface report sequences (land),307050,(Runway state),,001064,Runway designator D,D R R,,,Operational
bufr4/3/07/050/7/020085,07,Category 07 — Surface report sequences (land),307050,(Runway state),,020085,General condition of runway CLRD//,,,,Operational
bufr4/3/07/050/8/105000,07,Category 07 — Surface report sequences (land),307050,(Runway state),,105000,Delayed replication of 5 descriptors,,,,Operational
bufr4/3/07/050/9/031001,07,Category 07 — Surface report sequences (land),307050,(Runway state),,031001,Delayed descriptor replication factor,,,,Operational
bufr4/3/07/050/10/001064,07,Category 07 — Surface report sequences (land),307050,(Runway state),,001064,Runway designator D,D R R,,,Operational
bufr4/3/07/050/11/020086,07,Category 07 — Surface report sequences (land),307050,(Runway state),,020086,Runway deposits E,R,,,Operational
bufr4/3/07/050/12/020087,07,Category 07 — Surface report sequences (land),307050,(Runway state),,020087,Runway contamination C,R,,,Operational
bufr4/3/07/050/13/020088,07,Category 07 — Surface report sequences (land),307050,(Runway state),,020088,Depth of runway deposits e,e R R,,,Operational
bufr4/3/07/050/14/020089,07,Category 07 — Surface report sequences (land),307050,(Runway state),,020089,Runway friction coefficient B,B R R,,,Operational
bufr4/3/07/051/1/307045,07,Category 07 — Surface report sequences (land),307051,"(Full METAR/SPECI), replacing 3 07 021",,307045,"Main part of METAR/SPECI, replacing 3 07 011",,,,Operational
bufr4/3/07/051/2/307046,07,Category 07 — Surface report sequences (land),307051,"(Full METAR/SPECI), replacing 3 07 021",,307046,METAR/SPECI visibility VVVV or VVVVNDV V,V V V D N N N N V,,,Operational
bufr4/3/07/051/3/307013,07,Category 07 — Surface report sequences (land),307051,"(Full METAR/SPECI), replacing 3 07 021",,307013,Runway visual range RD,D /V V V V R R R R R R,,,Operational
bufr4/3/07/051/4/307014,07,Category 07 — Surface report sequences (land),307051,"(Full METAR/SPECI), replacing 3 07 021",,307014,Significant present and forecast weather Weather intensity and phenomena w’w’,,,,Operational
bufr4/3/07/051/5/307047,07,Category 07 — Surface report sequences (land),307051,"(Full METAR/SPECI), replacing 3 07 021",,307047,"METAR/SPECI/TAF clouds, replacing 3 07 015 N",N N h h h s s s s s s,,,Operational
bufr4/3/07/051/6/307016,07,Category 07 — Surface report sequences (land),307051,"(Full METAR/SPECI), replacing 3 07 021",,307016,Significant recent weather phenomena REw’w’,,,,Operational
bufr4/3/07/051/7/307017,07,Category 07 — Surface report sequences (land),307051,"(Full METAR/SPECI), replacing 3 07 021",,307017,Wind shear on runway(s) WS RD,D R R,,,Operational
bufr4/3/07/051/8/307049,07,Category 07 — Surface report sequences (land),307051,"(Full METAR/SPECI), replacing 3 07 021",,307049,Sea conditions WT I.2 – BUFR Table D/07 — 11,T /SS’ s s,,,Operational
bufr4/3/07/051/9/307050,07,Category 07 — Surface report sequences (land),307051,,,307050,Runway state RD E,D / R R C e e B B R R R R R R,,,Operational
bufr4/3/07/051/10/101000,07,Category 07 — Surface report sequences (land),307051,,,101000,Delayed replication of 1 descriptor,,,,Operational
bufr4/3/07/051/11/031001,07,Category 07 — Surface report sequences (land),307051,,,031001,Delayed descriptor replication factor = 0 to 3 normally,,,,Operational
bufr4/3/07/051/12/307048,07,Category 07 — Surface report sequences (land),307051,,,307048,"Trend type forecast, replacing 3 07 018",,,,Operational
bufr4/3/07/052/1/001063,07,Category 07 — Surface report sequences (land),307052,(Aerodrome forecast identification and time interval),,001063,ICAO location indicator CCCC,,,,Operational
bufr4/3/07/052/2/008039,07,Category 07 — Surface report sequences (land),307052,(Aerodrome forecast identification and time interval),,008039,Time significance (aviation forecast) = 0 Issue time of forecast,,,,Operational
bufr4/3/07/052/3/301011,07,Category 07 — Surface report sequences (land),307052,(Aerodrome forecast identification and time interval),,301011,"Year, month, day YY",,,,Operational
bufr4/3/07/052/4/301012,07,Category 07 — Surface report sequences (land),307052,(Aerodrome forecast identification and time interval),,301012,"Hour, minute GGgg",,,,Operational
bufr4/3/07/052/5/008079,07,Category 07 — Surface report sequences (land),307052,(Aerodrome forecast identification and time interval),,008079,Product status COR CNL AMD NIL,,,,Operational
bufr4/3/07/052/6/008039,07,Category 07 — Surface report sequences (land),307052,(Aerodrome forecast identification and time interval),,008039,Time significance (aviation forecast) = 1 Time of commencement of period of the forecast,,,,Operational
bufr4/3/07/052/7/301011,07,Category 07 — Surface report sequences (land),307052,(Aerodrome forecast identification and time interval),,301011,"Year, month, day Y",Y 1 1,,,Operational
bufr4/3/07/052/8/301012,07,Category 07 — Surface report sequences (land),307052,(Aerodrome forecast identification and time interval),,301012,"Hour, minute G",G 1 1,,,Operational
bufr4/3/07/052/9/008039,07,Category 07 — Surface report sequences (land),307052,(Aerodrome forecast identification and time interval),,008039,Time significance (aviation forecast) = 2 Time of ending of period of the forecast,,,,Operational
bufr4/3/07/052/10/301011,07,Category 07 — Surface report sequences (land),307052,(Aerodrome forecast identification and time interval),,301011,"Year, month, day Y",Y 2 2,,,Operational
bufr4/3/07/052/11/301012,07,Category 07 — Surface report sequences (land),307052,(Aerodrome forecast identification and time interval),,301012,"Hour, minute G",G 2 2,,,Operational
bufr4/3/07/052/12/301023,07,Category 07 — Surface report sequences (land),307052,(Aerodrome forecast identification and time interval),,301023,Latitude/longitude (coarse accuracy),,,,Operational
bufr4/3/07/052/13/007030,07,Category 07 — Surface report sequences (land),307052,(Aerodrome forecast identification and time interval),,007030,Height of station ground above mean sea level,,,,Operational
bufr4/3/07/052/14/007031,07,Category 07 — Surface report sequences (land),307052,(Aerodrome forecast identification and time interval),,007031,Height of barometer above mean sea level,,,,Operational
bufr4/3/07/053/1/007032,07,Category 07 — Surface report sequences (land),307053,(Forecast weather at an aerodrome),,007032,Height of sensor above local ground (or deck = 10 m (if the of marine platform) actual value is not available),,,,Operational
bufr4/3/07/053/2/011001,07,Category 07 — Surface report sequences (land),307053,(Forecast weather at an aerodrome),,011001,Wind direction ddd,,,,Operational
bufr4/3/07/053/3/008054,07,Category 07 — Surface report sequences (land),307053,(Forecast weather at an aerodrome),,008054,Qualifier for wind speed or wind gusts P,,,,Operational
bufr4/3/07/053/4/011083,07,Category 07 — Surface report sequences (land),307053,(Forecast weather at an aerodrome),,011083,Wind speed (see Note 1) ff – km/h,,,,Operational
bufr4/3/07/053/5/011084,07,Category 07 — Surface report sequences (land),307053,(Forecast weather at an aerodrome),,011084,Wind speed (see Note 1) ff – kt,,,,Operational
bufr4/3/07/053/6/011002,07,Category 07 — Surface report sequences (land),307053,(Forecast weather at an aerodrome),,011002,Wind speed (see Note 1) ff – m/s,,,,Operational
bufr4/3/07/053/7/008054,07,Category 07 — Surface report sequences (land),307053,(Forecast weather at an aerodrome),,008054,Qualifier for wind speed or wind gusts P,,,,Operational
bufr4/3/07/053/8/011085,07,Category 07 — Surface report sequences (land),307053,(Forecast weather at an aerodrome),,011085,Maximum wind gust speed (see Note 2) f,f – km/h m m,,,Operational
bufr4/3/07/053/9/011086,07,Category 07 — Surface report sequences (land),307053,(Forecast weather at an aerodrome),,011086,Maximum wind gust speed (see Note 2) f,f – kt m m,,,Operational
bufr4/3/07/053/10/011041,07,Category 07 — Surface report sequences (land),307053,(Forecast weather at an aerodrome),,011041,Maximum wind gust speed (see Note 2) f,f – m/s m m,,,Operational
bufr4/3/07/053/11/008054,07,Category 07 — Surface report sequences (land),307053,(Forecast weather at an aerodrome),,008054,Qualifier for wind speed or wind gusts Set to missing (cancel) I.2 – BUFR Table D/07 — 12,,,,Operational
bufr4/3/07/053/12/007032,07,Category 07 — Surface report sequences (land),307053,,,007032,Height of sensor above local ground (or deck Set to missing,,,,Operational
bufr4/3/07/053/13/020009,07,Category 07 — Surface report sequences (land),307053,,,020009,General weather indicator (TAF/METAR) CAVOK NSW NSC,,,,Operational
bufr4/3/07/053/14/020060,07,Category 07 — Surface report sequences (land),307053,,,020060,Prevailing horizontal visibility VVVV,,,,Operational
bufr4/3/07/053/15/307014,07,Category 07 — Surface report sequences (land),307053,,,307014,Significant present and forecast weather w’w’,,,,Operational
bufr4/3/07/053/16/307047,07,Category 07 — Surface report sequences (land),307053,,,307047,"METAR/SPECI/TAF clouds, replacing 3 07 015 N (Forecast of extreme temperatures)",N N h h h s s s s s s,,,Operational
bufr4/3/07/054/1/007032,07,Category 07 — Surface report sequences (land),307054,(cancel),,007032,Height of sensor above local ground (or deck = 2 m (if the actual of marine platform) value is not available),,,,Operational
bufr4/3/07/054/2/008039,07,Category 07 — Surface report sequences (land),307054,(cancel),,008039,Time significance (aviation forecast) = 3 Forecast time of maximum temperature,,,,Operational
bufr4/3/07/054/3/004003,07,Category 07 — Surface report sequences (land),307054,(cancel),,004003,Day,,,,Operational
bufr4/3/07/054/4/004004,07,Category 07 — Surface report sequences (land),307054,(cancel),,004004,Hour G,G F F,,,Operational
bufr4/3/07/054/5/008023,07,Category 07 — Surface report sequences (land),307054,(cancel),,008023,First-order statistics = 3 Minimum,,,,Operational
bufr4/3/07/054/6/012023,07,Category 07 — Surface report sequences (land),307054,(cancel),,012023,Temperature T,T – Celsius F F,,,Operational
bufr4/3/07/054/7/008039,07,Category 07 — Surface report sequences (land),307054,(cancel),,008039,Time significance (aviation forecast) = 4 Forecast time of minimum temperature,,,,Operational
bufr4/3/07/054/8/004003,07,Category 07 — Surface report sequences (land),307054,(cancel),,004003,Day,,,,Operational
bufr4/3/07/054/9/004004,07,Category 07 — Surface report sequences (land),307054,(cancel),,004004,Hour G,G F F,,,Operational
bufr4/3/07/054/10/008023,07,Category 07 — Surface report sequences (land),307054,(cancel),,008023,First-order statistics = 2 Maximum,,,,Operational
bufr4/3/07/054/11/012023,07,Category 07 — Surface report sequences (land),307054,(cancel),,012023,Temperature T,T – Celsius F F,,,Operational
bufr4/3/07/054/12/008023,07,Category 07 — Surface report sequences (land),307054,(cancel),,008023,First-order statistics Set to missing,,,,Operational
bufr4/3/07/054/13/007032,07,Category 07 — Surface report sequences (land),307054,(cancel),,007032,Height of sensor above local ground (or deck Set to missing of marine platform) (cancel) (Change indicator and forecast changes),,,,Operational
bufr4/3/07/055/1/033045,07,Category 07 — Surface report sequences (land),307055,(cancel),,033045,Probability of following event C,C 2 2,,,Operational
bufr4/3/07/055/2/008016,07,Category 07 — Surface report sequences (land),307055,(cancel),,008016,Change qualifier of a trend-type forecast or TTTTTT an aerodrome forecast,,,,Operational
bufr4/3/07/055/3/008039,07,Category 07 — Surface report sequences (land),307055,(cancel),,008039,Time significance (aviation forecast) = 5 Time of beginning of the forecast change,,,,Operational
bufr4/3/07/055/4/004003,07,Category 07 — Surface report sequences (land),307055,(cancel),,004003,Day,,,,Operational
bufr4/3/07/055/5/301012,07,Category 07 — Surface report sequences (land),307055,(cancel),,301012,"Hour, minute GGgg",,,,Operational
bufr4/3/07/055/6/008039,07,Category 07 — Surface report sequences (land),307055,(cancel),,008039,Time significance (aviation forecast) = 6 Time of ending of the forecast change,,,,Operational
bufr4/3/07/055/7/004003,07,Category 07 — Surface report sequences (land),307055,(cancel),,004003,Day,,,,Operational
bufr4/3/07/055/8/301012,07,Category 07 — Surface report sequences (land),307055,(cancel),,301012,"Hour, minute G",G e e,,,Operational
bufr4/3/07/055/9/307053,07,Category 07 — Surface report sequences (land),307055,(cancel),,307053,Forecast weather at an aerodrome During or after change I.2 – BUFR Table D/07 — 13,,,,Operational
bufr4/3/07/056/1/307052,07,Category 07 — Surface report sequences (land),307056,(Aerodrome forecast – full TAF),,307052,Aerodrome forecast identification and time interval,,,,Operational
bufr4/3/07/056/2/307053,07,Category 07 — Surface report sequences (land),307056,(Aerodrome forecast – full TAF),,307053,Forecast weather at an aerodrome,,,,Operational
bufr4/3/07/056/3/307054,07,Category 07 — Surface report sequences (land),307056,(Aerodrome forecast – full TAF),,307054,Forecast of extreme temperatures,,,,Operational
bufr4/3/07/056/4/101000,07,Category 07 — Surface report sequences (land),307056,(Aerodrome forecast – full TAF),,101000,Delayed replication of 1 descriptor,,,,Operational
bufr4/3/07/056/5/031001,07,Category 07 — Surface report sequences (land),307056,(Aerodrome forecast – full TAF),,031001,Delayed descriptor replication factor,,,,Operational
bufr4/3/07/056/6/307055,07,Category 07 — Surface report sequences (land),307056,(Aerodrome forecast – full TAF),,307055,Change indicator and forecast changes,,,,Operational
bufr4/3/07/060/1/007061,07,Category 07 — Surface report sequences (land),307060,(Soil temperature below land surface),,007061,Depth below land surface,,,,Operational
bufr4/3/07/060/2/012030,07,Category 07 — Surface report sequences (land),307060,(Soil temperature below land surface),,012030,Soil temperature,,,,Operational
bufr4/3/07/061/1/301031,07,Category 07 — Surface report sequences (land),307061,(Soil temperature data at number of depths not exceeding five – high accuracy position),,301031,"Identification and type of station, date/time, location (high accuracy), height of station",,,,Operational
bufr4/3/07/061/2/101005,07,Category 07 — Surface report sequences (land),307061,(Soil temperature data at number of depths not exceeding five – high accuracy position),,101005,Replicate 1 descriptor 5 times,,,,Operational
bufr4/3/07/061/3/307060,07,Category 07 — Surface report sequences (land),307061,(Soil temperature data at number of depths not exceeding five – high accuracy position),,307060,Soil temperature below land surface,,,,Operational
bufr4/3/07/062/1/301032,07,Category 07 — Surface report sequences (land),307062,(Soil temperature data at number of depths not exceeding five – coarse accuracy position),,301032,"Identification and type of station, date/time, location (coarse accuracy), height of station",,,,Operational
bufr4/3/07/062/2/101005,07,Category 07 — Surface report sequences (land),307062,(Soil temperature data at number of depths not exceeding five – coarse accuracy position),,101005,Replicate 1 descriptor 5 times,,,,Operational
bufr4/3/07/062/3/307060,07,Category 07 — Surface report sequences (land),307062,(Soil temperature data at number of depths not exceeding five – coarse accuracy position),,307060,Soil temperature below land surface,,,,Operational
bufr4/3/07/063/1/007061,07,Category 07 — Surface report sequences (land),307063,(Depth below land surface and soil temperature),,007061,Depth below land surface,,,,Operational
bufr4/3/07/063/2/012130,07,Category 07 — Surface report sequences (land),307063,(Depth below land surface and soil temperature),,012130,Soil temperature Scale: 2,,,,Operational
bufr4/3/07/071/1/301090,07,Category 07 — Surface report sequences (land),307071,(Monthly values of a land station),,301090,"Surface station identification; time, horizontal and vertical coordinates (see Note 3)",,,,Operational
bufr4/3/07/071/2/004074,07,Category 07 — Surface report sequences (land),307071,(Monthly values of a land station),,004074,Short time period or displacement (see = UTC – LT Note 3),,,,Operational
bufr4/3/07/071/3/004023,07,Category 07 — Surface report sequences (land),307071,(Monthly values of a land station),,004023,"Time period or displacement Number of days in the month Monthly mean values of pressure, temperature, extreme temperatures and vapour pressure",,,,Operational
bufr4/3/07/071/4/008023,07,Category 07 — Surface report sequences (land),307071,(Monthly values of a land station),,008023,First-order statistics = 4 Mean value,,,,Operational
bufr4/3/07/071/5/010004,07,Category 07 — Surface report sequences (land),307071,(Monthly values of a land station),,010004,Pressure,,,,Operational
bufr4/3/07/071/6/010051,07,Category 07 — Surface report sequences (land),307071,(Monthly values of a land station),,010051,Pressure reduced to mean sea level,,,,Operational
bufr4/3/07/071/7/007004,07,Category 07 — Surface report sequences (land),307071,(Monthly values of a land station),,007004,Pressure Standard level | Set to missing for lowland stations I.2 – BUFR Table D/07 — 14,,,,Operational
bufr4/3/07/071/8/010009,07,Category 07 — Surface report sequences (land),307071,,,010009,Geopotential height Standard level | Set to missing for lowland stations,,,,Operational
bufr4/3/07/071/9/007032,07,Category 07 — Surface report sequences (land),307071,,,007032,Height of sensor above local ground (or deck of marine platform) (see Note 4),,,,Operational
bufr4/3/07/071/10/012101,07,Category 07 — Surface report sequences (land),307071,,,012101,Temperature/air temperature,,,,Operational
bufr4/3/07/071/11/002051,07,Category 07 — Surface report sequences (land),307071,,,002051,Indicator to specify observing method for extreme temperatures,,,,Operational
bufr4/3/07/071/12/004051,07,Category 07 — Surface report sequences (land),307071,,,004051,Principal time of daily reading of maximum temperature,,,,Operational
bufr4/3/07/071/13/012118,07,Category 07 — Surface report sequences (land),307071,,,012118,"Maximum temperature at height specified, past 24 hours",,,,Operational
bufr4/3/07/071/14/004052,07,Category 07 — Surface report sequences (land),307071,,,004052,Principal time of daily reading of minimum temperature,,,,Operational
bufr4/3/07/071/15/012119,07,Category 07 — Surface report sequences (land),307071,,,012119,"Minimum temperature at height specified, past 24 hours",,,,Operational
bufr4/3/07/071/16/013004,07,Category 07 — Surface report sequences (land),307071,,,013004,Vapour pressure,,,,Operational
bufr4/3/07/071/17/008023,07,Category 07 — Surface report sequences (land),307071,,,008023,First-order statistics Set to missing,,,,Operational
bufr4/3/07/071/18/012151,07,Category 07 — Surface report sequences (land),307071,,,012151,Standard deviation of daily mean temperature,,,,Operational
bufr4/3/07/071/19/007032,07,Category 07 — Surface report sequences (land),307071,,,007032,Height of sensor above local ground (or deck Set to missing of marine platform) (cancel),,,,Operational
bufr4/3/07/071/20/102005,07,Category 07 — Surface report sequences (land),307071,,,102005,Replicate 2 descriptors 5 times,,,,Operational
bufr4/3/07/071/21/008050,07,Category 07 — Surface report sequences (land),307071,,,008050,"Qualifier for number of missing values in /see left column calculation of statistic = 1 Pressure, = 2 Temperature, = 4 Vapour pressure, = 7 Maximum temperature, = 8 Minimum temperature",,,,Operational
bufr4/3/07/071/22/008020,07,Category 07 — Surface report sequences (land),307071,,,008020,Total number of missing entities (with respect Days to accumulation or average) Sunshine duration,,,,Operational
bufr4/3/07/071/23/014032,07,Category 07 — Surface report sequences (land),307071,,,014032,Total sunshine,,,,Operational
bufr4/3/07/071/24/014033,07,Category 07 — Surface report sequences (land),307071,,,014033,Total sunshine,,,,Operational
bufr4/3/07/071/25/008050,07,Category 07 — Surface report sequences (land),307071,,,008050,Qualifier for number of missing values in = 6 Sunshine calculation of statistic duration,,,,Operational
bufr4/3/07/071/26/008020,07,Category 07 — Surface report sequences (land),307071,,,008020,Total number of missing entities (with respect Days to accumulation or average) Number of days of occurrence,,,,Operational
bufr4/3/07/071/27/102018,07,Category 07 — Surface report sequences (land),307071,,,102018,Replicate 2 descriptors 18 times,,,,Operational
bufr4/3/07/071/28/008052,07,Category 07 — Surface report sequences (land),307071,,,008052,Condition for which number of days of occurrence follows,,,,Operational
bufr4/3/07/071/29/008022,07,Category 07 — Surface report sequences (land),307071,,,008022,Total number (with respect to accumulation or Days average) Occurrence of extreme values of temperature and wind speed,,,,Operational
bufr4/3/07/071/30/007032,07,Category 07 — Surface report sequences (land),307071,,,007032,Height of sensor above local ground (or deck of marine platform) (see Note 4),,,,Operational
bufr4/3/07/071/31/008053,07,Category 07 — Surface report sequences (land),307071,,,008053,"Day of occurrence qualifier = 0 On 1 day only, = 1 On 2 or more days",,,,Operational
bufr4/3/07/071/32/004003,07,Category 07 — Surface report sequences (land),307071,,,004003,Day I.2 – BUFR Table D/07 — 15,,,,Operational
bufr4/3/07/071/33/012152,07,Category 07 — Surface report sequences (land),307071,,,012152,Highest daily mean temperature,,,,Operational
bufr4/3/07/071/34/008053,07,Category 07 — Surface report sequences (land),307071,,,008053,"Day of occurrence qualifier = 0 On 1 day only, = 1 On 2 or more days",,,,Operational
bufr4/3/07/071/35/004003,07,Category 07 — Surface report sequences (land),307071,,,004003,Day,,,,Operational
bufr4/3/07/071/36/012153,07,Category 07 — Surface report sequences (land),307071,,,012153,Lowest daily mean temperature,,,,Operational
bufr4/3/07/071/37/008053,07,Category 07 — Surface report sequences (land),307071,,,008053,"Day of occurrence qualifier = 0 On 1 day only, = 1 On 2 or more days",,,,Operational
bufr4/3/07/071/38/004003,07,Category 07 — Surface report sequences (land),307071,,,004003,Day,,,,Operational
bufr4/3/07/071/39/008023,07,Category 07 — Surface report sequences (land),307071,,,008023,First-order statistics = 2 Maximum value,,,,Operational
bufr4/3/07/071/40/012101,07,Category 07 — Surface report sequences (land),307071,,,012101,Temperature/air temperature,,,,Operational
bufr4/3/07/071/41/008053,07,Category 07 — Surface report sequences (land),307071,,,008053,"Day of occurrence qualifier = 0 On 1 day only, = 1 On 2 or more days",,,,Operational
bufr4/3/07/071/42/004003,07,Category 07 — Surface report sequences (land),307071,,,004003,Day,,,,Operational
bufr4/3/07/071/43/008023,07,Category 07 — Surface report sequences (land),307071,,,008023,First-order statistics = 3 Minimum value,,,,Operational
bufr4/3/07/071/44/012101,07,Category 07 — Surface report sequences (land),307071,,,012101,Temperature/air temperature,,,,Operational
bufr4/3/07/071/45/008023,07,Category 07 — Surface report sequences (land),307071,,,008023,First-order statistics Set to missing,,,,Operational
bufr4/3/07/071/46/007032,07,Category 07 — Surface report sequences (land),307071,,,007032,Height of sensor above local ground (or deck of marine platform) (see Note 4),,,,Operational
bufr4/3/07/071/47/002002,07,Category 07 — Surface report sequences (land),307071,,,002002,Type of instrumentation for wind measurement,,,,Operational
bufr4/3/07/071/48/008053,07,Category 07 — Surface report sequences (land),307071,,,008053,"Day of occurrence qualifier = 0 On 1 day only, = 1 On 2 or more days",,,,Operational
bufr4/3/07/071/49/004003,07,Category 07 — Surface report sequences (land),307071,,,004003,Day,,,,Operational
bufr4/3/07/071/50/011046,07,Category 07 — Surface report sequences (land),307071,,,011046,Maximum instantaneous wind speed,,,,Operational
bufr4/3/07/071/51/008053,07,Category 07 — Surface report sequences (land),307071,,,008053,Day of occurrence qualifier Set to missing (cancel) Precipitation,,,,Operational
bufr4/3/07/071/52/004003,07,Category 07 — Surface report sequences (land),307071,,,004003,Day (see Note 5) = 1,,,,Operational
bufr4/3/07/071/53/004004,07,Category 07 — Surface report sequences (land),307071,,,004004,Hour (see Note 5) = 6,,,,Operational
bufr4/3/07/071/54/004023,07,Category 07 — Surface report sequences (land),307071,,,004023,Time period or displacement (see Note 5) Number of days in the month,,,,Operational
bufr4/3/07/071/55/007032,07,Category 07 — Surface report sequences (land),307071,,,007032,Height of sensor above local ground (or deck of marine platform) (see Note 4),,,,Operational
bufr4/3/07/071/56/013060,07,Category 07 — Surface report sequences (land),307071,,,013060,Total accumulated precipitation,,,,Operational
bufr4/3/07/071/57/013051,07,Category 07 — Surface report sequences (land),307071,,,013051,"Frequency group, precipitation",,,,Operational
bufr4/3/07/071/58/004053,07,Category 07 — Surface report sequences (land),307071,,,004053,Number of days with precipitation equal to or more than 1 mm,,,,Operational
bufr4/3/07/071/59/008050,07,Category 07 — Surface report sequences (land),307071,,,008050,Qualifier for number of missing values in = 5 Precipitation calculation of statistic,,,,Operational
bufr4/3/07/071/60/008020,07,Category 07 — Surface report sequences (land),307071,,,008020,Total number of missing entities (with respect Days to accumulation or average) I.2 – BUFR Table D/07 — 16,,,,Operational
bufr4/3/07/071/61/102006,07,Category 07 — Surface report sequences (land),307071,,,102006,Replicate 2 descriptors 6 times,,,,Operational
bufr4/3/07/071/62/008052,07,Category 07 — Surface report sequences (land),307071,,,008052,Condition for which number of days of occurrence follows,,,,Operational
bufr4/3/07/071/63/008022,07,Category 07 — Surface report sequences (land),307071,,,008022,Total number (with respect to accumulation or Days average) Occurrence of extreme precipitation,,,,Operational
bufr4/3/07/071/64/008053,07,Category 07 — Surface report sequences (land),307071,,,008053,"Day of occurrence qualifier = 0 On 1 day only, = 1 On 2 or more days",,,,Operational
bufr4/3/07/071/65/004003,07,Category 07 — Surface report sequences (land),307071,,,004003,Day,,,,Operational
bufr4/3/07/071/66/013052,07,Category 07 — Surface report sequences (land),307071,,,013052,Highest daily amount of precipitation,,,,Operational
bufr4/3/07/071/67/007032,07,Category 07 — Surface report sequences (land),307071,,,007032,Height of sensor above local ground (or deck Set to missing,,,,Operational
bufr4/3/07/072/1/004001,07,Category 07 — Surface report sequences (land),307072,(cancel),,004001,Year Beginning of the reference period,,,,Operational
bufr4/3/07/072/2/004001,07,Category 07 — Surface report sequences (land),307072,(cancel),,004001,Year Ending of the reference period,,,,Operational
bufr4/3/07/072/3/004002,07,Category 07 — Surface report sequences (land),307072,(cancel),,004002,Month,,,,Operational
bufr4/3/07/072/4/004003,07,Category 07 — Surface report sequences (land),307072,(cancel),,004003,Day (see Note 3) = 1,,,,Operational
bufr4/3/07/072/5/004004,07,Category 07 — Surface report sequences (land),307072,(cancel),,004004,Hour (see Note 3) = 0,,,,Operational
bufr4/3/07/072/6/004074,07,Category 07 — Surface report sequences (land),307072,(cancel),,004074,Short time period or displacement = UTC – LT (see Note 3),,,,Operational
bufr4/3/07/072/7/004022,07,Category 07 — Surface report sequences (land),307072,(cancel),,004022,"Time period or displacement = 1 Normals of monthly mean pressure, temperature, vapour pressure and of standard deviation",,,,Operational
bufr4/3/07/072/8/008023,07,Category 07 — Surface report sequences (land),307072,(cancel),,008023,First-order statistics = 4 Mean value,,,,Operational
bufr4/3/07/072/9/010004,07,Category 07 — Surface report sequences (land),307072,(cancel),,010004,Pressure,,,,Operational
bufr4/3/07/072/10/010051,07,Category 07 — Surface report sequences (land),307072,(cancel),,010051,Pressure reduced to mean sea level,,,,Operational
bufr4/3/07/072/11/007004,07,Category 07 — Surface report sequences (land),307072,(cancel),,007004,Pressure Standard level,,,,Operational
bufr4/3/07/072/12/010009,07,Category 07 — Surface report sequences (land),307072,(cancel),,010009,Geopotential height Standard level,,,,Operational
bufr4/3/07/072/13/007032,07,Category 07 — Surface report sequences (land),307072,(cancel),,007032,Height of sensor above local ground (or deck of marine platform) (see Note 4),,,,Operational
bufr4/3/07/072/14/012101,07,Category 07 — Surface report sequences (land),307072,(cancel),,012101,Temperature/air temperature,,,,Operational
bufr4/3/07/072/15/002051,07,Category 07 — Surface report sequences (land),307072,(cancel),,002051,Indicator to specify observing method for = 2 extreme temperatures,,,,Operational
bufr4/3/07/072/16/004051,07,Category 07 — Surface report sequences (land),307072,(cancel),,004051,Principal time of daily reading of maximum temperature,,,,Operational
bufr4/3/07/072/17/012118,07,Category 07 — Surface report sequences (land),307072,(cancel),,012118,"Maximum temperature at height specified, past 24 hours",,,,Operational
bufr4/3/07/072/18/004052,07,Category 07 — Surface report sequences (land),307072,(cancel),,004052,Principal time of daily reading of minimum temperature I.2 – BUFR Table D/07 — 17,,,,Operational
bufr4/3/07/072/19/012119,07,Category 07 — Surface report sequences (land),307072,,,012119,"Minimum temperature at height specified, past 24 hours",,,,Operational
bufr4/3/07/072/20/013004,07,Category 07 — Surface report sequences (land),307072,,,013004,Vapour pressure,,,,Operational
bufr4/3/07/072/21/012151,07,Category 07 — Surface report sequences (land),307072,,,012151,Standard deviation of daily mean temperature,,,,Operational
bufr4/3/07/072/22/007032,07,Category 07 — Surface report sequences (land),307072,,,007032,Height of sensor above local ground (or deck Set to missing,,,,Operational
bufr4/3/07/072/23/014032,07,Category 07 — Surface report sequences (land),307072,,,014032,Total sunshine,,,,Operational
bufr4/3/07/072/24/008023,07,Category 07 — Surface report sequences (land),307072,,,008023,First-order statistics Set to missing Normals of precipitation,,,,Operational
bufr4/3/07/072/25/004001,07,Category 07 — Surface report sequences (land),307072,,,004001,Year Beginning of the reference period,,,,Operational
bufr4/3/07/072/26/004001,07,Category 07 — Surface report sequences (land),307072,,,004001,Year Ending of the reference period,,,,Operational
bufr4/3/07/072/27/004002,07,Category 07 — Surface report sequences (land),307072,,,004002,Month,,,,Operational
bufr4/3/07/072/28/004003,07,Category 07 — Surface report sequences (land),307072,,,004003,Day (see Note 5) = 1,,,,Operational
bufr4/3/07/072/29/004004,07,Category 07 — Surface report sequences (land),307072,,,004004,Hour (see Note 5) = 6,,,,Operational
bufr4/3/07/072/30/004022,07,Category 07 — Surface report sequences (land),307072,,,004022,Time period or displacement = 1,,,,Operational
bufr4/3/07/072/31/007032,07,Category 07 — Surface report sequences (land),307072,,,007032,Height of sensor above local ground (or deck of marine platform) (see Note 4),,,,Operational
bufr4/3/07/072/32/008023,07,Category 07 — Surface report sequences (land),307072,,,008023,First-order statistics = 4 Mean value,,,,Operational
bufr4/3/07/072/33/013060,07,Category 07 — Surface report sequences (land),307072,,,013060,Total accumulated precipitation,,,,Operational
bufr4/3/07/072/34/004053,07,Category 07 — Surface report sequences (land),307072,,,004053,Number of days with precipitation equal to or more than 1 mm,,,,Operational
bufr4/3/07/072/35/008023,07,Category 07 — Surface report sequences (land),307072,,,008023,First-order statistics Set to missing,,,,Operational
bufr4/3/07/072/36/102008,07,Category 07 — Surface report sequences (land),307072,,,102008,Replicate 2 descriptors 8 times,,,,Operational
bufr4/3/07/072/37/008050,07,Category 07 — Surface report sequences (land),307072,,,008050,"Qualifier for number of missing values in /see left column calculation of statistic (see Note 6) = 1 Pressure, = 2 Temperature, = 3 Extreme temperature, = 4 Vapour pressure, = 5 Precipitation, = 6 Sunshine duration, = 7 Maximum temperature, = 8 Minimum temperature",,,,Operational
bufr4/3/07/072/38/008020,07,Category 07 — Surface report sequences (land),307072,,,008020,Total number of missing entities (with respect Years to accumulation or average) (see Note 6) (Representation of CLIMAT data of the actual month and for monthly normals),,,,Operational
bufr4/3/07/073/1/307071,07,Category 07 — Surface report sequences (land),307073,(cancel),,307071,Monthly values of a land station,,,,Operational
bufr4/3/07/073/2/307072,07,Category 07 — Surface report sequences (land),307073,(cancel),,307072,Monthly normals for a land station,,,,Operational
bufr4/3/07/074/1/301001,07,Category 07 — Surface report sequences (land),307074,(Supplemental daily temperature and precipitation values for monthly climate report),,301001,WMO block and station numbers,,,,Operational
bufr4/3/07/074/2/004001,07,Category 07 — Surface report sequences (land),307074,(Supplemental daily temperature and precipitation values for monthly climate report),,004001,Year,,,,Operational
bufr4/3/07/074/3/004002,07,Category 07 — Surface report sequences (land),307074,(Supplemental daily temperature and precipitation values for monthly climate report),,004002,Month,,,,Operational
bufr4/3/07/074/4/301021,07,Category 07 — Surface report sequences (land),307074,(Supplemental daily temperature and precipitation values for monthly climate report),,301021,Latitude/longitude (high accuracy) I.2 – BUFR Table D/07 — 18,,,,Operational
bufr4/3/07/074/5/007030,07,Category 07 — Surface report sequences (land),307074,,,007030,Height of station ground above mean sea level,,,,Operational
bufr4/3/07/074/6/007032,07,Category 07 — Surface report sequences (land),307074,,,007032,Height of sensor above local ground (or deck of marine platform),,,,Operational
bufr4/3/07/074/7/112000,07,Category 07 — Surface report sequences (land),307074,,,112000,Delayed replication of 12 descriptors,,,,Operational
bufr4/3/07/074/8/031001,07,Category 07 — Surface report sequences (land),307074,,,031001,Delayed descriptor replication factor Set to the number of days in the particular month for which data are being reported,,,,Operational
bufr4/3/07/074/9/004003,07,Category 07 — Surface report sequences (land),307074,,,004003,Day,,,,Operational
bufr4/3/07/074/10/004004,07,Category 07 — Surface report sequences (land),307074,,,004004,Hour,,,,Operational
bufr4/3/07/074/11/004024,07,Category 07 — Surface report sequences (land),307074,,,004024,Time period or displacement Typically set to–24 to denote the time period beginning 24 hours prior to and ending at the specified time,,,,Operational
bufr4/3/07/074/12/102003,07,Category 07 — Surface report sequences (land),307074,,,102003,Replicate 2 descriptors 3 times,,,,Operational
bufr4/3/07/074/13/008023,07,Category 07 — Surface report sequences (land),307074,,,008023,"First-order statistics /see left column = 2 Daily maximum temperature, = 3 Daily minimum temperature, = 4 Daily mean temperature",,,,Operational
bufr4/3/07/074/14/012101,07,Category 07 — Surface report sequences (land),307074,,,012101,Temperature/air temperature,,,,Operational
bufr4/3/07/074/15/008023,07,Category 07 — Surface report sequences (land),307074,,,008023,First-order statistics Set to missing,,,,Operational
bufr4/3/07/074/16/004004,07,Category 07 — Surface report sequences (land),307074,,,004004,Hour,,,,Operational
bufr4/3/07/074/17/004024,07,Category 07 — Surface report sequences (land),307074,,,004024,Time period or displacement,,,,Operational
bufr4/3/07/074/18/013060,07,Category 07 — Surface report sequences (land),307074,,,013060,Total accumulated precipitation,,,,Operational
bufr4/3/07/074/19/013012,07,Category 07 — Surface report sequences (land),307074,,,013012,Depth of fresh snow,,,,Operational
bufr4/3/07/074/20/013013,07,Category 07 — Surface report sequences (land),307074,,,013013,Total snow depth (Monthly values from a land station in compliance with regional or national reporting practices),,,,Operational
bufr4/3/07/076/1/301090,07,Category 07 — Surface report sequences (land),307076,(cancel),,301090,"Surface station identification; time, horizontal and vertical coordinates",,,,Operational
bufr4/3/07/076/2/004074,07,Category 07 — Surface report sequences (land),307076,(cancel),,004074,Short time period or displacement,,,,Operational
bufr4/3/07/076/3/004023,07,Category 07 — Surface report sequences (land),307076,(cancel),,004023,"Time period or displacement Number of days in the month Monthly mean values of pressure, temperature, extreme temperatures and vapour pressure",,,,Operational
bufr4/3/07/076/4/008023,07,Category 07 — Surface report sequences (land),307076,(cancel),,008023,First-order statistics = 4 Mean value,,,,Operational
bufr4/3/07/076/5/010004,07,Category 07 — Surface report sequences (land),307076,(cancel),,010004,Pressure,,,,Operational
bufr4/3/07/076/6/010051,07,Category 07 — Surface report sequences (land),307076,(cancel),,010051,Pressure reduced to mean sea level,,,,Operational
bufr4/3/07/076/7/007004,07,Category 07 — Surface report sequences (land),307076,(cancel),,007004,Pressure Standard level | Set to missing for lowland stations,,,,Operational
bufr4/3/07/076/8/010009,07,Category 07 — Surface report sequences (land),307076,(cancel),,010009,Geopotential height Standard level | Set to missing for lowland stations I.2 – BUFR Table D/07 — 19,,,,Operational
bufr4/3/07/076/9/007032,07,Category 07 — Surface report sequences (land),307076,,,007032,Height of sensor above local ground (or deck of marine platform),,,,Operational
bufr4/3/07/076/10/012101,07,Category 07 — Surface report sequences (land),307076,,,012101,Temperature/air temperature,,,,Operational
bufr4/3/07/076/11/002051,07,Category 07 — Surface report sequences (land),307076,,,002051,Indicator to specify observing method for extreme temperatures,,,,Operational
bufr4/3/07/076/12/004051,07,Category 07 — Surface report sequences (land),307076,,,004051,Principal time of daily reading of maximum temperature,,,,Operational
bufr4/3/07/076/13/012118,07,Category 07 — Surface report sequences (land),307076,,,012118,"Maximum temperature at height specified, past 24 hours",,,,Operational
bufr4/3/07/076/14/004052,07,Category 07 — Surface report sequences (land),307076,,,004052,Principal time of daily reading of minimum temperature,,,,Operational
bufr4/3/07/076/15/012119,07,Category 07 — Surface report sequences (land),307076,,,012119,"Minimum temperature at height specified, past 24 hours",,,,Operational
bufr4/3/07/076/16/013004,07,Category 07 — Surface report sequences (land),307076,,,013004,Vapour pressure,,,,Operational
bufr4/3/07/076/17/008023,07,Category 07 — Surface report sequences (land),307076,,,008023,First-order statistics Set to missing (cancel),,,,Operational
bufr4/3/07/076/18/012151,07,Category 07 — Surface report sequences (land),307076,,,012151,Standard deviation of daily mean temperature,,,,Operational
bufr4/3/07/076/19/007032,07,Category 07 — Surface report sequences (land),307076,,,007032,Height of sensor above local ground (or deck Set to missing of marine platform) (cancel) Number of days for which values are missing,,,,Operational
bufr4/3/07/076/20/102005,07,Category 07 — Surface report sequences (land),307076,,,102005,Replicate 2 descriptors 5 times,,,,Operational
bufr4/3/07/076/21/008050,07,Category 07 — Surface report sequences (land),307076,,,008050,"Qualifier for number of missing values in /see left column calculation of statistic = 1 Pressure, = 2 Temperature, = 4 Vapour pressure, = 7 Maximum temperature, = 8 Minimum temperature",,,,Operational
bufr4/3/07/076/22/008020,07,Category 07 — Surface report sequences (land),307076,,,008020,Total number of missing entities (with respect Days to accumulation or average) Sunshine duration,,,,Operational
bufr4/3/07/076/23/014032,07,Category 07 — Surface report sequences (land),307076,,,014032,Total sunshine,,,,Operational
bufr4/3/07/076/24/014033,07,Category 07 — Surface report sequences (land),307076,,,014033,Total sunshine,,,,Operational
bufr4/3/07/076/25/008050,07,Category 07 — Surface report sequences (land),307076,,,008050,Qualifier for number of missing values in = 6 Sunshine calculation of statistic duration,,,,Operational
bufr4/3/07/076/26/008020,07,Category 07 — Surface report sequences (land),307076,,,008020,Total number of missing entities (with respect Days to accumulation or average) I.2 – BUFR Table D/07 — 20,,,,Operational
bufr4/3/07/076/27/102018,07,Category 07 — Surface report sequences (land),307076,,,102018,Replicate 2 descriptors 18 times,,,,Operational
bufr4/3/07/076/28/008052,07,Category 07 — Surface report sequences (land),307076,,,008052,"Condition for which number of days of /see left column occurrence follows Wind ≥ 10 m/s, wind ≥ 20 m/s, wind ≥ 30 m/s, maximum temperature < 273.15 K, maximum temperature ≥ 298.15 K, maximum temperature ≥ 303.15 K, maximum temperature ≥ 308.15 K, maximum temperature ≥ 313.15 K, minimum temperature < 273.15 K, sss > 0.00 m, sss > 0.01 m, sss > 0.10 m, sss > 0.50 m, horizontal visibility < 50 m, horizontal visibility < 100 m, horizontal visibility < 1 000 m, hail, thunderstorm",,,,Operational
bufr4/3/07/076/29/008022,07,Category 07 — Surface report sequences (land),307076,,,008022,Total number (with respect to accumulation or Days average) Occurrence of extreme values of temperature and wind speed,,,,Operational
bufr4/3/07/076/30/007032,07,Category 07 — Surface report sequences (land),307076,,,007032,Height of sensor above local ground (or deck of marine platform),,,,Operational
bufr4/3/07/076/31/008053,07,Category 07 — Surface report sequences (land),307076,,,008053,"Day of occurrence qualifier = 0 On 1 day only, = 1 On 2 or more days",,,,Operational
bufr4/3/07/076/32/004003,07,Category 07 — Surface report sequences (land),307076,,,004003,Day,,,,Operational
bufr4/3/07/076/33/012152,07,Category 07 — Surface report sequences (land),307076,,,012152,Highest daily mean temperature,,,,Operational
bufr4/3/07/076/34/008053,07,Category 07 — Surface report sequences (land),307076,,,008053,"Day of occurrence qualifier = 0 On 1 day only, = 1 On 2 or more days",,,,Operational
bufr4/3/07/076/35/004003,07,Category 07 — Surface report sequences (land),307076,,,004003,Day,,,,Operational
bufr4/3/07/076/36/012153,07,Category 07 — Surface report sequences (land),307076,,,012153,Lowest daily mean temperature,,,,Operational
bufr4/3/07/076/37/008053,07,Category 07 — Surface report sequences (land),307076,,,008053,"Day of occurrence qualifier = 0 On 1 day only, = 1 On 2 or more days",,,,Operational
bufr4/3/07/076/38/004003,07,Category 07 — Surface report sequences (land),307076,,,004003,Day,,,,Operational
bufr4/3/07/076/39/008023,07,Category 07 — Surface report sequences (land),307076,,,008023,First-order statistics = 2 Maximum value,,,,Operational
bufr4/3/07/076/40/012101,07,Category 07 — Surface report sequences (land),307076,,,012101,Temperature/air temperature,,,,Operational
bufr4/3/07/076/41/008053,07,Category 07 — Surface report sequences (land),307076,,,008053,"Day of occurrence qualifier = 0 On 1 day only, = 1 On 2 or more days",,,,Operational
bufr4/3/07/076/42/004003,07,Category 07 — Surface report sequences (land),307076,,,004003,Day,,,,Operational
bufr4/3/07/076/43/008023,07,Category 07 — Surface report sequences (land),307076,,,008023,First-order statistics = 3 Minimum value,,,,Operational
bufr4/3/07/076/44/012101,07,Category 07 — Surface report sequences (land),307076,,,012101,Temperature/air temperature,,,,Operational
bufr4/3/07/076/45/008023,07,Category 07 — Surface report sequences (land),307076,,,008023,First-order statistics Set to missing (cancel),,,,Operational
bufr4/3/07/076/46/007032,07,Category 07 — Surface report sequences (land),307076,,,007032,Height of sensor above local ground (or deck of marine platform),,,,Operational
bufr4/3/07/076/47/002002,07,Category 07 — Surface report sequences (land),307076,,,002002,Type of instrumentation for wind measurement I.2 – BUFR Table D/07 — 21,,,,Operational
bufr4/3/07/076/48/008053,07,Category 07 — Surface report sequences (land),307076,,,008053,"Day of occurrence qualifier = 0 On 1 day only, = 1 On 2 or more days",,,,Operational
bufr4/3/07/076/49/004003,07,Category 07 — Surface report sequences (land),307076,,,004003,Day,,,,Operational
bufr4/3/07/076/50/011046,07,Category 07 — Surface report sequences (land),307076,,,011046,Maximum instantaneous wind speed,,,,Operational
bufr4/3/07/076/51/008053,07,Category 07 — Surface report sequences (land),307076,,,008053,Day of occurrence qualifier Set to missing,,,,Operational
bufr4/3/07/076/52/004003,07,Category 07 — Surface report sequences (land),307076,,,004003,Day = 1,,,,Operational
bufr4/3/07/076/53/004004,07,Category 07 — Surface report sequences (land),307076,,,004004,Hour = 0,,,,Operational
bufr4/3/07/076/54/004074,07,Category 07 — Surface report sequences (land),307076,,,004074,Short time period or displacement,,,,Operational
bufr4/3/07/076/55/004023,07,Category 07 — Surface report sequences (land),307076,,,004023,Time period or displacement Number of days in the month,,,,Operational
bufr4/3/07/076/56/007032,07,Category 07 — Surface report sequences (land),307076,,,007032,Height of sensor above local ground (or deck of marine platform),,,,Operational
bufr4/3/07/076/57/013060,07,Category 07 — Surface report sequences (land),307076,,,013060,Total accumulated precipitation,,,,Operational
bufr4/3/07/076/58/013051,07,Category 07 — Surface report sequences (land),307076,,,013051,"Frequency group, precipitation",,,,Operational
bufr4/3/07/076/59/004053,07,Category 07 — Surface report sequences (land),307076,,,004053,Number of days with precipitation equal to or more than 1 mm,,,,Operational
bufr4/3/07/076/60/008050,07,Category 07 — Surface report sequences (land),307076,,,008050,Qualifier for number of missing values in = 5 Precipitation calculation of statistic,,,,Operational
bufr4/3/07/076/61/008020,07,Category 07 — Surface report sequences (land),307076,,,008020,Total number of missing entities (with respect Days to accumulation or average) Number of days of occurrence,,,,Operational
bufr4/3/07/076/62/102006,07,Category 07 — Surface report sequences (land),307076,,,102006,Replicate 2 descriptors 6 times,,,,Operational
bufr4/3/07/076/63/008052,07,Category 07 — Surface report sequences (land),307076,,,008052,Condition for which number of days of occurrence follows,,,,Operational
bufr4/3/07/076/64/008022,07,Category 07 — Surface report sequences (land),307076,,,008022,Total number (with respect to accumulation or Days average) Occurrence of extreme precipitation,,,,Operational
bufr4/3/07/076/65/008053,07,Category 07 — Surface report sequences (land),307076,,,008053,"Day of occurrence qualifier = 0 On 1 day only, = 1 On 2 or more days",,,,Operational
bufr4/3/07/076/66/004003,07,Category 07 — Surface report sequences (land),307076,,,004003,Day,,,,Operational
bufr4/3/07/076/67/013052,07,Category 07 — Surface report sequences (land),307076,,,013052,Highest daily amount of precipitation,,,,Operational
bufr4/3/07/076/68/007032,07,Category 07 — Surface report sequences (land),307076,,,007032,Height of sensor above local ground (or deck Set to missing of marine platform) (cancel) (Monthly normals for a land station in compliance with regional or national reporting practices),,,,Operational
bufr4/3/07/077/1/004001,07,Category 07 — Surface report sequences (land),307077,(cancel),,004001,Year Beginning of the reference period,,,,Operational
bufr4/3/07/077/2/004001,07,Category 07 — Surface report sequences (land),307077,(cancel),,004001,Year Ending of the reference period,,,,Operational
bufr4/3/07/077/3/004002,07,Category 07 — Surface report sequences (land),307077,(cancel),,004002,Month,,,,Operational
bufr4/3/07/077/4/004003,07,Category 07 — Surface report sequences (land),307077,(cancel),,004003,Day = 1,,,,Operational
bufr4/3/07/077/5/004004,07,Category 07 — Surface report sequences (land),307077,(cancel),,004004,Hour = 0,,,,Operational
bufr4/3/07/077/6/004074,07,Category 07 — Surface report sequences (land),307077,(cancel),,004074,Short time period or displacement,,,,Operational
bufr4/3/07/077/7/004022,07,Category 07 — Surface report sequences (land),307077,(cancel),,004022,Time period or displacement = 1 I.2 – BUFR Table D/07 — 22,,,,Operational
bufr4/3/07/077/8/008023,07,Category 07 — Surface report sequences (land),307077,,,008023,First-order statistics = 4 Mean value,,,,Operational
bufr4/3/07/077/9/010004,07,Category 07 — Surface report sequences (land),307077,,,010004,Pressure,,,,Operational
bufr4/3/07/077/10/010051,07,Category 07 — Surface report sequences (land),307077,,,010051,Pressure reduced to mean sea level,,,,Operational
bufr4/3/07/077/11/007004,07,Category 07 — Surface report sequences (land),307077,,,007004,Pressure Standard level,,,,Operational
bufr4/3/07/077/12/010009,07,Category 07 — Surface report sequences (land),307077,,,010009,Geopotential height Standard level,,,,Operational
bufr4/3/07/077/13/007032,07,Category 07 — Surface report sequences (land),307077,,,007032,Height of sensor above local ground (or deck of marine platform),,,,Operational
bufr4/3/07/077/14/012101,07,Category 07 — Surface report sequences (land),307077,,,012101,Temperature/air temperature,,,,Operational
bufr4/3/07/077/15/002051,07,Category 07 — Surface report sequences (land),307077,,,002051,Indicator to specify observing method for extreme temperatures,,,,Operational
bufr4/3/07/077/16/004051,07,Category 07 — Surface report sequences (land),307077,,,004051,Principal time of daily reading of maximum temperature,,,,Operational
bufr4/3/07/077/17/012118,07,Category 07 — Surface report sequences (land),307077,,,012118,"Maximum temperature at height specified, past 24 hours",,,,Operational
bufr4/3/07/077/18/004052,07,Category 07 — Surface report sequences (land),307077,,,004052,Principal time of daily reading of minimum temperature,,,,Operational
bufr4/3/07/077/19/012119,07,Category 07 — Surface report sequences (land),307077,,,012119,"Minimum temperature at height specified, past 24 hours",,,,Operational
bufr4/3/07/077/20/013004,07,Category 07 — Surface report sequences (land),307077,,,013004,Vapour pressure,,,,Operational
bufr4/3/07/077/21/012151,07,Category 07 — Surface report sequences (land),307077,,,012151,Standard deviation of daily mean temperature,,,,Operational
bufr4/3/07/077/22/007032,07,Category 07 — Surface report sequences (land),307077,,,007032,Height of sensor above local ground (or deck Set to missing of marine platform) (cancel),,,,Operational
bufr4/3/07/077/23/014032,07,Category 07 — Surface report sequences (land),307077,,,014032,Total sunshine,,,,Operational
bufr4/3/07/077/24/008023,07,Category 07 — Surface report sequences (land),307077,,,008023,First-order statistics Set to missing (cancel) Normals of precipitation,,,,Operational
bufr4/3/07/077/25/004001,07,Category 07 — Surface report sequences (land),307077,,,004001,Year Beginning of the reference period,,,,Operational
bufr4/3/07/077/26/004001,07,Category 07 — Surface report sequences (land),307077,,,004001,Year Ending of the reference period,,,,Operational
bufr4/3/07/077/27/004002,07,Category 07 — Surface report sequences (land),307077,,,004002,Month,,,,Operational
bufr4/3/07/077/28/004003,07,Category 07 — Surface report sequences (land),307077,,,004003,Day = 1,,,,Operational
bufr4/3/07/077/29/004004,07,Category 07 — Surface report sequences (land),307077,,,004004,Hour = 0,,,,Operational
bufr4/3/07/077/30/004074,07,Category 07 — Surface report sequences (land),307077,,,004074,Short time period or displacement,,,,Operational
bufr4/3/07/077/31/004022,07,Category 07 — Surface report sequences (land),307077,,,004022,Time period or displacement = 1,,,,Operational
bufr4/3/07/077/32/007032,07,Category 07 — Surface report sequences (land),307077,,,007032,Height of sensor above local ground (or deck of marine platform),,,,Operational
bufr4/3/07/077/33/008023,07,Category 07 — Surface report sequences (land),307077,,,008023,First-order statistics = 4 Mean value,,,,Operational
bufr4/3/07/077/34/013060,07,Category 07 — Surface report sequences (land),307077,,,013060,Total accumulated precipitation,,,,Operational
bufr4/3/07/077/35/004053,07,Category 07 — Surface report sequences (land),307077,,,004053,Number of days with precipitation equal to or more than 1 mm,,,,Operational
bufr4/3/07/077/36/008023,07,Category 07 — Surface report sequences (land),307077,,,008023,First-order statistics Set to missing (cancel),,,,Operational
bufr4/3/07/077/37/102008,07,Category 07 — Surface report sequences (land),307077,,,102008,Replicate 2 descriptors 8 times I.2 – BUFR Table D/07 — 23,,,,Operational
bufr4/3/07/077/38/008050,07,Category 07 — Surface report sequences (land),307077,,,008050,"Qualifier for number of missing values in /see left column calculation of statistic Pressure, temperature, extreme temperatures, vapour pressure, precipitation, sunshine duration, maximum temperature, minimum temperature",,,,Operational
bufr4/3/07/077/39/008020,07,Category 07 — Surface report sequences (land),307077,,,008020,Total number of missing entities (with respect Years to accumulation or average),,,,Operational
bufr4/3/07/078/1/307076,07,Category 07 — Surface report sequences (land),307078,(Sequence for representation of monthly values suitable for CLIMAT data in compliance with regional or national reporting practices),,307076,Monthly values from a land station in compliance with regional or national reporting practices,,,,Operational
bufr4/3/07/078/2/307077,07,Category 07 — Surface report sequences (land),307078,(Sequence for representation of monthly values suitable for CLIMAT data in compliance with regional or national reporting practices),,307077,Monthly normals for a land station in compliance with regional or national reporting practices,,,,Operational
bufr4/3/07/079/1/301090,07,Category 07 — Surface report sequences (land),307079,(Sequence for representation of synoptic reports from fixed land stations suitable for SYNOP data and for maritime data from coastal stations),,301090,"Surface station identification; time, horizontal and vertical coordinates",,,,Operational
bufr4/3/07/079/2/302031,07,Category 07 — Surface report sequences (land),307079,(Sequence for representation of synoptic reports from fixed land stations suitable for SYNOP data and for maritime data from coastal stations),,302031,Pressure information,,,,Operational
bufr4/3/07/079/3/302035,07,Category 07 — Surface report sequences (land),307079,(Sequence for representation of synoptic reports from fixed land stations suitable for SYNOP data and for maritime data from coastal stations),,302035,Basic synoptic “instantaneous” data,,,,Operational
bufr4/3/07/079/4/302036,07,Category 07 — Surface report sequences (land),307079,(Sequence for representation of synoptic reports from fixed land stations suitable for SYNOP data and for maritime data from coastal stations),,302036,Clouds with bases below station level,,,,Operational
bufr4/3/07/079/5/101000,07,Category 07 — Surface report sequences (land),307079,(Sequence for representation of synoptic reports from fixed land stations suitable for SYNOP data and for maritime data from coastal stations),,101000,Delayed replication of 1 descriptor,,,,Operational
bufr4/3/07/079/6/031000,07,Category 07 — Surface report sequences (land),307079,(Sequence for representation of synoptic reports from fixed land stations suitable for SYNOP data and for maritime data from coastal stations),,031000,Short delayed descriptor replication factor,,,,Operational
bufr4/3/07/079/7/302047,07,Category 07 — Surface report sequences (land),307079,(Sequence for representation of synoptic reports from fixed land stations suitable for SYNOP data and for maritime data from coastal stations),,302047,Direction of cloud drift,,,,Operational
bufr4/3/07/079/8/008002,07,Category 07 — Surface report sequences (land),307079,(Sequence for representation of synoptic reports from fixed land stations suitable for SYNOP data and for maritime data from coastal stations),,008002,Vertical significance (surface observations),,,,Operational
bufr4/3/07/079/9/101000,07,Category 07 — Surface report sequences (land),307079,(Sequence for representation of synoptic reports from fixed land stations suitable for SYNOP data and for maritime data from coastal stations),,101000,Delayed replication of 1 descriptor,,,,Operational
bufr4/3/07/079/10/031000,07,Category 07 — Surface report sequences (land),307079,(Sequence for representation of synoptic reports from fixed land stations suitable for SYNOP data and for maritime data from coastal stations),,031000,Short delayed descriptor replication factor,,,,Operational
bufr4/3/07/079/11/302048,07,Category 07 — Surface report sequences (land),307079,(Sequence for representation of synoptic reports from fixed land stations suitable for SYNOP data and for maritime data from coastal stations),,302048,Direction and elevation of cloud,,,,Operational
bufr4/3/07/079/12/302037,07,Category 07 — Surface report sequences (land),307079,(Sequence for representation of synoptic reports from fixed land stations suitable for SYNOP data and for maritime data from coastal stations),,302037,"State of ground, snow depth, ground minimum temperature",,,,Operational
bufr4/3/07/079/13/102000,07,Category 07 — Surface report sequences (land),307079,(Sequence for representation of synoptic reports from fixed land stations suitable for SYNOP data and for maritime data from coastal stations),,102000,Delayed replication of 2 descriptors,,,,Operational
bufr4/3/07/079/14/031000,07,Category 07 — Surface report sequences (land),307079,(Sequence for representation of synoptic reports from fixed land stations suitable for SYNOP data and for maritime data from coastal stations),,031000,Short delayed descriptor replication factor,,,,Operational
bufr4/3/07/079/15/022061,07,Category 07 — Surface report sequences (land),307079,(Sequence for representation of synoptic reports from fixed land stations suitable for SYNOP data and for maritime data from coastal stations),,022061,State of the sea,,,,Operational
bufr4/3/07/079/16/020058,07,Category 07 — Surface report sequences (land),307079,(Sequence for representation of synoptic reports from fixed land stations suitable for SYNOP data and for maritime data from coastal stations),,020058,Visibility seawards from a coastal station,,,,Operational
bufr4/3/07/079/17/101000,07,Category 07 — Surface report sequences (land),307079,(Sequence for representation of synoptic reports from fixed land stations suitable for SYNOP data and for maritime data from coastal stations),,101000,Delayed replication of 1 descriptor,,,,Operational
bufr4/3/07/079/18/031000,07,Category 07 — Surface report sequences (land),307079,(Sequence for representation of synoptic reports from fixed land stations suitable for SYNOP data and for maritime data from coastal stations),,031000,Short delayed descriptor replication factor,,,,Operational
bufr4/3/07/079/19/302056,07,Category 07 — Surface report sequences (land),307079,(Sequence for representation of synoptic reports from fixed land stations suitable for SYNOP data and for maritime data from coastal stations),,302056,"Sea/water temperature Sea/water surface temperature, method of measurement, depth below water surface",,,,Operational
bufr4/3/07/079/20/101000,07,Category 07 — Surface report sequences (land),307079,(Sequence for representation of synoptic reports from fixed land stations suitable for SYNOP data and for maritime data from coastal stations),,101000,Delayed replication of 1 descriptor,,,,Operational
bufr4/3/07/079/21/031000,07,Category 07 — Surface report sequences (land),307079,(Sequence for representation of synoptic reports from fixed land stations suitable for SYNOP data and for maritime data from coastal stations),,031000,Short delayed descriptor replication factor I.2 – BUFR Table D/07 — 24,,,,Operational
bufr4/3/07/079/22/302055,07,Category 07 — Surface report sequences (land),307079,,,302055,Icing and ice,,,,Operational
bufr4/3/07/079/23/302043,07,Category 07 — Surface report sequences (land),307079,,,302043,Basic synoptic “period” data,,,,Operational
bufr4/3/07/079/24/302044,07,Category 07 — Surface report sequences (land),307079,,,302044,Evaporation data,,,,Operational
bufr4/3/07/079/25/101000,07,Category 07 — Surface report sequences (land),307079,,,101000,Delayed replication of 1 descriptor,,,,Operational
bufr4/3/07/079/26/031001,07,Category 07 — Surface report sequences (land),307079,,,031001,Delayed descriptor replication factor,,,,Operational
bufr4/3/07/079/27/302045,07,Category 07 — Surface report sequences (land),307079,,,302045,Radiation data (from 1 hour and 24-hour period),,,,Operational
bufr4/3/07/079/28/101000,07,Category 07 — Surface report sequences (land),307079,,,101000,Delayed replication of 1 descriptor,,,,Operational
bufr4/3/07/079/29/031000,07,Category 07 — Surface report sequences (land),307079,,,031000,Short delayed descriptor replication factor,,,,Operational
bufr4/3/07/079/30/302046,07,Category 07 — Surface report sequences (land),307079,,,302046,Temperature change,,,,Operational
bufr4/3/07/080/1/301090,07,Category 07 — Surface report sequences (land),307080,(Sequence for representation of synoptic reports from a fixed land station suitable for SYNOP data),,301090,"Surface station identification; time, horizontal and vertical coordinates",,,,Operational
bufr4/3/07/080/2/302031,07,Category 07 — Surface report sequences (land),307080,(Sequence for representation of synoptic reports from a fixed land station suitable for SYNOP data),,302031,Pressure information,,,,Operational
bufr4/3/07/080/3/302035,07,Category 07 — Surface report sequences (land),307080,(Sequence for representation of synoptic reports from a fixed land station suitable for SYNOP data),,302035,Basic synoptic “instantaneous” data,,,,Operational
bufr4/3/07/080/4/302036,07,Category 07 — Surface report sequences (land),307080,(Sequence for representation of synoptic reports from a fixed land station suitable for SYNOP data),,302036,Clouds with bases below station level,,,,Operational
bufr4/3/07/080/5/302047,07,Category 07 — Surface report sequences (land),307080,(Sequence for representation of synoptic reports from a fixed land station suitable for SYNOP data),,302047,Direction of cloud drift,,,,Operational
bufr4/3/07/080/6/008002,07,Category 07 — Surface report sequences (land),307080,(Sequence for representation of synoptic reports from a fixed land station suitable for SYNOP data),,008002,Vertical significance (surface observations),,,,Operational
bufr4/3/07/080/7/302048,07,Category 07 — Surface report sequences (land),307080,(Sequence for representation of synoptic reports from a fixed land station suitable for SYNOP data),,302048,Direction and elevation of cloud,,,,Operational
bufr4/3/07/080/8/302037,07,Category 07 — Surface report sequences (land),307080,(Sequence for representation of synoptic reports from a fixed land station suitable for SYNOP data),,302037,"State of ground, snow depth, ground minimum temperature",,,,Operational
bufr4/3/07/080/9/302043,07,Category 07 — Surface report sequences (land),307080,(Sequence for representation of synoptic reports from a fixed land station suitable for SYNOP data),,302043,Basic synoptic “period” data,,,,Operational
bufr4/3/07/080/10/302044,07,Category 07 — Surface report sequences (land),307080,(Sequence for representation of synoptic reports from a fixed land station suitable for SYNOP data),,302044,Evaporation data,,,,Operational
bufr4/3/07/080/11/101002,07,Category 07 — Surface report sequences (land),307080,(Sequence for representation of synoptic reports from a fixed land station suitable for SYNOP data),,101002,Replicate 1 descriptor 2 times,,,,Operational
bufr4/3/07/080/12/302045,07,Category 07 — Surface report sequences (land),307080,(Sequence for representation of synoptic reports from a fixed land station suitable for SYNOP data),,302045,Radiation data (from 1 hour and 24-hour period),,,,Operational
bufr4/3/07/080/13/302046,07,Category 07 — Surface report sequences (land),307080,(Sequence for representation of synoptic reports from a fixed land station suitable for SYNOP data),,302046,Temperature change,,,,Operational
bufr4/3/07/081/1/301090,07,Category 07 — Surface report sequences (land),307081,(Sequence for representation of synoptic reports from a fixed land station suitable for SYNOP data in compliance with reporting practices in RA I),,301090,"Surface station identification; time, horizontal and vertical coordinates",,,,Operational
bufr4/3/07/081/2/302031,07,Category 07 — Surface report sequences (land),307081,(Sequence for representation of synoptic reports from a fixed land station suitable for SYNOP data in compliance with reporting practices in RA I),,302031,Pressure information,,,,Operational
bufr4/3/07/081/3/302035,07,Category 07 — Surface report sequences (land),307081,(Sequence for representation of synoptic reports from a fixed land station suitable for SYNOP data in compliance with reporting practices in RA I),,302035,Basic synoptic “instantaneous” data,,,,Operational
bufr4/3/07/081/4/302036,07,Category 07 — Surface report sequences (land),307081,(Sequence for representation of synoptic reports from a fixed land station suitable for SYNOP data in compliance with reporting practices in RA I),,302036,Clouds with bases below station level,,,,Operational
bufr4/3/07/081/5/302047,07,Category 07 — Surface report sequences (land),307081,(Sequence for representation of synoptic reports from a fixed land station suitable for SYNOP data in compliance with reporting practices in RA I),,302047,Direction of cloud drift,,,,Operational
bufr4/3/07/081/6/008002,07,Category 07 — Surface report sequences (land),307081,(Sequence for representation of synoptic reports from a fixed land station suitable for SYNOP data in compliance with reporting practices in RA I),,008002,Vertical significance (surface observations) Set to missing (cancel),,,,Operational
bufr4/3/07/081/7/302048,07,Category 07 — Surface report sequences (land),307081,(Sequence for representation of synoptic reports from a fixed land station suitable for SYNOP data in compliance with reporting practices in RA I),,302048,Direction and elevation of cloud,,,,Operational
bufr4/3/07/081/8/302037,07,Category 07 — Surface report sequences (land),307081,(Sequence for representation of synoptic reports from a fixed land station suitable for SYNOP data in compliance with reporting practices in RA I),,302037,"State of ground, snow depth, ground minimum temperature",,,,Operational
bufr4/3/07/081/9/012122,07,Category 07 — Surface report sequences (land),307081,(Sequence for representation of synoptic reports from a fixed land station suitable for SYNOP data in compliance with reporting practices in RA I),,012122,Ground minimum temperature of the preceding night,,,,Operational
bufr4/3/07/081/10/013056,07,Category 07 — Surface report sequences (land),307081,(Sequence for representation of synoptic reports from a fixed land station suitable for SYNOP data in compliance with reporting practices in RA I),,013056,Character and intensity of precipitation,,,,Operational
bufr4/3/07/081/11/013057,07,Category 07 — Surface report sequences (land),307081,(Sequence for representation of synoptic reports from a fixed land station suitable for SYNOP data in compliance with reporting practices in RA I),,013057,Time of beginning or end of precipitation I.2 – BUFR Table D/07 — 25,,,,Operational
bufr4/3/07/081/12/020101,07,Category 07 — Surface report sequences (land),307081,,,020101,Locust (acridian) name,,,,Operational
bufr4/3/07/081/13/020102,07,Category 07 — Surface report sequences (land),307081,,,020102,Locust (maturity) colour,,,,Operational
bufr4/3/07/081/14/020103,07,Category 07 — Surface report sequences (land),307081,,,020103,Stage of development of locusts,,,,Operational
bufr4/3/07/081/15/020104,07,Category 07 — Surface report sequences (land),307081,,,020104,Organization state of swarm or band of locusts,,,,Operational
bufr4/3/07/081/16/020105,07,Category 07 — Surface report sequences (land),307081,,,020105,Size of swarm or band of locusts and duration of passage of swarm,,,,Operational
bufr4/3/07/081/17/020106,07,Category 07 — Surface report sequences (land),307081,,,020106,Locust population density,,,,Operational
bufr4/3/07/081/18/020107,07,Category 07 — Surface report sequences (land),307081,,,020107,Direction of movements of locust swarm,,,,Operational
bufr4/3/07/081/19/020108,07,Category 07 — Surface report sequences (land),307081,,,020108,Extent of vegetation,,,,Operational
bufr4/3/07/081/20/302043,07,Category 07 — Surface report sequences (land),307081,,,302043,Basic synoptic “period” data,,,,Operational
bufr4/3/07/081/21/302044,07,Category 07 — Surface report sequences (land),307081,,,302044,Evaporation data,,,,Operational
bufr4/3/07/081/22/101002,07,Category 07 — Surface report sequences (land),307081,,,101002,Replicate 1 descriptor 2 times,,,,Operational
bufr4/3/07/081/23/302045,07,Category 07 — Surface report sequences (land),307081,,,302045,Radiation data (from 1 hour and 24-hour period),,,,Operational
bufr4/3/07/081/24/302046,07,Category 07 — Surface report sequences (land),307081,,,302046,Temperature change,,,,Operational
bufr4/3/07/082/1/301090,07,Category 07 — Surface report sequences (land),307082,(Sequence for representation of synoptic reports from a fixed land station suitable for SYNOP data in compliance with reporting practices in RA II) (see Note 7),,301090,"Surface station identification; time, horizontal and vertical coordinates",,,,Operational
bufr4/3/07/082/2/302031,07,Category 07 — Surface report sequences (land),307082,(Sequence for representation of synoptic reports from a fixed land station suitable for SYNOP data in compliance with reporting practices in RA II) (see Note 7),,302031,Pressure information,,,,Operational
bufr4/3/07/082/3/302035,07,Category 07 — Surface report sequences (land),307082,(Sequence for representation of synoptic reports from a fixed land station suitable for SYNOP data in compliance with reporting practices in RA II) (see Note 7),,302035,Basic synoptic “instantaneous” data,,,,Operational
bufr4/3/07/082/4/302036,07,Category 07 — Surface report sequences (land),307082,(Sequence for representation of synoptic reports from a fixed land station suitable for SYNOP data in compliance with reporting practices in RA II) (see Note 7),,302036,Clouds with bases below station level,,,,Operational
bufr4/3/07/082/5/302047,07,Category 07 — Surface report sequences (land),307082,(Sequence for representation of synoptic reports from a fixed land station suitable for SYNOP data in compliance with reporting practices in RA II) (see Note 7),,302047,Direction of cloud drift,,,,Operational
bufr4/3/07/082/6/008002,07,Category 07 — Surface report sequences (land),307082,(Sequence for representation of synoptic reports from a fixed land station suitable for SYNOP data in compliance with reporting practices in RA II) (see Note 7),,008002,Vertical significance (surface observations) Set to missing (cancel),,,,Operational
bufr4/3/07/082/7/302048,07,Category 07 — Surface report sequences (land),307082,(Sequence for representation of synoptic reports from a fixed land station suitable for SYNOP data in compliance with reporting practices in RA II) (see Note 7),,302048,Direction and elevation of cloud,,,,Operational
bufr4/3/07/082/8/302037,07,Category 07 — Surface report sequences (land),307082,(Sequence for representation of synoptic reports from a fixed land station suitable for SYNOP data in compliance with reporting practices in RA II) (see Note 7),,302037,"State of ground, snow depth, ground minimum temperature",,,,Operational
bufr4/3/07/082/9/012121,07,Category 07 — Surface report sequences (land),307082,(Sequence for representation of synoptic reports from a fixed land station suitable for SYNOP data in compliance with reporting practices in RA II) (see Note 7),,012121,Ground minimum temperature At the time of observation,,,,Operational
bufr4/3/07/082/10/012122,07,Category 07 — Surface report sequences (land),307082,(Sequence for representation of synoptic reports from a fixed land station suitable for SYNOP data in compliance with reporting practices in RA II) (see Note 7),,012122,Ground minimum temperature of the preceding night,,,,Operational
bufr4/3/07/082/11/302043,07,Category 07 — Surface report sequences (land),307082,(Sequence for representation of synoptic reports from a fixed land station suitable for SYNOP data in compliance with reporting practices in RA II) (see Note 7),,302043,Basic synoptic “period” data,,,,Operational
bufr4/3/07/082/12/302044,07,Category 07 — Surface report sequences (land),307082,(Sequence for representation of synoptic reports from a fixed land station suitable for SYNOP data in compliance with reporting practices in RA II) (see Note 7),,302044,Evaporation data,,,,Operational
bufr4/3/07/082/13/101002,07,Category 07 — Surface report sequences (land),307082,(Sequence for representation of synoptic reports from a fixed land station suitable for SYNOP data in compliance with reporting practices in RA II) (see Note 7),,101002,Replicate 1 descriptor 2 times,,,,Operational
bufr4/3/07/082/14/302045,07,Category 07 — Surface report sequences (land),307082,(Sequence for representation of synoptic reports from a fixed land station suitable for SYNOP data in compliance with reporting practices in RA II) (see Note 7),,302045,Radiation data (from 1 hour and 24-hour period),,,,Operational
bufr4/3/07/082/15/302046,07,Category 07 — Surface report sequences (land),307082,(Sequence for representation of synoptic reports from a fixed land station suitable for SYNOP data in compliance with reporting practices in RA II) (see Note 7),,302046,Temperature change I.2 – BUFR Table D/07 — 26,,,,Operational
bufr4/3/07/083/1/301090,07,Category 07 — Surface report sequences (land),307083,(Sequence for representation of synoptic reports from a fixed land station suitable for SYNOP data in compliance with reporting practices in RA III),,301090,"Surface station identification; time, horizontal and vertical coordinates",,,,Operational
bufr4/3/07/083/2/302031,07,Category 07 — Surface report sequences (land),307083,(Sequence for representation of synoptic reports from a fixed land station suitable for SYNOP data in compliance with reporting practices in RA III),,302031,Pressure information,,,,Operational
bufr4/3/07/083/3/302035,07,Category 07 — Surface report sequences (land),307083,(Sequence for representation of synoptic reports from a fixed land station suitable for SYNOP data in compliance with reporting practices in RA III),,302035,Basic synoptic “instantaneous” data,,,,Operational
bufr4/3/07/083/4/302036,07,Category 07 — Surface report sequences (land),307083,(Sequence for representation of synoptic reports from a fixed land station suitable for SYNOP data in compliance with reporting practices in RA III),,302036,Clouds with bases below station level,,,,Operational
bufr4/3/07/083/5/302047,07,Category 07 — Surface report sequences (land),307083,(Sequence for representation of synoptic reports from a fixed land station suitable for SYNOP data in compliance with reporting practices in RA III),,302047,Direction of cloud drift,,,,Operational
bufr4/3/07/083/6/008002,07,Category 07 — Surface report sequences (land),307083,(Sequence for representation of synoptic reports from a fixed land station suitable for SYNOP data in compliance with reporting practices in RA III),,008002,Vertical significance (surface observations) Set to missing,,,,Operational
bufr4/3/07/083/7/302048,07,Category 07 — Surface report sequences (land),307083,(Sequence for representation of synoptic reports from a fixed land station suitable for SYNOP data in compliance with reporting practices in RA III),,302048,Direction and elevation of cloud,,,,Operational
bufr4/3/07/083/8/302037,07,Category 07 — Surface report sequences (land),307083,(Sequence for representation of synoptic reports from a fixed land station suitable for SYNOP data in compliance with reporting practices in RA III),,302037,"State of ground, snow depth, ground minimum temperature",,,,Operational
bufr4/3/07/083/9/012122,07,Category 07 — Surface report sequences (land),307083,(Sequence for representation of synoptic reports from a fixed land station suitable for SYNOP data in compliance with reporting practices in RA III),,012122,Ground minimum temperature of the preceding night,,,,Operational
bufr4/3/07/083/10/302043,07,Category 07 — Surface report sequences (land),307083,(Sequence for representation of synoptic reports from a fixed land station suitable for SYNOP data in compliance with reporting practices in RA III),,302043,Basic synoptic “period” data,,,,Operational
bufr4/3/07/083/11/302044,07,Category 07 — Surface report sequences (land),307083,(Sequence for representation of synoptic reports from a fixed land station suitable for SYNOP data in compliance with reporting practices in RA III),,302044,Evaporation data,,,,Operational
bufr4/3/07/083/12/101002,07,Category 07 — Surface report sequences (land),307083,(Sequence for representation of synoptic reports from a fixed land station suitable for SYNOP data in compliance with reporting practices in RA III),,101002,Replicate 1 descriptor 2 times,,,,Operational
bufr4/3/07/083/13/302045,07,Category 07 — Surface report sequences (land),307083,(Sequence for representation of synoptic reports from a fixed land station suitable for SYNOP data in compliance with reporting practices in RA III),,302045,Radiation data (from 1 hour and 24-hour period),,,,Operational
bufr4/3/07/083/14/302046,07,Category 07 — Surface report sequences (land),307083,(Sequence for representation of synoptic reports from a fixed land station suitable for SYNOP data in compliance with reporting practices in RA III),,302046,Temperature change (Sequence for representation of synoptic reports from a fixed land station suitable for SYNOP data in compliance with reporting practices in RA IV),,,,Operational
bufr4/3/07/084/1/301090,07,Category 07 — Surface report sequences (land),307084,(cancel),,301090,"Surface station identification; time, horizontal and vertical coordinates",,,,Operational
bufr4/3/07/084/2/302031,07,Category 07 — Surface report sequences (land),307084,(cancel),,302031,Pressure information,,,,Operational
bufr4/3/07/084/3/302035,07,Category 07 — Surface report sequences (land),307084,(cancel),,302035,Basic synoptic “instantaneous” data,,,,Operational
bufr4/3/07/084/4/302036,07,Category 07 — Surface report sequences (land),307084,(cancel),,302036,Clouds with bases below station level,,,,Operational
bufr4/3/07/084/5/302047,07,Category 07 — Surface report sequences (land),307084,(cancel),,302047,Direction of cloud drift,,,,Operational
bufr4/3/07/084/6/008002,07,Category 07 — Surface report sequences (land),307084,(cancel),,008002,Vertical significance (surface observations) Set to missing (cancel),,,,Operational
bufr4/3/07/084/7/302048,07,Category 07 — Surface report sequences (land),307084,(cancel),,302048,Direction and elevation of cloud,,,,Operational
bufr4/3/07/084/8/302037,07,Category 07 — Surface report sequences (land),307084,(cancel),,302037,"State of ground, snow depth, ground minimum temperature",,,,Operational
bufr4/3/07/084/9/020055,07,Category 07 — Surface report sequences (land),307084,(cancel),,020055,State of sky in the tropics,,,,Operational
bufr4/3/07/084/10/101000,07,Category 07 — Surface report sequences (land),307084,(cancel),,101000,Delayed replication of 1 descriptor,,,,Operational
bufr4/3/07/084/11/031001,07,Category 07 — Surface report sequences (land),307084,(cancel),,031001,Delayed descriptor replication factor,,,,Operational
bufr4/3/07/084/12/205001,07,Category 07 — Surface report sequences (land),307084,(cancel),,205001,Signify character Character field of 1 character,,,,Operational
bufr4/3/07/084/13/302043,07,Category 07 — Surface report sequences (land),307084,(cancel),,302043,Basic synoptic “period” data,,,,Operational
bufr4/3/07/084/14/302044,07,Category 07 — Surface report sequences (land),307084,(cancel),,302044,Evaporation data,,,,Operational
bufr4/3/07/084/15/101002,07,Category 07 — Surface report sequences (land),307084,(cancel),,101002,Replicate 1 descriptor 2 times,,,,Operational
bufr4/3/07/084/16/302045,07,Category 07 — Surface report sequences (land),307084,(cancel),,302045,Radiation data (from 1 hour and 24-hour period),,,,Operational
bufr4/3/07/084/17/302046,07,Category 07 — Surface report sequences (land),307084,(cancel),,302046,Temperature change I.2 – BUFR Table D/07 — 27,,,,Operational
bufr4/3/07/086/1/301090,07,Category 07 — Surface report sequences (land),307086,(Sequence for representation of synoptic reports from a fixed land station suitable for SYNOP data in compliance with reporting practices in RA VI),,301090,"Surface station identification; time, horizontal and vertical coordinates",,,,Operational
bufr4/3/07/086/2/302031,07,Category 07 — Surface report sequences (land),307086,(Sequence for representation of synoptic reports from a fixed land station suitable for SYNOP data in compliance with reporting practices in RA VI),,302031,Pressure information,,,,Operational
bufr4/3/07/086/3/302035,07,Category 07 — Surface report sequences (land),307086,(Sequence for representation of synoptic reports from a fixed land station suitable for SYNOP data in compliance with reporting practices in RA VI),,302035,Basic synoptic “instantaneous” data,,,,Operational
bufr4/3/07/086/4/302036,07,Category 07 — Surface report sequences (land),307086,(Sequence for representation of synoptic reports from a fixed land station suitable for SYNOP data in compliance with reporting practices in RA VI),,302036,Clouds with bases below station level,,,,Operational
bufr4/3/07/086/5/008002,07,Category 07 — Surface report sequences (land),307086,(Sequence for representation of synoptic reports from a fixed land station suitable for SYNOP data in compliance with reporting practices in RA VI),,008002,Vertical significance (surface observations) Set to missing,,,,Operational
bufr4/3/07/086/6/302037,07,Category 07 — Surface report sequences (land),307086,(Sequence for representation of synoptic reports from a fixed land station suitable for SYNOP data in compliance with reporting practices in RA VI),,302037,"State of ground, snow depth, ground minimum temperature",,,,Operational
bufr4/3/07/086/7/302066,07,Category 07 — Surface report sequences (land),307086,(Sequence for representation of synoptic reports from a fixed land station suitable for SYNOP data in compliance with reporting practices in RA VI),,302066,Dangerous weather phenomena,,,,Operational
bufr4/3/07/086/8/302043,07,Category 07 — Surface report sequences (land),307086,(Sequence for representation of synoptic reports from a fixed land station suitable for SYNOP data in compliance with reporting practices in RA VI),,302043,Basic synoptic “period” data,,,,Operational
bufr4/3/07/086/9/302044,07,Category 07 — Surface report sequences (land),307086,(Sequence for representation of synoptic reports from a fixed land station suitable for SYNOP data in compliance with reporting practices in RA VI),,302044,Evaporation data,,,,Operational
bufr4/3/07/086/10/101002,07,Category 07 — Surface report sequences (land),307086,(Sequence for representation of synoptic reports from a fixed land station suitable for SYNOP data in compliance with reporting practices in RA VI),,101002,Replicate 1 descriptor 2 times,,,,Operational
bufr4/3/07/086/11/302045,07,Category 07 — Surface report sequences (land),307086,(Sequence for representation of synoptic reports from a fixed land station suitable for SYNOP data in compliance with reporting practices in RA VI),,302045,"Radiation data (from 1 hour and 24-hour period) (“Instantaneous” parameters of sequence 3 07 089) Surface station identification, time, horizontal and vertical coordinates",,,,Operational
bufr4/3/07/087/1/301001,07,Category 07 — Surface report sequences (land),307087,(cancel),,301001,WMO block and station numbers IIiii,,,,Operational
bufr4/3/07/087/2/002001,07,Category 07 — Surface report sequences (land),307087,(cancel),,002001,Type of station i,x,,,Operational
bufr4/3/07/087/3/301011,07,Category 07 — Surface report sequences (land),307087,(cancel),,301011,"Year, month, day YY",,,,Operational
bufr4/3/07/087/4/301012,07,Category 07 — Surface report sequences (land),307087,(cancel),,301012,"Hour, minute GG, gg",,,,Operational
bufr4/3/07/087/5/301023,07,Category 07 — Surface report sequences (land),307087,(cancel),,301023,Latitude/longitude (coarse accuracy),,,,Operational
bufr4/3/07/087/6/007030,07,Category 07 — Surface report sequences (land),307087,(cancel),,007030,Height of station ground above mean sea level,,,,Operational
bufr4/3/07/087/7/007031,07,Category 07 — Surface report sequences (land),307087,(cancel),,007031,Height of barometer above mean sea level Pressure data,,,,Operational
bufr4/3/07/087/8/302001,07,Category 07 — Surface report sequences (land),307087,(cancel),,302001,"Pressure and 3-hour pressure change P ppp, a","P P P , PPPP, o o o o",,,Operational
bufr4/3/07/087/9/010062,07,Category 07 — Surface report sequences (land),307087,(cancel),,010062,24-hour pressure change p,p p 24 24 24,,,Operational
bufr4/3/07/087/10/007004,07,Category 07 — Surface report sequences (land),307087,(cancel),,007004,"Pressure Standard level a 700, ..hPa | Set to missing for lowland stations","= 925, 850, 3",,,Operational
bufr4/3/07/087/11/010009,07,Category 07 — Surface report sequences (land),307087,(cancel),,010009,Geopotential height Standard level hhh | Set to missing for lowland stations I.2 – BUFR Table D/07 — 28,,,,Operational
bufr4/3/07/087/12/007032,07,Category 07 — Surface report sequences (land),307087,,,007032,Height of sensor above local ground (or deck Temperature of marine platform) measurement,,,,Operational
bufr4/3/07/087/13/012101,07,Category 07 — Surface report sequences (land),307087,,,012101,Temperature/air temperature s,TTT | Scale: 2 n,,,Operational
bufr4/3/07/087/14/012103,07,Category 07 — Surface report sequences (land),307087,,,012103,Dewpoint temperature s,T T T | Scale: 2 n d d d,,,Operational
bufr4/3/07/087/15/013003,07,Category 07 — Surface report sequences (land),307087,,,013003,Relative humidity,,,,Operational
bufr4/3/07/087/16/007032,07,Category 07 — Surface report sequences (land),307087,,,007032,Height of sensor above local ground (or deck Set to missing of marine platform) (cancel) Visibility,,,,Operational
bufr4/3/07/087/17/020001,07,Category 07 — Surface report sequences (land),307087,,,020001,Horizontal visibility VV Cloud data,,,,Operational
bufr4/3/07/087/18/302004,07,Category 07 — Surface report sequences (land),307087,,,302004,"General cloud information /see left column Cloud cover (total) N: If N = 9, then 0 20 010 = 113, if N = /, then 0 20 010 = missing | Vertical significance: If C are observed, then 0 08 002 = 7 | L Low cloud: If C are not observed and L C are observed, then 0 08 002 = 8 | M Middle cloud: If only C are observed, H 0 08 002 = 0, if N = 9, then 0 08 002 = 5, if N = 0, then 0 08 002 = 62, if N = /, then 0 08 002 = missing | Cloud amount (of low or middle clouds) Nh: If N = 0, then 0 20 011 = 0, if N = 9, then 0 20 011 = 9, if N = /, then 0 20 011 = missing | Height of base of cloud h: If N = 0 or /, then 0 20 013 = missing | Cloud type (low clouds) C : 0 20 012 = C + 30, if N = 0, L L then 0 20 012 = 30, if N = 9 or /, then 0 20 012 = 62 | Cloud type (middle clouds) C : 0 20 012 = C + 20, if N = 0, M M then 0 20 012 = 20, if N = 9 or / or CM = /, then 0 20 012 = 61 | Cloud type (high clouds) C : 0 20 012 = C + 10, H H if N = 0, then 0 20 012 = 10, if N = 9 or / or C = /, then 0 20 012 = 60 H",,,,Operational
bufr4/3/07/087/19/101000,07,Category 07 — Surface report sequences (land),307087,,,101000,Delayed replication of 1 descriptor,,,,Operational
bufr4/3/07/087/20/031001,07,Category 07 — Surface report sequences (land),307087,,,031001,Delayed descriptor replication factor,,,,Operational
bufr4/3/07/087/21/302005,07,Category 07 — Surface report sequences (land),307087,,,302005,"Cloud layer /see left column Vertical significance: In any C layer, b 0 08 002 = 4, else in the first replication, if N = 9, then 0 08 002 = 5, if N = /, then 0 08 002 = missing, else 0 08 002 = 1, in the other replications 0 08 002 = 2, 3, 4 | Cloud amount N : In the first s replication, if N = /, then 0 20 011 = missing, else 0 20 011 = N , s in the other replications 0 20 011 = N | s Cloud type C: If N = 9 or /, then 0 20 012 = missing, else 0 20 012 = C | Height of base of cloud h h s s I.2 – BUFR Table D/07 — 29",,,,Operational
bufr4/3/07/088/1/020003,07,Category 07 — Surface report sequences (land),307088,(“Period” parameters of sequence 3 07 089),,020003,Present weather ww,,,,Operational
bufr4/3/07/088/2/004024,07,Category 07 — Surface report sequences (land),307088,(“Period” parameters of sequence 3 07 089),,004024,"Time period or displacement =–6 at 00, 06, 12, 18 UTC, =–3 at 03, 09, 15, 21 UTC",,,,Operational
bufr4/3/07/088/3/020004,07,Category 07 — Surface report sequences (land),307088,(“Period” parameters of sequence 3 07 089),,020004,Past weather (1) W,1,,,Operational
bufr4/3/07/088/4/020005,07,Category 07 — Surface report sequences (land),307088,(“Period” parameters of sequence 3 07 089),,020005,Past weather (2) W Evaporation,2,,,Operational
bufr4/3/07/088/5/004024,07,Category 07 — Surface report sequences (land),307088,(“Period” parameters of sequence 3 07 089),,004024,Time period or displacement =–24 (hours),,,,Operational
bufr4/3/07/088/6/002004,07,Category 07 — Surface report sequences (land),307088,(“Period” parameters of sequence 3 07 089),,002004,Type of instrumentation for evaporation i measurement or type of crop for which evapotranspiration is reported,E,,,Operational
bufr4/3/07/088/7/013033,07,Category 07 — Surface report sequences (land),307088,(“Period” parameters of sequence 3 07 089),,013033,Evaporation/evapotranspiration EEE Sunshine,,,,Operational
bufr4/3/07/088/8/102002,07,Category 07 — Surface report sequences (land),307088,(“Period” parameters of sequence 3 07 089),,102002,Replicate 2 descriptors 2 times,,,,Operational
bufr4/3/07/088/9/004024,07,Category 07 — Surface report sequences (land),307088,(“Period” parameters of sequence 3 07 089),,004024,"Time period or displacement =–24 (hours) in the first replication, =–1 (hour) in the second replication",,,,Operational
bufr4/3/07/088/10/014031,07,Category 07 — Surface report sequences (land),307088,(“Period” parameters of sequence 3 07 089),,014031,"Total sunshine SSS in the first replication, SS in the second replication Precipitation",,,,Operational
bufr4/3/07/088/11/102002,07,Category 07 — Surface report sequences (land),307088,(“Period” parameters of sequence 3 07 089),,102002,Replicate 2 descriptors 2 times,,,,Operational
bufr4/3/07/088/12/004024,07,Category 07 — Surface report sequences (land),307088,(“Period” parameters of sequence 3 07 089),,004024,Time period or displacement t,R,,,Operational
bufr4/3/07/088/13/013011,07,Category 07 — Surface report sequences (land),307088,(“Period” parameters of sequence 3 07 089),,013011,"Total precipitation/total water equivalent RRR | = 0 No precipitation, =–0.1 Trace Extreme temperatures",,,,Operational
bufr4/3/07/088/14/007032,07,Category 07 — Surface report sequences (land),307088,(“Period” parameters of sequence 3 07 089),,007032,Height of sensor above local ground (or deck Temperature of marine platform) measurement,,,,Operational
bufr4/3/07/088/15/004024,07,Category 07 — Surface report sequences (land),307088,(“Period” parameters of sequence 3 07 089),,004024,Time period or displacement =–12 (hours),,,,Operational
bufr4/3/07/088/16/012111,07,Category 07 — Surface report sequences (land),307088,(“Period” parameters of sequence 3 07 089),,012111,"Maximum temperature, at height and over s period specified",T T T n x x x,,,Operational
bufr4/3/07/088/17/004024,07,Category 07 — Surface report sequences (land),307088,(“Period” parameters of sequence 3 07 089),,004024,Time period or displacement =–12 (hours),,,,Operational
bufr4/3/07/088/18/012112,07,Category 07 — Surface report sequences (land),307088,(“Period” parameters of sequence 3 07 089),,012112,"Minimum temperature, at height and over s period specified Wind data",T T T n n n n,,,Operational
bufr4/3/07/088/19/007032,07,Category 07 — Surface report sequences (land),307088,(“Period” parameters of sequence 3 07 089),,007032,Height of sensor above local ground (or deck Wind measurement of marine platform),,,,Operational
bufr4/3/07/088/20/002002,07,Category 07 — Surface report sequences (land),307088,(“Period” parameters of sequence 3 07 089),,002002,Type of instrumentation for wind i measurement,w,,,Operational
bufr4/3/07/088/21/008021,07,Category 07 — Surface report sequences (land),307088,(“Period” parameters of sequence 3 07 089),,008021,Time significance = 2 Time averaged I.2 – BUFR Table D/07 — 30,,,,Operational
bufr4/3/07/088/22/004025,07,Category 07 — Surface report sequences (land),307088,,,004025,"Time period or displacement =–10 (minutes) or number of minutes after a significant change of wind, if any",,,,Operational
bufr4/3/07/088/23/011001,07,Category 07 — Surface report sequences (land),307088,,,011001,"Wind direction dd | If dd = 00 Calm or dd = 99 Variable, 0 11 001 = 0",,,,Operational
bufr4/3/07/088/24/011002,07,Category 07 — Surface report sequences (land),307088,,,011002,Wind speed ff,,,,Operational
bufr4/3/07/088/25/008021,07,Category 07 — Surface report sequences (land),307088,,,008021,Time significance Set to missing,,,,Operational
bufr4/3/07/089/1/307087,07,Category 07 — Surface report sequences (land),307089,(cancel),,307087,“Instantaneous” parameters of sequence 3 07 089,,,,Operational
bufr4/3/07/089/2/307088,07,Category 07 — Surface report sequences (land),307089,(cancel),,307088,“Period” parameters of sequence 3 07 089,,,,Operational
bufr4/3/07/090/1/301092,07,Category 07 — Surface report sequences (land),307090,(Sequence for representation of synoptic reports from a mobile land station suitable for SYNOP MOBIL data),,301092,"Mobile surface station identification, date/time, horizontal and vertical coordinates",,,,Operational
bufr4/3/07/090/2/302031,07,Category 07 — Surface report sequences (land),307090,(Sequence for representation of synoptic reports from a mobile land station suitable for SYNOP MOBIL data),,302031,Pressure information,,,,Operational
bufr4/3/07/090/3/302035,07,Category 07 — Surface report sequences (land),307090,(Sequence for representation of synoptic reports from a mobile land station suitable for SYNOP MOBIL data),,302035,Basic synoptic “instantaneous” data,,,,Operational
bufr4/3/07/090/4/302036,07,Category 07 — Surface report sequences (land),307090,(Sequence for representation of synoptic reports from a mobile land station suitable for SYNOP MOBIL data),,302036,Clouds with bases below station level,,,,Operational
bufr4/3/07/090/5/302047,07,Category 07 — Surface report sequences (land),307090,(Sequence for representation of synoptic reports from a mobile land station suitable for SYNOP MOBIL data),,302047,Direction of cloud drift,,,,Operational
bufr4/3/07/090/6/008002,07,Category 07 — Surface report sequences (land),307090,(Sequence for representation of synoptic reports from a mobile land station suitable for SYNOP MOBIL data),,008002,Vertical significance (surface observations),,,,Operational
bufr4/3/07/090/7/302048,07,Category 07 — Surface report sequences (land),307090,(Sequence for representation of synoptic reports from a mobile land station suitable for SYNOP MOBIL data),,302048,Direction and elevation of cloud,,,,Operational
bufr4/3/07/090/8/302037,07,Category 07 — Surface report sequences (land),307090,(Sequence for representation of synoptic reports from a mobile land station suitable for SYNOP MOBIL data),,302037,"State of ground, snow depth, ground minimum temperature",,,,Operational
bufr4/3/07/090/9/302043,07,Category 07 — Surface report sequences (land),307090,(Sequence for representation of synoptic reports from a mobile land station suitable for SYNOP MOBIL data),,302043,Basic synoptic “period” data,,,,Operational
bufr4/3/07/090/10/302044,07,Category 07 — Surface report sequences (land),307090,(Sequence for representation of synoptic reports from a mobile land station suitable for SYNOP MOBIL data),,302044,Evaporation data,,,,Operational
bufr4/3/07/090/11/101002,07,Category 07 — Surface report sequences (land),307090,(Sequence for representation of synoptic reports from a mobile land station suitable for SYNOP MOBIL data),,101002,Replicate 1 descriptor 2 times,,,,Operational
bufr4/3/07/090/12/302045,07,Category 07 — Surface report sequences (land),307090,(Sequence for representation of synoptic reports from a mobile land station suitable for SYNOP MOBIL data),,302045,Radiation data (from 1 hour and 24-hour period),,,,Operational
bufr4/3/07/090/13/302046,07,Category 07 — Surface report sequences (land),307090,(Sequence for representation of synoptic reports from a mobile land station suitable for SYNOP MOBIL data),,302046,Temperature change,,,,Operational
bufr4/3/07/091/1/301089,07,Category 07 — Surface report sequences (land),307091,(BUFR template for surface observations from one-hour period with national and WMO station identification),,301089,National station identification,,,,Operational
bufr4/3/07/091/2/301090,07,Category 07 — Surface report sequences (land),307091,(BUFR template for surface observations from one-hour period with national and WMO station identification),,301090,"Surface station identification; time, horizontal and vertical co-ordinates",,,,Operational
bufr4/3/07/091/3/008010,07,Category 07 — Surface report sequences (land),307091,(BUFR template for surface observations from one-hour period with national and WMO station identification),,008010,Surface qualifier (temperature data),,,,Operational
bufr4/3/07/091/4/301091,07,Category 07 — Surface report sequences (land),307091,(BUFR template for surface observations from one-hour period with national and WMO station identification),,301091,Surface station instrumentation,,,,Operational
bufr4/3/07/091/5/302001,07,Category 07 — Surface report sequences (land),307091,(BUFR template for surface observations from one-hour period with national and WMO station identification),,302001,Pressure and 3-hour pressure change,,,,Operational
bufr4/3/07/091/6/007004,07,Category 07 — Surface report sequences (land),307091,(BUFR template for surface observations from one-hour period with national and WMO station identification),,007004,Pressure Standard level,,,,Operational
bufr4/3/07/091/7/010009,07,Category 07 — Surface report sequences (land),307091,(BUFR template for surface observations from one-hour period with national and WMO station identification),,010009,Geopotential height Standard level I.2 – BUFR Table D/07 — 31,,,,Operational
bufr4/3/07/091/8/302072,07,Category 07 — Surface report sequences (land),307091,,,302072,Temperature and humidity data,,,,Operational
bufr4/3/07/091/9/103000,07,Category 07 — Surface report sequences (land),307091,,,103000,Delayed replication of 3 descriptors,,,,Operational
bufr4/3/07/091/10/031000,07,Category 07 — Surface report sequences (land),307091,,,031000,Short delayed descriptor replication factor,,,,Operational
bufr4/3/07/091/11/101005,07,Category 07 — Surface report sequences (land),307091,,,101005,Replicate 1 descriptor 5 times,,,,Operational
bufr4/3/07/091/12/307063,07,Category 07 — Surface report sequences (land),307091,,,307063,Depth below land surface and soil temperature,,,,Operational
bufr4/3/07/091/13/007061,07,Category 07 — Surface report sequences (land),307091,,,007061,Depth below land surface Set to missing (cancel),,,,Operational
bufr4/3/07/091/14/101000,07,Category 07 — Surface report sequences (land),307091,,,101000,Delayed replication of 1 descriptor,,,,Operational
bufr4/3/07/091/15/031000,07,Category 07 — Surface report sequences (land),307091,,,031000,Short delayed descriptor replication factor,,,,Operational
bufr4/3/07/091/16/302069,07,Category 07 — Surface report sequences (land),307091,,,302069,Visibility data,,,,Operational
bufr4/3/07/091/17/007032,07,Category 07 — Surface report sequences (land),307091,,,007032,Height of sensor above local ground (or deck Set to missing of marine platform) (cancel),,,,Operational
bufr4/3/07/091/18/007033,07,Category 07 — Surface report sequences (land),307091,,,007033,Height of sensor above water surface Set to missing (cancel),,,,Operational
bufr4/3/07/091/19/105000,07,Category 07 — Surface report sequences (land),307091,,,105000,Delayed replication of 5 descriptors,,,,Operational
bufr4/3/07/091/20/031000,07,Category 07 — Surface report sequences (land),307091,,,031000,Short delayed descriptor replication factor,,,,Operational
bufr4/3/07/091/21/020031,07,Category 07 — Surface report sequences (land),307091,,,020031,Ice deposit (thickness),,,,Operational
bufr4/3/07/091/22/020032,07,Category 07 — Surface report sequences (land),307091,,,020032,Rate of ice accretion (estimated),,,,Operational
bufr4/3/07/091/23/002038,07,Category 07 — Surface report sequences (land),307091,,,002038,Method of water temperature and/or salinity measurement,,,,Operational
bufr4/3/07/091/24/022043,07,Category 07 — Surface report sequences (land),307091,,,022043,Sea/water temperature Scale: 2,,,,Operational
bufr4/3/07/091/25/302021,07,Category 07 — Surface report sequences (land),307091,,,302021,Waves,,,,Operational
bufr4/3/07/091/26/101000,07,Category 07 — Surface report sequences (land),307091,,,101000,Delayed replication of 1 descriptor,,,,Operational
bufr4/3/07/091/27/031000,07,Category 07 — Surface report sequences (land),307091,,,031000,Short delayed descriptor replication factor,,,,Operational
bufr4/3/07/091/28/302078,07,Category 07 — Surface report sequences (land),307091,,,302078,State of ground and snow depth measurement,,,,Operational
bufr4/3/07/091/29/101000,07,Category 07 — Surface report sequences (land),307091,,,101000,Delayed replication of 1 descriptor,,,,Operational
bufr4/3/07/091/30/031000,07,Category 07 — Surface report sequences (land),307091,,,031000,Short delayed descriptor replication factor,,,,Operational
bufr4/3/07/091/31/302073,07,Category 07 — Surface report sequences (land),307091,,,302073,Cloud data,,,,Operational
bufr4/3/07/091/32/101000,07,Category 07 — Surface report sequences (land),307091,,,101000,Delayed replication of 1 descriptor,,,,Operational
bufr4/3/07/091/33/031000,07,Category 07 — Surface report sequences (land),307091,,,031000,Short delayed descriptor replication factor,,,,Operational
bufr4/3/07/091/34/302074,07,Category 07 — Surface report sequences (land),307091,,,302074,Present and past weather,,,,Operational
bufr4/3/07/091/35/101000,07,Category 07 — Surface report sequences (land),307091,,,101000,Delayed replication of 1 descriptor,,,,Operational
bufr4/3/07/091/36/031000,07,Category 07 — Surface report sequences (land),307091,,,031000,Short delayed descriptor replication factor,,,,Operational
bufr4/3/07/091/37/302175,07,Category 07 — Surface report sequences (land),307091,,,302175,"Intensity of precipitation, size of precipitation element",,,,Operational
bufr4/3/07/091/38/102000,07,Category 07 — Surface report sequences (land),307091,,,102000,Delayed replication of 2 descriptors,,,,Operational
bufr4/3/07/091/39/031000,07,Category 07 — Surface report sequences (land),307091,,,031000,Short delayed descriptor replication factor,,,,Operational
bufr4/3/07/091/40/004025,07,Category 07 — Surface report sequences (land),307091,,,004025,Time period or displacement =–10 (minutes),,,,Operational
bufr4/3/07/091/41/302076,07,Category 07 — Surface report sequences (land),307091,,,302076,"Precipitation, obscuration and other phenomena",,,,Operational
bufr4/3/07/091/42/302071,07,Category 07 — Surface report sequences (land),307091,,,302071,Wind data from one-hour period,,,,Operational
bufr4/3/07/091/43/302077,07,Category 07 — Surface report sequences (land),307091,,,302077,Extreme temperature data,,,,Operational
bufr4/3/07/091/44/007033,07,Category 07 — Surface report sequences (land),307091,,,007033,Height of sensor above water surface Set to missing (cancel),,,,Operational
bufr4/3/07/091/45/101000,07,Category 07 — Surface report sequences (land),307091,,,101000,Delayed replication of 1 descriptor,,,,Operational
bufr4/3/07/091/46/031000,07,Category 07 — Surface report sequences (land),307091,,,031000,Short delayed descriptor replication factor,,,,Operational
bufr4/3/07/091/47/302079,07,Category 07 — Surface report sequences (land),307091,,,302079,Precipitation measurement I.2 – BUFR Table D/07 — 32,,,,Operational
bufr4/3/07/091/48/007032,07,Category 07 — Surface report sequences (land),307091,,,007032,Height of sensor above local ground (or deck Set to missing,,,,Operational
bufr4/3/07/091/49/101000,07,Category 07 — Surface report sequences (land),307091,,,101000,Delayed replication of 1 descriptor,,,,Operational
bufr4/3/07/091/50/031000,07,Category 07 — Surface report sequences (land),307091,,,031000,Short delayed descriptor replication factor,,,,Operational
bufr4/3/07/091/51/302080,07,Category 07 — Surface report sequences (land),307091,,,302080,Evaporation measurement,,,,Operational
bufr4/3/07/091/52/101000,07,Category 07 — Surface report sequences (land),307091,,,101000,Delayed replication of 1 descriptor,,,,Operational
bufr4/3/07/091/53/031000,07,Category 07 — Surface report sequences (land),307091,,,031000,Short delayed descriptor replication factor,,,,Operational
bufr4/3/07/091/54/302081,07,Category 07 — Surface report sequences (land),307091,,,302081,Total sunshine data,,,,Operational
bufr4/3/07/091/55/101000,07,Category 07 — Surface report sequences (land),307091,,,101000,Delayed replication of 1 descriptor,,,,Operational
bufr4/3/07/091/56/031000,07,Category 07 — Surface report sequences (land),307091,,,031000,Short delayed descriptor replication factor,,,,Operational
bufr4/3/07/091/57/302082,07,Category 07 — Surface report sequences (land),307091,,,302082,Radiation data,,,,Operational
bufr4/3/07/091/58/102000,07,Category 07 — Surface report sequences (land),307091,,,102000,Delayed replication of 2 descriptors,,,,Operational
bufr4/3/07/091/59/031000,07,Category 07 — Surface report sequences (land),307091,,,031000,Short delayed descriptor replication factor,,,,Operational
bufr4/3/07/091/60/004025,07,Category 07 — Surface report sequences (land),307091,,,004025,Time period or displacement =–10 (minutes),,,,Operational
bufr4/3/07/091/61/013059,07,Category 07 — Surface report sequences (land),307091,,,013059,Number of flashes (thunderstorm),,,,Operational
bufr4/3/07/091/62/101000,07,Category 07 — Surface report sequences (land),307091,,,101000,Delayed replication of 1 descriptor,,,,Operational
bufr4/3/07/091/63/031000,07,Category 07 — Surface report sequences (land),307091,,,031000,Short delayed descriptor replication factor,,,,Operational
bufr4/3/07/091/64/302083,07,Category 07 — Surface report sequences (land),307091,,,302083,"First-order statistics of P, W, T, U data",,,,Operational
bufr4/3/07/091/65/033005,07,Category 07 — Surface report sequences (land),307091,,,033005,Quality information (AWS data),,,,Operational
bufr4/3/07/091/66/033006,07,Category 07 — Surface report sequences (land),307091,,,033006,Internal measurement status information (AWS) (BUFR template for surface observations from n-minute period),,,,Operational
bufr4/3/07/092/1/301150,07,Category 07 — Surface report sequences (land),307092,(cancel),,301150,WIGOS identifier,,,,Operational
bufr4/3/07/092/2/301001,07,Category 07 — Surface report sequences (land),307092,(cancel),,301001,WMO block and station numbers,,,,Operational
bufr4/3/07/092/3/208040,07,Category 07 — Surface report sequences (land),307092,(cancel),,208040,Change width of CCITT IA5 field,,,,Operational
bufr4/3/07/092/4/001019,07,Category 07 — Surface report sequences (land),307092,(cancel),,001019,Long station or site name 40 characters,,,,Operational
bufr4/3/07/092/5/208000,07,Category 07 — Surface report sequences (land),307092,(cancel),,208000,Change width of CCITT IA5 field,,,,Operational
bufr4/3/07/092/6/301011,07,Category 07 — Surface report sequences (land),307092,(cancel),,301011,"Year, month, day The time identification refers to the end of the n-minute period.",,,,Operational
bufr4/3/07/092/7/301012,07,Category 07 — Surface report sequences (land),307092,(cancel),,301012,"Hour, minute",,,,Operational
bufr4/3/07/092/8/301021,07,Category 07 — Surface report sequences (land),307092,(cancel),,301021,Latitude/longitude (high accuracy),,,,Operational
bufr4/3/07/092/9/007030,07,Category 07 — Surface report sequences (land),307092,(cancel),,007030,Height of station ground above mean sea level,,,,Operational
bufr4/3/07/092/10/001023,07,Category 07 — Surface report sequences (land),307092,(cancel),,001023,Observation sequence number,,,,Operational
bufr4/3/07/092/11/108000,07,Category 07 — Surface report sequences (land),307092,(cancel),,108000,Delayed replication of 8 descriptors,,,,Operational
bufr4/3/07/092/12/031000,07,Category 07 — Surface report sequences (land),307092,(cancel),,031000,Short delayed descriptor replication factor,,,,Operational
bufr4/3/07/092/13/007031,07,Category 07 — Surface report sequences (land),307092,(cancel),,007031,Height of barometer above mean sea level,,,,Operational
bufr4/3/07/092/14/204018,07,Category 07 — Surface report sequences (land),307092,(cancel),,204018,Add associated field,,,,Operational
bufr4/3/07/092/15/031021,07,Category 07 — Surface report sequences (land),307092,(cancel),,031021,Associated field significance,,,,Operational
bufr4/3/07/092/16/010004,07,Category 07 — Surface report sequences (land),307092,(cancel),,010004,Pressure Measured value of the air pressure at the sensor location and sensor height,,,,Operational
bufr4/3/07/092/17/010051,07,Category 07 — Surface report sequences (land),307092,(cancel),,010051,Pressure reduced to mean sea level,,,,Operational
bufr4/3/07/092/18/007004,07,Category 07 — Surface report sequences (land),307092,(cancel),,007004,Pressure Standard level I.2 – BUFR Table D/07 — 33,,,,Operational
bufr4/3/07/092/19/010009,07,Category 07 — Surface report sequences (land),307092,,,010009,Geopotential height Standard level,,,,Operational
bufr4/3/07/092/20/204000,07,Category 07 — Surface report sequences (land),307092,,,204000,Add associated field Cancel,,,,Operational
bufr4/3/07/092/21/115000,07,Category 07 — Surface report sequences (land),307092,,,115000,Delayed replication of 15 descriptors,,,,Operational
bufr4/3/07/092/22/031001,07,Category 07 — Surface report sequences (land),307092,,,031001,Delayed descriptor replication factor,,,,Operational
bufr4/3/07/092/23/007032,07,Category 07 — Surface report sequences (land),307092,,,007032,Height of sensor above local ground (or deck of marine platform),,,,Operational
bufr4/3/07/092/24/008010,07,Category 07 — Surface report sequences (land),307092,,,008010,Surface qualifier (temperature data),,,,Operational
bufr4/3/07/092/25/204018,07,Category 07 — Surface report sequences (land),307092,,,204018,Add associated field,,,,Operational
bufr4/3/07/092/26/031021,07,Category 07 — Surface report sequences (land),307092,,,031021,Associated field significance,,,,Operational
bufr4/3/07/092/27/012101,07,Category 07 — Surface report sequences (land),307092,,,012101,Temperature/air-temperature Scale: 2,,,,Operational
bufr4/3/07/092/28/012103,07,Category 07 — Surface report sequences (land),307092,,,012103,Dewpoint temperature Scale: 2,,,,Operational
bufr4/3/07/092/29/202129,07,Category 07 — Surface report sequences (land),307092,,,202129,Change scale,,,,Operational
bufr4/3/07/092/30/201132,07,Category 07 — Surface report sequences (land),307092,,,201132,Change data width,,,,Operational
bufr4/3/07/092/31/013003,07,Category 07 — Surface report sequences (land),307092,,,013003,"Relative humidity Mandatory to report (presuming a humidity sensor is installed), data width 11 bits",,,,Operational
bufr4/3/07/092/32/201000,07,Category 07 — Surface report sequences (land),307092,,,201000,Change data width Cancel,,,,Operational
bufr4/3/07/092/33/202000,07,Category 07 — Surface report sequences (land),307092,,,202000,Change scale Cancel,,,,Operational
bufr4/3/07/092/34/013009,07,Category 07 — Surface report sequences (land),307092,,,013009,Relative humidity Original measured value,,,,Operational
bufr4/3/07/092/35/204000,07,Category 07 — Surface report sequences (land),307092,,,204000,Add associated field Cancel,,,,Operational
bufr4/3/07/092/36/007032,07,Category 07 — Surface report sequences (land),307092,,,007032,Height of sensor above local ground (or deck Set to missing of marine platform) (cancel),,,,Operational
bufr4/3/07/092/37/008010,07,Category 07 — Surface report sequences (land),307092,,,008010,Surface qualifier (temperature data) Set to missing (cancel),,,,Operational
bufr4/3/07/092/38/107000,07,Category 07 — Surface report sequences (land),307092,,,107000,Delayed replication of 7 descriptors,,,,Operational
bufr4/3/07/092/39/031001,07,Category 07 — Surface report sequences (land),307092,,,031001,Delayed descriptor replication factor,,,,Operational
bufr4/3/07/092/40/007061,07,Category 07 — Surface report sequences (land),307092,,,007061,Depth below land surface,,,,Operational
bufr4/3/07/092/41/204018,07,Category 07 — Surface report sequences (land),307092,,,204018,Add associated field,,,,Operational
bufr4/3/07/092/42/031021,07,Category 07 — Surface report sequences (land),307092,,,031021,Associated field significance,,,,Operational
bufr4/3/07/092/43/012130,07,Category 07 — Surface report sequences (land),307092,,,012130,Soil temperature,,,,Operational
bufr4/3/07/092/44/013111,07,Category 07 — Surface report sequences (land),307092,,,013111,Soil moisture,,,,Operational
bufr4/3/07/092/45/204000,07,Category 07 — Surface report sequences (land),307092,,,204000,Add associated field Cancel,,,,Operational
bufr4/3/07/092/46/007061,07,Category 07 — Surface report sequences (land),307092,,,007061,Depth below land surface Set to missing (cancel),,,,Operational
bufr4/3/07/092/47/105000,07,Category 07 — Surface report sequences (land),307092,,,105000,Delayed replication of 5 descriptors,,,,Operational
bufr4/3/07/092/48/031000,07,Category 07 — Surface report sequences (land),307092,,,031000,Short delayed descriptor replication factor,,,,Operational
bufr4/3/07/092/49/033041,07,Category 07 — Surface report sequences (land),307092,,,033041,Attribute of following value,,,,Operational
bufr4/3/07/092/50/204018,07,Category 07 — Surface report sequences (land),307092,,,204018,Add associated field,,,,Operational
bufr4/3/07/092/51/031021,07,Category 07 — Surface report sequences (land),307092,,,031021,Associated field significance,,,,Operational
bufr4/3/07/092/52/020001,07,Category 07 — Surface report sequences (land),307092,,,020001,Horizontal visibility,,,,Operational
bufr4/3/07/092/53/204000,07,Category 07 — Surface report sequences (land),307092,,,204000,Add associated field Cancel,,,,Operational
bufr4/3/07/092/54/113000,07,Category 07 — Surface report sequences (land),307092,,,113000,Delayed replication of 13 descriptors,,,,Operational
bufr4/3/07/092/55/031000,07,Category 07 — Surface report sequences (land),307092,,,031000,Short delayed descriptor replication factor,,,,Operational
bufr4/3/07/092/56/204018,07,Category 07 — Surface report sequences (land),307092,,,204018,Add associated field,,,,Operational
bufr4/3/07/092/57/031021,07,Category 07 — Surface report sequences (land),307092,,,031021,Associated field significance,,,,Operational
bufr4/3/07/092/58/020010,07,Category 07 — Surface report sequences (land),307092,,,020010,Cloud cover (total) I.2 – BUFR Table D/07 — 34,,,,Operational
bufr4/3/07/092/59/204000,07,Category 07 — Surface report sequences (land),307092,,,204000,Add associated field Cancel,,,,Operational
bufr4/3/07/092/60/107000,07,Category 07 — Surface report sequences (land),307092,,,107000,Delayed replication of 7 descriptors,,,,Operational
bufr4/3/07/092/61/031001,07,Category 07 — Surface report sequences (land),307092,,,031001,Delayed descriptor replication factor,,,,Operational
bufr4/3/07/092/62/008002,07,Category 07 — Surface report sequences (land),307092,,,008002,Vertical significance (surface observations),,,,Operational
bufr4/3/07/092/63/204018,07,Category 07 — Surface report sequences (land),307092,,,204018,Add associated field,,,,Operational
bufr4/3/07/092/64/031021,07,Category 07 — Surface report sequences (land),307092,,,031021,Associated field significance,,,,Operational
bufr4/3/07/092/65/020011,07,Category 07 — Surface report sequences (land),307092,,,020011,Cloud amount,,,,Operational
bufr4/3/07/092/66/020013,07,Category 07 — Surface report sequences (land),307092,,,020013,Height of base of cloud,,,,Operational
bufr4/3/07/092/67/204000,07,Category 07 — Surface report sequences (land),307092,,,204000,Add associated field Cancel,,,,Operational
bufr4/3/07/092/68/008002,07,Category 07 — Surface report sequences (land),307092,,,008002,Vertical significance (surface observations) Set to missing (cancel),,,,Operational
bufr4/3/07/092/69/105000,07,Category 07 — Surface report sequences (land),307092,,,105000,Delayed replication of 5 descriptors,,,,Operational
bufr4/3/07/092/70/031000,07,Category 07 — Surface report sequences (land),307092,,,031000,Short delayed descriptor replication factor,,,,Operational
bufr4/3/07/092/71/204018,07,Category 07 — Surface report sequences (land),307092,,,204018,Add associated field,,,,Operational
bufr4/3/07/092/72/031021,07,Category 07 — Surface report sequences (land),307092,,,031021,Associated field significance,,,,Operational
bufr4/3/07/092/73/020062,07,Category 07 — Surface report sequences (land),307092,,,020062,State of ground (with or without snow),,,,Operational
bufr4/3/07/092/74/013013,07,Category 07 — Surface report sequences (land),307092,,,013013,Total snow depth,,,,Operational
bufr4/3/07/092/75/204000,07,Category 07 — Surface report sequences (land),307092,,,204000,Add associated field Cancel,,,,Operational
bufr4/3/07/092/76/105000,07,Category 07 — Surface report sequences (land),307092,,,105000,Delayed replication of 5 descriptors,,,,Operational
bufr4/3/07/092/77/031000,07,Category 07 — Surface report sequences (land),307092,,,031000,Short delayed descriptor replication factor,,,,Operational
bufr4/3/07/092/78/004025,07,Category 07 — Surface report sequences (land),307092,,,004025,Time period or displacement = –n minutes,,,,Operational
bufr4/3/07/092/79/204018,07,Category 07 — Surface report sequences (land),307092,,,204018,Add associated field,,,,Operational
bufr4/3/07/092/80/031021,07,Category 07 — Surface report sequences (land),307092,,,031021,Associated field significance,,,,Operational
bufr4/3/07/092/81/020003,07,Category 07 — Surface report sequences (land),307092,,,020003,Present weather,,,,Operational
bufr4/3/07/092/82/204000,07,Category 07 — Surface report sequences (land),307092,,,204000,Add associated field Cancel,,,,Operational
bufr4/3/07/092/83/105000,07,Category 07 — Surface report sequences (land),307092,,,105000,Delayed replication of 5 descriptors,,,,Operational
bufr4/3/07/092/84/031000,07,Category 07 — Surface report sequences (land),307092,,,031000,Short delayed descriptor replication factor,,,,Operational
bufr4/3/07/092/85/004025,07,Category 07 — Surface report sequences (land),307092,,,004025,Time period or displacement = –n minutes,,,,Operational
bufr4/3/07/092/86/204018,07,Category 07 — Surface report sequences (land),307092,,,204018,Add associated field,,,,Operational
bufr4/3/07/092/87/031021,07,Category 07 — Surface report sequences (land),307092,,,031021,Associated field significance,,,,Operational
bufr4/3/07/092/88/013011,07,Category 07 — Surface report sequences (land),307092,,,013011,Total precipitation/total water equivalent Snow,,,,Operational
bufr4/3/07/092/89/204000,07,Category 07 — Surface report sequences (land),307092,,,204000,Add associated field Cancel,,,,Operational
bufr4/3/07/092/90/115000,07,Category 07 — Surface report sequences (land),307092,,,115000,Delayed replication of 15 descriptors,,,,Operational
bufr4/3/07/092/91/031001,07,Category 07 — Surface report sequences (land),307092,,,031001,Delayed descriptor replication factor,,,,Operational
bufr4/3/07/092/92/007032,07,Category 07 — Surface report sequences (land),307092,,,007032,Height of sensor above local ground (or deck of marine platform),,,,Operational
bufr4/3/07/092/93/008021,07,Category 07 — Surface report sequences (land),307092,,,008021,Time significance = 2 Time averaged,,,,Operational
bufr4/3/07/092/94/004025,07,Category 07 — Surface report sequences (land),307092,,,004025,"Time period or displacement =–10 minutes, or number of minutes after a significant change of wind",,,,Operational
bufr4/3/07/092/95/204018,07,Category 07 — Surface report sequences (land),307092,,,204018,Add associated field,,,,Operational
bufr4/3/07/092/96/031021,07,Category 07 — Surface report sequences (land),307092,,,031021,Associated field significance,,,,Operational
bufr4/3/07/092/97/011001,07,Category 07 — Surface report sequences (land),307092,,,011001,Wind direction,,,,Operational
bufr4/3/07/092/98/011002,07,Category 07 — Surface report sequences (land),307092,,,011002,Wind speed,,,,Operational
bufr4/3/07/092/99/204000,07,Category 07 — Surface report sequences (land),307092,,,204000,Add associated field Cancel,,,,Operational
bufr4/3/07/092/100/008021,07,Category 07 — Surface report sequences (land),307092,,,008021,Time significance Set to missing (cancel) I.2 – BUFR Table D/07 — 35,,,,Operational
bufr4/3/07/092/101/204018,07,Category 07 — Surface report sequences (land),307092,,,204018,Add associated field,,,,Operational
bufr4/3/07/092/102/031021,07,Category 07 — Surface report sequences (land),307092,,,031021,Associated field significance,,,,Operational
bufr4/3/07/092/103/011043,07,Category 07 — Surface report sequences (land),307092,,,011043,Maximum wind gust direction,,,,Operational
bufr4/3/07/092/104/011041,07,Category 07 — Surface report sequences (land),307092,,,011041,Maximum wind gust speed,,,,Operational
bufr4/3/07/092/105/204000,07,Category 07 — Surface report sequences (land),307092,,,204000,Add associated field Cancel,,,,Operational
bufr4/3/07/092/106/007032,07,Category 07 — Surface report sequences (land),307092,,,007032,Height of sensor above local ground (or deck Set to missing of marine platform) (cancel),,,,Operational
bufr4/3/07/092/107/105000,07,Category 07 — Surface report sequences (land),307092,,,105000,Delayed replication of 5 descriptors,,,,Operational
bufr4/3/07/092/108/031000,07,Category 07 — Surface report sequences (land),307092,,,031000,Short delayed descriptor replication factor,,,,Operational
bufr4/3/07/092/109/004025,07,Category 07 — Surface report sequences (land),307092,,,004025,Time period or displacement = –n minutes (default n = 10),,,,Operational
bufr4/3/07/092/110/204018,07,Category 07 — Surface report sequences (land),307092,,,204018,Add associated field,,,,Operational
bufr4/3/07/092/111/031021,07,Category 07 — Surface report sequences (land),307092,,,031021,Associated field significance,,,,Operational
bufr4/3/07/092/112/014031,07,Category 07 — Surface report sequences (land),307092,,,014031,Total sunshine,,,,Operational
bufr4/3/07/092/113/204000,07,Category 07 — Surface report sequences (land),307092,,,204000,Add associated field Cancel,,,,Operational
bufr4/3/07/092/114/110000,07,Category 07 — Surface report sequences (land),307092,,,110000,Delayed replication of 10 descriptors,,,,Operational
bufr4/3/07/092/115/031000,07,Category 07 — Surface report sequences (land),307092,,,031000,Short delayed descriptor replication factor Open or close (1/0),,,,Operational
bufr4/3/07/092/116/004025,07,Category 07 — Surface report sequences (land),307092,,,004025,Time period or displacement = –n minutes (default n = 10),,,,Operational
bufr4/3/07/092/117/204018,07,Category 07 — Surface report sequences (land),307092,,,204018,Add associated field,,,,Operational
bufr4/3/07/092/118/031021,07,Category 07 — Surface report sequences (land),307092,,,031021,Associated field significance,,,,Operational
bufr4/3/07/092/119/014002,07,Category 07 — Surface report sequences (land),307092,,,014002,"Long-wave radiation, integrated over period Upward long-wave specified radiation | according to BUFR Table B, under Class 14, Note 2: negative values",,,,Operational
bufr4/3/07/092/120/014002,07,Category 07 — Surface report sequences (land),307092,,,014002,"Long-wave radiation, integrated over period Downward long-specified wave radiation | according to BUFR Table B, under Class 14, Note 1: positive values",,,,Operational
bufr4/3/07/092/121/014004,07,Category 07 — Surface report sequences (land),307092,,,014004,"Short-wave radiation, integrated over period Upward short-wave specified radiation | according to BUFR Table B, under Class 14, Note 2: negative values",,,,Operational
bufr4/3/07/092/122/014028,07,Category 07 — Surface report sequences (land),307092,,,014028,"Global solar radiation (high accuracy), integrated over period specified",,,,Operational
bufr4/3/07/092/123/014029,07,Category 07 — Surface report sequences (land),307092,,,014029,"Diffuse solar radiation (high accuracy), integrated over period specified",,,,Operational
bufr4/3/07/092/124/014030,07,Category 07 — Surface report sequences (land),307092,,,014030,"Direct solar radiation (high accuracy), integrated over period specified",,,,Operational
bufr4/3/07/092/125/204000,07,Category 07 — Surface report sequences (land),307092,,,204000,Add associated field Cancel,,,,Operational
bufr4/3/07/092/126/113000,07,Category 07 — Surface report sequences (land),307092,,,113000,Delayed replication of 13 descriptors,,,,Operational
bufr4/3/07/092/127/031000,07,Category 07 — Surface report sequences (land),307092,,,031000,Short delayed descriptor replication factor,,,,Operational
bufr4/3/07/092/128/004025,07,Category 07 — Surface report sequences (land),307092,,,004025,Time period or displacement = –n minutes (default n = 10),,,,Operational
bufr4/3/07/092/129/002071,07,Category 07 — Surface report sequences (land),307092,,,002071,Spectrographic wavelength UV-A: 315 nm I.2 – BUFR Table D/07 — 36,,,,Operational
bufr4/3/07/092/130/002072,07,Category 07 — Surface report sequences (land),307092,,,002072,Spectrographic width UV-A: 85 nm,,,,Operational
bufr4/3/07/092/131/204018,07,Category 07 — Surface report sequences (land),307092,,,204018,Add associated field,,,,Operational
bufr4/3/07/092/132/031021,07,Category 07 — Surface report sequences (land),307092,,,031021,Associated field significance,,,,Operational
bufr4/3/07/092/133/014072,07,Category 07 — Surface report sequences (land),307092,,,014072,"Global UV irradiation Integrated over period specified | UV-A irradiation | according to BUFR Table B under Class 14, Note 8",,,,Operational
bufr4/3/07/092/134/204000,07,Category 07 — Surface report sequences (land),307092,,,204000,Add associated field Cancel,,,,Operational
bufr4/3/07/092/135/002071,07,Category 07 — Surface report sequences (land),307092,,,002071,Spectrographic wavelength UV-B: 280 nm,,,,Operational
bufr4/3/07/092/136/002072,07,Category 07 — Surface report sequences (land),307092,,,002072,Spectrographic width UV-B: 35 nm,,,,Operational
bufr4/3/07/092/137/204018,07,Category 07 — Surface report sequences (land),307092,,,204018,Add associated field,,,,Operational
bufr4/3/07/092/138/031021,07,Category 07 — Surface report sequences (land),307092,,,031021,Associated field significance Quality flag,,,,Operational
bufr4/3/07/092/139/014072,07,Category 07 — Surface report sequences (land),307092,,,014072,"Global UV irradiation Integrated over period specified | UV-B irradiation | according to BUFR Table B under Class 14, Note 8 (ISO 21348 UV-B wave length range 280 ≤ λ ≤ 315 nm)",,,,Operational
bufr4/3/07/092/140/204000,07,Category 07 — Surface report sequences (land),307092,,,204000,Add associated field Cancel (Sequence for representation of SYNOP with supplementary information on one-hour observations),,,,Operational
bufr4/3/07/096/1/301090,07,Category 07 — Surface report sequences (land),307096,(ISO 21348: UV-A wave length range 315 ≤ λ ≤400 nm),,301090,"Surface station identification; time, horizontal and vertical coordinates",,,,Operational
bufr4/3/07/096/2/301089,07,Category 07 — Surface report sequences (land),307096,(ISO 21348: UV-A wave length range 315 ≤ λ ≤400 nm),,301089,National station identification,,,,Operational
bufr4/3/07/096/3/008010,07,Category 07 — Surface report sequences (land),307096,(ISO 21348: UV-A wave length range 315 ≤ λ ≤400 nm),,008010,Surface qualifier (temperature data),,,,Operational
bufr4/3/07/096/4/301091,07,Category 07 — Surface report sequences (land),307096,(ISO 21348: UV-A wave length range 315 ≤ λ ≤400 nm),,301091,Surface station instrumentation,,,,Operational
bufr4/3/07/096/5/302084,07,Category 07 — Surface report sequences (land),307096,(ISO 21348: UV-A wave length range 315 ≤ λ ≤400 nm),,302084,“Instantaneous” data of sequence 3 07 096,,,,Operational
bufr4/3/07/096/6/302085,07,Category 07 — Surface report sequences (land),307096,(ISO 21348: UV-A wave length range 315 ≤ λ ≤400 nm),,302085,“Period” data of sequence 3 07 096,,,,Operational
bufr4/3/07/096/7/033005,07,Category 07 — Surface report sequences (land),307096,(ISO 21348: UV-A wave length range 315 ≤ λ ≤400 nm),,033005,Quality information (AWS data),,,,Operational
bufr4/3/07/096/8/033006,07,Category 07 — Surface report sequences (land),307096,(ISO 21348: UV-A wave length range 315 ≤ λ ≤400 nm),,033006,Internal measurement status information,,,,Operational
bufr4/3/07/101/1/301089,07,Category 07 — Surface report sequences (land),307101,(AWS),,301089,National station identification,,,,Operational
bufr4/3/07/101/2/001019,07,Category 07 — Surface report sequences (land),307101,(AWS),,001019,Long station or site name,,,,Operational
bufr4/3/07/101/3/002001,07,Category 07 — Surface report sequences (land),307101,(AWS),,002001,Type of station,,,,Operational
bufr4/3/07/101/4/301011,07,Category 07 — Surface report sequences (land),307101,(AWS),,301011,"Year, month, day",,,,Operational
bufr4/3/07/101/5/301012,07,Category 07 — Surface report sequences (land),307101,(AWS),,301012,"Hour, minute",,,,Operational
bufr4/3/07/101/6/301021,07,Category 07 — Surface report sequences (land),307101,(AWS),,301021,Latitude/longitude (high accuracy) I.2 – BUFR Table D/07 — 37,,,,Operational
bufr4/3/07/101/7/007030,07,Category 07 — Surface report sequences (land),307101,,,007030,Height of station ground above mean sea level,,,,Operational
bufr4/3/07/101/8/007032,07,Category 07 — Surface report sequences (land),307101,,,007032,Height of sensor above local ground (or deck of marine platform),,,,Operational
bufr4/3/07/101/9/012101,07,Category 07 — Surface report sequences (land),307101,,,012101,Temperature/air temperature,,,,Operational
bufr4/3/07/101/10/007032,07,Category 07 — Surface report sequences (land),307101,,,007032,Height of sensor above local ground (or deck of marine platform),,,,Operational
bufr4/3/07/101/11/002177,07,Category 07 — Surface report sequences (land),307101,,,002177,Method of snow depth measurement,,,,Operational
bufr4/3/07/101/12/020062,07,Category 07 — Surface report sequences (land),307101,,,020062,State of the ground (with or without snow),,,,Operational
bufr4/3/07/101/13/013013,07,Category 07 — Surface report sequences (land),307101,,,013013,Total snow depth,,,,Operational
bufr4/3/07/102/1/301089,07,Category 07 — Surface report sequences (land),307102,(Road weather information),,301089,National station identification,,,,Operational
bufr4/3/07/102/2/001018,07,Category 07 — Surface report sequences (land),307102,(Road weather information),,001018,Short station or site name For identification of the road weather monitoring site,,,,Operational
bufr4/3/07/102/3/001015,07,Category 07 — Surface report sequences (land),307102,(Road weather information),,001015,Station or site name,,,,Operational
bufr4/3/07/102/4/001104,07,Category 07 — Surface report sequences (land),307102,(Road weather information),,001104,State/federal state identifier,,,,Operational
bufr4/3/07/102/5/001105,07,Category 07 — Surface report sequences (land),307102,(Road weather information),,001105,Highway designator,,,,Operational
bufr4/3/07/102/6/001106,07,Category 07 — Surface report sequences (land),307102,(Road weather information),,001106,Location along highway as indicated by position markers,,,,Operational
bufr4/3/07/102/7/003017,07,Category 07 — Surface report sequences (land),307102,(Road weather information),,003017,Extended type of station,,,,Operational
bufr4/3/07/102/8/003018,07,Category 07 — Surface report sequences (land),307102,(Road weather information),,003018,Type of road,,,,Operational
bufr4/3/07/102/9/003019,07,Category 07 — Surface report sequences (land),307102,(Road weather information),,003019,Type of construction,,,,Operational
bufr4/3/07/102/10/301011,07,Category 07 — Surface report sequences (land),307102,(Road weather information),,301011,"Year, month, day",,,,Operational
bufr4/3/07/102/11/301012,07,Category 07 — Surface report sequences (land),307102,(Road weather information),,301012,"Hour, minute",,,,Operational
bufr4/3/07/102/12/301021,07,Category 07 — Surface report sequences (land),307102,(Road weather information),,301021,Latitude/longitude (high accuracy),,,,Operational
bufr4/3/07/102/13/007030,07,Category 07 — Surface report sequences (land),307102,(Road weather information),,007030,"Height of station ground above mean sea level Temperature, humidity and visibility data",,,,Operational
bufr4/3/07/102/14/007032,07,Category 07 — Surface report sequences (land),307102,(Road weather information),,007032,Height of sensor above local ground (or deck of marine platform),,,,Operational
bufr4/3/07/102/15/012101,07,Category 07 — Surface report sequences (land),307102,(Road weather information),,012101,Temperature/air temperature,,,,Operational
bufr4/3/07/102/16/012103,07,Category 07 — Surface report sequences (land),307102,(Road weather information),,012103,Dewpoint temperature,,,,Operational
bufr4/3/07/102/17/013003,07,Category 07 — Surface report sequences (land),307102,(Road weather information),,013003,Relative humidity,,,,Operational
bufr4/3/07/102/18/007032,07,Category 07 — Surface report sequences (land),307102,(Road weather information),,007032,Height of sensor above local ground (or deck Set to missing of marine platform) (cancel),,,,Operational
bufr4/3/07/102/19/020001,07,Category 07 — Surface report sequences (land),307102,(Road weather information),,020001,Horizontal visibility Road temperature and other data,,,,Operational
bufr4/3/07/102/20/109000,07,Category 07 — Surface report sequences (land),307102,(Road weather information),,109000,Delayed replication of 9 descriptors,,,,Operational
bufr4/3/07/102/21/031001,07,Category 07 — Surface report sequences (land),307102,(Road weather information),,031001,Delayed descriptor replication factor,,,,Operational
bufr4/3/07/102/22/003016,07,Category 07 — Surface report sequences (land),307102,(Road weather information),,003016,Position of road sensors,,,,Operational
bufr4/3/07/102/23/012128,07,Category 07 — Surface report sequences (land),307102,(Road weather information),,012128,Road surface temperature,,,,Operational
bufr4/3/07/102/24/102000,07,Category 07 — Surface report sequences (land),307102,(Road weather information),,102000,Delayed replication of 2 descriptors,,,,Operational
bufr4/3/07/102/25/031001,07,Category 07 — Surface report sequences (land),307102,(Road weather information),,031001,Delayed descriptor replication factor I.2 – BUFR Table D/07 — 38,,,,Operational
bufr4/3/07/102/26/007061,07,Category 07 — Surface report sequences (land),307102,,,007061,"Depth below land surface = 0.30 m in the first replication, = e.g. 0.15 or 0.07 m in the second replication",,,,Operational
bufr4/3/07/102/27/012129,07,Category 07 — Surface report sequences (land),307102,,,012129,Road subsurface temperature,,,,Operational
bufr4/3/07/102/28/007061,07,Category 07 — Surface report sequences (land),307102,,,007061,Depth below land surface Set to missing,,,,Operational
bufr4/3/07/102/29/013116,07,Category 07 — Surface report sequences (land),307102,,,013116,Water film thickness,,,,Operational
bufr4/3/07/102/30/020138,07,Category 07 — Surface report sequences (land),307102,,,020138,Road surface condition Precipitation data,,,,Operational
bufr4/3/07/102/31/004025,07,Category 07 — Surface report sequences (land),307102,,,004025,Time period or displacement =–15 minutes,,,,Operational
bufr4/3/07/102/32/020024,07,Category 07 — Surface report sequences (land),307102,,,020024,"Intensity of phenomena Intensity (light, moderate, heavy) of precipitation",,,,Operational
bufr4/3/07/102/33/013055,07,Category 07 — Surface report sequences (land),307102,,,013055,Intensity of precipitation,,,,Operational
bufr4/3/07/102/34/020021,07,Category 07 — Surface report sequences (land),307102,,,020021,Type of precipitation,,,,Operational
bufr4/3/07/102/35/013011,07,Category 07 — Surface report sequences (land),307102,,,013011,Total precipitation/total water equivalent Wind data,,,,Operational
bufr4/3/07/102/36/007032,07,Category 07 — Surface report sequences (land),307102,,,007032,Height of sensor above local ground (or deck of marine platform),,,,Operational
bufr4/3/07/102/37/008021,07,Category 07 — Surface report sequences (land),307102,,,008021,Time significance = 2 Time averaged,,,,Operational
bufr4/3/07/102/38/004025,07,Category 07 — Surface report sequences (land),307102,,,004025,Time period or displacement =–10 minutes,,,,Operational
bufr4/3/07/102/39/011001,07,Category 07 — Surface report sequences (land),307102,,,011001,Wind direction,,,,Operational
bufr4/3/07/102/40/011002,07,Category 07 — Surface report sequences (land),307102,,,011002,Wind speed,,,,Operational
bufr4/3/07/102/41/008021,07,Category 07 — Surface report sequences (land),307102,,,008021,Time significance Set to missing (cancel) Maximum wind gust,,,,Operational
bufr4/3/07/102/42/004025,07,Category 07 — Surface report sequences (land),307102,,,004025,Time period or displacement In minutes,,,,Operational
bufr4/3/07/102/43/011043,07,Category 07 — Surface report sequences (land),307102,,,011043,Maximum wind gust direction,,,,Operational
bufr4/3/07/102/44/011041,07,Category 07 — Surface report sequences (land),307102,,,011041,Maximum wind gust speed State of functionality,,,,Operational
bufr4/3/07/102/45/033005,07,Category 07 — Surface report sequences (land),307102,,,033005,"Quality information (AWS data) (Snow observation, snow density, snow water equivalent)",,,,Operational
bufr4/3/07/103/1/301150,07,Category 07 — Surface report sequences (land),307103,(cancel),,301150,WIGOS identifier,,,,Operational
bufr4/3/07/103/2/307101,07,Category 07 — Surface report sequences (land),307103,(cancel),,307101,Snow observation,,,,Operational
bufr4/3/07/103/3/013117,07,Category 07 — Surface report sequences (land),307103,(cancel),,013117,Snow density (liquid water content),,,,Operational
bufr4/3/07/103/4/003028,07,Category 07 — Surface report sequences (land),307103,(cancel),,003028,Method of snow water equivalent measurement,,,,Operational
bufr4/3/07/103/5/013163,07,Category 07 — Surface report sequences (land),307103,(cancel),,013163,Snow water equivalent I.2 – BUFR Table D/07 — 39,,,,Operational
bufr4/3/07/182/1/301090,07,Category 07 — Surface report sequences (land),307182,(Sequence for representation of synoptic reports from a fixed land station suitable for SYNOP data in compliance with reporting practices in RA II),,301090,"Surface station identification; time, horizontal and vertical coordinates",,,,Operational
bufr4/3/07/182/2/302031,07,Category 07 — Surface report sequences (land),307182,(Sequence for representation of synoptic reports from a fixed land station suitable for SYNOP data in compliance with reporting practices in RA II),,302031,Pressure information,,,,Operational
bufr4/3/07/182/3/302035,07,Category 07 — Surface report sequences (land),307182,(Sequence for representation of synoptic reports from a fixed land station suitable for SYNOP data in compliance with reporting practices in RA II),,302035,Basic synoptic “instantaneous” data,,,,Operational
bufr4/3/07/182/4/302036,07,Category 07 — Surface report sequences (land),307182,(Sequence for representation of synoptic reports from a fixed land station suitable for SYNOP data in compliance with reporting practices in RA II),,302036,Clouds with bases below station level,,,,Operational
bufr4/3/07/182/5/302047,07,Category 07 — Surface report sequences (land),307182,(Sequence for representation of synoptic reports from a fixed land station suitable for SYNOP data in compliance with reporting practices in RA II),,302047,Direction of cloud drift,,,,Operational
bufr4/3/07/182/6/008002,07,Category 07 — Surface report sequences (land),307182,(Sequence for representation of synoptic reports from a fixed land station suitable for SYNOP data in compliance with reporting practices in RA II),,008002,Vertical significance (surface observations) Set to missing (cancel),,,,Operational
bufr4/3/07/182/7/302048,07,Category 07 — Surface report sequences (land),307182,(Sequence for representation of synoptic reports from a fixed land station suitable for SYNOP data in compliance with reporting practices in RA II),,302048,Direction and elevation of cloud,,,,Operational
bufr4/3/07/182/8/302037,07,Category 07 — Surface report sequences (land),307182,(Sequence for representation of synoptic reports from a fixed land station suitable for SYNOP data in compliance with reporting practices in RA II),,302037,"State of ground, snow depth, ground Past 12 hours minimum temperature",,,,Operational
bufr4/3/07/182/9/012120,07,Category 07 — Surface report sequences (land),307182,(Sequence for representation of synoptic reports from a fixed land station suitable for SYNOP data in compliance with reporting practices in RA II),,012120,Ground temperature s,T’ T’ n g g,,,Operational
bufr4/3/07/182/10/012122,07,Category 07 — Surface report sequences (land),307182,(Sequence for representation of synoptic reports from a fixed land station suitable for SYNOP data in compliance with reporting practices in RA II),,012122,Ground minimum temperature of the s preceding night,T T n g g,,,Operational
bufr4/3/07/182/11/302043,07,Category 07 — Surface report sequences (land),307182,(Sequence for representation of synoptic reports from a fixed land station suitable for SYNOP data in compliance with reporting practices in RA II),,302043,Basic synoptic “period” data,,,,Operational
bufr4/3/07/182/12/302044,07,Category 07 — Surface report sequences (land),307182,(Sequence for representation of synoptic reports from a fixed land station suitable for SYNOP data in compliance with reporting practices in RA II),,302044,Evaporation data,,,,Operational
bufr4/3/07/182/13/101002,07,Category 07 — Surface report sequences (land),307182,(Sequence for representation of synoptic reports from a fixed land station suitable for SYNOP data in compliance with reporting practices in RA II),,101002,Replicate 1 descriptor 2 times,,,,Operational
bufr4/3/07/182/14/302045,07,Category 07 — Surface report sequences (land),307182,(Sequence for representation of synoptic reports from a fixed land station suitable for SYNOP data in compliance with reporting practices in RA II),,302045,Radiation data (from 1 hour and 24-hour period),,,,Operational
bufr4/3/07/182/15/302046,07,Category 07 — Surface report sequences (land),307182,(Sequence for representation of synoptic reports from a fixed land station suitable for SYNOP data in compliance with reporting practices in RA II),,302046,Temperature change–1 or m s–1 I.2 – BUFR Table D/07 — 40,"in TAC data, in TAC data.–1–1 or m s–1–1",,,Operational
