Id,FXY,ElementName_en,CodeFigure,EntryName_en,EntryName_sub1_en,EntryName_sub2_en,Note_en,noteIDs,Status
bufr4/0/02/001/0,002001,Type of station Code table 0 02 001,0,Automatic,,,,,Operational
bufr4/0/02/001/1,002001,Type of station Code table 0 02 001,1,Manned,,,,,Operational
bufr4/0/02/001/2,002001,Type of station Code table 0 02 001,2,Hybrid: both manned and automatic,,,,,Operational
bufr4/0/02/001/3,002001,Type of station Code table 0 02 001,3,Missing value,,,,,Operational
bufr4/0/02/002/1,002002,Type of instrumentation for wind measurement Flag table 0 02 002,1,Certified instruments,,,,,Operational
bufr4/0/02/002/2,002002,Type of instrumentation for wind measurement Flag table 0 02 002,2,Originally measured in knots,,,,,Operational
bufr4/0/02/002/3,002002,Type of instrumentation for wind measurement Flag table 0 02 002,3,Originally measured in km h–1 All 4 Missing value,,,,,Operational
bufr4/0/02/003/0,002003,Type of measuring equipment used Code table 0 02 003,0,Pressure instrument associated with wind measuring equipment,,,,,Operational
bufr4/0/02/003/1,002003,Type of measuring equipment used Code table 0 02 003,1,Optical theodolite,,,,,Operational
bufr4/0/02/003/2,002003,Type of measuring equipment used Code table 0 02 003,2,Radio theodolite,,,,,Operational
bufr4/0/02/003/3,002003,Type of measuring equipment used Code table 0 02 003,3,Radar,,,,,Operational
bufr4/0/02/003/4,002003,Type of measuring equipment used Code table 0 02 003,4,VLF-Omega,,,,,Operational
bufr4/0/02/003/5,002003,Type of measuring equipment used Code table 0 02 003,5,Loran C,,,,,Operational
bufr4/0/02/003/6,002003,Type of measuring equipment used Code table 0 02 003,6,Wind profiler,,,,,Operational
bufr4/0/02/003/7,002003,Type of measuring equipment used Code table 0 02 003,7,Satellite navigation,,,,,Operational
bufr4/0/02/003/8,002003,Type of measuring equipment used Code table 0 02 003,8,Radio-acoustic Sounding System (RASS),,,,,Operational
bufr4/0/02/003/9,002003,Type of measuring equipment used Code table 0 02 003,9,Sodar,,,,,Operational
bufr4/0/02/003/10,002003,Type of measuring equipment used Code table 0 02 003,10,Lidar,,,,,Operational
bufr4/0/02/003/11-13,002003,Type of measuring equipment used Code table 0 02 003,11-13,Reserved,,,,,Operational
bufr4/0/02/003/14,002003,Type of measuring equipment used Code table 0 02 003,14,Pressure instrument associated with wind measuring equipment but pressure element failed during ascent,,,,,Operational
bufr4/0/02/003/15,002003,Type of measuring equipment used Code table 0 02 003,15,Missing value,,,,,Operational
bufr4/0/02/004/0,002004,Type of instrumentation for evaporation measurement or type of crop for which evapotranspiration is reported Code table 0 02 004,0,USA open pan evaporimeter (without cover),,,,,Operational
bufr4/0/02/004/1,002004,Type of instrumentation for evaporation measurement or type of crop for which evapotranspiration is reported Code table 0 02 004,1,USA open pan evaporimeter (mesh covered),,,,,Operational
bufr4/0/02/004/2,002004,Type of instrumentation for evaporation measurement or type of crop for which evapotranspiration is reported Code table 0 02 004,2,GGI-3000 evaporimeter (sunken) Evaporation,,,,,Operational
bufr4/0/02/004/3,002004,Type of instrumentation for evaporation measurement or type of crop for which evapotranspiration is reported Code table 0 02 004,3,20 m 2 tank,,,,,Operational
bufr4/0/02/004/4,002004,Type of instrumentation for evaporation measurement or type of crop for which evapotranspiration is reported Code table 0 02 004,4,Others,,,,,Operational
bufr4/0/02/004/5,002004,Type of instrumentation for evaporation measurement or type of crop for which evapotranspiration is reported Code table 0 02 004,5,Rice,,,,,Operational
bufr4/0/02/004/6,002004,Type of instrumentation for evaporation measurement or type of crop for which evapotranspiration is reported Code table 0 02 004,6,Wheat,,,,,Operational
bufr4/0/02/004/7,002004,Type of instrumentation for evaporation measurement or type of crop for which evapotranspiration is reported Code table 0 02 004,7,Maize Evapotranspiration,,,,,Operational
bufr4/0/02/004/8,002004,Type of instrumentation for evaporation measurement or type of crop for which evapotranspiration is reported Code table 0 02 004,8,Sorghum,,,,,Operational
bufr4/0/02/004/9,002004,Type of instrumentation for evaporation measurement or type of crop for which evapotranspiration is reported Code table 0 02 004,9,Other crops,,,,,Operational
bufr4/0/02/004/10-14,002004,Type of instrumentation for evaporation measurement or type of crop for which evapotranspiration is reported Code table 0 02 004,10-14,Reserved,,,,,Operational
bufr4/0/02/004/15,002004,Type of instrumentation for evaporation measurement or type of crop for which evapotranspiration is reported Code table 0 02 004,15,Missing value,,,,,Operational
bufr4/0/02/006/0,002006,Upper Air Remote Sensing Instrument Type Code table 0 02 006,0,Reserved,,,,,Operational
bufr4/0/02/006/1,002006,Upper Air Remote Sensing Instrument Type Code table 0 02 006,1,Elastic backscatter lidar,,,,,Operational
bufr4/0/02/006/2,002006,Upper Air Remote Sensing Instrument Type Code table 0 02 006,2,Raman backscatter lidar,,,,,Operational
bufr4/0/02/006/3,002006,Upper Air Remote Sensing Instrument Type Code table 0 02 006,3,Radar wind profiler,,,,,Operational
bufr4/0/02/006/4,002006,Upper Air Remote Sensing Instrument Type Code table 0 02 006,4,Lidar wind profiler,,,,,Operational
bufr4/0/02/006/5,002006,Upper Air Remote Sensing Instrument Type Code table 0 02 006,5,Sodar wind profiler,,,,,Operational
bufr4/0/02/006/6,002006,Upper Air Remote Sensing Instrument Type Code table 0 02 006,6,Wind profiler,,,,,Operational
bufr4/0/02/006/7,002006,Upper Air Remote Sensing Instrument Type Code table 0 02 006,7,Lidar,,,,,Operational
bufr4/0/02/006/8-62,002006,Upper Air Remote Sensing Instrument Type Code table 0 02 006,8-62,Reserved,,,,,Operational
bufr4/0/02/006/63,002006,Upper Air Remote Sensing Instrument Type Code table 0 02 006,63,Missing value,,,,,Operational
bufr4/0/02/007/0,002007,Type of sensor for water level measuring instrument Code table 0 02 007,0,Reserved,,,,,Operational
bufr4/0/02/007/1,002007,Type of sensor for water level measuring instrument Code table 0 02 007,1,Shaft encoder float system,,,,,Operational
bufr4/0/02/007/2,002007,Type of sensor for water level measuring instrument Code table 0 02 007,2,Ultrasonic,,,,,Operational
bufr4/0/02/007/3,002007,Type of sensor for water level measuring instrument Code table 0 02 007,3,Radar,,,,,Operational
bufr4/0/02/007/4,002007,Type of sensor for water level measuring instrument Code table 0 02 007,4,Pressure (single transducer),,,,,Operational
bufr4/0/02/007/5,002007,Type of sensor for water level measuring instrument Code table 0 02 007,5,Pressure (multiple transducer),,,,,Operational
bufr4/0/02/007/6,002007,Type of sensor for water level measuring instrument Code table 0 02 007,6,Pressure (in stilling well),,,,,Operational
bufr4/0/02/007/7,002007,Type of sensor for water level measuring instrument Code table 0 02 007,7,Bubbler pressure,,,,,Operational
bufr4/0/02/007/8,002007,Type of sensor for water level measuring instrument Code table 0 02 007,8,Acoustic (with sounding tube),,,,,Operational
bufr4/0/02/007/9,002007,Type of sensor for water level measuring instrument Code table 0 02 007,9,Acoustic (in open air),,,,,Operational
bufr4/0/02/007/10-62,002007,Type of sensor for water level measuring instrument Code table 0 02 007,10-62,Reserved,,,,,Operational
bufr4/0/02/007/63,002007,Type of sensor for water level measuring instrument Code table 0 02 007,63,Missing value,,,,,Operational
bufr4/0/02/008/0,002008,Type of offshore platform Code table 0 02 008,0,Fixed platform,,,,,Operational
bufr4/0/02/008/1,002008,Type of offshore platform Code table 0 02 008,1,Mobile offshore drill ship,,,,,Operational
bufr4/0/02/008/2,002008,Type of offshore platform Code table 0 02 008,2,Jack-up rig,,,,,Operational
bufr4/0/02/008/3,002008,Type of offshore platform Code table 0 02 008,3,Semi-submersible platform,,,,,Operational
bufr4/0/02/008/4,002008,Type of offshore platform Code table 0 02 008,4,Floating production storage and offloading (FPSO) unit,,,,,Operational
bufr4/0/02/008/5,002008,Type of offshore platform Code table 0 02 008,5,Light vessel,,,,,Operational
bufr4/0/02/008/6-14,002008,Type of offshore platform Code table 0 02 008,6-14,Reserved,,,,,Operational
bufr4/0/02/008/15,002008,Type of offshore platform Code table 0 02 008,15,Missing value,,,,,Operational
bufr4/0/02/011,002011,Radiosonde type,,(See common Code table C–2 in Part C/c.),,,,,Operational
bufr4/0/02/012,002012,Radiosonde computational method (To be developed),,,,,,,Operational
bufr4/0/02/013/0,002013,Solar and infrared radiation correction Code table 0 02 013,0,No correction,,,,,Operational
bufr4/0/02/013/1,002013,Solar and infrared radiation correction Code table 0 02 013,1,CIMO solar corrected and CIMO infrared corrected,,,,,Operational
bufr4/0/02/013/2,002013,Solar and infrared radiation correction Code table 0 02 013,2,CIMO solar corrected and infrared corrected,,,,,Operational
bufr4/0/02/013/3,002013,Solar and infrared radiation correction Code table 0 02 013,3,CIMO solar corrected only,,,,,Operational
bufr4/0/02/013/4,002013,Solar and infrared radiation correction Code table 0 02 013,4,Solar and infrared corrected automatically by radiosonde system,,,,,Operational
bufr4/0/02/013/5,002013,Solar and infrared radiation correction Code table 0 02 013,5,Solar corrected automatically by radiosonde system,,,,,Operational
bufr4/0/02/013/6,002013,Solar and infrared radiation correction Code table 0 02 013,6,Solar and infrared corrected as specified by country,,,,,Operational
bufr4/0/02/013/7,002013,Solar and infrared radiation correction Code table 0 02 013,7,Solar corrected as specified by country,,,,,Operational
bufr4/0/02/013/8,002013,Solar and infrared radiation correction Code table 0 02 013,8,Solar and infrared corrected as specified by GRUAN*,,,,,Operational
bufr4/0/02/013/9,002013,Solar and infrared radiation correction Code table 0 02 013,9,Solar corrected as specified by GRUAN,,,,,Operational
bufr4/0/02/013/10-14,002013,Solar and infrared radiation correction Code table 0 02 013,10-14,Reserved,,,,,Operational
bufr4/0/02/013/15,002013,Solar and infrared radiation correction Code table 0 02 013,15,Missing value _____________________ * GRUAN = GCOS Reference Upper-Air Network,,,,,Operational
bufr4/0/02/014,002014,Tracking technique/status of system used,,(See common Code table C–7 in Part C/c.),,,,,Operational
bufr4/0/02/015/0,002015,Radiosonde completeness Code table 0 02 015,0,Reserved,,,,,Operational
bufr4/0/02/015/1,002015,Radiosonde completeness Code table 0 02 015,1,Pressure only radiosonde,,,,,Operational
bufr4/0/02/015/2,002015,Radiosonde completeness Code table 0 02 015,2,Pressure only radiosonde plus transponder,,,,,Operational
bufr4/0/02/015/3,002015,Radiosonde completeness Code table 0 02 015,3,Pressure only radiosonde plus radar reflector,,,,,Operational
bufr4/0/02/015/4,002015,Radiosonde completeness Code table 0 02 015,4,No-pressure radiosonde plus transponder,,,,,Operational
bufr4/0/02/015/5,002015,Radiosonde completeness Code table 0 02 015,5,No-pressure radiosonde plus radar reflector,,,,,Operational
bufr4/0/02/015/6-14,002015,Radiosonde completeness Code table 0 02 015,6-14,Reserved,,,,,Operational
bufr4/0/02/015/15,002015,Radiosonde completeness Code table 0 02 015,15,Missing value,,,,,Operational
bufr4/0/02/016/1,002016,Radiosonde configuration Flag table 0 02 016,1,Train regulator,,,,,Operational
bufr4/0/02/016/2,002016,Radiosonde configuration Flag table 0 02 016,2,Light unit,,,,,Operational
bufr4/0/02/016/3,002016,Radiosonde configuration Flag table 0 02 016,3,Parachute,,,,,Operational
bufr4/0/02/016/4,002016,Radiosonde configuration Flag table 0 02 016,4,Rooftop release All 5 Missing value,,,,,Operational
bufr4/0/02/017/0,002017,Correction algorithms for humidity measurements Code table 0 02 017,0,No corrections,,,,,Operational
bufr4/0/02/017/1,002017,Correction algorithms for humidity measurements Code table 0 02 017,1,Time lag correction provided by the manufacturer,,,,,Operational
bufr4/0/02/017/2,002017,Correction algorithms for humidity measurements Code table 0 02 017,2,Solar radiation correction provided by the manufacturer,,,,,Operational
bufr4/0/02/017/3,002017,Correction algorithms for humidity measurements Code table 0 02 017,3,Solar radiation and time lag correction provided by the manufacturer,,,,,Operational
bufr4/0/02/017/4-6,002017,Correction algorithms for humidity measurements Code table 0 02 017,4-6,Reserved,,,,,Operational
bufr4/0/02/017/7,002017,Correction algorithms for humidity measurements Code table 0 02 017,7,GRUAN solar radiation and time lag correction,,,,,Operational
bufr4/0/02/017/8-30,002017,Correction algorithms for humidity measurements Code table 0 02 017,8-30,Reserved,,,,,Operational
bufr4/0/02/017/31,002017,Correction algorithms for humidity measurements Code table 0 02 017,31,Missing value,,,,,Operational
bufr4/0/02/019,002019,Satellite instruments,,(See common Code table C–8 in Part C/c.),,,,,Operational
bufr4/0/02/020/0,002020,Satellite classification Code table 0 02 020,0,Nimbus,,,,,Operational
bufr4/0/02/020/1,002020,Satellite classification Code table 0 02 020,1,VTPR,,,,,Operational
bufr4/0/02/020/2,002020,Satellite classification Code table 0 02 020,2,"Tiros 1 (Tiros, NOAA-6 to NOAA-13)",,,,,Operational
bufr4/0/02/020/3,002020,Satellite classification Code table 0 02 020,3,Tiros 2 (NOAA-14 onwards),,,,,Operational
bufr4/0/02/020/10,002020,Satellite classification Code table 0 02 020,10,EOS,,,,,Operational
bufr4/0/02/020/20,002020,Satellite classification Code table 0 02 020,20,GPM-core,,,,,Operational
bufr4/0/02/020/31,002020,Satellite classification Code table 0 02 020,31,DMSP,,,,,Operational
bufr4/0/02/020/61,002020,Satellite classification Code table 0 02 020,61,EUMETSAT Polar System (EPS),,,,,Operational
bufr4/0/02/020/91,002020,Satellite classification Code table 0 02 020,91,ERS,,,,,Operational
bufr4/0/02/020/92,002020,Satellite classification Code table 0 02 020,92,Sentinel-3,,,,,Operational
bufr4/0/02/020/121,002020,Satellite classification Code table 0 02 020,121,ADEOS,,,,,Operational
bufr4/0/02/020/122,002020,Satellite classification Code table 0 02 020,122,GCOM,,,,,Operational
bufr4/0/02/021/1,002021,Satellite instrument data used in processing Flag table 0 02 021,1,High-resolution infrared sounder (HIRS),,,,,Operational
bufr4/0/02/021/2,002021,Satellite instrument data used in processing Flag table 0 02 021,2,Microwave sounding unit (MSU),,,,,Operational
bufr4/0/02/021/3,002021,Satellite instrument data used in processing Flag table 0 02 021,3,Stratospheric sounding unit (SSU),,,,,Operational
bufr4/0/02/021/4,002021,Satellite instrument data used in processing Flag table 0 02 021,4,AMI (advanced microwave instrument) wind mode,,,,,Operational
bufr4/0/02/021/5,002021,Satellite instrument data used in processing Flag table 0 02 021,5,AMI (advanced microwave instrument) wave mode,,,,,Operational
bufr4/0/02/021/6,002021,Satellite instrument data used in processing Flag table 0 02 021,6,AMI (advanced microwave instrument) image mode,,,,,Operational
bufr4/0/02/021/7,002021,Satellite instrument data used in processing Flag table 0 02 021,7,Radar altimeter,,,,,Operational
bufr4/0/02/021/8,002021,Satellite instrument data used in processing Flag table 0 02 021,8,ATSR (along-track scanning radiometer) All 9 Missing value,,,,,Operational
bufr4/0/02/022/1,002022,Satellite data-processing technique used Flag table 0 02 022,1,Processing technique not defined,,,,,Operational
bufr4/0/02/022/2,002022,Satellite data-processing technique used Flag table 0 02 022,2,Automated statistical regression,,,,,Operational
bufr4/0/02/022/3,002022,Satellite data-processing technique used Flag table 0 02 022,3,Clear path,,,,,Operational
bufr4/0/02/022/4,002022,Satellite data-processing technique used Flag table 0 02 022,4,Partly cloudy path,,,,,Operational
bufr4/0/02/022/5,002022,Satellite data-processing technique used Flag table 0 02 022,5,Cloudy path,,,,,Operational
bufr4/0/02/022/6-7,002022,Satellite data-processing technique used Flag table 0 02 022,6-7,"Reserved All 8 Missing value Notes: (1) Clear path means the sounding has been generated from clear radiances derived from actual clear spot measurements. Tropospheric and stratospheric HIRS data, as well as MSU and SSU data, have been used. (2) Partly cloudy path means the sounding has been generated from clear radiances which have been calculated from partly cloudy spots. Tropospheric and stratospheric HIRS data, as well as MSU and SSU data, have been used. (3) Cloudy path means the sounding has been generated only from stratospheric HIRS data, MSU data and SSU data. Tropospheric HIRS data have not been used because of cloudy conditions.",,,,,Operational
bufr4/0/02/023/0,002023,Satellite-derived wind computation method Code table 0 02 023,0,Reserved,,,,,Operational
bufr4/0/02/023/1,002023,Satellite-derived wind computation method Code table 0 02 023,1,Wind derived from cloud motion observed in the infrared channel,,,,,Operational
bufr4/0/02/023/2,002023,Satellite-derived wind computation method Code table 0 02 023,2,Wind derived from cloud motion observed in the visible channel,,,,,Operational
bufr4/0/02/023/3,002023,Satellite-derived wind computation method Code table 0 02 023,3,Wind derived from cloud motion observed in the water vapour channel,,,,,Operational
bufr4/0/02/023/4,002023,Satellite-derived wind computation method Code table 0 02 023,4,Wind derived from motion observed in a combination of spectral channels,,,,,Operational
bufr4/0/02/023/5,002023,Satellite-derived wind computation method Code table 0 02 023,5,Wind derived from motion observed in the water vapour channel in clear air,,,,,Operational
bufr4/0/02/023/6,002023,Satellite-derived wind computation method Code table 0 02 023,6,Wind derived from motion observed in the ozone channel,,,,,Operational
bufr4/0/02/023/7,002023,Satellite-derived wind computation method Code table 0 02 023,7,Wind derived from motion observed in water vapour channel (cloud or clear air not specified),,,,,Operational
bufr4/0/02/023/8-12,002023,Satellite-derived wind computation method Code table 0 02 023,8-12,Reserved,,,,,Operational
bufr4/0/02/023/13,002023,Satellite-derived wind computation method Code table 0 02 023,13,Root-mean-square,,,,,Operational
bufr4/0/02/023/14,002023,Satellite-derived wind computation method Code table 0 02 023,14,Reserved,,,,,Operational
bufr4/0/02/023/15,002023,Satellite-derived wind computation method Code table 0 02 023,15,Missing value,,,,,Operational
bufr4/0/02/024/0,002024,Integrated mean humidity computational method Code table 0 02 024,0,Reserved,,,,,Operational
bufr4/0/02/024/1,002024,Integrated mean humidity computational method Code table 0 02 024,1,Table with full range of humidity variation in layer,,,,,Operational
bufr4/0/02/024/2,002024,Integrated mean humidity computational method Code table 0 02 024,2,Regression technique on 2 humidity values in layer,,,,,Operational
bufr4/0/02/024/3-14,002024,Integrated mean humidity computational method Code table 0 02 024,3-14,Reserved,,,,,Operational
bufr4/0/02/024/15,002024,Integrated mean humidity computational method Code table 0 02 024,15,Missing value,,,,,Operational
bufr4/0/02/025/1,002025,Satellite channel(s) used in computation Flag table 0 02 025,1,"Reserved Group 1 – Layer precipitable water for the layers: surface to 700 hPa, 700 to 500 hPa, and 500 to 300 hPa",,,,,Operational
bufr4/0/02/025/2,002025,Satellite channel(s) used in computation Flag table 0 02 025,2,HIRS,,,,,Operational
bufr4/0/02/025/3,002025,Satellite channel(s) used in computation Flag table 0 02 025,3,MSU,,,,,Operational
bufr4/0/02/025/4-5,002025,Satellite channel(s) used in computation Flag table 0 02 025,4-5,Reserved Group 2 – Tropopause temperature and pressure,,,,,Operational
bufr4/0/02/025/6,002025,Satellite channel(s) used in computation Flag table 0 02 025,6,HIRS,,,,,Operational
bufr4/0/02/025/7,002025,Satellite channel(s) used in computation Flag table 0 02 025,7,MSU,,,,,Operational
bufr4/0/02/025/8-9,002025,Satellite channel(s) used in computation Flag table 0 02 025,8-9,Reserved Group 3 – Total ozone,,,,,Operational
bufr4/0/02/025/10,002025,Satellite channel(s) used in computation Flag table 0 02 025,10,"HIRS (1, 2, 3, 8, 9, 16, 17)",,,,,Operational
bufr4/0/02/025/11,002025,Satellite channel(s) used in computation Flag table 0 02 025,11,"HIRS (1, 2, 3, 9, 17)",,,,,Operational
bufr4/0/02/025/12,002025,Satellite channel(s) used in computation Flag table 0 02 025,12,MSU,,,,,Operational
bufr4/0/02/025/13-14,002025,Satellite channel(s) used in computation Flag table 0 02 025,13-14,"Reserved Group 4 – Mean temperature for the layers: surface to 850 hPa, 850 to 700 hPa, 700 to 500 hPa, 500 to 400 hPa, 400 to 300 hPa, 300 to 200 hPa, and 200 to 100 hPa",,,,,Operational
bufr4/0/02/025/15,002025,Satellite channel(s) used in computation Flag table 0 02 025,15,HIRS,,,,,Operational
bufr4/0/02/025/16,002025,Satellite channel(s) used in computation Flag table 0 02 025,16,HIRS*,,,,,Operational
bufr4/0/02/025/17,002025,Satellite channel(s) used in computation Flag table 0 02 025,17,MSU,,,,,Operational
bufr4/0/02/025/18,002025,Satellite channel(s) used in computation Flag table 0 02 025,18,SKINTK (ocean only),,,,,Operational
bufr4/0/02/025/19-20,002025,Satellite channel(s) used in computation Flag table 0 02 025,19-20,"Reserved Group 5 – Channel combinations used to obtain mean temperatures for the layers 100 to 70 hPa, 70 to 50 hPa, 50 to 30 hPa, 30 to 10 hPa, 10 to 5 hPa, 5 to 2 hPa, 2 to 1 hPa, 1 to 0.4 hPa",,,,,Operational
bufr4/0/02/025/21,002025,Satellite channel(s) used in computation Flag table 0 02 025,21,HIRS*,,,,,Operational
bufr4/0/02/025/22,002025,Satellite channel(s) used in computation Flag table 0 02 025,22,SSU,,,,,Operational
bufr4/0/02/030/0,002030,Method of current measurement Code table 0 02 030,0,Reserved 1* ADCP (Acoustic Doppler Current Profiler),,,,,Operational
bufr4/0/02/030/2,002030,Method of current measurement Code table 0 02 030,2,GEK (Geomagnetic ElectroKinetograph),,,,,Operational
bufr4/0/02/030/3,002030,Method of current measurement Code table 0 02 030,3,Ship’s set and drift determined by fixes 3–6 hours apart,,,,,Operational
bufr4/0/02/030/4,002030,Method of current measurement Code table 0 02 030,4,Ship’s set and drift determined by fixes more than 6 hours but less than 12 hours apart,,,,,Operational
bufr4/0/02/030/5,002030,Method of current measurement Code table 0 02 030,5,Drift of buoy,,,,,Operational
bufr4/0/02/030/6,002030,Method of current measurement Code table 0 02 030,6,ADCP (Acoustic Doppler Current Profiler),,,,,Operational
bufr4/0/02/030/7,002030,Method of current measurement Code table 0 02 030,7,Missing value _____________________ * Value deprecated. Code figure 6 should be used instead.,,,,,Operational
bufr4/0/02/031/0,002031,Duration and time of current measurement Code table 0 02 031,0,Reserved,,,,,Operational
bufr4/0/02/031/1,002031,Duration and time of current measurement Code table 0 02 031,1,Instantaneous,,,,,Operational
bufr4/0/02/031/2,002031,Duration and time of current measurement Code table 0 02 031,2,Averaged over 3 min or less,between H – 1 and H,,,,Operational
bufr4/0/02/031/3,002031,Duration and time of current measurement Code table 0 02 031,3,"Averaged over more than 3 min, but 6 min at the most",,,,,Operational
bufr4/0/02/031/4,002031,Duration and time of current measurement Code table 0 02 031,4,"Averaged over more than 6 min, but 12 min at the most",,,,,Operational
bufr4/0/02/031/5,002031,Duration and time of current measurement Code table 0 02 031,5,Instantaneous,,,,,Operational
bufr4/0/02/031/6,002031,Duration and time of current measurement Code table 0 02 031,6,Averaged over 3 min or less,,,,,Operational
bufr4/0/02/031/7,002031,Duration and time of current measurement Code table 0 02 031,7,"Averaged over more than 3 min, but 6 min at the most",between H – 2 and H – 1,,,,Operational
bufr4/0/02/031/8,002031,Duration and time of current measurement Code table 0 02 031,8,"Averaged over more than 6 min, but 12 min at the most",,,,,Operational
bufr4/0/02/031/9,002031,Duration and time of current measurement Code table 0 02 031,9,Vector or Doppler current profiling method not used,,,,,Operational
bufr4/0/02/031/10,002031,Duration and time of current measurement Code table 0 02 031,10,Reserved,,,,,Operational
bufr4/0/02/031/11,002031,Duration and time of current measurement Code table 0 02 031,11,1 hour or less,,,,,Operational
bufr4/0/02/032/0,002032,Indicator for digitization Code table 0 02 032,0,Values at selected depths (data points fixed by the instrument or selected by any other method),,,,,Operational
bufr4/0/02/032/1,002032,Indicator for digitization Code table 0 02 032,1,Values at selected depths (data points taken from traces at significant depths),,,,,Operational
bufr4/0/02/032/2,002032,Indicator for digitization Code table 0 02 032,2,Reserved,,,,,Operational
bufr4/0/02/032/3,002032,Indicator for digitization Code table 0 02 032,3,Missing value,,,,,Operational
bufr4/0/02/033/0,002033,Method of salinity/depth measurement Code table 0 02 033,0,No salinity measured,,,,,Operational
bufr4/0/02/033/1,002033,Method of salinity/depth measurement Code table 0 02 033,1,"In situ sensor, accuracy better than 0.02 ‰",,,,,Operational
bufr4/0/02/033/2,002033,Method of salinity/depth measurement Code table 0 02 033,2,"In situ sensor, accuracy less than 0.02 ‰",,,,,Operational
bufr4/0/02/033/3,002033,Method of salinity/depth measurement Code table 0 02 033,3,Sample analysis,,,,,Operational
bufr4/0/02/033/4-6,002033,Method of salinity/depth measurement Code table 0 02 033,4-6,Reserved,,,,,Operational
bufr4/0/02/033/7,002033,Method of salinity/depth measurement Code table 0 02 033,7,Missing value,,,,,Operational
bufr4/0/02/034/0,002034,Drogue type Code table 0 02 034,0,Unspecified drogue,,,,,Operational
bufr4/0/02/034/1,002034,Drogue type Code table 0 02 034,1,Holey sock,,,,,Operational
bufr4/0/02/034/2,002034,Drogue type Code table 0 02 034,2,TRISTAR,,,,,Operational
bufr4/0/02/034/3,002034,Drogue type Code table 0 02 034,3,Window shade,,,,,Operational
bufr4/0/02/034/4,002034,Drogue type Code table 0 02 034,4,Parachute,,,,,Operational
bufr4/0/02/034/5,002034,Drogue type Code table 0 02 034,5,Non-Lagrangian sea anchor,,,,,Operational
bufr4/0/02/034/6-30,002034,Drogue type Code table 0 02 034,6-30,Reserved (to be developed),,,,,Operational
bufr4/0/02/034/31,002034,Drogue type Code table 0 02 034,31,Missing value,,,,,Operational
bufr4/0/02/036/0,002036,Buoy type Code table 0 02 036,0,Drifting buoy,,,,,Operational
bufr4/0/02/036/1,002036,Buoy type Code table 0 02 036,1,Fixed buoy,,,,,Operational
bufr4/0/02/036/2,002036,Buoy type Code table 0 02 036,2,Subsurface float (moving),,,,,Operational
bufr4/0/02/036/3,002036,Buoy type Code table 0 02 036,3,Missing value,,,,,Operational
bufr4/0/02/037/0,002037,Method of tidal observation Code table 0 02 037,0,Reserved,,,,,Operational
bufr4/0/02/037/1,002037,Method of tidal observation Code table 0 02 037,1,Manual reading from vertical tide staff,,,,,Operational
bufr4/0/02/037/2,002037,Method of tidal observation Code table 0 02 037,2,Manual reading from single automatic recorder at station,,,,,Operational
bufr4/0/02/037/3,002037,Method of tidal observation Code table 0 02 037,3,Manual reading from multiple automatic recorders at station,,,,,Operational
bufr4/0/02/037/4,002037,Method of tidal observation Code table 0 02 037,4,Automatic reading from single automatic recorder at station without level reference check,,,,,Operational
bufr4/0/02/037/5,002037,Method of tidal observation Code table 0 02 037,5,"Automatic reading from single automatic recorder at station with level reference check, or from multiple automatic recorders",,,,,Operational
bufr4/0/02/037/6,002037,Method of tidal observation Code table 0 02 037,6,Reserved,,,,,Operational
bufr4/0/02/037/7,002037,Method of tidal observation Code table 0 02 037,7,Missing value,,,,,Operational
bufr4/0/02/038/0,002038,Method of water temperature and/or salinity measurement Code table 0 02 038,0,Ship intake,,,,,Operational
bufr4/0/02/038/1,002038,Method of water temperature and/or salinity measurement Code table 0 02 038,1,Bucket,,,,,Operational
bufr4/0/02/038/2,002038,Method of water temperature and/or salinity measurement Code table 0 02 038,2,Hull contact sensor,,,,,Operational
bufr4/0/02/038/3,002038,Method of water temperature and/or salinity measurement Code table 0 02 038,3,Reversing thermometer,,,,,Operational
bufr4/0/02/038/4,002038,Method of water temperature and/or salinity measurement Code table 0 02 038,4,STD/CTD sensor,,,,,Operational
bufr4/0/02/038/5,002038,Method of water temperature and/or salinity measurement Code table 0 02 038,5,Mechanical BT,,,,,Operational
bufr4/0/02/038/6,002038,Method of water temperature and/or salinity measurement Code table 0 02 038,6,Expendable BT,,,,,Operational
bufr4/0/02/038/7,002038,Method of water temperature and/or salinity measurement Code table 0 02 038,7,Digital BT,,,,,Operational
bufr4/0/02/038/8,002038,Method of water temperature and/or salinity measurement Code table 0 02 038,8,Thermistor chain,,,,,Operational
bufr4/0/02/038/9,002038,Method of water temperature and/or salinity measurement Code table 0 02 038,9,Infrared scanner,,,,,Operational
bufr4/0/02/038/10,002038,Method of water temperature and/or salinity measurement Code table 0 02 038,10,Microwave scanner,,,,,Operational
bufr4/0/02/038/11,002038,Method of water temperature and/or salinity measurement Code table 0 02 038,11,Infrared radiometer,,,,,Operational
bufr4/0/02/038/12,002038,Method of water temperature and/or salinity measurement Code table 0 02 038,12,In-line thermosalinograph,,,,,Operational
bufr4/0/02/038/13,002038,Method of water temperature and/or salinity measurement Code table 0 02 038,13,Towed body,,,,,Operational
bufr4/0/02/038/14,002038,Method of water temperature and/or salinity measurement Code table 0 02 038,14,Other,,,,,Operational
bufr4/0/02/038/15,002038,Method of water temperature and/or salinity measurement Code table 0 02 038,15,Missing value,,,,,Operational
bufr4/0/02/039/0,002039,Method of wet-bulb temperature measurement Code table 0 02 039,0,Measured wet-bulb temperature,,,,,Operational
bufr4/0/02/039/1,002039,Method of wet-bulb temperature measurement Code table 0 02 039,1,Iced bulb measured wet-bulb temperature,,,,,Operational
bufr4/0/02/039/2,002039,Method of wet-bulb temperature measurement Code table 0 02 039,2,Computed wet-bulb temperature,,,,,Operational
bufr4/0/02/039/3,002039,Method of wet-bulb temperature measurement Code table 0 02 039,3,Iced bulb computed wet-bulb temperature,,,,,Operational
bufr4/0/02/039/4-6,002039,Method of wet-bulb temperature measurement Code table 0 02 039,4-6,Reserved,,,,,Operational
bufr4/0/02/039/7,002039,Method of wet-bulb temperature measurement Code table 0 02 039,7,Missing value,,,,,Operational
bufr4/0/02/040/0,002040,Method of removing velocity and motion of platform from current Code table 0 02 040,0,Ship’s motion removed by averaging,Ship’s velocity removed by,,,,Operational
bufr4/0/02/040/1,002040,Method of removing velocity and motion of platform from current Code table 0 02 040,1,Ship’s motion removed by motion compensation,bottom tracking,,,,Operational
bufr4/0/02/040/2,002040,Method of removing velocity and motion of platform from current Code table 0 02 040,2,Ship’s motion not removed,,,,,Operational
bufr4/0/02/040/3,002040,Method of removing velocity and motion of platform from current Code table 0 02 040,3,Ship’s motion removed by averaging,Ship’s velocity removed by,,,,Operational
bufr4/0/02/040/4,002040,Method of removing velocity and motion of platform from current Code table 0 02 040,4,Ship’s motion removed by motion compensation,navigation,,,,Operational
bufr4/0/02/040/5,002040,Method of removing velocity and motion of platform from current Code table 0 02 040,5,Ship’s motion not removed,,,,,Operational
bufr4/0/02/040/6,002040,Method of removing velocity and motion of platform from current Code table 0 02 040,6,Doppler current profiling method not used,,,,,Operational
bufr4/0/02/040/7-14,002040,Method of removing velocity and motion of platform from current Code table 0 02 040,7-14,Reserved,,,,,Operational
bufr4/0/02/040/15,002040,Method of removing velocity and motion of platform from current Code table 0 02 040,15,Missing value,,,,,Operational
bufr4/0/02/041/0,002041,Method for estimating reports related to synoptic features Code table 0 02 041,0,Information based on manual analysis,,,,,Operational
bufr4/0/02/041/1,002041,Method for estimating reports related to synoptic features Code table 0 02 041,1,Information based on computer analysis,,,,,Operational
bufr4/0/02/041/2,002041,Method for estimating reports related to synoptic features Code table 0 02 041,2,Information based on data assimilation,,,,,Operational
bufr4/0/02/041/3,002041,Method for estimating reports related to synoptic features Code table 0 02 041,3,Information based on computer analysis or data assimilation manually modified,,,,,Operational
bufr4/0/02/041/4-9,002041,Method for estimating reports related to synoptic features Code table 0 02 041,4-9,Reserved,,,,,Operational
bufr4/0/02/041/10,002041,Method for estimating reports related to synoptic features Code table 0 02 041,10,Information based on the numerical weather prediction,,,,,Operational
bufr4/0/02/041/11-62,002041,Method for estimating reports related to synoptic features Code table 0 02 041,11-62,Reserved for future use,,,,,Operational
bufr4/0/02/041/63,002041,Method for estimating reports related to synoptic features Code table 0 02 041,63,Missing value,,,,,Operational
bufr4/0/02/042/0,002042,Indicator for sea-surface current speed Code table 0 02 042,0,Value originally reported in m/s,,,,,Operational
bufr4/0/02/042/1,002042,Indicator for sea-surface current speed Code table 0 02 042,1,Value originally reported in knots,,,,,Operational
bufr4/0/02/042/2,002042,Indicator for sea-surface current speed Code table 0 02 042,2,No sea-current data available,,,,,Operational
bufr4/0/02/042/3,002042,Indicator for sea-surface current speed Code table 0 02 042,3,Missing value,,,,,Operational
bufr4/0/02/044/0,002044,Indicator for method of calculating spectral wave data Code table 0 02 044,0,Reserved for future use,,,,,Operational
bufr4/0/02/044/1,002044,Indicator for method of calculating spectral wave data Code table 0 02 044,1,Longuet-Higgins (1964),,,,,Operational
bufr4/0/02/044/2,002044,Indicator for method of calculating spectral wave data Code table 0 02 044,2,Longuet-Higgins (F3 method),,,,,Operational
bufr4/0/02/044/3,002044,Indicator for method of calculating spectral wave data Code table 0 02 044,3,Maximum likelihood method,,,,,Operational
bufr4/0/02/044/4,002044,Indicator for method of calculating spectral wave data Code table 0 02 044,4,Maximum entropy method,,,,,Operational
bufr4/0/02/044/5-14,002044,Indicator for method of calculating spectral wave data Code table 0 02 044,5-14,Reserved,,,,,Operational
bufr4/0/02/044/15,002044,Indicator for method of calculating spectral wave data Code table 0 02 044,15,Missing value,,,,,Operational
bufr4/0/02/045/0,002045,Indicator for type of platform Code table 0 02 045,0,Sea station,,,,,Operational
bufr4/0/02/045/1,002045,Indicator for type of platform Code table 0 02 045,1,Automatic data buoy,,,,,Operational
bufr4/0/02/045/2,002045,Indicator for type of platform Code table 0 02 045,2,Aircraft,,,,,Operational
bufr4/0/02/045/3,002045,Indicator for type of platform Code table 0 02 045,3,Satellite,,,,,Operational
bufr4/0/02/045/4-14,002045,Indicator for type of platform Code table 0 02 045,4-14,Reserved,,,,,Operational
bufr4/0/02/045/15,002045,Indicator for type of platform Code table 0 02 045,15,Missing value,,,,,Operational
bufr4/0/02/046/0,002046,Wave measurement instrumentation Code table 0 02 046,0,Reserved for future use,,,,,Operational
bufr4/0/02/046/1,002046,Wave measurement instrumentation Code table 0 02 046,1,Heave sensor,,,,,Operational
bufr4/0/02/046/2,002046,Wave measurement instrumentation Code table 0 02 046,2,Slope sensor,,,,,Operational
bufr4/0/02/046/3-14,002046,Wave measurement instrumentation Code table 0 02 046,3-14,Reserved,,,,,Operational
bufr4/0/02/046/15,002046,Wave measurement instrumentation Code table 0 02 046,15,Missing value,,,,,Operational
bufr4/0/02/047/0,002047,Deep-ocean tsunameter type Code table 0 02 047,0,Reserved,,,,,Operational
bufr4/0/02/047/1,002047,Deep-ocean tsunameter type Code table 0 02 047,1,DART II (PMEL),,,,,Operational
bufr4/0/02/047/2,002047,Deep-ocean tsunameter type Code table 0 02 047,2,DART ETD,,,,,Operational
bufr4/0/02/047/3,002047,Deep-ocean tsunameter type Code table 0 02 047,3,SAIC Tsunami Buoy (STB),,,,,Operational
bufr4/0/02/047/4,002047,Deep-ocean tsunameter type Code table 0 02 047,4,GFZ – Potsdam,,,,,Operational
bufr4/0/02/047/5,002047,Deep-ocean tsunameter type Code table 0 02 047,5,INCOIS (India),,,,,Operational
bufr4/0/02/047/6,002047,Deep-ocean tsunameter type Code table 0 02 047,6,InaBuoy (Indonesia),,,,,Operational
bufr4/0/02/047/7,002047,Deep-ocean tsunameter type Code table 0 02 047,7,Envirtech,,,,,Operational
bufr4/0/02/047/8-99,002047,Deep-ocean tsunameter type Code table 0 02 047,8-99,Reserved,,,,,Operational
bufr4/0/02/047/100-126,002047,Deep-ocean tsunameter type Code table 0 02 047,100-126,Not used,,,,,Operational
bufr4/0/02/047/127,002047,Deep-ocean tsunameter type Code table 0 02 047,127,Missing value,,,,,Operational
bufr4/0/02/048/0,002048,Satellite sensor indicator Code table 0 02 048,0,HIRS,,,,,Operational
bufr4/0/02/048/1,002048,Satellite sensor indicator Code table 0 02 048,1,MSU,,,,,Operational
bufr4/0/02/048/2,002048,Satellite sensor indicator Code table 0 02 048,2,SSU,,,,,Operational
bufr4/0/02/048/3,002048,Satellite sensor indicator Code table 0 02 048,3,AMSU-A,,,,,Operational
bufr4/0/02/048/4,002048,Satellite sensor indicator Code table 0 02 048,4,AMSU-B,,,,,Operational
bufr4/0/02/048/5,002048,Satellite sensor indicator Code table 0 02 048,5,AVHRR,,,,,Operational
bufr4/0/02/048/6,002048,Satellite sensor indicator Code table 0 02 048,6,SSMI,,,,,Operational
bufr4/0/02/048/7,002048,Satellite sensor indicator Code table 0 02 048,7,NSCAT,,,,,Operational
bufr4/0/02/048/8,002048,Satellite sensor indicator Code table 0 02 048,8,SEAWINDS,,,,,Operational
bufr4/0/02/048/9,002048,Satellite sensor indicator Code table 0 02 048,9,POSEIDON altimeter,,,,,Operational
bufr4/0/02/048/10,002048,Satellite sensor indicator Code table 0 02 048,10,JMR (JASON Microwave Radiometer),,,,,Operational
bufr4/0/02/048/11,002048,Satellite sensor indicator Code table 0 02 048,11,MHS,,,,,Operational
bufr4/0/02/048/12,002048,Satellite sensor indicator Code table 0 02 048,12,ASCAT,,,,,Operational
bufr4/0/02/048/13,002048,Satellite sensor indicator Code table 0 02 048,13,OSCAT2,,,,,Operational
bufr4/0/02/048/14,002048,Satellite sensor indicator Code table 0 02 048,14,Reserved,,,,,Operational
bufr4/0/02/048/15,002048,Satellite sensor indicator Code table 0 02 048,15,Missing value,,,,,Operational
bufr4/0/02/049/1,002049,Geostationary satellite data-processing technique used Flag table 0 02 049,1,Processing technique not defined,,,,,Operational
bufr4/0/02/049/2,002049,Geostationary satellite data-processing technique used Flag table 0 02 049,2,Simultaneous physical retrieval,,,,,Operational
bufr4/0/02/049/3,002049,Geostationary satellite data-processing technique used Flag table 0 02 049,3,Clear sounding,,,,,Operational
bufr4/0/02/049/4,002049,Geostationary satellite data-processing technique used Flag table 0 02 049,4,Cloudy sounding,,,,,Operational
bufr4/0/02/049/5-7,002049,Geostationary satellite data-processing technique used Flag table 0 02 049,5-7,Reserved for future use All 8 Missing value Notes: (1) Clear sounding indicates the sounding has been generated from a set of clear radiances using all available sounder radiances. (2) Cloudy sounding indicates that sufficient clear radiances could not be identified in the sounding area. The sounding is calculated from the cloud top (cloud pressure greater than or equal to 780 hPa) upwards.,,,,,Operational
bufr4/0/02/050/1,002050,Geostationary sounder satellite channels used Flag table 0 02 050,1,1 14.71,,,,,Operational
bufr4/0/02/050/2,002050,Geostationary sounder satellite channels used Flag table 0 02 050,2,2 14.37,,,,,Operational
bufr4/0/02/050/3,002050,Geostationary sounder satellite channels used Flag table 0 02 050,3,3 14.06,,,,,Operational
bufr4/0/02/050/4,002050,Geostationary sounder satellite channels used Flag table 0 02 050,4,4 13.64,,,,,Operational
bufr4/0/02/050/5,002050,Geostationary sounder satellite channels used Flag table 0 02 050,5,5 13.37,,,,,Operational
bufr4/0/02/050/6,002050,Geostationary sounder satellite channels used Flag table 0 02 050,6,6 12.66,,,,,Operational
bufr4/0/02/050/7,002050,Geostationary sounder satellite channels used Flag table 0 02 050,7,7 12.02,,,,,Operational
bufr4/0/02/050/8,002050,Geostationary sounder satellite channels used Flag table 0 02 050,8,8 11.03,,,,,Operational
bufr4/0/02/050/9,002050,Geostationary sounder satellite channels used Flag table 0 02 050,9,9 9.71,,,,,Operational
bufr4/0/02/050/10,002050,Geostationary sounder satellite channels used Flag table 0 02 050,10,10 7.43,,,,,Operational
bufr4/0/02/050/11,002050,Geostationary sounder satellite channels used Flag table 0 02 050,11,11 7.02,,,,,Operational
bufr4/0/02/050/12,002050,Geostationary sounder satellite channels used Flag table 0 02 050,12,12 6.51,,,,,Operational
bufr4/0/02/050/13,002050,Geostationary sounder satellite channels used Flag table 0 02 050,13,13 4.57,,,,,Operational
bufr4/0/02/050/14,002050,Geostationary sounder satellite channels used Flag table 0 02 050,14,14 4.52,,,,,Operational
bufr4/0/02/050/15,002050,Geostationary sounder satellite channels used Flag table 0 02 050,15,15 4.45,,,,,Operational
bufr4/0/02/050/16,002050,Geostationary sounder satellite channels used Flag table 0 02 050,16,16 4.13,,,,,Operational
bufr4/0/02/050/17,002050,Geostationary sounder satellite channels used Flag table 0 02 050,17,17 3.98,,,,,Operational
bufr4/0/02/050/18,002050,Geostationary sounder satellite channels used Flag table 0 02 050,18,18 3.74,,,,,Operational
bufr4/0/02/050/19,002050,Geostationary sounder satellite channels used Flag table 0 02 050,19,"19 0.969 All 20 Missing value Note: Beginning with the first bit position (high order bit), if the bit position is set to one, then the channel is used. If the bit position is set to zero, then the channel is not used.",,,,,Operational
bufr4/0/02/051/0,002051,Indicator to specify observing method for extreme temperatures Code table 0 02 051,0,Reserved,,,,,Operational
bufr4/0/02/051/1,002051,Indicator to specify observing method for extreme temperatures Code table 0 02 051,1,Maximum/minimum thermometers,,,,,Operational
bufr4/0/02/051/2,002051,Indicator to specify observing method for extreme temperatures Code table 0 02 051,2,Automated instruments,,,,,Operational
bufr4/0/02/051/3,002051,Indicator to specify observing method for extreme temperatures Code table 0 02 051,3,Thermograph,,,,,Operational
bufr4/0/02/051/4-14,002051,Indicator to specify observing method for extreme temperatures Code table 0 02 051,4-14,Reserved,,,,,Operational
bufr4/0/02/051/15,002051,Indicator to specify observing method for extreme temperatures Code table 0 02 051,15,Missing value,,,,,Operational
bufr4/0/02/052/1,002052,Geostationary imager satellite channels used Flag table 0 02 052,1,1 0.55 – 0.75,,,,,Operational
bufr4/0/02/052/2,002052,Geostationary imager satellite channels used Flag table 0 02 052,2,2 3.9,,,,,Operational
bufr4/0/02/052/3,002052,Geostationary imager satellite channels used Flag table 0 02 052,3,3 6.7,,,,,Operational
bufr4/0/02/052/4,002052,Geostationary imager satellite channels used Flag table 0 02 052,4,4 10.7,,,,,Operational
bufr4/0/02/052/5,002052,Geostationary imager satellite channels used Flag table 0 02 052,5,"5 12.0 All 6 Missing value Note: Beginning with the first bit position (high order bit), if the bit position is set to one, then the channel is used. If the bit position is set to zero, then the channel is not used.",,,,,Operational
bufr4/0/02/053/0,002053,GOES-I/M brightness temperature characteristics Code table 0 02 053,0,Observed brightness temperature,,,,,Operational
bufr4/0/02/053/1,002053,GOES-I/M brightness temperature characteristics Code table 0 02 053,1,Brightness temperature with bias correction applied,,,,,Operational
bufr4/0/02/053/2,002053,GOES-I/M brightness temperature characteristics Code table 0 02 053,2,Brightness temperature calculated from first guess,,,,,Operational
bufr4/0/02/053/3,002053,GOES-I/M brightness temperature characteristics Code table 0 02 053,3,Brightness temperature calculated from sounding,,,,,Operational
bufr4/0/02/053/4-14,002053,GOES-I/M brightness temperature characteristics Code table 0 02 053,4-14,Reserved,,,,,Operational
bufr4/0/02/053/15,002053,GOES-I/M brightness temperature characteristics Code table 0 02 053,15,Missing value,,,,,Operational
bufr4/0/02/054/0,002054,GOES-I/M soundings parameter characteristics Code table 0 02 054,0,Parameter derived using observed sounder brightness temperatures,,,,,Operational
bufr4/0/02/054/1,002054,GOES-I/M soundings parameter characteristics Code table 0 02 054,1,Parameter derived using observed imager brightness temperatures,,,,,Operational
bufr4/0/02/054/2,002054,GOES-I/M soundings parameter characteristics Code table 0 02 054,2,Parameter derived using first guess information,,,,,Operational
bufr4/0/02/054/3,002054,GOES-I/M soundings parameter characteristics Code table 0 02 054,3,Parameter derived using NMC analysis information,,,,,Operational
bufr4/0/02/054/4,002054,GOES-I/M soundings parameter characteristics Code table 0 02 054,4,Parameter derived using radiosonde information,,,,,Operational
bufr4/0/02/054/5-14,002054,GOES-I/M soundings parameter characteristics Code table 0 02 054,5-14,Reserved,,,,,Operational
bufr4/0/02/054/15,002054,GOES-I/M soundings parameter characteristics Code table 0 02 054,15,Missing value,,,,,Operational
bufr4/0/02/055/0,002055,Geostationary soundings statistical parameters Code table 0 02 055,0,Statistics generated comparing retrieval versus radiosonde,,,,,Operational
bufr4/0/02/055/1,002055,Geostationary soundings statistical parameters Code table 0 02 055,1,Statistics generated comparing retrieval versus first guess,,,,,Operational
bufr4/0/02/055/2,002055,Geostationary soundings statistical parameters Code table 0 02 055,2,Statistics generated comparing radiosonde versus first guess,,,,,Operational
bufr4/0/02/055/3,002055,Geostationary soundings statistical parameters Code table 0 02 055,3,Statistics generated comparing observed versus retrieval,,,,,Operational
bufr4/0/02/055/4,002055,Geostationary soundings statistical parameters Code table 0 02 055,4,Statistics generated comparing observed versus first guess,,,,,Operational
bufr4/0/02/055/5,002055,Geostationary soundings statistical parameters Code table 0 02 055,5,Statistics generated comparing radiosonde versus imager,,,,,Operational
bufr4/0/02/055/6,002055,Geostationary soundings statistical parameters Code table 0 02 055,6,Statistics generated comparing radiosonde versus sounder,,,,,Operational
bufr4/0/02/055/7,002055,Geostationary soundings statistical parameters Code table 0 02 055,7,Statistics generated for radiosonde,,,,,Operational
bufr4/0/02/055/8,002055,Geostationary soundings statistical parameters Code table 0 02 055,8,Statistics generated for first guess,,,,,Operational
bufr4/0/02/055/9-14,002055,Geostationary soundings statistical parameters Code table 0 02 055,9-14,Reserved,,,,,Operational
bufr4/0/02/055/15,002055,Geostationary soundings statistical parameters Code table 0 02 055,15,Missing value,,,,,Operational
bufr4/0/02/056/0,002056,Geostationary soundings accuracy statistics Code table 0 02 056,0,Sums of differences,,,,,Operational
bufr4/0/02/056/1,002056,Geostationary soundings accuracy statistics Code table 0 02 056,1,Sums of squared differences,,,,,Operational
bufr4/0/02/056/2,002056,Geostationary soundings accuracy statistics Code table 0 02 056,2,Sample size,,,,,Operational
bufr4/0/02/056/3,002056,Geostationary soundings accuracy statistics Code table 0 02 056,3,Minimum difference,,,,,Operational
bufr4/0/02/056/4,002056,Geostationary soundings accuracy statistics Code table 0 02 056,4,Maximum difference,,,,,Operational
bufr4/0/02/056/5-14,002056,Geostationary soundings accuracy statistics Code table 0 02 056,5-14,Reserved,,,,,Operational
bufr4/0/02/056/15,002056,Geostationary soundings accuracy statistics Code table 0 02 056,15,Missing value,,,,,Operational
bufr4/0/02/057/0,002057,Origin of first-guess information for GOES-I/M soundings Code table 0 02 057,0,Nested Grid Model (NGM),,,,,Operational
bufr4/0/02/057/1,002057,Origin of first-guess information for GOES-I/M soundings Code table 0 02 057,1,Aviation Model (AVN),,,,,Operational
bufr4/0/02/057/2,002057,Origin of first-guess information for GOES-I/M soundings Code table 0 02 057,2,Medium Range Forecast (MRF) Model,,,,,Operational
bufr4/0/02/057/3,002057,Origin of first-guess information for GOES-I/M soundings Code table 0 02 057,3,Global Data Assimilation System (GDAS) Forecast Model,,,,,Operational
bufr4/0/02/057/4,002057,Origin of first-guess information for GOES-I/M soundings Code table 0 02 057,4,Prior soundings (within 3 hours of current time),,,,,Operational
bufr4/0/02/057/5,002057,Origin of first-guess information for GOES-I/M soundings Code table 0 02 057,5,Climatology,,,,,Operational
bufr4/0/02/057/6-14,002057,Origin of first-guess information for GOES-I/M soundings Code table 0 02 057,6-14,Reserved,,,,,Operational
bufr4/0/02/057/15,002057,Origin of first-guess information for GOES-I/M soundings Code table 0 02 057,15,Missing value,,,,,Operational
bufr4/0/02/058/0,002058,Valid times of first-guess information for GOES-I/M soundings Code table 0 02 058,0,12 hour and 18 hour,,,,,Operational
bufr4/0/02/058/1,002058,Valid times of first-guess information for GOES-I/M soundings Code table 0 02 058,1,18 hour and 24 hour,,,,,Operational
bufr4/0/02/058/2,002058,Valid times of first-guess information for GOES-I/M soundings Code table 0 02 058,2,6 hour and 12 hour,,,,,Operational
bufr4/0/02/058/3,002058,Valid times of first-guess information for GOES-I/M soundings Code table 0 02 058,3,Greater than 24 hours,,,,,Operational
bufr4/0/02/058/4-14,002058,Valid times of first-guess information for GOES-I/M soundings Code table 0 02 058,4-14,Reserved,,,,,Operational
bufr4/0/02/058/15,002058,Valid times of first-guess information for GOES-I/M soundings Code table 0 02 058,15,Missing value,,,,,Operational
bufr4/0/02/059/0,002059,Origin of analysis information for GOES-I/M soundings Code table 0 02 059,0,NCEP Nested Grid Model (NGM) Analysis,,,,,Operational
bufr4/0/02/059/1,002059,Origin of analysis information for GOES-I/M soundings Code table 0 02 059,1,NCEP Aviation Model (AVN) Analysis,,,,,Operational
bufr4/0/02/059/2,002059,Origin of analysis information for GOES-I/M soundings Code table 0 02 059,2,NCEP Medium Range Forecast (MRF) Model Analysis,,,,,Operational
bufr4/0/02/059/3,002059,Origin of analysis information for GOES-I/M soundings Code table 0 02 059,3,NCEP Global Data Assimilation System (GDAS) Forecast Model Analysis,,,,,Operational
bufr4/0/02/059/4-14,002059,Origin of analysis information for GOES-I/M soundings Code table 0 02 059,4-14,Reserved,,,,,Operational
bufr4/0/02/059/15,002059,Origin of analysis information for GOES-I/M soundings Code table 0 02 059,15,Missing value,,,,,Operational
bufr4/0/02/060/0,002060,Origin of surface information for GOES-I/M soundings Code table 0 02 060,0,Current surface hourly reports,,,,,Operational
bufr4/0/02/060/1,002060,Origin of surface information for GOES-I/M soundings Code table 0 02 060,1,Current ship reports,,,,,Operational
bufr4/0/02/060/2,002060,Origin of surface information for GOES-I/M soundings Code table 0 02 060,2,Current buoy reports,,,,,Operational
bufr4/0/02/060/3,002060,Origin of surface information for GOES-I/M soundings Code table 0 02 060,3,One hour old surface hourly reports,,,,,Operational
bufr4/0/02/060/4,002060,Origin of surface information for GOES-I/M soundings Code table 0 02 060,4,One hour old ship reports,,,,,Operational
bufr4/0/02/060/5,002060,Origin of surface information for GOES-I/M soundings Code table 0 02 060,5,One hour old buoy reports,,,,,Operational
bufr4/0/02/060/6-14,002060,Origin of surface information for GOES-I/M soundings Code table 0 02 060,6-14,Reserved,,,,,Operational
bufr4/0/02/060/15,002060,Origin of surface information for GOES-I/M soundings Code table 0 02 060,15,Missing value,,,,,Operational
bufr4/0/02/061/0,002061,Aircraft navigational system Code table 0 02 061,0,Inertial navigation system,,,,,Operational
bufr4/0/02/061/1,002061,Aircraft navigational system Code table 0 02 061,1,OMEGA,,,,,Operational
bufr4/0/02/061/2-6,002061,Aircraft navigational system Code table 0 02 061,2-6,Reserved,,,,,Operational
bufr4/0/02/061/7,002061,Aircraft navigational system Code table 0 02 061,7,Missing value,,,,,Operational
bufr4/0/02/062/0,002062,Type of aircraft data relay system Code table 0 02 062,0,ASDAR,,,,,Operational
bufr4/0/02/062/1,002062,Type of aircraft data relay system Code table 0 02 062,1,ASDAR (ACARS also available but not operative),,,,,Operational
bufr4/0/02/062/2,002062,Type of aircraft data relay system Code table 0 02 062,2,ASDAR (ACARS also available and operative),,,,,Operational
bufr4/0/02/062/3,002062,Type of aircraft data relay system Code table 0 02 062,3,ACARS,,,,,Operational
bufr4/0/02/062/4,002062,Type of aircraft data relay system Code table 0 02 062,4,ACARS (ASDAR also available but not operative),,,,,Operational
bufr4/0/02/062/5,002062,Type of aircraft data relay system Code table 0 02 062,5,ACARS (ASDAR also available and operative),,,,,Operational
bufr4/0/02/062/6-14,002062,Type of aircraft data relay system Code table 0 02 062,6-14,Reserved,,,,,Operational
bufr4/0/02/062/15,002062,Type of aircraft data relay system Code table 0 02 062,15,Missing value,,,,,Operational
bufr4/0/02/064/0,002064,Aircraft roll angle quality Code table 0 02 064,0,Good,,,,,Operational
bufr4/0/02/064/1,002064,Aircraft roll angle quality Code table 0 02 064,1,Bad,,,,,Operational
bufr4/0/02/064/2,002064,Aircraft roll angle quality Code table 0 02 064,2,Reserved,,,,,Operational
bufr4/0/02/064/3,002064,Aircraft roll angle quality Code table 0 02 064,3,Missing value Note: Bad is currently defined as a roll angle > 5 degrees from vertical.,,,,,Operational
bufr4/0/02/066/0,002066,Radiosonde ground receiving system Code table 0 02 066,0,InterMet IMS 2000,,,,,Operational
bufr4/0/02/066/1,002066,Radiosonde ground receiving system Code table 0 02 066,1,InterMet IMS 1500C,,,,,Operational
bufr4/0/02/066/2,002066,Radiosonde ground receiving system Code table 0 02 066,2,Shanghai GTC1,,,,,Operational
bufr4/0/02/066/3,002066,Radiosonde ground receiving system Code table 0 02 066,3,Nanjing GTC2,,,,,Operational
bufr4/0/02/066/4,002066,Radiosonde ground receiving system Code table 0 02 066,4,Nanjing GFE(L)1,,,,,Operational
bufr4/0/02/066/5,002066,Radiosonde ground receiving system Code table 0 02 066,5,MARL-A radar,,,,,Operational
bufr4/0/02/066/6,002066,Radiosonde ground receiving system Code table 0 02 066,6,VEKTOR-M radar,,,,,Operational
bufr4/0/02/066/7-61,002066,Radiosonde ground receiving system Code table 0 02 066,7-61,Reserved,,,,,Operational
bufr4/0/02/066/62,002066,Radiosonde ground receiving system Code table 0 02 066,62,Other,,,,,Operational
bufr4/0/02/066/63,002066,Radiosonde ground receiving system Code table 0 02 066,63,Missing value,,,,,Operational
bufr4/0/02/070/0,002070,Original specification of latitude/longitude Code table 0 02 070,0,Actual location in seconds,,,,,Operational
bufr4/0/02/070/1,002070,Original specification of latitude/longitude Code table 0 02 070,1,Actual location in minutes,,,,,Operational
bufr4/0/02/070/2,002070,Original specification of latitude/longitude Code table 0 02 070,2,Actual location in degrees,,,,,Operational
bufr4/0/02/070/3,002070,Original specification of latitude/longitude Code table 0 02 070,3,Actual location in decidegrees,,,,,Operational
bufr4/0/02/070/4,002070,Original specification of latitude/longitude Code table 0 02 070,4,Actual location in centidegrees,,,,,Operational
bufr4/0/02/070/5,002070,Original specification of latitude/longitude Code table 0 02 070,5,Referenced to checkpoint in seconds,,,,,Operational
bufr4/0/02/070/6,002070,Original specification of latitude/longitude Code table 0 02 070,6,Referenced to checkpoint in minutes,,,,,Operational
bufr4/0/02/070/7,002070,Original specification of latitude/longitude Code table 0 02 070,7,Referenced to checkpoint in degrees,,,,,Operational
bufr4/0/02/070/8,002070,Original specification of latitude/longitude Code table 0 02 070,8,Referenced to checkpoint in decidegrees,,,,,Operational
bufr4/0/02/070/9,002070,Original specification of latitude/longitude Code table 0 02 070,9,Referenced to checkpoint in centidegrees,,,,,Operational
bufr4/0/02/070/10,002070,Original specification of latitude/longitude Code table 0 02 070,10,Actual location in tenths of a minute,,,,,Operational
bufr4/0/02/070/11,002070,Original specification of latitude/longitude Code table 0 02 070,11,Referenced to checkpoint in tenths of a minute,,,,,Operational
bufr4/0/02/070/12-14,002070,Original specification of latitude/longitude Code table 0 02 070,12-14,Reserved,,,,,Operational
bufr4/0/02/070/15,002070,Original specification of latitude/longitude Code table 0 02 070,15,Missing value,,,,,Operational
bufr4/0/02/080/0,002080,Balloon manufacturer Code table 0 02 080,0,Kaysam,,,,,Operational
bufr4/0/02/080/1,002080,Balloon manufacturer Code table 0 02 080,1,Totex,,,,,Operational
bufr4/0/02/080/2,002080,Balloon manufacturer Code table 0 02 080,2,KKS,,,,,Operational
bufr4/0/02/080/3,002080,Balloon manufacturer Code table 0 02 080,3,Guangzhou Shuangyi (China),,,,,Operational
bufr4/0/02/080/4,002080,Balloon manufacturer Code table 0 02 080,4,ChemChina Zhuzhou (China),,,,,Operational
bufr4/0/02/080/5-61,002080,Balloon manufacturer Code table 0 02 080,5-61,Reserved,,,,,Operational
bufr4/0/02/080/62,002080,Balloon manufacturer Code table 0 02 080,62,Other,,,,,Operational
bufr4/0/02/080/63,002080,Balloon manufacturer Code table 0 02 080,63,Missing value,,,,,Operational
bufr4/0/02/081/0,002081,Type of balloon Code table 0 02 081,0,GP26,,,,,Operational
bufr4/0/02/081/1,002081,Type of balloon Code table 0 02 081,1,GP28,,,,,Operational
bufr4/0/02/081/2,002081,Type of balloon Code table 0 02 081,2,GP30,,,,,Operational
bufr4/0/02/081/3,002081,Type of balloon Code table 0 02 081,3,HM26,,,,,Operational
bufr4/0/02/081/4,002081,Type of balloon Code table 0 02 081,4,HM28,,,,,Operational
bufr4/0/02/081/5,002081,Type of balloon Code table 0 02 081,5,HM30,,,,,Operational
bufr4/0/02/081/6,002081,Type of balloon Code table 0 02 081,6,SV16,,,,,Operational
bufr4/0/02/081/7,002081,Type of balloon Code table 0 02 081,7,Totex TA type balloons,,,,,Operational
bufr4/0/02/081/8,002081,Type of balloon Code table 0 02 081,8,Totex TX type balloons,,,,,Operational
bufr4/0/02/081/9-29,002081,Type of balloon Code table 0 02 081,9-29,Reserved,,,,,Operational
bufr4/0/02/081/30,002081,Type of balloon Code table 0 02 081,30,Other,,,,,Operational
bufr4/0/02/081/31,002081,Type of balloon Code table 0 02 081,31,Missing value,,,,,Operational
bufr4/0/02/083/0,002083,Type of balloon shelter Code table 0 02 083,0,High bay,,,,,Operational
bufr4/0/02/083/1,002083,Type of balloon shelter Code table 0 02 083,1,Low bay,,,,,Operational
bufr4/0/02/083/2,002083,Type of balloon shelter Code table 0 02 083,2,Balloon-inflated launch system (BILS),,,,,Operational
bufr4/0/02/083/3,002083,Type of balloon shelter Code table 0 02 083,3,Roof-top BILS,,,,,Operational
bufr4/0/02/083/4,002083,Type of balloon shelter Code table 0 02 083,4,Automated unmanned sounding system,,,,,Operational
bufr4/0/02/083/5-13,002083,Type of balloon shelter Code table 0 02 083,5-13,Reserved,,,,,Operational
bufr4/0/02/083/14,002083,Type of balloon shelter Code table 0 02 083,14,Other,,,,,Operational
bufr4/0/02/083/15,002083,Type of balloon shelter Code table 0 02 083,15,Missing value,,,,,Operational
bufr4/0/02/084/0,002084,Type of gas used in balloon Code table 0 02 084,0,Hydrogen,,,,,Operational
bufr4/0/02/084/1,002084,Type of gas used in balloon Code table 0 02 084,1,Helium,,,,,Operational
bufr4/0/02/084/2,002084,Type of gas used in balloon Code table 0 02 084,2,Natural gas,,,,,Operational
bufr4/0/02/084/3-13,002084,Type of gas used in balloon Code table 0 02 084,3-13,Reserved,,,,,Operational
bufr4/0/02/084/14,002084,Type of gas used in balloon Code table 0 02 084,14,Other,,,,,Operational
bufr4/0/02/084/15,002084,Type of gas used in balloon Code table 0 02 084,15,Missing value,,,,,Operational
bufr4/0/02/092/0,002092,Ozone profile computation method Code table 0 02 092,0,UV-channel-based retrieval,,,,,Operational
bufr4/0/02/092/1,002092,Ozone profile computation method Code table 0 02 092,1,Visible-channel-based retrieval,,,,,Operational
bufr4/0/02/092/2,002092,Ozone profile computation method Code table 0 02 092,2,Combined UV-based retrieval and visible-based retrieval,,,,,Operational
bufr4/0/02/092/3-6,002092,Ozone profile computation method Code table 0 02 092,3-6,Reserved,,,,,Operational
bufr4/0/02/092/7,002092,Ozone profile computation method Code table 0 02 092,7,Missing value,,,,,Operational
bufr4/0/02/095/0,002095,Type of pressure sensor Code table 0 02 095,0,Capacitance aneroid,,,,,Operational
bufr4/0/02/095/1,002095,Type of pressure sensor Code table 0 02 095,1,Derived from GPS,,,,,Operational
bufr4/0/02/095/2,002095,Type of pressure sensor Code table 0 02 095,2,Resistive strain gauge,,,,,Operational
bufr4/0/02/095/3,002095,Type of pressure sensor Code table 0 02 095,3,Silicon capacitor,,,,,Operational
bufr4/0/02/095/4,002095,Type of pressure sensor Code table 0 02 095,4,Derived from radar height,,,,,Operational
bufr4/0/02/095/5-29,002095,Type of pressure sensor Code table 0 02 095,5-29,Reserved,,,,,Operational
bufr4/0/02/095/30,002095,Type of pressure sensor Code table 0 02 095,30,Other,,,,,Operational
bufr4/0/02/095/31,002095,Type of pressure sensor Code table 0 02 095,31,Missing value,,,,,Operational
bufr4/0/02/096/0,002096,Type of temperature sensor Code table 0 02 096,0,Rod thermistor,,,,,Operational
bufr4/0/02/096/1,002096,Type of temperature sensor Code table 0 02 096,1,Bead thermistor,,,,,Operational
bufr4/0/02/096/2,002096,Type of temperature sensor Code table 0 02 096,2,Capacitance bead,,,,,Operational
bufr4/0/02/096/3,002096,Type of temperature sensor Code table 0 02 096,3,Capacitance wire,,,,,Operational
bufr4/0/02/096/4,002096,Type of temperature sensor Code table 0 02 096,4,Resistive sensor,,,,,Operational
bufr4/0/02/096/5,002096,Type of temperature sensor Code table 0 02 096,5,Chip thermistor,,,,,Operational
bufr4/0/02/096/6,002096,Type of temperature sensor Code table 0 02 096,6,Mercury,,,,,Operational
bufr4/0/02/096/7,002096,Type of temperature sensor Code table 0 02 096,7,Alcohol/glycol,,,,,Operational
bufr4/0/02/096/8-30,002096,Type of temperature sensor Code table 0 02 096,8-30,Reserved for future use,,,,,Operational
bufr4/0/02/096/31,002096,Type of temperature sensor Code table 0 02 096,31,Missing value,,,,,Operational
bufr4/0/02/097/0,002097,Type of humidity sensor Code table 0 02 097,0,VIZ Mark II carbon hygristor,,,,,Operational
bufr4/0/02/097/1,002097,Type of humidity sensor Code table 0 02 097,1,VIZ B2 hygristor,,,,,Operational
bufr4/0/02/097/2,002097,Type of humidity sensor Code table 0 02 097,2,Vaisala A-Humicap,,,,,Operational
bufr4/0/02/097/3,002097,Type of humidity sensor Code table 0 02 097,3,Vaisala H-Humicap,,,,,Operational
bufr4/0/02/097/4,002097,Type of humidity sensor Code table 0 02 097,4,Capacitance sensor,,,,,Operational
bufr4/0/02/097/5,002097,Type of humidity sensor Code table 0 02 097,5,Vaisala RS90,,,,,Operational
bufr4/0/02/097/6,002097,Type of humidity sensor Code table 0 02 097,6,Sippican Mark IIA carbon hygristor,,,,,Operational
bufr4/0/02/097/7,002097,Type of humidity sensor Code table 0 02 097,7,Twin alternatively heated Humicap capacitance sensor,,,,,Operational
bufr4/0/02/097/8,002097,Type of humidity sensor Code table 0 02 097,8,Humicap capacitance sensor with active de-icing method,,,,,Operational
bufr4/0/02/097/9,002097,Type of humidity sensor Code table 0 02 097,9,Carbon hygristor,,,,,Operational
bufr4/0/02/097/10,002097,Type of humidity sensor Code table 0 02 097,10,Psychrometer,,,,,Operational
bufr4/0/02/097/11,002097,Type of humidity sensor Code table 0 02 097,11,Capacitive (polymer),,,,,Operational
bufr4/0/02/097/12,002097,Type of humidity sensor Code table 0 02 097,12,"Capacitive (ceramic, including metal oxide)",,,,,Operational
bufr4/0/02/097/13,002097,Type of humidity sensor Code table 0 02 097,13,Resistive (generic),,,,,Operational
bufr4/0/02/097/14,002097,Type of humidity sensor Code table 0 02 097,14,Resistive (salt polymer),,,,,Operational
bufr4/0/02/097/15,002097,Type of humidity sensor Code table 0 02 097,15,Resistive (conductive polymer),,,,,Operational
bufr4/0/02/097/16,002097,Type of humidity sensor Code table 0 02 097,16,Thermal conductivity,,,,,Operational
bufr4/0/02/097/17,002097,Type of humidity sensor Code table 0 02 097,17,Gravimetric,,,,,Operational
bufr4/0/02/097/18,002097,Type of humidity sensor Code table 0 02 097,18,Paper-metal coil,,,,,Operational
bufr4/0/02/097/19,002097,Type of humidity sensor Code table 0 02 097,19,Ordinary human hair,,,,,Operational
bufr4/0/02/097/20,002097,Type of humidity sensor Code table 0 02 097,20,Rolled hair (torsion),,,,,Operational
bufr4/0/02/097/21,002097,Type of humidity sensor Code table 0 02 097,21,Goldbeater's skin,,,,,Operational
bufr4/0/02/097/22,002097,Type of humidity sensor Code table 0 02 097,22,Chilled mirror hygrometer,,,,,Operational
bufr4/0/02/097/23,002097,Type of humidity sensor Code table 0 02 097,23,Dew cell,,,,,Operational
bufr4/0/02/097/24,002097,Type of humidity sensor Code table 0 02 097,24,Optical absorption sensor,,,,,Operational
bufr4/0/02/097/25-30,002097,Type of humidity sensor Code table 0 02 097,25-30,Reserved for future use,,,,,Operational
bufr4/0/02/097/31,002097,Type of humidity sensor Code table 0 02 097,31,Missing value,,,,,Operational
bufr4/0/02/099/0,002099,Polarization Code table 0 02 099,0,HH polarization,,,,,Operational
bufr4/0/02/099/1,002099,Polarization Code table 0 02 099,1,VV polarization,,,,,Operational
bufr4/0/02/099/2,002099,Polarization Code table 0 02 099,2,HV polarization real valued component,,,,,Operational
bufr4/0/02/099/3,002099,Polarization Code table 0 02 099,3,HV polarization imaginary valued component,,,,,Operational
bufr4/0/02/099/4-6,002099,Polarization Code table 0 02 099,4-6,Reserved,,,,,Operational
bufr4/0/02/099/7,002099,Polarization Code table 0 02 099,7,Missing value,,,,,Operational
bufr4/0/02/101/0,002101,Type of antenna Code table 0 02 101,0,Centre front-fed paraboloid,,,,,Operational
bufr4/0/02/101/1,002101,Type of antenna Code table 0 02 101,1,Offset front-fed paraboloid,,,,,Operational
bufr4/0/02/101/2,002101,Type of antenna Code table 0 02 101,2,Centre Cassegrain paraboloid,,,,,Operational
bufr4/0/02/101/3,002101,Type of antenna Code table 0 02 101,3,Offset Cassegrain paraboloid,,,,,Operational
bufr4/0/02/101/4,002101,Type of antenna Code table 0 02 101,4,Planar array,,,,,Operational
bufr4/0/02/101/5,002101,Type of antenna Code table 0 02 101,5,Coaxial-collinear array,,,,,Operational
bufr4/0/02/101/6,002101,Type of antenna Code table 0 02 101,6,Yagi elements array,,,,,Operational
bufr4/0/02/101/7,002101,Type of antenna Code table 0 02 101,7,Microstrip,,,,,Operational
bufr4/0/02/101/8-13,002101,Type of antenna Code table 0 02 101,8-13,Reserved,,,,,Operational
bufr4/0/02/101/14,002101,Type of antenna Code table 0 02 101,14,Other,,,,,Operational
bufr4/0/02/101/15,002101,Type of antenna Code table 0 02 101,15,Missing value,,,,,Operational
bufr4/0/02/103/1,002103,Radome Flag table 0 02 103,1,Radar antenna is protected by a radome All 2 Missing value,,,,,Operational
bufr4/0/02/104/0,002104,Antenna polarization Code table 0 02 104,0,Horizontal polarization,,,,,Operational
bufr4/0/02/104/1,002104,Antenna polarization Code table 0 02 104,1,Vertical polarization,,,,,Operational
bufr4/0/02/104/2,002104,Antenna polarization Code table 0 02 104,2,Right circular polarization,,,,,Operational
bufr4/0/02/104/3,002104,Antenna polarization Code table 0 02 104,3,Left circular polarization,,,,,Operational
bufr4/0/02/104/4,002104,Antenna polarization Code table 0 02 104,4,Horizontal and vertical polarization,,,,,Operational
bufr4/0/02/104/5,002104,Antenna polarization Code table 0 02 104,5,Right and left circular polarization,,,,,Operational
bufr4/0/02/104/6,002104,Antenna polarization Code table 0 02 104,6,Quasi-horizontal polarization,,,,,Operational
bufr4/0/02/104/7,002104,Antenna polarization Code table 0 02 104,7,Quasi-vertical polarization,,,,,Operational
bufr4/0/02/104/8-14,002104,Antenna polarization Code table 0 02 104,8-14,Reserved,,,,,Operational
bufr4/0/02/104/15,002104,Antenna polarization Code table 0 02 104,15,Missing value,,,,,Operational
bufr4/0/02/115/0,002115,Type of surface observing equipment Code table 0 02 115,0,PDB,,,,,Operational
bufr4/0/02/115/1,002115,Type of surface observing equipment Code table 0 02 115,1,RSOIS,,,,,Operational
bufr4/0/02/115/2,002115,Type of surface observing equipment Code table 0 02 115,2,ASOS,,,,,Operational
bufr4/0/02/115/3,002115,Type of surface observing equipment Code table 0 02 115,3,Psychrometer,,,,,Operational
bufr4/0/02/115/4,002115,Type of surface observing equipment Code table 0 02 115,4,F420,,,,,Operational
bufr4/0/02/115/5-29,002115,Type of surface observing equipment Code table 0 02 115,5-29,Reserved,,,,,Operational
bufr4/0/02/115/30,002115,Type of surface observing equipment Code table 0 02 115,30,Other,,,,,Operational
bufr4/0/02/115/31,002115,Type of surface observing equipment Code table 0 02 115,31,Missing value,,,,,Operational
bufr4/0/02/119/0,002119,RA-2 instrument operations Code table 0 02 119,0,Intermediate frequency calibration mode (IF CAL),,,,,Operational
bufr4/0/02/119/1,002119,RA-2 instrument operations Code table 0 02 119,1,Built-in test equipment digital (BITE DGT),,,,,Operational
bufr4/0/02/119/2,002119,RA-2 instrument operations Code table 0 02 119,2,Built-in test equipment radio frequency (BITE RF),,,,,Operational
bufr4/0/02/119/3,002119,RA-2 instrument operations Code table 0 02 119,3,Preset tracking (PSET TRK),,,,,Operational
bufr4/0/02/119/4,002119,RA-2 instrument operations Code table 0 02 119,4,Preset LOOP OUT,,,,,Operational
bufr4/0/02/119/5,002119,RA-2 instrument operations Code table 0 02 119,5,ACQUISITION,,,,,Operational
bufr4/0/02/119/6,002119,RA-2 instrument operations Code table 0 02 119,6,TRACKING,,,,,Operational
bufr4/0/02/119/7,002119,RA-2 instrument operations Code table 0 02 119,7,Missing value,,,,,Operational
bufr4/0/02/131/1,002131,Sensitivity time control (STC) Flag table 0 02 131,1,STC operational All 2 Missing values,,,,,Operational
bufr4/0/02/137/1,002137,Radar dual PRF ratio Code table 0 02 137,1,3:2,,,,,Operational
bufr4/0/02/137/2,002137,Radar dual PRF ratio Code table 0 02 137,2,4:3,,,,,Operational
bufr4/0/02/137/3,002137,Radar dual PRF ratio Code table 0 02 137,3,5:4,,,,,Operational
bufr4/0/02/137/4-14,002137,Radar dual PRF ratio Code table 0 02 137,4-14,Reserved,,,,,Operational
bufr4/0/02/137/15,002137,Radar dual PRF ratio Code table 0 02 137,15,Missing value,,,,,Operational
bufr4/0/02/138/1,002138,Antenna rotation direction Code table 0 02 138,1,Clockwise rotation,,,,,Operational
bufr4/0/02/138/2,002138,Antenna rotation direction Code table 0 02 138,2,Counterclockwise rotation,,,,,Operational
bufr4/0/02/138/3,002138,Antenna rotation direction Code table 0 02 138,3,Missing value,,,,,Operational
bufr4/0/02/139/0,002139,SIRAL instrument configuration Code table 0 02 139,0,SIRAL nominal,,,,,Operational
bufr4/0/02/139/1,002139,SIRAL instrument configuration Code table 0 02 139,1,SIRAL redundant,,,,,Operational
bufr4/0/02/139/2,002139,SIRAL instrument configuration Code table 0 02 139,2,Missing value,,,,,Operational
bufr4/0/02/143/0,002143,Ozone instrument type Code table 0 02 143,0,Reserved,,,,,Operational
bufr4/0/02/143/1,002143,Ozone instrument type Code table 0 02 143,1,Brewer spectrophotometer,,,,,Operational
bufr4/0/02/143/2,002143,Ozone instrument type Code table 0 02 143,2,Caver Teichert,,,,,Operational
bufr4/0/02/143/3,002143,Ozone instrument type Code table 0 02 143,3,Dobson,,,,,Operational
bufr4/0/02/143/4,002143,Ozone instrument type Code table 0 02 143,4,Dobson (Japan),,,,,Operational
bufr4/0/02/143/5,002143,Ozone instrument type Code table 0 02 143,5,Ehmet,,,,,Operational
bufr4/0/02/143/6,002143,Ozone instrument type Code table 0 02 143,6,Fecker telescope,,,,,Operational
bufr4/0/02/143/7,002143,Ozone instrument type Code table 0 02 143,7,Hoelper,,,,,Operational
bufr4/0/02/143/8,002143,Ozone instrument type Code table 0 02 143,8,Jodmeter,,,,,Operational
bufr4/0/02/143/9,002143,Ozone instrument type Code table 0 02 143,9,Filter Ozonometer M-83,,,,,Operational
bufr4/0/02/143/10,002143,Ozone instrument type Code table 0 02 143,10,Mast,,,,,Operational
bufr4/0/02/143/11,002143,Ozone instrument type Code table 0 02 143,11,Oxford,,,,,Operational
bufr4/0/02/143/12,002143,Ozone instrument type Code table 0 02 143,12,Paetzold,,,,,Operational
bufr4/0/02/143/13,002143,Ozone instrument type Code table 0 02 143,13,Regener,,,,,Operational
bufr4/0/02/143/14,002143,Ozone instrument type Code table 0 02 143,14,Reserved for future use,,,,,Operational
bufr4/0/02/143/15,002143,Ozone instrument type Code table 0 02 143,15,Vassy filter ozonometer,,,,,Operational
bufr4/0/02/143/16,002143,Ozone instrument type Code table 0 02 143,16,Carbon iodide,,,,,Operational
bufr4/0/02/143/17,002143,Ozone instrument type Code table 0 02 143,17,Surface ozone bubbler,,,,,Operational
bufr4/0/02/143/18,002143,Ozone instrument type Code table 0 02 143,18,Filter ozonometer M-124,,,,,Operational
bufr4/0/02/143/19,002143,Ozone instrument type Code table 0 02 143,19,ECC sonde,,,,,Operational
bufr4/0/02/143/20-126,002143,Ozone instrument type Code table 0 02 143,20-126,Reserved,,,,,Operational
bufr4/0/02/143/127,002143,Ozone instrument type Code table 0 02 143,127,Missing value,,,,,Operational
bufr4/0/02/144/0,002144,Light source type for Brewer spectrophotometer Code table 0 02 144,0,Direct sun,,,,,Operational
bufr4/0/02/144/1,002144,Light source type for Brewer spectrophotometer Code table 0 02 144,1,"Direct sun, attenuator #1",,,,,Operational
bufr4/0/02/144/2,002144,Light source type for Brewer spectrophotometer Code table 0 02 144,2,"Direct sun, attenuator #2",,,,,Operational
bufr4/0/02/144/3,002144,Light source type for Brewer spectrophotometer Code table 0 02 144,3,Focused moon,,,,,Operational
bufr4/0/02/144/4,002144,Light source type for Brewer spectrophotometer Code table 0 02 144,4,Focused sun,,,,,Operational
bufr4/0/02/144/5,002144,Light source type for Brewer spectrophotometer Code table 0 02 144,5,Focused sun corrected with adjacent sky measurements,,,,,Operational
bufr4/0/02/144/6,002144,Light source type for Brewer spectrophotometer Code table 0 02 144,6,Zenith sky,,,,,Operational
bufr4/0/02/144/7-14,002144,Light source type for Brewer spectrophotometer Code table 0 02 144,7-14,Reserved,,,,,Operational
bufr4/0/02/144/15,002144,Light source type for Brewer spectrophotometer Code table 0 02 144,15,Missing value Note: Entries 1 and 2 should not be used.,,,,,Operational
bufr4/0/02/145/0,002145,Wavelength setting for Dobson instruments Code table 0 02 145,0,Wavelengths AD ordinary setting,,,,,Operational
bufr4/0/02/145/1,002145,Wavelength setting for Dobson instruments Code table 0 02 145,1,Wavelengths BD ordinary setting,,,,,Operational
bufr4/0/02/145/2,002145,Wavelength setting for Dobson instruments Code table 0 02 145,2,Wavelengths CD ordinary setting,,,,,Operational
bufr4/0/02/145/3,002145,Wavelength setting for Dobson instruments Code table 0 02 145,3,Wavelengths CC' ordinary setting,,,,,Operational
bufr4/0/02/145/4,002145,Wavelength setting for Dobson instruments Code table 0 02 145,4,Wavelengths AD focused image,,,,,Operational
bufr4/0/02/145/5,002145,Wavelength setting for Dobson instruments Code table 0 02 145,5,Wavelengths BD focused image,,,,,Operational
bufr4/0/02/145/6,002145,Wavelength setting for Dobson instruments Code table 0 02 145,6,Wavelengths CD focused image,,,,,Operational
bufr4/0/02/145/7,002145,Wavelength setting for Dobson instruments Code table 0 02 145,7,Wavelengths CC' focused image,,,,,Operational
bufr4/0/02/145/8-14,002145,Wavelength setting for Dobson instruments Code table 0 02 145,8-14,Reserved,,,,,Operational
bufr4/0/02/145/15,002145,Wavelength setting for Dobson instruments Code table 0 02 145,15,Missing value,,,,,Operational
bufr4/0/02/146/0,002146,Source conditions for Dobson instruments Code table 0 02 146,0,On direct sun,,,,,Operational
bufr4/0/02/146/1,002146,Source conditions for Dobson instruments Code table 0 02 146,1,On direct moon,,,,,Operational
bufr4/0/02/146/2,002146,Source conditions for Dobson instruments Code table 0 02 146,2,On blue zenith sky,,,,,Operational
bufr4/0/02/146/3,002146,Source conditions for Dobson instruments Code table 0 02 146,3,On zenith cloud (uniform stratified layer of small opacity),,,,,Operational
bufr4/0/02/146/4,002146,Source conditions for Dobson instruments Code table 0 02 146,4,On zenith cloud (uniform or moderately variable layer of medium opacity),,,,,Operational
bufr4/0/02/146/5,002146,Source conditions for Dobson instruments Code table 0 02 146,5,On zenith cloud (uniform or moderately variable layer of large opacity),,,,,Operational
bufr4/0/02/146/6,002146,Source conditions for Dobson instruments Code table 0 02 146,6,"On zenith cloud (highly variable opacity, with or without precipitation)",,,,,Operational
bufr4/0/02/146/7,002146,Source conditions for Dobson instruments Code table 0 02 146,7,On zenith cloud (fog),,,,,Operational
bufr4/0/02/146/8,002146,Source conditions for Dobson instruments Code table 0 02 146,8,On zenith haze,,,,,Operational
bufr4/0/02/146/9,002146,Source conditions for Dobson instruments Code table 0 02 146,9,"On direct sun through thin cloud, fog or haze",,,,,Operational
bufr4/0/02/146/10-14,002146,Source conditions for Dobson instruments Code table 0 02 146,10-14,Reserved,,,,,Operational
bufr4/0/02/146/15,002146,Source conditions for Dobson instruments Code table 0 02 146,15,Missing value,,,,,Operational
bufr4/0/02/147/0,002147,Method of transmission to collection centre Code table 0 02 147,0,Reserved,,,,,Operational
bufr4/0/02/147/1,002147,Method of transmission to collection centre Code table 0 02 147,1,Direct leased circuit,,,,,Operational
bufr4/0/02/147/2,002147,Method of transmission to collection centre Code table 0 02 147,2,Dialled up connection,,,,,Operational
bufr4/0/02/147/3,002147,Method of transmission to collection centre Code table 0 02 147,3,Internet ISP,,,,,Operational
bufr4/0/02/147/4,002147,Method of transmission to collection centre Code table 0 02 147,4,"DCP via satellite (MTSAT, METEOSAT, etc.)",,,,,Operational
bufr4/0/02/147/5,002147,Method of transmission to collection centre Code table 0 02 147,5,VSAT,,,,,Operational
bufr4/0/02/147/6,002147,Method of transmission to collection centre Code table 0 02 147,6,"GAN,* BGAN**",,,,,Operational
bufr4/0/02/147/7,002147,Method of transmission to collection centre Code table 0 02 147,7,Thiss terminal,,,,,Operational
bufr4/0/02/147/8,002147,Method of transmission to collection centre Code table 0 02 147,8,Iridium satellites,,,,,Operational
bufr4/0/02/147/9,002147,Method of transmission to collection centre Code table 0 02 147,9,Mobile telephony,,,,,Operational
bufr4/0/02/147/10-62,002147,Method of transmission to collection centre Code table 0 02 147,10-62,Reserved,,,,,Operational
bufr4/0/02/147/63,002147,Method of transmission to collection centre Code table 0 02 147,63,Missing value _____________________ * Global Area Network. ** Broadband Global Area Network,,,,,Operational
bufr4/0/02/148/0,002148,Data collection and/or location system Code table 0 02 148,0,Reserved,,,,,Operational
bufr4/0/02/148/1,002148,Data collection and/or location system Code table 0 02 148,1,Argos,,,,,Operational
bufr4/0/02/148/2,002148,Data collection and/or location system Code table 0 02 148,2,GPS,,,,,Operational
bufr4/0/02/148/3,002148,Data collection and/or location system Code table 0 02 148,3,GOES DCP,,,,,Operational
bufr4/0/02/148/4,002148,Data collection and/or location system Code table 0 02 148,4,METEOSAT DCP,,,,,Operational
bufr4/0/02/148/5,002148,Data collection and/or location system Code table 0 02 148,5,ORBCOMM,,,,,Operational
bufr4/0/02/148/6,002148,Data collection and/or location system Code table 0 02 148,6,INMARSAT,,,,,Operational
bufr4/0/02/148/7,002148,Data collection and/or location system Code table 0 02 148,7,Iridium,,,,,Operational
bufr4/0/02/148/8,002148,Data collection and/or location system Code table 0 02 148,8,Iridium and GPS,,,,,Operational
bufr4/0/02/148/9,002148,Data collection and/or location system Code table 0 02 148,9,Argos-3,,,,,Operational
bufr4/0/02/148/10,002148,Data collection and/or location system Code table 0 02 148,10,Argos-4,,,,,Operational
bufr4/0/02/148/11-30,002148,Data collection and/or location system Code table 0 02 148,11-30,Reserved,,,,,Operational
bufr4/0/02/148/31,002148,Data collection and/or location system Code table 0 02 148,31,Missing value,,,,,Operational
bufr4/0/02/149/0,002149,Type of data buoy Code table 0 02 149,0,Unspecified drifting buoy,,,,,Operational
bufr4/0/02/149/1,002149,Type of data buoy Code table 0 02 149,1,Standard Lagrangian drifter (Global Drifter Programme),,,,,Operational
bufr4/0/02/149/2,002149,Type of data buoy Code table 0 02 149,2,Standard FGGE type drifting buoy (non-Lagrangian meteorological drifting buoy),,,,,Operational
bufr4/0/02/149/3,002149,Type of data buoy Code table 0 02 149,3,Wind measuring FGGE type drifting buoy (non-Lagrangian meteorological drifting buoy),,,,,Operational
bufr4/0/02/149/4,002149,Type of data buoy Code table 0 02 149,4,Ice drifter,,,,,Operational
bufr4/0/02/149/5,002149,Type of data buoy Code table 0 02 149,5,SVPG Standard Lagrangian drifter with GPS,,,,,Operational
bufr4/0/02/149/6,002149,Type of data buoy Code table 0 02 149,6,SVP-HR drifter with high-resolution temperature or thermistor string,,,,,Operational
bufr4/0/02/149/7,002149,Type of data buoy Code table 0 02 149,7,Reserved,,,,,Operational
bufr4/0/02/149/8,002149,Type of data buoy Code table 0 02 149,8,Unspecified subsurface float,,,,,Operational
bufr4/0/02/149/9,002149,Type of data buoy Code table 0 02 149,9,SOFAR,,,,,Operational
bufr4/0/02/149/10,002149,Type of data buoy Code table 0 02 149,10,ALACE,,,,,Operational
bufr4/0/02/149/11,002149,Type of data buoy Code table 0 02 149,11,MARVOR,,,,,Operational
bufr4/0/02/149/12,002149,Type of data buoy Code table 0 02 149,12,RAFOS,,,,,Operational
bufr4/0/02/149/13,002149,Type of data buoy Code table 0 02 149,13,PROVOR,,,,,Operational
bufr4/0/02/149/14,002149,Type of data buoy Code table 0 02 149,14,SOLO,,,,,Operational
bufr4/0/02/149/15,002149,Type of data buoy Code table 0 02 149,15,APEX,,,,,Operational
bufr4/0/02/149/16,002149,Type of data buoy Code table 0 02 149,16,Unspecified moored buoy,,,,,Operational
bufr4/0/02/149/17,002149,Type of data buoy Code table 0 02 149,17,Nomad,,,,,Operational
bufr4/0/02/149/18,002149,Type of data buoy Code table 0 02 149,18,3-metre discus,,,,,Operational
bufr4/0/02/149/19,002149,Type of data buoy Code table 0 02 149,19,10-12-metre discus,,,,,Operational
bufr4/0/02/149/20,002149,Type of data buoy Code table 0 02 149,20,ODAS 30 series,,,,,Operational
bufr4/0/02/149/21,002149,Type of data buoy Code table 0 02 149,21,ATLAS (e.g. TAO area),,,,,Operational
bufr4/0/02/149/22,002149,Type of data buoy Code table 0 02 149,22,TRITON buoy,,,,,Operational
bufr4/0/02/149/23,002149,Type of data buoy Code table 0 02 149,23,FLEX mooring (e.g. TIP area),,,,,Operational
bufr4/0/02/150/0,002150,TOVS/ATOVS/AVHRR instrumentation channel number Code table 0 02 150,0,Reserved,,,,,Operational
bufr4/0/02/150/1,002150,TOVS/ATOVS/AVHRR instrumentation channel number Code table 0 02 150,1,HIRS 1,,,,,Operational
bufr4/0/02/150/2,002150,TOVS/ATOVS/AVHRR instrumentation channel number Code table 0 02 150,2,HIRS 2,,,,,Operational
bufr4/0/02/150/3,002150,TOVS/ATOVS/AVHRR instrumentation channel number Code table 0 02 150,3,HIRS 3,,,,,Operational
bufr4/0/02/150/4,002150,TOVS/ATOVS/AVHRR instrumentation channel number Code table 0 02 150,4,HIRS 4,,,,,Operational
bufr4/0/02/150/5,002150,TOVS/ATOVS/AVHRR instrumentation channel number Code table 0 02 150,5,HIRS 5,,,,,Operational
bufr4/0/02/150/6,002150,TOVS/ATOVS/AVHRR instrumentation channel number Code table 0 02 150,6,HIRS 6,,,,,Operational
bufr4/0/02/150/7,002150,TOVS/ATOVS/AVHRR instrumentation channel number Code table 0 02 150,7,HIRS 7,,,,,Operational
bufr4/0/02/150/8,002150,TOVS/ATOVS/AVHRR instrumentation channel number Code table 0 02 150,8,HIRS 8,,,,,Operational
bufr4/0/02/150/9,002150,TOVS/ATOVS/AVHRR instrumentation channel number Code table 0 02 150,9,HIRS 9,,,,,Operational
bufr4/0/02/150/10,002150,TOVS/ATOVS/AVHRR instrumentation channel number Code table 0 02 150,10,HIRS 10,,,,,Operational
bufr4/0/02/150/11,002150,TOVS/ATOVS/AVHRR instrumentation channel number Code table 0 02 150,11,HIRS 11,,,,,Operational
bufr4/0/02/150/12,002150,TOVS/ATOVS/AVHRR instrumentation channel number Code table 0 02 150,12,HIRS 12,,,,,Operational
bufr4/0/02/150/13,002150,TOVS/ATOVS/AVHRR instrumentation channel number Code table 0 02 150,13,HIRS 13,,,,,Operational
bufr4/0/02/150/14,002150,TOVS/ATOVS/AVHRR instrumentation channel number Code table 0 02 150,14,HIRS 14,,,,,Operational
bufr4/0/02/150/15,002150,TOVS/ATOVS/AVHRR instrumentation channel number Code table 0 02 150,15,HIRS 15,,,,,Operational
bufr4/0/02/150/16,002150,TOVS/ATOVS/AVHRR instrumentation channel number Code table 0 02 150,16,HIRS 16,,,,,Operational
bufr4/0/02/150/17,002150,TOVS/ATOVS/AVHRR instrumentation channel number Code table 0 02 150,17,HIRS 17,,,,,Operational
bufr4/0/02/150/18,002150,TOVS/ATOVS/AVHRR instrumentation channel number Code table 0 02 150,18,HIRS 18,,,,,Operational
bufr4/0/02/150/19,002150,TOVS/ATOVS/AVHRR instrumentation channel number Code table 0 02 150,19,HIRS 19,,,,,Operational
bufr4/0/02/150/20,002150,TOVS/ATOVS/AVHRR instrumentation channel number Code table 0 02 150,20,HIRS 20,,,,,Operational
bufr4/0/02/150/21,002150,TOVS/ATOVS/AVHRR instrumentation channel number Code table 0 02 150,21,MSU 1,,,,,Operational
bufr4/0/02/150/22,002150,TOVS/ATOVS/AVHRR instrumentation channel number Code table 0 02 150,22,MSU 2,,,,,Operational
bufr4/0/02/150/23,002150,TOVS/ATOVS/AVHRR instrumentation channel number Code table 0 02 150,23,MSU 3,,,,,Operational
bufr4/0/02/150/24,002150,TOVS/ATOVS/AVHRR instrumentation channel number Code table 0 02 150,24,MSU 4,,,,,Operational
bufr4/0/02/151/0,002151,Radiometer identifier Code table 0 02 151,0,HIRS,,,,,Operational
bufr4/0/02/151/1,002151,Radiometer identifier Code table 0 02 151,1,MSU,,,,,Operational
bufr4/0/02/151/2,002151,Radiometer identifier Code table 0 02 151,2,SSU,,,,,Operational
bufr4/0/02/151/3,002151,Radiometer identifier Code table 0 02 151,3,AMSU-A1-1,,,,,Operational
bufr4/0/02/151/4,002151,Radiometer identifier Code table 0 02 151,4,AMSU-A1-2,,,,,Operational
bufr4/0/02/151/5,002151,Radiometer identifier Code table 0 02 151,5,AMSU-A2,,,,,Operational
bufr4/0/02/151/6,002151,Radiometer identifier Code table 0 02 151,6,AMSU-B,,,,,Operational
bufr4/0/02/151/7,002151,Radiometer identifier Code table 0 02 151,7,AVHRR,,,,,Operational
bufr4/0/02/151/8,002151,Radiometer identifier Code table 0 02 151,8,Reserved,,,,,Operational
bufr4/0/02/151/9,002151,Radiometer identifier Code table 0 02 151,9,MHS,,,,,Operational
bufr4/0/02/151/10-2046,002151,Radiometer identifier Code table 0 02 151,10-2046,Reserved,,,,,Operational
bufr4/0/02/151/2047,002151,Radiometer identifier Code table 0 02 151,2047,Missing value,,,,,Operational
bufr4/0/02/152/1,002152,Satellite instrument used in data processing Flag table 0 02 152,1,High-resolution infrared sounder (HIRS),,,,,Operational
bufr4/0/02/152/2,002152,Satellite instrument used in data processing Flag table 0 02 152,2,Microwave sounding unit (MSU),,,,,Operational
bufr4/0/02/152/3,002152,Satellite instrument used in data processing Flag table 0 02 152,3,Stratospheric sounding unit (SSU),,,,,Operational
bufr4/0/02/152/4,002152,Satellite instrument used in data processing Flag table 0 02 152,4,AMI wind mode,,,,,Operational
bufr4/0/02/152/5,002152,Satellite instrument used in data processing Flag table 0 02 152,5,AMI wave mode,,,,,Operational
bufr4/0/02/152/6,002152,Satellite instrument used in data processing Flag table 0 02 152,6,AMI image mode,,,,,Operational
bufr4/0/02/152/7,002152,Satellite instrument used in data processing Flag table 0 02 152,7,RADAR altimeter,,,,,Operational
bufr4/0/02/152/8,002152,Satellite instrument used in data processing Flag table 0 02 152,8,ATSR,,,,,Operational
bufr4/0/02/152/9,002152,Satellite instrument used in data processing Flag table 0 02 152,9,Geostationary imager,,,,,Operational
bufr4/0/02/152/10,002152,Satellite instrument used in data processing Flag table 0 02 152,10,Geostationary sounder,,,,,Operational
bufr4/0/02/152/11,002152,Satellite instrument used in data processing Flag table 0 02 152,11,Geostationary Earth radiation (GERB),,,,,Operational
bufr4/0/02/152/12,002152,Satellite instrument used in data processing Flag table 0 02 152,12,Multi-channel scanning radiometer,,,,,Operational
bufr4/0/02/152/13,002152,Satellite instrument used in data processing Flag table 0 02 152,13,Polar-orbiting imager,,,,,Operational
bufr4/0/02/152/14-30,002152,Satellite instrument used in data processing Flag table 0 02 152,14-30,Reserved All 31 Missing value,,,,,Operational
bufr4/0/02/158/1,002158,RA-2 instrument Flag table 0 02 158,1,Mismatch in RED VEC HPA,,,,,Operational
bufr4/0/02/158/2,002158,RA-2 instrument Flag table 0 02 158,2,Mismatch in RED VEC RFSS,,,,,Operational
bufr4/0/02/158/3,002158,RA-2 instrument Flag table 0 02 158,3,PTR calibration band 320 MHz (Ku),,,,,Operational
bufr4/0/02/158/4,002158,RA-2 instrument Flag table 0 02 158,4,PTR calibration band 80 MHz (Ku),,,,,Operational
bufr4/0/02/158/5,002158,RA-2 instrument Flag table 0 02 158,5,PTR calibration band 20 MHz (Ku),,,,,Operational
bufr4/0/02/158/6,002158,RA-2 instrument Flag table 0 02 158,6,PTR calibration band 160 MHz (S),,,,,Operational
bufr4/0/02/158/7,002158,RA-2 instrument Flag table 0 02 158,7,Ku flight calibration parameters available,,,,,Operational
bufr4/0/02/158/8,002158,RA-2 instrument Flag table 0 02 158,8,S flight calibration parameters available All 9 Missing value Note:  PTR = Pulse target response HPA = High power amplifier RFSS = Radio frequency subsystem RED = Redundancy,,,,,Operational
bufr4/0/02/159/1,002159,MWR instrument Flag table 0 02 159,1,Temperature inconsistency,,,,,Operational
bufr4/0/02/159/2,002159,MWR instrument Flag table 0 02 159,2,Data is missing,,,,,Operational
bufr4/0/02/159/3,002159,MWR instrument Flag table 0 02 159,3,Redundancy channel,,,,,Operational
bufr4/0/02/159/4,002159,MWR instrument Flag table 0 02 159,4,Power bus protection,,,,,Operational
bufr4/0/02/159/5,002159,MWR instrument Flag table 0 02 159,5,Overvoltage/Overload protection,,,,,Operational
bufr4/0/02/159/6,002159,MWR instrument Flag table 0 02 159,6,Reserved,,,,,Operational
bufr4/0/02/159/7,002159,MWR instrument Flag table 0 02 159,7,Reserved All 8 Missing value Note: MWR = Microwave radiometer,,,,,Operational
bufr4/0/02/160/0,002160,Wave length of the radar Code table 0 02 160,0,Reserved,,,,,Operational
bufr4/0/02/160/1,002160,Wave length of the radar Code table 0 02 160,1,10 to less than 20 mm,,,,,Operational
bufr4/0/02/160/2,002160,Wave length of the radar Code table 0 02 160,2,Reserved,,,,,Operational
bufr4/0/02/160/3,002160,Wave length of the radar Code table 0 02 160,3,20 to less than 40 mm,,,,,Operational
bufr4/0/02/160/4,002160,Wave length of the radar Code table 0 02 160,4,Reserved,,,,,Operational
bufr4/0/02/160/5,002160,Wave length of the radar Code table 0 02 160,5,40 to less than 60 mm,,,,,Operational
bufr4/0/02/160/6,002160,Wave length of the radar Code table 0 02 160,6,Reserved,,,,,Operational
bufr4/0/02/160/7,002160,Wave length of the radar Code table 0 02 160,7,60 to less than 90 mm,,,,,Operational
bufr4/0/02/160/8,002160,Wave length of the radar Code table 0 02 160,8,90 to less than 110 mm,,,,,Operational
bufr4/0/02/160/9,002160,Wave length of the radar Code table 0 02 160,9,110 mm and greater,,,,,Operational
bufr4/0/02/160/10-14,002160,Wave length of the radar Code table 0 02 160,10-14,Not used,,,,,Operational
bufr4/0/02/160/15,002160,Wave length of the radar Code table 0 02 160,15,Missing value,,,,,Operational
bufr4/0/02/161/1-10,002161,Wind processing method Flag table 0 02 161,1-10,Reserved,,,,,Operational
bufr4/0/02/161/11,002161,Wind processing method Flag table 0 02 161,11,Wind height calculated from median cloud-top pressure of target,,,,,Operational
bufr4/0/02/161/12,002161,Wind processing method Flag table 0 02 161,12,Target is cloudy,,,,,Operational
bufr4/0/02/161/13,002161,Wind processing method Flag table 0 02 161,13,Low-level inversion,,,,,Operational
bufr4/0/02/161/14,002161,Wind processing method Flag table 0 02 161,14,Cross correlation contribution (CCC) method,,,,,Operational
bufr4/0/02/161/15,002161,Wind processing method Flag table 0 02 161,15,Nested tracking All 16 Missing value,,,,,Operational
bufr4/0/02/162/0,002162,Extended height assignment method Code table 0 02 162,0,Auto editor,,,,,Operational
bufr4/0/02/162/1,002162,Extended height assignment method Code table 0 02 162,1,IRW* height assignment,,,,,Operational
bufr4/0/02/162/2,002162,Extended height assignment method Code table 0 02 162,2,WV** height assignment,,,,,Operational
bufr4/0/02/162/3,002162,Extended height assignment method Code table 0 02 162,3,H O intercept height assignment 2,,,,,Operational
bufr4/0/02/162/4,002162,Extended height assignment method Code table 0 02 162,4,CO slicing height assignment 2,,,,,Operational
bufr4/0/02/162/5,002162,Extended height assignment method Code table 0 02 162,5,Low pixel max gradient,,,,,Operational
bufr4/0/02/162/6,002162,Extended height assignment method Code table 0 02 162,6,Higher pixel max gradient,,,,,Operational
bufr4/0/02/162/7,002162,Extended height assignment method Code table 0 02 162,7,Primary height assignment,,,,,Operational
bufr4/0/02/162/8,002162,Extended height assignment method Code table 0 02 162,8,Layer thickness assignment,,,,,Operational
bufr4/0/02/162/9,002162,Extended height assignment method Code table 0 02 162,9,Cumulative contribution function – 10 per cent height,,,,,Operational
bufr4/0/02/162/10,002162,Extended height assignment method Code table 0 02 162,10,Cumulative contribution function – 50 per cent height,,,,,Operational
bufr4/0/02/163/0,002163,Height assignment method Code table 0 02 163,0,Auto editor,,,,,Operational
bufr4/0/02/163/1,002163,Height assignment method Code table 0 02 163,1,IRW height assignment,,,,,Operational
bufr4/0/02/163/2,002163,Height assignment method Code table 0 02 163,2,WV height assignment,,,,,Operational
bufr4/0/02/163/3,002163,Height assignment method Code table 0 02 163,3,H O intercept height assignment 2,,,,,Operational
bufr4/0/02/163/4,002163,Height assignment method Code table 0 02 163,4,CO slicing height assignment 2,,,,,Operational
bufr4/0/02/163/5,002163,Height assignment method Code table 0 02 163,5,Low pixel max gradient,,,,,Operational
bufr4/0/02/163/6,002163,Height assignment method Code table 0 02 163,6,Higher pixel max gradient,,,,,Operational
bufr4/0/02/163/7,002163,Height assignment method Code table 0 02 163,7,Primary height assignment,,,,,Operational
bufr4/0/02/163/8,002163,Height assignment method Code table 0 02 163,8,Layer thickness assignment,,,,,Operational
bufr4/0/02/163/9,002163,Height assignment method Code table 0 02 163,9,Cumulative contribution function – 10 per cent height,,,,,Operational
bufr4/0/02/163/10,002163,Height assignment method Code table 0 02 163,10,Cumulative contribution function – 50 per cent height,,,,,Operational
bufr4/0/02/163/11,002163,Height assignment method Code table 0 02 163,11,Cumulative contribution function – 90 per cent height,,,,,Operational
bufr4/0/02/163/12,002163,Height assignment method Code table 0 02 163,12,Cumulative contribution function – height of maximum gradient,,,,,Operational
bufr4/0/02/163/13,002163,Height assignment method Code table 0 02 163,13,IR / two WV channel ratioing method,,,,,Operational
bufr4/0/02/163/14,002163,Height assignment method Code table 0 02 163,14,Composite height assignment,,,,,Operational
bufr4/0/02/163/15,002163,Height assignment method Code table 0 02 163,15,Missing value,,,,,Operational
bufr4/0/02/164/0,002164,Tracer correlation method Code table 0 02 164,0,LP – Norms least square minimum,,,,,Operational
bufr4/0/02/164/1,002164,Tracer correlation method Code table 0 02 164,1,EN – Euclidean norm with radiance correlation,,,,,Operational
bufr4/0/02/164/2,002164,Tracer correlation method Code table 0 02 164,2,CC – Cross correlation,,,,,Operational
bufr4/0/02/164/3,002164,Tracer correlation method Code table 0 02 164,3,Stereo matching,,,,,Operational
bufr4/0/02/164/4-6,002164,Tracer correlation method Code table 0 02 164,4-6,Reserved,,,,,Operational
bufr4/0/02/165/1,002165,Radiance type flags Flag table 0 02 165,1,Clear path,,,,,Operational
bufr4/0/02/165/2,002165,Radiance type flags Flag table 0 02 165,2,Partly cloudy path,,,,,Operational
bufr4/0/02/165/3,002165,Radiance type flags Flag table 0 02 165,3,Cloudy path,,,,,Operational
bufr4/0/02/165/4,002165,Radiance type flags Flag table 0 02 165,4,Apodized,,,,,Operational
bufr4/0/02/165/5,002165,Radiance type flags Flag table 0 02 165,5,Unapodized,,,,,Operational
bufr4/0/02/165/6,002165,Radiance type flags Flag table 0 02 165,6,Reconstructed,,,,,Operational
bufr4/0/02/165/7,002165,Radiance type flags Flag table 0 02 165,7,Cloud cleared,,,,,Operational
bufr4/0/02/165/8-14,002165,Radiance type flags Flag table 0 02 165,8-14,Reserved All 15 Missing value,,,,,Operational
bufr4/0/02/166/0,002166,Radiance type Code table 0 02 166,0,Type not defined,,,,,Operational
bufr4/0/02/166/1,002166,Radiance type Code table 0 02 166,1,Automated statistical regression,,,,,Operational
bufr4/0/02/166/2,002166,Radiance type Code table 0 02 166,2,Clear path,,,,,Operational
bufr4/0/02/166/3,002166,Radiance type Code table 0 02 166,3,Partly cloudy path,,,,,Operational
bufr4/0/02/166/4,002166,Radiance type Code table 0 02 166,4,Cloudy path,,,,,Operational
bufr4/0/02/166/5-14,002166,Radiance type Code table 0 02 166,5-14,Reserved,,,,,Operational
bufr4/0/02/166/15,002166,Radiance type Code table 0 02 166,15,Missing value,,,,,Operational
bufr4/0/02/167/0,002167,Radiance computational method Code table 0 02 167,0,Method not defined,,,,,Operational
bufr4/0/02/167/1,002167,Radiance computational method Code table 0 02 167,1,1b raw radiance,,,,,Operational
bufr4/0/02/167/2,002167,Radiance computational method Code table 0 02 167,2,Processed radiance,,,,,Operational
bufr4/0/02/167/3-14,002167,Radiance computational method Code table 0 02 167,3-14,Reserved,,,,,Operational
bufr4/0/02/167/15,002167,Radiance computational method Code table 0 02 167,15,Missing value,,,,,Operational
bufr4/0/02/169/0,002169,Anemometer type Code table 0 02 169,0,Cup rotor,,,,,Operational
bufr4/0/02/169/1,002169,Anemometer type Code table 0 02 169,1,Propeller rotor,,,,,Operational
bufr4/0/02/169/2,002169,Anemometer type Code table 0 02 169,2,Wind Observation Through Ambient Noise (WOTAN),,,,,Operational
bufr4/0/02/169/3,002169,Anemometer type Code table 0 02 169,3,Sonic,,,,,Operational
bufr4/0/02/169/4-14,002169,Anemometer type Code table 0 02 169,4-14,Reserved,,,,,Operational
bufr4/0/02/169/15,002169,Anemometer type Code table 0 02 169,15,Missing value,,,,,Operational
bufr4/0/02/170/0,002170,Aircraft humidity sensors Code table 0 02 170,0,"SpectraSensors WVSS-II, Version 1",,,,,Operational
bufr4/0/02/170/1,002170,Aircraft humidity sensors Code table 0 02 170,1,"SpectraSensors WVSS-II, Version 2",,,,,Operational
bufr4/0/02/170/2,002170,Aircraft humidity sensors Code table 0 02 170,2,"SpectraSensors WVSS-II, Version 3",,,,,Operational
bufr4/0/02/170/3-61,002170,Aircraft humidity sensors Code table 0 02 170,3-61,Reserved,,,,,Operational
bufr4/0/02/170/62,002170,Aircraft humidity sensors Code table 0 02 170,62,Other,,,,,Operational
bufr4/0/02/170/63,002170,Aircraft humidity sensors Code table 0 02 170,63,Missing value,,,,,Operational
bufr4/0/02/172/0,002172,Product type for retrieved atmospheric gases Code table 0 02 172,0,Reserved,,,,,Operational
bufr4/0/02/172/1,002172,Product type for retrieved atmospheric gases Code table 0 02 172,1,Retrieval from a nadir sounding,,,,,Operational
bufr4/0/02/172/2,002172,Product type for retrieved atmospheric gases Code table 0 02 172,2,Retrieval from a limb sounding,,,,,Operational
bufr4/0/02/172/3-254,002172,Product type for retrieved atmospheric gases Code table 0 02 172,3-254,Reserved,,,,,Operational
bufr4/0/02/172/255,002172,Product type for retrieved atmospheric gases Code table 0 02 172,255,Missing value,,,,,Operational
bufr4/0/02/175/0,002175,Method of precipitation measurement Code table 0 02 175,0,Manual measurement,,,,,Operational
bufr4/0/02/175/1,002175,Method of precipitation measurement Code table 0 02 175,1,Tipping bucket method,,,,,Operational
bufr4/0/02/175/2,002175,Method of precipitation measurement Code table 0 02 175,2,Weighing method,,,,,Operational
bufr4/0/02/175/3,002175,Method of precipitation measurement Code table 0 02 175,3,Optical method,,,,,Operational
bufr4/0/02/175/4,002175,Method of precipitation measurement Code table 0 02 175,4,Pressure method,,,,,Operational
bufr4/0/02/175/5,002175,Method of precipitation measurement Code table 0 02 175,5,Float method,,,,,Operational
bufr4/0/02/175/6,002175,Method of precipitation measurement Code table 0 02 175,6,Drop counter method,,,,,Operational
bufr4/0/02/175/7-13,002175,Method of precipitation measurement Code table 0 02 175,7-13,Reserved,,,,,Operational
bufr4/0/02/175/14,002175,Method of precipitation measurement Code table 0 02 175,14,Others,,,,,Operational
bufr4/0/02/175/15,002175,Method of precipitation measurement Code table 0 02 175,15,Missing value,,,,,Operational
bufr4/0/02/176/0,002176,Method of state of ground measurement Code table 0 02 176,0,Manual observation,,,,,Operational
bufr4/0/02/176/1,002176,Method of state of ground measurement Code table 0 02 176,1,Video camera method,,,,,Operational
bufr4/0/02/176/2,002176,Method of state of ground measurement Code table 0 02 176,2,Infrared method,,,,,Operational
bufr4/0/02/176/3,002176,Method of state of ground measurement Code table 0 02 176,3,Laser method,,,,,Operational
bufr4/0/02/176/4-13,002176,Method of state of ground measurement Code table 0 02 176,4-13,Reserved,,,,,Operational
bufr4/0/02/176/14,002176,Method of state of ground measurement Code table 0 02 176,14,Others,,,,,Operational
bufr4/0/02/176/15,002176,Method of state of ground measurement Code table 0 02 176,15,Missing value,,,,,Operational
bufr4/0/02/177/0,002177,Method of snow depth measurement Code table 0 02 177,0,Manual observation,,,,,Operational
bufr4/0/02/177/1,002177,Method of snow depth measurement Code table 0 02 177,1,Ultrasonic method,,,,,Operational
bufr4/0/02/177/2,002177,Method of snow depth measurement Code table 0 02 177,2,Video camera method,,,,,Operational
bufr4/0/02/177/3,002177,Method of snow depth measurement Code table 0 02 177,3,Laser method,,,,,Operational
bufr4/0/02/177/4-13,002177,Method of snow depth measurement Code table 0 02 177,4-13,Reserved,,,,,Operational
bufr4/0/02/177/14,002177,Method of snow depth measurement Code table 0 02 177,14,Others,,,,,Operational
bufr4/0/02/177/15,002177,Method of snow depth measurement Code table 0 02 177,15,Missing value,,,,,Operational
bufr4/0/02/178/0,002178,Method of liquid content measurement of precipitation Code table 0 02 178,0,Manual observation,,,,,Operational
bufr4/0/02/178/1,002178,Method of liquid content measurement of precipitation Code table 0 02 178,1,Optical method,,,,,Operational
bufr4/0/02/178/2,002178,Method of liquid content measurement of precipitation Code table 0 02 178,2,Capacitive method,,,,,Operational
bufr4/0/02/178/3-13,002178,Method of liquid content measurement of precipitation Code table 0 02 178,3-13,Reserved,,,,,Operational
bufr4/0/02/178/14,002178,Method of liquid content measurement of precipitation Code table 0 02 178,14,Others,,,,,Operational
bufr4/0/02/178/15,002178,Method of liquid content measurement of precipitation Code table 0 02 178,15,Missing value,,,,,Operational
bufr4/0/02/179/0,002179,Type of sky condition algorithm Code table 0 02 179,0,Manual observation,,,,,Operational
bufr4/0/02/179/1,002179,Type of sky condition algorithm Code table 0 02 179,1,VAISALA algorithm,,,,,Operational
bufr4/0/02/179/2,002179,Type of sky condition algorithm Code table 0 02 179,2,ASOS (FAA) algorithm,,,,,Operational
bufr4/0/02/179/3,002179,Type of sky condition algorithm Code table 0 02 179,3,AWOS (Canada) algorithm,,,,,Operational
bufr4/0/02/179/4-13,002179,Type of sky condition algorithm Code table 0 02 179,4-13,Reserved,,,,,Operational
bufr4/0/02/179/14,002179,Type of sky condition algorithm Code table 0 02 179,14,Others,,,,,Operational
bufr4/0/02/179/15,002179,Type of sky condition algorithm Code table 0 02 179,15,Missing value,,,,,Operational
bufr4/0/02/180/0,002180,Main present weather detecting system Code table 0 02 180,0,Manual observation,,,,,Operational
bufr4/0/02/180/1,002180,Main present weather detecting system Code table 0 02 180,1,Optical scatter system combined with precipitation occurrence sensing system,,,,,Operational
bufr4/0/02/180/2,002180,Main present weather detecting system Code table 0 02 180,2,Forward and/or backscatter system of visible light,,,,,Operational
bufr4/0/02/180/3,002180,Main present weather detecting system Code table 0 02 180,3,Forward and/or backscatter system of infrared light,,,,,Operational
bufr4/0/02/180/4,002180,Main present weather detecting system Code table 0 02 180,4,Infrared light emitting diode (IRED) system,,,,,Operational
bufr4/0/02/180/5,002180,Main present weather detecting system Code table 0 02 180,5,Doppler radar system,,,,,Operational
bufr4/0/02/180/6-13,002180,Main present weather detecting system Code table 0 02 180,6-13,Reserved,,,,,Operational
bufr4/0/02/180/14,002180,Main present weather detecting system Code table 0 02 180,14,Others,,,,,Operational
bufr4/0/02/180/15,002180,Main present weather detecting system Code table 0 02 180,15,Missing value,,,,,Operational
bufr4/0/02/181/1,002181,Supplementary present weather sensor Flag table 0 02 181,1,Rain detector,,,,,Operational
bufr4/0/02/181/2,002181,Supplementary present weather sensor Flag table 0 02 181,2,Freezing rain sensor,,,,,Operational
bufr4/0/02/181/3,002181,Supplementary present weather sensor Flag table 0 02 181,3,Ice detection sensor,,,,,Operational
bufr4/0/02/181/4,002181,Supplementary present weather sensor Flag table 0 02 181,4,Hail and ice pellet sensor,,,,,Operational
bufr4/0/02/181/5-19,002181,Supplementary present weather sensor Flag table 0 02 181,5-19,Reserved,,,,,Operational
bufr4/0/02/181/20,002181,Supplementary present weather sensor Flag table 0 02 181,20,Others All 21 Missing value,,,,,Operational
bufr4/0/02/182/0,002182,Visibility measurement system Code table 0 02 182,0,Manual measurement,,,,,Operational
bufr4/0/02/182/1,002182,Visibility measurement system Code table 0 02 182,1,Transmissometer system (base > 25 m),,,,,Operational
bufr4/0/02/182/2,002182,Visibility measurement system Code table 0 02 182,2,Transmissometer system (base < 25 m),,,,,Operational
bufr4/0/02/182/3,002182,Visibility measurement system Code table 0 02 182,3,Forward scatter system,,,,,Operational
bufr4/0/02/182/4,002182,Visibility measurement system Code table 0 02 182,4,Backscatter system,,,,,Operational
bufr4/0/02/182/5-13,002182,Visibility measurement system Code table 0 02 182,5-13,Reserved,,,,,Operational
bufr4/0/02/182/14,002182,Visibility measurement system Code table 0 02 182,14,Others,,,,,Operational
bufr4/0/02/182/15,002182,Visibility measurement system Code table 0 02 182,15,Missing value,,,,,Operational
bufr4/0/02/183/0,002183,Cloud detection system Code table 0 02 183,0,Manual observation,,,,,Operational
bufr4/0/02/183/1,002183,Cloud detection system Code table 0 02 183,1,Ceilometer system,,,,,Operational
bufr4/0/02/183/2,002183,Cloud detection system Code table 0 02 183,2,Infrared camera system,,,,,Operational
bufr4/0/02/183/3,002183,Cloud detection system Code table 0 02 183,3,Microwave visual camera system,,,,,Operational
bufr4/0/02/183/4,002183,Cloud detection system Code table 0 02 183,4,Sky imager system,,,,,Operational
bufr4/0/02/183/5,002183,Cloud detection system Code table 0 02 183,5,Video time-lapsed camera system,,,,,Operational
bufr4/0/02/183/6,002183,Cloud detection system Code table 0 02 183,6,Micropulse lidar (MPL) system,,,,,Operational
bufr4/0/02/183/7-13,002183,Cloud detection system Code table 0 02 183,7-13,Reserved,,,,,Operational
bufr4/0/02/183/14,002183,Cloud detection system Code table 0 02 183,14,Others,,,,,Operational
bufr4/0/02/183/15,002183,Cloud detection system Code table 0 02 183,15,Missing value,,,,,Operational
bufr4/0/02/184/0,002184,Type of lightning detection sensor Code table 0 02 184,0,Manual observation,,,,,Operational
bufr4/0/02/184/1,002184,Type of lightning detection sensor Code table 0 02 184,1,Lightning imaging sensor,,,,,Operational
bufr4/0/02/184/2,002184,Type of lightning detection sensor Code table 0 02 184,2,Electrical storm identification sensor,,,,,Operational
bufr4/0/02/184/3,002184,Type of lightning detection sensor Code table 0 02 184,3,Magnetic finder sensor,,,,,Operational
bufr4/0/02/184/4,002184,Type of lightning detection sensor Code table 0 02 184,4,Lightning strike sensor,,,,,Operational
bufr4/0/02/184/5,002184,Type of lightning detection sensor Code table 0 02 184,5,Flash counter,,,,,Operational
bufr4/0/02/184/6,002184,Type of lightning detection sensor Code table 0 02 184,6,ATDnet VLF waveform correlated sensor,,,,,Operational
bufr4/0/02/184/7-13,002184,Type of lightning detection sensor Code table 0 02 184,7-13,Reserved,,,,,Operational
bufr4/0/02/184/14,002184,Type of lightning detection sensor Code table 0 02 184,14,Others,,,,,Operational
bufr4/0/02/184/15,002184,Type of lightning detection sensor Code table 0 02 184,15,Missing value,,,,,Operational
bufr4/0/02/185/0,002185,Method of evaporation measurement Code table 0 02 185,0,Manual measurement,,,,,Operational
bufr4/0/02/185/1,002185,Method of evaporation measurement Code table 0 02 185,1,Balanced floating method,,,,,Operational
bufr4/0/02/185/2,002185,Method of evaporation measurement Code table 0 02 185,2,Pressure method,,,,,Operational
bufr4/0/02/185/3,002185,Method of evaporation measurement Code table 0 02 185,3,Ultrasonic method,,,,,Operational
bufr4/0/02/185/4,002185,Method of evaporation measurement Code table 0 02 185,4,Hydraulic method,,,,,Operational
bufr4/0/02/185/5-13,002185,Method of evaporation measurement Code table 0 02 185,5-13,Reserved,,,,,Operational
bufr4/0/02/185/14,002185,Method of evaporation measurement Code table 0 02 185,14,Others,,,,,Operational
bufr4/0/02/185/15,002185,Method of evaporation measurement Code table 0 02 185,15,Missing value,,,,,Operational
bufr4/0/02/186/1,002186,Capability to detect precipitation phenomena Flag table 0 02 186,1,Precipitation-unknown type,,,,,Operational
bufr4/0/02/186/2,002186,Capability to detect precipitation phenomena Flag table 0 02 186,2,Liquid precipitation not freezing,,,,,Operational
bufr4/0/02/186/3,002186,Capability to detect precipitation phenomena Flag table 0 02 186,3,Liquid freezing precipitation,,,,,Operational
bufr4/0/02/186/4,002186,Capability to detect precipitation phenomena Flag table 0 02 186,4,Drizzle,,,,,Operational
bufr4/0/02/186/5,002186,Capability to detect precipitation phenomena Flag table 0 02 186,5,Rain,,,,,Operational
bufr4/0/02/186/6,002186,Capability to detect precipitation phenomena Flag table 0 02 186,6,Solid precipitation,,,,,Operational
bufr4/0/02/186/7,002186,Capability to detect precipitation phenomena Flag table 0 02 186,7,Snow,,,,,Operational
bufr4/0/02/186/8,002186,Capability to detect precipitation phenomena Flag table 0 02 186,8,Snow grains,,,,,Operational
bufr4/0/02/186/9,002186,Capability to detect precipitation phenomena Flag table 0 02 186,9,Snow pellets,,,,,Operational
bufr4/0/02/186/10,002186,Capability to detect precipitation phenomena Flag table 0 02 186,10,Ice pellets,,,,,Operational
bufr4/0/02/186/11,002186,Capability to detect precipitation phenomena Flag table 0 02 186,11,Ice crystals,,,,,Operational
bufr4/0/02/186/12,002186,Capability to detect precipitation phenomena Flag table 0 02 186,12,Diamond dust,,,,,Operational
bufr4/0/02/186/13,002186,Capability to detect precipitation phenomena Flag table 0 02 186,13,Small hail,,,,,Operational
bufr4/0/02/187/1,002187,Capability to detect other weather phenomena Flag table 0 02 187,1,Dust/sand whirl,,,,,Operational
bufr4/0/02/187/2,002187,Capability to detect other weather phenomena Flag table 0 02 187,2,Squalls,,,,,Operational
bufr4/0/02/187/3,002187,Capability to detect other weather phenomena Flag table 0 02 187,3,Sand storm,,,,,Operational
bufr4/0/02/187/4,002187,Capability to detect other weather phenomena Flag table 0 02 187,4,Dust storm,,,,,Operational
bufr4/0/02/187/5,002187,Capability to detect other weather phenomena Flag table 0 02 187,5,Lightning – cloud to surface,,,,,Operational
bufr4/0/02/187/6,002187,Capability to detect other weather phenomena Flag table 0 02 187,6,Lightning – cloud to cloud,,,,,Operational
bufr4/0/02/187/7,002187,Capability to detect other weather phenomena Flag table 0 02 187,7,Lightning – distant,,,,,Operational
bufr4/0/02/187/8,002187,Capability to detect other weather phenomena Flag table 0 02 187,8,Thunderstorm,,,,,Operational
bufr4/0/02/187/9,002187,Capability to detect other weather phenomena Flag table 0 02 187,9,Funnel cloud not touching surface,,,,,Operational
bufr4/0/02/187/10,002187,Capability to detect other weather phenomena Flag table 0 02 187,10,Funnel cloud touching surface,,,,,Operational
bufr4/0/02/187/11,002187,Capability to detect other weather phenomena Flag table 0 02 187,11,Spray,,,,,Operational
bufr4/0/02/187/12-17,002187,Capability to detect other weather phenomena Flag table 0 02 187,12-17,Reserved All 18 Missing value,,,,,Operational
bufr4/0/02/188/1,002188,Capability to detect obscuration Flag table 0 02 188,1,Fog,,,,,Operational
bufr4/0/02/188/2,002188,Capability to detect obscuration Flag table 0 02 188,2,Ice fog,,,,,Operational
bufr4/0/02/188/3,002188,Capability to detect obscuration Flag table 0 02 188,3,Steam fog,,,,,Operational
bufr4/0/02/188/4-6,002188,Capability to detect obscuration Flag table 0 02 188,4-6,Reserved,,,,,Operational
bufr4/0/02/188/7,002188,Capability to detect obscuration Flag table 0 02 188,7,Mist,,,,,Operational
bufr4/0/02/188/8,002188,Capability to detect obscuration Flag table 0 02 188,8,Haze,,,,,Operational
bufr4/0/02/188/9,002188,Capability to detect obscuration Flag table 0 02 188,9,Smoke,,,,,Operational
bufr4/0/02/188/10,002188,Capability to detect obscuration Flag table 0 02 188,10,Volcanic ash,,,,,Operational
bufr4/0/02/188/11,002188,Capability to detect obscuration Flag table 0 02 188,11,Dust,,,,,Operational
bufr4/0/02/188/12,002188,Capability to detect obscuration Flag table 0 02 188,12,Sand,,,,,Operational
bufr4/0/02/188/13,002188,Capability to detect obscuration Flag table 0 02 188,13,Snow,,,,,Operational
bufr4/0/02/188/14-20,002188,Capability to detect obscuration Flag table 0 02 188,14-20,Reserved All 21 Missing value,,,,,Operational
bufr4/0/02/189/1,002189,Capability to discriminate lightning strikes Flag table 0 02 189,1,Manual observation,,,,,Operational
bufr4/0/02/189/2,002189,Capability to discriminate lightning strikes Flag table 0 02 189,2,All lightning strikes without discrimination,,,,,Operational
bufr4/0/02/189/3,002189,Capability to discriminate lightning strikes Flag table 0 02 189,3,Lightning strikes cloud to ground only,,,,,Operational
bufr4/0/02/189/4,002189,Capability to discriminate lightning strikes Flag table 0 02 189,4,All lightning strikes with discrimination between cloud to ground and cloud to cloud,,,,,Operational
bufr4/0/02/189/5-11,002189,Capability to discriminate lightning strikes Flag table 0 02 189,5-11,Reserved All 12 Missing value,,,,,Operational
bufr4/0/02/191/0,002191,Geopotential height calculation Code table 0 02 191,0,Geopotential height calculated from pressure,,,,,Operational
bufr4/0/02/191/1,002191,Geopotential height calculation Code table 0 02 191,1,Geopotential height calculated from GPS height,,,,,Operational
bufr4/0/02/191/2,002191,Geopotential height calculation Code table 0 02 191,2,Geopotential height calculated from radar height,,,,,Operational
bufr4/0/02/191/3-14,002191,Geopotential height calculation Code table 0 02 191,3-14,Reserved,,,,,Operational
bufr4/0/02/191/15,002191,Geopotential height calculation Code table 0 02 191,15,Missing value,,,,,Operational
