Id,Category,CategoryOfSequences_en,FXY1,Title_en,SubTitle_en,FXY2,ElementName_en,ElementDescription_en,Note_en,noteIDs,Status
bufr4/3/40/001/1/001007,40,Category 40 — Additional satellite report sequences,340001,(IASI Level 1c data),,001007,Satellite identifier,,,,Operational
bufr4/3/40/001/2/001031,40,Category 40 — Additional satellite report sequences,340001,(IASI Level 1c data),,001031,Identification of originating/generating centre,,,,Operational
bufr4/3/40/001/3/002019,40,Category 40 — Additional satellite report sequences,340001,(IASI Level 1c data),,002019,Satellite instruments,,,,Operational
bufr4/3/40/001/4/002020,40,Category 40 — Additional satellite report sequences,340001,(IASI Level 1c data),,002020,Satellite classification,,,,Operational
bufr4/3/40/001/5/004001,40,Category 40 — Additional satellite report sequences,340001,(IASI Level 1c data),,004001,Year,,,,Operational
bufr4/3/40/001/6/004002,40,Category 40 — Additional satellite report sequences,340001,(IASI Level 1c data),,004002,Month,,,,Operational
bufr4/3/40/001/7/004003,40,Category 40 — Additional satellite report sequences,340001,(IASI Level 1c data),,004003,Day,,,,Operational
bufr4/3/40/001/8/004004,40,Category 40 — Additional satellite report sequences,340001,(IASI Level 1c data),,004004,Hour,,,,Operational
bufr4/3/40/001/9/004005,40,Category 40 — Additional satellite report sequences,340001,(IASI Level 1c data),,004005,Minute,,,,Operational
bufr4/3/40/001/10/202131,40,Category 40 — Additional satellite report sequences,340001,(IASI Level 1c data),,202131,Change scale Add 3 to scale,,,,Operational
bufr4/3/40/001/11/201138,40,Category 40 — Additional satellite report sequences,340001,(IASI Level 1c data),,201138,Change data width Add 10 to width,,,,Operational
bufr4/3/40/001/12/004006,40,Category 40 — Additional satellite report sequences,340001,(IASI Level 1c data),,004006,Second,,,,Operational
bufr4/3/40/001/13/201000,40,Category 40 — Additional satellite report sequences,340001,(IASI Level 1c data),,201000,Change data width Cancel,,,,Operational
bufr4/3/40/001/14/202000,40,Category 40 — Additional satellite report sequences,340001,(IASI Level 1c data),,202000,Change scale Cancel,,,,Operational
bufr4/3/40/001/15/005001,40,Category 40 — Additional satellite report sequences,340001,(IASI Level 1c data),,005001,Latitude (high accuracy),,,,Operational
bufr4/3/40/001/16/006001,40,Category 40 — Additional satellite report sequences,340001,(IASI Level 1c data),,006001,Longitude (high accuracy),,,,Operational
bufr4/3/40/001/17/007024,40,Category 40 — Additional satellite report sequences,340001,(IASI Level 1c data),,007024,Satellite zenith angle,,,,Operational
bufr4/3/40/001/18/005021,40,Category 40 — Additional satellite report sequences,340001,(IASI Level 1c data),,005021,Bearing or azimuth,,,,Operational
bufr4/3/40/001/19/007025,40,Category 40 — Additional satellite report sequences,340001,(IASI Level 1c data),,007025,Solar zenith angle,,,,Operational
bufr4/3/40/001/20/005022,40,Category 40 — Additional satellite report sequences,340001,(IASI Level 1c data),,005022,Solar azimuth,,,,Operational
bufr4/3/40/001/21/005043,40,Category 40 — Additional satellite report sequences,340001,(IASI Level 1c data),,005043,Field of view number,,,,Operational
bufr4/3/40/001/22/005040,40,Category 40 — Additional satellite report sequences,340001,(IASI Level 1c data),,005040,Orbit number,,,,Operational
bufr4/3/40/001/23/201133,40,Category 40 — Additional satellite report sequences,340001,(IASI Level 1c data),,201133,Change data width Add 5 to width,,,,Operational
bufr4/3/40/001/24/005041,40,Category 40 — Additional satellite report sequences,340001,(IASI Level 1c data),,005041,Scan line number,,,,Operational
bufr4/3/40/001/25/201000,40,Category 40 — Additional satellite report sequences,340001,(IASI Level 1c data),,201000,Change data width Cancel,,,,Operational
bufr4/3/40/001/26/201132,40,Category 40 — Additional satellite report sequences,340001,(IASI Level 1c data),,201132,Change data width Add 4 to width,,,,Operational
bufr4/3/40/001/27/025070,40,Category 40 — Additional satellite report sequences,340001,(IASI Level 1c data),,025070,Major frame count,,,,Operational
bufr4/3/40/001/28/201000,40,Category 40 — Additional satellite report sequences,340001,(IASI Level 1c data),,201000,Change data width Cancel,,,,Operational
bufr4/3/40/001/29/202126,40,Category 40 — Additional satellite report sequences,340001,(IASI Level 1c data),,202126,Change scale Subtract 2 from scale,,,,Operational
bufr4/3/40/001/30/007001,40,Category 40 — Additional satellite report sequences,340001,(IASI Level 1c data),,007001,Height of station,,,,Operational
bufr4/3/40/001/31/202000,40,Category 40 — Additional satellite report sequences,340001,(IASI Level 1c data),,202000,Change scale Cancel,,,,Operational
bufr4/3/40/001/32/033060,40,Category 40 — Additional satellite report sequences,340001,(IASI Level 1c data),,033060,GqisFlagQual – individual IASI-System quality flag,,,,Operational
bufr4/3/40/001/33/033061,40,Category 40 — Additional satellite report sequences,340001,(IASI Level 1c data),,033061,GqisQualIndex – indicator for instrument noise performance (contributions from spectral and radiometric calibration),,,,Operational
bufr4/3/40/001/34/033062,40,Category 40 — Additional satellite report sequences,340001,(IASI Level 1c data),,033062,GqisQualIndexLoc – indicator for geometric quality index,,,,Operational
bufr4/3/40/001/35/033063,40,Category 40 — Additional satellite report sequences,340001,(IASI Level 1c data),,033063,GqisQualIndexRad – indicator for instrument noise performance (contributions from radiometric calibration),,,,Operational
bufr4/3/40/001/36/033064,40,Category 40 — Additional satellite report sequences,340001,(IASI Level 1c data),,033064,GqisQualIndexSpect – indicator for instrument noise performance (contributions from spectral calibration) I.2 – BUFR Table D/40 — 1,,,,Operational
bufr4/3/40/001/37/033065,40,Category 40 — Additional satellite report sequences,340001,,,033065,GqisSysTecSondQual – output of system TEC,,,,Operational
bufr4/3/40/001/38/101010,40,Category 40 — Additional satellite report sequences,340001,,,101010,Replicate 1 descriptor 10 times,,,,Operational
bufr4/3/40/001/39/340002,40,Category 40 — Additional satellite report sequences,340001,,,340002,Band description,,,,Operational
bufr4/3/40/001/40/101087,40,Category 40 — Additional satellite report sequences,340001,,,101087,Replicate 1 descriptor 87 times,,,,Operational
bufr4/3/40/001/41/340003,40,Category 40 — Additional satellite report sequences,340001,,,340003,IASI Level 1c 100 channels,,,,Operational
bufr4/3/40/001/42/002019,40,Category 40 — Additional satellite report sequences,340001,,,002019,Satellite instruments,,,,Operational
bufr4/3/40/001/43/025051,40,Category 40 — Additional satellite report sequences,340001,,,025051,AVHRR channel combination,,,,Operational
bufr4/3/40/001/44/101007,40,Category 40 — Additional satellite report sequences,340001,,,101007,Replicate 1 descriptor 7 times,,,,Operational
bufr4/3/40/001/45/340004,40,Category 40 — Additional satellite report sequences,340001,,,340004,IASI Level 1c AVHRR single scene (Band description),,,,Operational
bufr4/3/40/002/1/025140,40,Category 40 — Additional satellite report sequences,340002,(Technical Expertise Centre) quality function Replicate 1 descriptor 10 times Band description Replicate 1 descriptor 87 times IASI Level 1c 100 channels Satellite instruments AVHRR channel combination Replicate 1 descriptor 7 times IASI Level 1c AVHRR single scene (Band description),,025140,Start channel,,,,Operational
bufr4/3/40/002/2/025141,40,Category 40 — Additional satellite report sequences,340002,(Technical Expertise Centre) quality function Replicate 1 descriptor 10 times Band description Replicate 1 descriptor 87 times IASI Level 1c 100 channels Satellite instruments AVHRR channel combination Replicate 1 descriptor 7 times IASI Level 1c AVHRR single scene (Band description),,025141,End channel,,,,Operational
bufr4/3/40/002/3/025142,40,Category 40 — Additional satellite report sequences,340002,(Technical Expertise Centre) quality function Replicate 1 descriptor 10 times Band description Replicate 1 descriptor 87 times IASI Level 1c 100 channels Satellite instruments AVHRR channel combination Replicate 1 descriptor 7 times IASI Level 1c AVHRR single scene (Band description),,025142,Channel scale factor,,,,Operational
bufr4/3/40/003/1/104100,40,Category 40 — Additional satellite report sequences,340003,(IASI Level 1c 100 channels),,104100,Replicate 4 descriptors 100 times,,,,Operational
bufr4/3/40/003/2/201136,40,Category 40 — Additional satellite report sequences,340003,(IASI Level 1c 100 channels),,201136,Change data width Add 8 to width,,,,Operational
bufr4/3/40/003/3/005042,40,Category 40 — Additional satellite report sequences,340003,(IASI Level 1c 100 channels),,005042,Channel number,,,,Operational
bufr4/3/40/003/4/201000,40,Category 40 — Additional satellite report sequences,340003,(IASI Level 1c 100 channels),,201000,Change data width Cancel,,,,Operational
bufr4/3/40/003/5/014046,40,Category 40 — Additional satellite report sequences,340003,(IASI Level 1c 100 channels),,014046,Scaled radiance,,,,Operational
bufr4/3/40/004/1/005060,40,Category 40 — Additional satellite report sequences,340004,(IASI Level 1c AVHRR single scene),,005060,Y angular position from centre of gravity,,,,Operational
bufr4/3/40/004/2/005061,40,Category 40 — Additional satellite report sequences,340004,(IASI Level 1c AVHRR single scene),,005061,Z angular position from centre of gravity,,,,Operational
bufr4/3/40/004/3/025085,40,Category 40 — Additional satellite report sequences,340004,(IASI Level 1c AVHRR single scene),,025085,Fraction of clear pixels in HIRS FOV,,,,Operational
bufr4/3/40/004/4/105006,40,Category 40 — Additional satellite report sequences,340004,(IASI Level 1c AVHRR single scene),,105006,Replicate 5 descriptors 6 times,,,,Operational
bufr4/3/40/004/5/005042,40,Category 40 — Additional satellite report sequences,340004,(IASI Level 1c AVHRR single scene),,005042,Channel number,,,,Operational
bufr4/3/40/004/6/025142,40,Category 40 — Additional satellite report sequences,340004,(IASI Level 1c AVHRR single scene),,025142,Channel scale factor,,,,Operational
bufr4/3/40/004/7/014047,40,Category 40 — Additional satellite report sequences,340004,(IASI Level 1c AVHRR single scene),,014047,Scaled mean AVHRR radiance,,,,Operational
bufr4/3/40/004/8/025142,40,Category 40 — Additional satellite report sequences,340004,(IASI Level 1c AVHRR single scene),,025142,Channel scale factor,,,,Operational
bufr4/3/40/004/9/014048,40,Category 40 — Additional satellite report sequences,340004,(IASI Level 1c AVHRR single scene),,014048,Scaled standard deviation AVHRR radiance,,,,Operational
bufr4/3/40/005/1/001007,40,Category 40 — Additional satellite report sequences,340005,(JASON2 OGDR data),,001007,Satellite identifier,,,,Operational
bufr4/3/40/005/2/002019,40,Category 40 — Additional satellite report sequences,340005,(JASON2 OGDR data),,002019,Satellite instruments,,,,Operational
bufr4/3/40/005/3/001096,40,Category 40 — Additional satellite report sequences,340005,(JASON2 OGDR data),,001096,Station acquisition,,,,Operational
bufr4/3/40/005/4/025061,40,Category 40 — Additional satellite report sequences,340005,(JASON2 OGDR data),,025061,Software identification and version number,,,,Operational
bufr4/3/40/005/5/005044,40,Category 40 — Additional satellite report sequences,340005,(JASON2 OGDR data),,005044,Satellite cycle number,,,,Operational
bufr4/3/40/005/6/005040,40,Category 40 — Additional satellite report sequences,340005,(JASON2 OGDR data),,005040,Orbit number,,,,Operational
bufr4/3/40/005/7/001030,40,Category 40 — Additional satellite report sequences,340005,(JASON2 OGDR data),,001030,Numerical model identifier I.2 – BUFR Table D/40 — 2,,,,Operational
bufr4/3/40/005/8/004001,40,Category 40 — Additional satellite report sequences,340005,,,004001,Year,,,,Operational
bufr4/3/40/005/9/004002,40,Category 40 — Additional satellite report sequences,340005,,,004002,Month,,,,Operational
bufr4/3/40/005/10/004003,40,Category 40 — Additional satellite report sequences,340005,,,004003,Day,,,,Operational
bufr4/3/40/005/11/004004,40,Category 40 — Additional satellite report sequences,340005,,,004004,Hour,,,,Operational
bufr4/3/40/005/12/004005,40,Category 40 — Additional satellite report sequences,340005,,,004005,Minute,,,,Operational
bufr4/3/40/005/13/004007,40,Category 40 — Additional satellite report sequences,340005,,,004007,Seconds within a minute (microsecond accuracy) Location and surface type,,,,Operational
bufr4/3/40/005/14/005001,40,Category 40 — Additional satellite report sequences,340005,,,005001,Latitude (high accuracy),,,,Operational
bufr4/3/40/005/15/006001,40,Category 40 — Additional satellite report sequences,340005,,,006001,Longitude (high accuracy),,,,Operational
bufr4/3/40/005/16/008029,40,Category 40 — Additional satellite report sequences,340005,,,008029,Surface type,,,,Operational
bufr4/3/40/005/17/008074,40,Category 40 — Additional satellite report sequences,340005,,,008074,Altimeter echo type,,,,Operational
bufr4/3/40/005/18/008077,40,Category 40 — Additional satellite report sequences,340005,,,008077,Radiometer sensed surface type Flags,,,,Operational
bufr4/3/40/005/19/040011,40,Category 40 — Additional satellite report sequences,340005,,,040011,Interpolation flag,,,,Operational
bufr4/3/40/005/20/025097,40,Category 40 — Additional satellite report sequences,340005,,,025097,Three-dimensional error estimate of the navigator orbit,,,,Operational
bufr4/3/40/005/21/025095,40,Category 40 — Additional satellite report sequences,340005,,,025095,Altimeter state flag,,,,Operational
bufr4/3/40/005/22/025098,40,Category 40 — Additional satellite report sequences,340005,,,025098,Altimeter data quality flag,,,,Operational
bufr4/3/40/005/23/025099,40,Category 40 — Additional satellite report sequences,340005,,,025099,Altimeter correction quality flag,,,,Operational
bufr4/3/40/005/24/021144,40,Category 40 — Additional satellite report sequences,340005,,,021144,Altimeter rain flag,,,,Operational
bufr4/3/40/005/25/025096,40,Category 40 — Additional satellite report sequences,340005,,,025096,Radiometer state flag,,,,Operational
bufr4/3/40/005/26/040012,40,Category 40 — Additional satellite report sequences,340005,,,040012,Radiometer data quality flag,,,,Operational
bufr4/3/40/005/27/040013,40,Category 40 — Additional satellite report sequences,340005,,,040013,Radiometer brightness temperature interpretation flag,,,,Operational
bufr4/3/40/005/28/021169,40,Category 40 — Additional satellite report sequences,340005,,,021169,Ice presence indicator Altimeter: Ku band,,,,Operational
bufr4/3/40/005/29/022151,40,Category 40 — Additional satellite report sequences,340005,,,022151,Ku band ocean range,,,,Operational
bufr4/3/40/005/30/022162,40,Category 40 — Additional satellite report sequences,340005,,,022162,RMS of 20 Hz Ku band ocean range,,,,Operational
bufr4/3/40/005/31/022163,40,Category 40 — Additional satellite report sequences,340005,,,022163,Number of 20 Hz valid points for Ku band,,,,Operational
bufr4/3/40/005/32/025160,40,Category 40 — Additional satellite report sequences,340005,,,025160,Ku band net instrumental correction,,,,Operational
bufr4/3/40/005/33/025133,40,Category 40 — Additional satellite report sequences,340005,,,025133,Sea state bias correction on Ku band,,,,Operational
bufr4/3/40/005/34/022156,40,Category 40 — Additional satellite report sequences,340005,,,022156,Ku band significant wave height,,,,Operational
bufr4/3/40/005/35/022164,40,Category 40 — Additional satellite report sequences,340005,,,022164,RMS 20 Hz Ku band significant wave height,,,,Operational
bufr4/3/40/005/36/022165,40,Category 40 — Additional satellite report sequences,340005,,,022165,Number of 20 Hz valid points for Ku band significant wave height,,,,Operational
bufr4/3/40/005/37/022166,40,Category 40 — Additional satellite report sequences,340005,,,022166,Ku band net instrumental correction for significant wave height,,,,Operational
bufr4/3/40/005/38/021137,40,Category 40 — Additional satellite report sequences,340005,,,021137,Ku band corrected ocean backscatter coefficient,,,,Operational
bufr4/3/40/005/39/021138,40,Category 40 — Additional satellite report sequences,340005,,,021138,STD Ku band corrected ocean backscatter coefficient,,,,Operational
bufr4/3/40/005/40/022167,40,Category 40 — Additional satellite report sequences,340005,,,022167,Number of valid points for Ku band backscatter,,,,Operational
bufr4/3/40/005/41/021139,40,Category 40 — Additional satellite report sequences,340005,,,021139,Ku band net instrumental correction for AGC,,,,Operational
bufr4/3/40/005/42/021118,40,Category 40 — Additional satellite report sequences,340005,,,021118,Attenuation correction on sigma-0 I.2 – BUFR Table D/40 — 3,,,,Operational
bufr4/3/40/005/43/021145,40,Category 40 — Additional satellite report sequences,340005,,,021145,Ku band automatic gain control,,,,Operational
bufr4/3/40/005/44/021146,40,Category 40 — Additional satellite report sequences,340005,,,021146,RMS Ku band automatic gain control,,,,Operational
bufr4/3/40/005/45/021147,40,Category 40 — Additional satellite report sequences,340005,,,021147,Number of valid points for Ku band automatic gain control Altimeter: C band,,,,Operational
bufr4/3/40/005/46/022168,40,Category 40 — Additional satellite report sequences,340005,,,022168,C band ocean range,,,,Operational
bufr4/3/40/005/47/022169,40,Category 40 — Additional satellite report sequences,340005,,,022169,RMS of C band ocean range,,,,Operational
bufr4/3/40/005/48/022170,40,Category 40 — Additional satellite report sequences,340005,,,022170,Number of 20 Hz valid points for C band,,,,Operational
bufr4/3/40/005/49/025161,40,Category 40 — Additional satellite report sequences,340005,,,025161,C band net instrumental correction,,,,Operational
bufr4/3/40/005/50/025162,40,Category 40 — Additional satellite report sequences,340005,,,025162,Sea state bias correction on C band,,,,Operational
bufr4/3/40/005/51/022171,40,Category 40 — Additional satellite report sequences,340005,,,022171,C band significant wave height,,,,Operational
bufr4/3/40/005/52/022172,40,Category 40 — Additional satellite report sequences,340005,,,022172,RMS 20 Hz C band significant wave height,,,,Operational
bufr4/3/40/005/53/022173,40,Category 40 — Additional satellite report sequences,340005,,,022173,Number of 20 Hz valid points for C band significant wave height,,,,Operational
bufr4/3/40/005/54/022174,40,Category 40 — Additional satellite report sequences,340005,,,022174,C band net instrumental correction for significant wave height,,,,Operational
bufr4/3/40/005/55/021170,40,Category 40 — Additional satellite report sequences,340005,,,021170,C band corrected ocean backscatter coefficient,,,,Operational
bufr4/3/40/005/56/021171,40,Category 40 — Additional satellite report sequences,340005,,,021171,RMS C band corrected ocean backscatter coefficient,,,,Operational
bufr4/3/40/005/57/022175,40,Category 40 — Additional satellite report sequences,340005,,,022175,Number of valid points for C band backscatter,,,,Operational
bufr4/3/40/005/58/021172,40,Category 40 — Additional satellite report sequences,340005,,,021172,C band net instrumental correction for AGC,,,,Operational
bufr4/3/40/005/59/021118,40,Category 40 — Additional satellite report sequences,340005,,,021118,Attenuation correction on sigma-0,,,,Operational
bufr4/3/40/005/60/021173,40,Category 40 — Additional satellite report sequences,340005,,,021173,C band automatic gain control,,,,Operational
bufr4/3/40/005/61/021174,40,Category 40 — Additional satellite report sequences,340005,,,021174,RMS C band automatic gain control,,,,Operational
bufr4/3/40/005/62/021175,40,Category 40 — Additional satellite report sequences,340005,,,021175,Number of valid points for C band automatic gain control Radiometer,,,,Operational
bufr4/3/40/005/63/002153,40,Category 40 — Additional satellite report sequences,340005,,,002153,Satellite channel centre frequency,,,,Operational
bufr4/3/40/005/64/012063,40,Category 40 — Additional satellite report sequences,340005,,,012063,Brightness temperature,,,,Operational
bufr4/3/40/005/65/002153,40,Category 40 — Additional satellite report sequences,340005,,,002153,Satellite channel centre frequency,,,,Operational
bufr4/3/40/005/66/012063,40,Category 40 — Additional satellite report sequences,340005,,,012063,Brightness temperature,,,,Operational
bufr4/3/40/005/67/002153,40,Category 40 — Additional satellite report sequences,340005,,,002153,Satellite channel centre frequency,,,,Operational
bufr4/3/40/005/68/012063,40,Category 40 — Additional satellite report sequences,340005,,,012063,Brightness temperature,,,,Operational
bufr4/3/40/005/69/013090,40,Category 40 — Additional satellite report sequences,340005,,,013090,Radiometer water vapour content,,,,Operational
bufr4/3/40/005/70/013091,40,Category 40 — Additional satellite report sequences,340005,,,013091,Radiometer liquid content Wind,,,,Operational
bufr4/3/40/005/71/007002,40,Category 40 — Additional satellite report sequences,340005,,,007002,Height or altitude,,,,Operational
bufr4/3/40/005/72/011097,40,Category 40 — Additional satellite report sequences,340005,,,011097,Wind speed from altimeter,,,,Operational
bufr4/3/40/005/73/011098,40,Category 40 — Additional satellite report sequences,340005,,,011098,Wind speed from radiometer,,,,Operational
bufr4/3/40/005/74/007002,40,Category 40 — Additional satellite report sequences,340005,,,007002,Height or altitude,,,,Operational
bufr4/3/40/005/75/011095,40,Category 40 — Additional satellite report sequences,340005,,,011095,u-component of the model wind vector,,,,Operational
bufr4/3/40/005/76/011096,40,Category 40 — Additional satellite report sequences,340005,,,011096,v-component of the model wind vector Dynamic topography,,,,Operational
bufr4/3/40/005/77/010096,40,Category 40 — Additional satellite report sequences,340005,,,010096,Mean dynamic topography,,,,Operational
bufr4/3/40/005/78/010081,40,Category 40 — Additional satellite report sequences,340005,,,010081,Altitude of COG above reference ellipsoid,,,,Operational
bufr4/3/40/005/79/010082,40,Category 40 — Additional satellite report sequences,340005,,,010082,Instantaneous altitude rate I.2 – BUFR Table D/40 — 4,,,,Operational
bufr4/3/40/005/80/010083,40,Category 40 — Additional satellite report sequences,340005,,,010083,Squared off nadir angle of the satellite from platform data,,,,Operational
bufr4/3/40/005/81/010101,40,Category 40 — Additional satellite report sequences,340005,,,010101,Squared off nadir angle of the satellite from waveform data,,,,Operational
bufr4/3/40/005/82/025132,40,Category 40 — Additional satellite report sequences,340005,,,025132,Ionospheric correction from model on Ku band,,,,Operational
bufr4/3/40/005/83/025163,40,Category 40 — Additional satellite report sequences,340005,,,025163,Altimeter ionospheric correction on Ku band,,,,Operational
bufr4/3/40/005/84/025126,40,Category 40 — Additional satellite report sequences,340005,,,025126,Model dry tropospheric correction,,,,Operational
bufr4/3/40/005/85/025128,40,Category 40 — Additional satellite report sequences,340005,,,025128,Model wet tropospheric correction,,,,Operational
bufr4/3/40/005/86/025164,40,Category 40 — Additional satellite report sequences,340005,,,025164,Radiometer wet tropospheric correction,,,,Operational
bufr4/3/40/005/87/010085,40,Category 40 — Additional satellite report sequences,340005,,,010085,Mean sea-surface height,,,,Operational
bufr4/3/40/005/88/010097,40,Category 40 — Additional satellite report sequences,340005,,,010097,Mean sea-surface height from altimeter only,,,,Operational
bufr4/3/40/005/89/010086,40,Category 40 — Additional satellite report sequences,340005,,,010086,Geoid’s height,,,,Operational
bufr4/3/40/005/90/010087,40,Category 40 — Additional satellite report sequences,340005,,,010087,Ocean depth/land elevation,,,,Operational
bufr4/3/40/005/91/010092,40,Category 40 — Additional satellite report sequences,340005,,,010092,Solid Earth tide height,,,,Operational
bufr4/3/40/005/92/010088,40,Category 40 — Additional satellite report sequences,340005,,,010088,Total geocentric ocean tide height (solution 1),,,,Operational
bufr4/3/40/005/93/010089,40,Category 40 — Additional satellite report sequences,340005,,,010089,Total geocentric ocean tide height (solution 2),,,,Operational
bufr4/3/40/005/94/010098,40,Category 40 — Additional satellite report sequences,340005,,,010098,Loading tide height geocentric ocean tide solution 1,,,,Operational
bufr4/3/40/005/95/010099,40,Category 40 — Additional satellite report sequences,340005,,,010099,Loading tide height geocentric ocean tide solution 2,,,,Operational
bufr4/3/40/005/96/010090,40,Category 40 — Additional satellite report sequences,340005,,,010090,Long period tide height,,,,Operational
bufr4/3/40/005/97/010100,40,Category 40 — Additional satellite report sequences,340005,,,010100,Non-equilibrium long period tide height,,,,Operational
bufr4/3/40/005/98/010093,40,Category 40 — Additional satellite report sequences,340005,,,010093,Geocentric pole tide height,,,,Operational
bufr4/3/40/005/99/025127,40,Category 40 — Additional satellite report sequences,340005,,,025127,Inverted barometer correction Sea-surface height correction due to pressure loading,,,,Operational
bufr4/3/40/005/100/040014,40,Category 40 — Additional satellite report sequences,340005,,,040014,High-frequency fluctuations of the sea-surface topography correction,,,,Operational
bufr4/3/40/007/1/001007,40,Category 40 — Additional satellite report sequences,340007,(IASI Level 1c data (all channels)),,001007,Satellite identifier,,,,Operational
bufr4/3/40/007/2/001031,40,Category 40 — Additional satellite report sequences,340007,(IASI Level 1c data (all channels)),,001031,Identification of originating/generating centre,,,,Operational
bufr4/3/40/007/3/002019,40,Category 40 — Additional satellite report sequences,340007,(IASI Level 1c data (all channels)),,002019,Satellite instruments,,,,Operational
bufr4/3/40/007/4/002020,40,Category 40 — Additional satellite report sequences,340007,(IASI Level 1c data (all channels)),,002020,Satellite classification,,,,Operational
bufr4/3/40/007/5/004001,40,Category 40 — Additional satellite report sequences,340007,(IASI Level 1c data (all channels)),,004001,Year,,,,Operational
bufr4/3/40/007/6/004002,40,Category 40 — Additional satellite report sequences,340007,(IASI Level 1c data (all channels)),,004002,Month,,,,Operational
bufr4/3/40/007/7/004003,40,Category 40 — Additional satellite report sequences,340007,(IASI Level 1c data (all channels)),,004003,Day,,,,Operational
bufr4/3/40/007/8/004004,40,Category 40 — Additional satellite report sequences,340007,(IASI Level 1c data (all channels)),,004004,Hour,,,,Operational
bufr4/3/40/007/9/004005,40,Category 40 — Additional satellite report sequences,340007,(IASI Level 1c data (all channels)),,004005,Minute,,,,Operational
bufr4/3/40/007/10/202131,40,Category 40 — Additional satellite report sequences,340007,(IASI Level 1c data (all channels)),,202131,Change scale Add 3 to scale,,,,Operational
bufr4/3/40/007/11/201138,40,Category 40 — Additional satellite report sequences,340007,(IASI Level 1c data (all channels)),,201138,Change data width Add 10 to width,,,,Operational
bufr4/3/40/007/12/004006,40,Category 40 — Additional satellite report sequences,340007,(IASI Level 1c data (all channels)),,004006,Second,,,,Operational
bufr4/3/40/007/13/201000,40,Category 40 — Additional satellite report sequences,340007,(IASI Level 1c data (all channels)),,201000,Change data width Cancel,,,,Operational
bufr4/3/40/007/14/202000,40,Category 40 — Additional satellite report sequences,340007,(IASI Level 1c data (all channels)),,202000,Change scale Cancel,,,,Operational
bufr4/3/40/007/15/005001,40,Category 40 — Additional satellite report sequences,340007,(IASI Level 1c data (all channels)),,005001,Latitude (high accuracy),,,,Operational
bufr4/3/40/007/16/006001,40,Category 40 — Additional satellite report sequences,340007,(IASI Level 1c data (all channels)),,006001,Longitude (high accuracy),,,,Operational
bufr4/3/40/007/17/007024,40,Category 40 — Additional satellite report sequences,340007,(IASI Level 1c data (all channels)),,007024,Satellite zenith angle I.2 – BUFR Table D/40 — 5,,,,Operational
bufr4/3/40/007/18/005021,40,Category 40 — Additional satellite report sequences,340007,,,005021,Bearing or azimuth,,,,Operational
bufr4/3/40/007/19/007025,40,Category 40 — Additional satellite report sequences,340007,,,007025,Solar zenith angle,,,,Operational
bufr4/3/40/007/20/005022,40,Category 40 — Additional satellite report sequences,340007,,,005022,Solar azimuth,,,,Operational
bufr4/3/40/007/21/005043,40,Category 40 — Additional satellite report sequences,340007,,,005043,Field of view number,,,,Operational
bufr4/3/40/007/22/005040,40,Category 40 — Additional satellite report sequences,340007,,,005040,Orbit number,,,,Operational
bufr4/3/40/007/23/201133,40,Category 40 — Additional satellite report sequences,340007,,,201133,Change data width Add 5 to width,,,,Operational
bufr4/3/40/007/24/005041,40,Category 40 — Additional satellite report sequences,340007,,,005041,Scan line number,,,,Operational
bufr4/3/40/007/25/201000,40,Category 40 — Additional satellite report sequences,340007,,,201000,Change data width Cancel,,,,Operational
bufr4/3/40/007/26/201132,40,Category 40 — Additional satellite report sequences,340007,,,201132,Change data width Add 4 to width,,,,Operational
bufr4/3/40/007/27/025070,40,Category 40 — Additional satellite report sequences,340007,,,025070,Major frame count,,,,Operational
bufr4/3/40/007/28/201000,40,Category 40 — Additional satellite report sequences,340007,,,201000,Change data width Cancel,,,,Operational
bufr4/3/40/007/29/202126,40,Category 40 — Additional satellite report sequences,340007,,,202126,Change scale Subtract 2 from scale,,,,Operational
bufr4/3/40/007/30/007001,40,Category 40 — Additional satellite report sequences,340007,,,007001,Height of station,,,,Operational
bufr4/3/40/007/31/202000,40,Category 40 — Additional satellite report sequences,340007,,,202000,Change scale Cancel,,,,Operational
bufr4/3/40/007/32/103003,40,Category 40 — Additional satellite report sequences,340007,,,103003,Replicate 3 descriptors 3 times,,,,Operational
bufr4/3/40/007/33/025140,40,Category 40 — Additional satellite report sequences,340007,,,025140,Start channel,,,,Operational
bufr4/3/40/007/34/025141,40,Category 40 — Additional satellite report sequences,340007,,,025141,End channel,,,,Operational
bufr4/3/40/007/35/033060,40,Category 40 — Additional satellite report sequences,340007,,,033060,GqisFlagQual – individual IASI-System quality flag,,,,Operational
bufr4/3/40/007/36/033061,40,Category 40 — Additional satellite report sequences,340007,,,033061,GqisQualIndex – indicator for instrument noise performance (contributions from spectral and radiometric calibration),,,,Operational
bufr4/3/40/007/37/033062,40,Category 40 — Additional satellite report sequences,340007,,,033062,GqisQualIndexLoc – indicator for geometric quality index,,,,Operational
bufr4/3/40/007/38/033063,40,Category 40 — Additional satellite report sequences,340007,,,033063,GqisQualIndexRad – indicator for instrument noise performance (contributions from radiometric calibration),,,,Operational
bufr4/3/40/007/39/033064,40,Category 40 — Additional satellite report sequences,340007,,,033064,GqisQualIndexSpect – indicator for instrument noise performance (contributions from spectral calibration),,,,Operational
bufr4/3/40/007/40/033065,40,Category 40 — Additional satellite report sequences,340007,,,033065,GqisSysTecSondQual – output of system TEC (Technical Expertise Centre) quality function,,,,Operational
bufr4/3/40/007/41/040020,40,Category 40 — Additional satellite report sequences,340007,,,040020,GqisFlagQualDetailed – quality flag for the system,,,,Operational
bufr4/3/40/007/42/101010,40,Category 40 — Additional satellite report sequences,340007,,,101010,Replicate 1 descriptor 10 times,,,,Operational
bufr4/3/40/007/43/340002,40,Category 40 — Additional satellite report sequences,340007,,,340002,Band description,,,,Operational
bufr4/3/40/007/44/101087,40,Category 40 — Additional satellite report sequences,340007,,,101087,Replicate 1 descriptor 87 times,,,,Operational
bufr4/3/40/007/45/340003,40,Category 40 — Additional satellite report sequences,340007,,,340003,IASI Level 1c 100 channels,,,,Operational
bufr4/3/40/007/46/002019,40,Category 40 — Additional satellite report sequences,340007,,,002019,Satellite instruments,,,,Operational
bufr4/3/40/007/47/025051,40,Category 40 — Additional satellite report sequences,340007,,,025051,AVHRR channel combination,,,,Operational
bufr4/3/40/007/48/101007,40,Category 40 — Additional satellite report sequences,340007,,,101007,Replicate 1 descriptor 7 times,,,,Operational
bufr4/3/40/007/49/340004,40,Category 40 — Additional satellite report sequences,340007,,,340004,IASI Level 1c AVHRR single scene,,,,Operational
bufr4/3/40/007/50/020081,40,Category 40 — Additional satellite report sequences,340007,,,020081,Cloud amount in segment,,,,Operational
bufr4/3/40/007/51/008029,40,Category 40 — Additional satellite report sequences,340007,,,008029,Surface type,,,,Operational
bufr4/3/40/007/52/020083,40,Category 40 — Additional satellite report sequences,340007,,,020083,Amount of segment covered by scene,,,,Operational
bufr4/3/40/007/53/008029,40,Category 40 — Additional satellite report sequences,340007,,,008029,Surface type,,,,Operational
bufr4/3/40/007/54/040018,40,Category 40 — Additional satellite report sequences,340007,,,040018,GIacAvgImagIIS – average of imager measurements I.2 – BUFR Table D/40 — 6,,,,Operational
bufr4/3/40/007/55/040019,40,Category 40 — Additional satellite report sequences,340007,,,040019,GIacVarImagIIS – variance of imager measurements,,,,Operational
bufr4/3/40/007/56/040021,40,Category 40 — Additional satellite report sequences,340007,,,040021,Fraction of weighted AVHRR pixel in IASI FOV covered with snow/ice,,,,Operational
bufr4/3/40/007/57/040022,40,Category 40 — Additional satellite report sequences,340007,,,040022,"Number of missing, bad or failed AVHRR pixels",,,,Operational
bufr4/3/40/008/1/001007,40,Category 40 — Additional satellite report sequences,340008,"(IASI sequence combining PC scores, channel selection and enhanced data)",,001007,Satellite identifier,,,,Operational
bufr4/3/40/008/2/001031,40,Category 40 — Additional satellite report sequences,340008,"(IASI sequence combining PC scores, channel selection and enhanced data)",,001031,Identification of originating/generating centre,,,,Operational
bufr4/3/40/008/3/002019,40,Category 40 — Additional satellite report sequences,340008,"(IASI sequence combining PC scores, channel selection and enhanced data)",,002019,Satellite instruments,,,,Operational
bufr4/3/40/008/4/002020,40,Category 40 — Additional satellite report sequences,340008,"(IASI sequence combining PC scores, channel selection and enhanced data)",,002020,Satellite classification Date and time,,,,Operational
bufr4/3/40/008/5/004001,40,Category 40 — Additional satellite report sequences,340008,"(IASI sequence combining PC scores, channel selection and enhanced data)",,004001,Year,,,,Operational
bufr4/3/40/008/6/004002,40,Category 40 — Additional satellite report sequences,340008,"(IASI sequence combining PC scores, channel selection and enhanced data)",,004002,Month,,,,Operational
bufr4/3/40/008/7/004003,40,Category 40 — Additional satellite report sequences,340008,"(IASI sequence combining PC scores, channel selection and enhanced data)",,004003,Day,,,,Operational
bufr4/3/40/008/8/004004,40,Category 40 — Additional satellite report sequences,340008,"(IASI sequence combining PC scores, channel selection and enhanced data)",,004004,Hour,,,,Operational
bufr4/3/40/008/9/004005,40,Category 40 — Additional satellite report sequences,340008,"(IASI sequence combining PC scores, channel selection and enhanced data)",,004005,Minute,,,,Operational
bufr4/3/40/008/10/202131,40,Category 40 — Additional satellite report sequences,340008,"(IASI sequence combining PC scores, channel selection and enhanced data)",,202131,Change scale Add 3 to scale,,,,Operational
bufr4/3/40/008/11/201138,40,Category 40 — Additional satellite report sequences,340008,"(IASI sequence combining PC scores, channel selection and enhanced data)",,201138,Change data width Add 10 to width,,,,Operational
bufr4/3/40/008/12/004006,40,Category 40 — Additional satellite report sequences,340008,"(IASI sequence combining PC scores, channel selection and enhanced data)",,004006,Second,,,,Operational
bufr4/3/40/008/13/201000,40,Category 40 — Additional satellite report sequences,340008,"(IASI sequence combining PC scores, channel selection and enhanced data)",,201000,Change data width Cancel,,,,Operational
bufr4/3/40/008/14/202000,40,Category 40 — Additional satellite report sequences,340008,"(IASI sequence combining PC scores, channel selection and enhanced data)",,202000,Change scale Cancel Location information,,,,Operational
bufr4/3/40/008/15/005001,40,Category 40 — Additional satellite report sequences,340008,"(IASI sequence combining PC scores, channel selection and enhanced data)",,005001,Latitude (high accuracy),,,,Operational
bufr4/3/40/008/16/006001,40,Category 40 — Additional satellite report sequences,340008,"(IASI sequence combining PC scores, channel selection and enhanced data)",,006001,Longitude (high accuracy),,,,Operational
bufr4/3/40/008/17/007024,40,Category 40 — Additional satellite report sequences,340008,"(IASI sequence combining PC scores, channel selection and enhanced data)",,007024,Satellite zenith angle,,,,Operational
bufr4/3/40/008/18/005021,40,Category 40 — Additional satellite report sequences,340008,"(IASI sequence combining PC scores, channel selection and enhanced data)",,005021,Bearing or azimuth,,,,Operational
bufr4/3/40/008/19/007025,40,Category 40 — Additional satellite report sequences,340008,"(IASI sequence combining PC scores, channel selection and enhanced data)",,007025,Solar zenith angle,,,,Operational
bufr4/3/40/008/20/005022,40,Category 40 — Additional satellite report sequences,340008,"(IASI sequence combining PC scores, channel selection and enhanced data)",,005022,Solar azimuth,,,,Operational
bufr4/3/40/008/21/005043,40,Category 40 — Additional satellite report sequences,340008,"(IASI sequence combining PC scores, channel selection and enhanced data)",,005043,Field of view number,,,,Operational
bufr4/3/40/008/22/005040,40,Category 40 — Additional satellite report sequences,340008,"(IASI sequence combining PC scores, channel selection and enhanced data)",,005040,Orbit number,,,,Operational
bufr4/3/40/008/23/201133,40,Category 40 — Additional satellite report sequences,340008,"(IASI sequence combining PC scores, channel selection and enhanced data)",,201133,Change data width Add 5 to width,,,,Operational
bufr4/3/40/008/24/005041,40,Category 40 — Additional satellite report sequences,340008,"(IASI sequence combining PC scores, channel selection and enhanced data)",,005041,Scan line number,,,,Operational
bufr4/3/40/008/25/201000,40,Category 40 — Additional satellite report sequences,340008,"(IASI sequence combining PC scores, channel selection and enhanced data)",,201000,Change data width Cancel,,,,Operational
bufr4/3/40/008/26/201132,40,Category 40 — Additional satellite report sequences,340008,"(IASI sequence combining PC scores, channel selection and enhanced data)",,201132,Change data width Add 4 to width,,,,Operational
bufr4/3/40/008/27/025070,40,Category 40 — Additional satellite report sequences,340008,"(IASI sequence combining PC scores, channel selection and enhanced data)",,025070,Major frame count,,,,Operational
bufr4/3/40/008/28/201000,40,Category 40 — Additional satellite report sequences,340008,"(IASI sequence combining PC scores, channel selection and enhanced data)",,201000,Change data width Cancel,,,,Operational
bufr4/3/40/008/29/202126,40,Category 40 — Additional satellite report sequences,340008,"(IASI sequence combining PC scores, channel selection and enhanced data)",,202126,Change scale Subtract 2 from scale,,,,Operational
bufr4/3/40/008/30/007001,40,Category 40 — Additional satellite report sequences,340008,"(IASI sequence combining PC scores, channel selection and enhanced data)",,007001,Height of station,,,,Operational
bufr4/3/40/008/31/202000,40,Category 40 — Additional satellite report sequences,340008,"(IASI sequence combining PC scores, channel selection and enhanced data)",,202000,Change scale Cancel Quality information,,,,Operational
bufr4/3/40/008/32/103003,40,Category 40 — Additional satellite report sequences,340008,"(IASI sequence combining PC scores, channel selection and enhanced data)",,103003,Replicate 3 descriptors 3 times,,,,Operational
bufr4/3/40/008/33/025140,40,Category 40 — Additional satellite report sequences,340008,"(IASI sequence combining PC scores, channel selection and enhanced data)",,025140,Start channel,,,,Operational
bufr4/3/40/008/34/025141,40,Category 40 — Additional satellite report sequences,340008,"(IASI sequence combining PC scores, channel selection and enhanced data)",,025141,End channel I.2 – BUFR Table D/40 — 7,,,,Operational
bufr4/3/40/008/35/033060,40,Category 40 — Additional satellite report sequences,340008,,,033060,GqisFlagQual – individual IASI-System quality flag,,,,Operational
bufr4/3/40/008/36/033061,40,Category 40 — Additional satellite report sequences,340008,,,033061,GqisQualIndex – indicator for instrument noise performance (contributions from spectral and radiometric calibration),,,,Operational
bufr4/3/40/008/37/033062,40,Category 40 — Additional satellite report sequences,340008,,,033062,GqisQualIndexLoc – indicator for geometric quality index,,,,Operational
bufr4/3/40/008/38/033063,40,Category 40 — Additional satellite report sequences,340008,,,033063,GqisQualIndexRad – indicator for instrument noise performance (contributions from radiometric calibration),,,,Operational
bufr4/3/40/008/39/033064,40,Category 40 — Additional satellite report sequences,340008,,,033064,GqisQualIndexSpect – indicator for instrument noise performance (contributions from spectral calibration),,,,Operational
bufr4/3/40/008/40/033065,40,Category 40 — Additional satellite report sequences,340008,,,033065,GqisSysTecSondQual – output of system TEC (Technical Expertise Centre) quality function,,,,Operational
bufr4/3/40/008/41/040020,40,Category 40 — Additional satellite report sequences,340008,,,040020,GqisFlagQualDetailed – quality flag for the system IASI subset of channels,,,,Operational
bufr4/3/40/008/42/101010,40,Category 40 — Additional satellite report sequences,340008,,,101010,Replicate 1 descriptor 10 times,,,,Operational
bufr4/3/40/008/43/340002,40,Category 40 — Additional satellite report sequences,340008,,,340002,Band description,,,,Operational
bufr4/3/40/008/44/104000,40,Category 40 — Additional satellite report sequences,340008,,,104000,Delayed replication of 4 descriptors,,,,Operational
bufr4/3/40/008/45/031002,40,Category 40 — Additional satellite report sequences,340008,,,031002,Extended delayed descriptor replication factor,,,,Operational
bufr4/3/40/008/46/201136,40,Category 40 — Additional satellite report sequences,340008,,,201136,Change data width Add 8 to width,,,,Operational
bufr4/3/40/008/47/005042,40,Category 40 — Additional satellite report sequences,340008,,,005042,Channel number,,,,Operational
bufr4/3/40/008/48/201000,40,Category 40 — Additional satellite report sequences,340008,,,201000,Change data width Cancel,,,,Operational
bufr4/3/40/008/49/014046,40,Category 40 — Additional satellite report sequences,340008,,,014046,Scaled radiance Instrument band definition,,,,Operational
bufr4/3/40/008/50/108003,40,Category 40 — Additional satellite report sequences,340008,,,108003,Replicate 8 descriptors 3 times,,,,Operational
bufr4/3/40/008/51/025140,40,Category 40 — Additional satellite report sequences,340008,,,025140,Start channel,,,,Operational
bufr4/3/40/008/52/025141,40,Category 40 — Additional satellite report sequences,340008,,,025141,End channel,,,,Operational
bufr4/3/40/008/53/040026,40,Category 40 — Additional satellite report sequences,340008,,,040026,Score quantization factor,,,,Operational
bufr4/3/40/008/54/040016,40,Category 40 — Additional satellite report sequences,340008,,,040016,Residual RMS in band,,,,Operational
bufr4/3/40/008/55/025062,40,Category 40 — Additional satellite report sequences,340008,,,025062,Database identification Principal component scores for band,,,,Operational
bufr4/3/40/008/56/101000,40,Category 40 — Additional satellite report sequences,340008,,,101000,Delayed replication of 1 descriptor,,,,Operational
bufr4/3/40/008/57/031002,40,Category 40 — Additional satellite report sequences,340008,,,031002,Extended delayed descriptor replication factor,,,,Operational
bufr4/3/40/008/58/040017,40,Category 40 — Additional satellite report sequences,340008,,,040017,Non-normalized principal component score AVHRR scene analysis,,,,Operational
bufr4/3/40/008/59/002019,40,Category 40 — Additional satellite report sequences,340008,,,002019,Satellite instruments,,,,Operational
bufr4/3/40/008/60/025051,40,Category 40 — Additional satellite report sequences,340008,,,025051,AVHRR channel combination,,,,Operational
bufr4/3/40/008/61/101007,40,Category 40 — Additional satellite report sequences,340008,,,101007,Replicate 1 descriptor 7 times,,,,Operational
bufr4/3/40/008/62/340004,40,Category 40 — Additional satellite report sequences,340008,,,340004,IASI Level 1c AVHRR single scene,,,,Operational
bufr4/3/40/008/63/020081,40,Category 40 — Additional satellite report sequences,340008,,,020081,Cloud amount in segment,,,,Operational
bufr4/3/40/008/64/008029,40,Category 40 — Additional satellite report sequences,340008,,,008029,Surface type,,,,Operational
bufr4/3/40/008/65/020083,40,Category 40 — Additional satellite report sequences,340008,,,020083,Amount of segment covered by scene,,,,Operational
bufr4/3/40/008/66/008029,40,Category 40 — Additional satellite report sequences,340008,,,008029,Surface type,,,,Operational
bufr4/3/40/008/67/040018,40,Category 40 — Additional satellite report sequences,340008,,,040018,GIacAvgImagIIS – average of imager measurements I.2 – BUFR Table D/40 — 8,,,,Operational
bufr4/3/40/008/68/040019,40,Category 40 — Additional satellite report sequences,340008,,,040019,GIacVarImagIIS – variance of imager measurements,,,,Operational
bufr4/3/40/008/69/040021,40,Category 40 — Additional satellite report sequences,340008,,,040021,Fraction of weighted AVHRR pixel in IASI FOV covered with snow/ice,,,,Operational
bufr4/3/40/008/70/040022,40,Category 40 — Additional satellite report sequences,340008,,,040022,"Number of missing, bad or failed AVHRR pixels",,,,Operational
bufr4/3/40/009/1/001007,40,Category 40 — Additional satellite report sequences,340009,(Normalized differential vegetation index (NDVI)),,001007,Satellite identifier,,,,Operational
bufr4/3/40/009/2/001031,40,Category 40 — Additional satellite report sequences,340009,(Normalized differential vegetation index (NDVI)),,001031,Identification of originating/generating centre,,,,Operational
bufr4/3/40/009/3/002019,40,Category 40 — Additional satellite report sequences,340009,(Normalized differential vegetation index (NDVI)),,002019,Satellite instruments,,,,Operational
bufr4/3/40/009/4/002020,40,Category 40 — Additional satellite report sequences,340009,(Normalized differential vegetation index (NDVI)),,002020,Satellite classification,,,,Operational
bufr4/3/40/009/5/301011,40,Category 40 — Additional satellite report sequences,340009,(Normalized differential vegetation index (NDVI)),,301011,"Year, month, day",,,,Operational
bufr4/3/40/009/6/301013,40,Category 40 — Additional satellite report sequences,340009,(Normalized differential vegetation index (NDVI)),,301013,"Hour, minute, second",,,,Operational
bufr4/3/40/009/7/005040,40,Category 40 — Additional satellite report sequences,340009,(Normalized differential vegetation index (NDVI)),,005040,Orbit number,,,,Operational
bufr4/3/40/009/8/201136,40,Category 40 — Additional satellite report sequences,340009,(Normalized differential vegetation index (NDVI)),,201136,Change data width Add 8 to width,,,,Operational
bufr4/3/40/009/9/005041,40,Category 40 — Additional satellite report sequences,340009,(Normalized differential vegetation index (NDVI)),,005041,Scan line number,,,,Operational
bufr4/3/40/009/10/201000,40,Category 40 — Additional satellite report sequences,340009,(Normalized differential vegetation index (NDVI)),,201000,Change data width Cancel,,,,Operational
bufr4/3/40/009/11/025071,40,Category 40 — Additional satellite report sequences,340009,(Normalized differential vegetation index (NDVI)),,025071,Frame count,,,,Operational
bufr4/3/40/009/12/005001,40,Category 40 — Additional satellite report sequences,340009,(Normalized differential vegetation index (NDVI)),,005001,Latitude (high accuracy),,,,Operational
bufr4/3/40/009/13/005001,40,Category 40 — Additional satellite report sequences,340009,(Normalized differential vegetation index (NDVI)),,005001,Latitude (high accuracy),,,,Operational
bufr4/3/40/009/14/006001,40,Category 40 — Additional satellite report sequences,340009,(Normalized differential vegetation index (NDVI)),,006001,Longitude (high accuracy),,,,Operational
bufr4/3/40/009/15/006001,40,Category 40 — Additional satellite report sequences,340009,(Normalized differential vegetation index (NDVI)),,006001,Longitude (high accuracy),,,,Operational
bufr4/3/40/009/16/107064,40,Category 40 — Additional satellite report sequences,340009,(Normalized differential vegetation index (NDVI)),,107064,Replicate 7 descriptors 64 times,,,,Operational
bufr4/3/40/009/17/106032,40,Category 40 — Additional satellite report sequences,340009,(Normalized differential vegetation index (NDVI)),,106032,Replicate 6 descriptors 32 times,,,,Operational
bufr4/3/40/009/18/008012,40,Category 40 — Additional satellite report sequences,340009,(Normalized differential vegetation index (NDVI)),,008012,Land/sea qualifier,,,,Operational
bufr4/3/40/009/19/008013,40,Category 40 — Additional satellite report sequences,340009,(Normalized differential vegetation index (NDVI)),,008013,Day/night qualifier,,,,Operational
bufr4/3/40/009/20/008065,40,Category 40 — Additional satellite report sequences,340009,(Normalized differential vegetation index (NDVI)),,008065,Sun-glint indicator,,,,Operational
bufr4/3/40/009/21/008072,40,Category 40 — Additional satellite report sequences,340009,(Normalized differential vegetation index (NDVI)),,008072,Pixel(s) type,,,,Operational
bufr4/3/40/009/22/013039,40,Category 40 — Additional satellite report sequences,340009,(Normalized differential vegetation index (NDVI)),,013039,Terrain type (ice/snow),,,,Operational
bufr4/3/40/009/23/040015,40,Category 40 — Additional satellite report sequences,340009,(Normalized differential vegetation index (NDVI)),,040015,Normalized differential vegetation index,,,,Operational
bufr4/3/40/010/1/001007,40,Category 40 — Additional satellite report sequences,340010,(NDVI),,001007,Satellite identifier,,,,Operational
bufr4/3/40/010/2/002019,40,Category 40 — Additional satellite report sequences,340010,(NDVI),,002019,Satellite instruments,,,,Operational
bufr4/3/40/010/3/001096,40,Category 40 — Additional satellite report sequences,340010,(NDVI),,001096,Station acquisition,,,,Operational
bufr4/3/40/010/4/025061,40,Category 40 — Additional satellite report sequences,340010,(NDVI),,025061,Software identification and version number,,,,Operational
bufr4/3/40/010/5/005044,40,Category 40 — Additional satellite report sequences,340010,(NDVI),,005044,Satellite cycle number,,,,Operational
bufr4/3/40/010/6/005040,40,Category 40 — Additional satellite report sequences,340010,(NDVI),,005040,Orbit number,,,,Operational
bufr4/3/40/010/7/001030,40,Category 40 — Additional satellite report sequences,340010,(NDVI),,001030,Numerical model identifier Datation,,,,Operational
bufr4/3/40/010/8/004001,40,Category 40 — Additional satellite report sequences,340010,(NDVI),,004001,Year,,,,Operational
bufr4/3/40/010/9/004002,40,Category 40 — Additional satellite report sequences,340010,(NDVI),,004002,Month,,,,Operational
bufr4/3/40/010/10/004003,40,Category 40 — Additional satellite report sequences,340010,(NDVI),,004003,Day,,,,Operational
bufr4/3/40/010/11/004004,40,Category 40 — Additional satellite report sequences,340010,(NDVI),,004004,Hour I.2 – BUFR Table D/40 — 9,,,,Operational
bufr4/3/40/010/12/004005,40,Category 40 — Additional satellite report sequences,340010,,,004005,Minute,,,,Operational
bufr4/3/40/010/13/004007,40,Category 40 — Additional satellite report sequences,340010,,,004007,Seconds within a minute (microsecond accuracy) Location and surface type,,,,Operational
bufr4/3/40/010/14/005001,40,Category 40 — Additional satellite report sequences,340010,,,005001,Latitude (high accuracy),,,,Operational
bufr4/3/40/010/15/006001,40,Category 40 — Additional satellite report sequences,340010,,,006001,Longitude (high accuracy),,,,Operational
bufr4/3/40/010/16/008029,40,Category 40 — Additional satellite report sequences,340010,,,008029,Surface type,,,,Operational
bufr4/3/40/010/17/008074,40,Category 40 — Additional satellite report sequences,340010,,,008074,Altimeter echo type,,,,Operational
bufr4/3/40/010/18/008077,40,Category 40 — Additional satellite report sequences,340010,,,008077,Radiometer sensed surface type Flags,,,,Operational
bufr4/3/40/010/19/040011,40,Category 40 — Additional satellite report sequences,340010,,,040011,Interpolation flag,,,,Operational
bufr4/3/40/010/20/025097,40,Category 40 — Additional satellite report sequences,340010,,,025097,Three-dimensional error estimate of the navigator orbit,,,,Operational
bufr4/3/40/010/21/025095,40,Category 40 — Additional satellite report sequences,340010,,,025095,Altimeter state flag,,,,Operational
bufr4/3/40/010/22/025098,40,Category 40 — Additional satellite report sequences,340010,,,025098,Altimeter data quality flag,,,,Operational
bufr4/3/40/010/23/025099,40,Category 40 — Additional satellite report sequences,340010,,,025099,Altimeter correction quality flag,,,,Operational
bufr4/3/40/010/24/021144,40,Category 40 — Additional satellite report sequences,340010,,,021144,Altimeter rain flag,,,,Operational
bufr4/3/40/010/25/025096,40,Category 40 — Additional satellite report sequences,340010,,,025096,Radiometer state flag,,,,Operational
bufr4/3/40/010/26/040012,40,Category 40 — Additional satellite report sequences,340010,,,040012,Radiometer data quality flag,,,,Operational
bufr4/3/40/010/27/040013,40,Category 40 — Additional satellite report sequences,340010,,,040013,Radiometer brightness temperature interpretation flag,,,,Operational
bufr4/3/40/010/28/021169,40,Category 40 — Additional satellite report sequences,340010,,,021169,Ice presence indicator,,,,Operational
bufr4/3/40/010/29/040023,40,Category 40 — Additional satellite report sequences,340010,,,040023,Auxiliary altimeter state flags,,,,Operational
bufr4/3/40/010/30/040024,40,Category 40 — Additional satellite report sequences,340010,,,040024,Meteorological map availability,,,,Operational
bufr4/3/40/010/31/040025,40,Category 40 — Additional satellite report sequences,340010,,,040025,Interpolation flag for mean diurnal tide Altimeter: Ku band,,,,Operational
bufr4/3/40/010/32/022151,40,Category 40 — Additional satellite report sequences,340010,,,022151,Ku band ocean range,,,,Operational
bufr4/3/40/010/33/022162,40,Category 40 — Additional satellite report sequences,340010,,,022162,RMS of 20 Hz Ku band ocean range,,,,Operational
bufr4/3/40/010/34/022163,40,Category 40 — Additional satellite report sequences,340010,,,022163,Number of 20 Hz valid points for Ku band,,,,Operational
bufr4/3/40/010/35/025160,40,Category 40 — Additional satellite report sequences,340010,,,025160,Ku band net instrumental correction,,,,Operational
bufr4/3/40/010/36/025133,40,Category 40 — Additional satellite report sequences,340010,,,025133,Sea state bias correction on Ku band,,,,Operational
bufr4/3/40/010/37/022156,40,Category 40 — Additional satellite report sequences,340010,,,022156,Ku band significant wave height,,,,Operational
bufr4/3/40/010/38/022164,40,Category 40 — Additional satellite report sequences,340010,,,022164,RMS 20 Hz Ku band significant wave height,,,,Operational
bufr4/3/40/010/39/022165,40,Category 40 — Additional satellite report sequences,340010,,,022165,Number of 20 Hz valid points for Ku band significant wave height,,,,Operational
bufr4/3/40/010/40/022166,40,Category 40 — Additional satellite report sequences,340010,,,022166,Ku band net instrumental correction for significant wave height,,,,Operational
bufr4/3/40/010/41/021137,40,Category 40 — Additional satellite report sequences,340010,,,021137,Ku band corrected ocean backscatter coefficient,,,,Operational
bufr4/3/40/010/42/021138,40,Category 40 — Additional satellite report sequences,340010,,,021138,STD Ku band corrected ocean backscatter coefficient,,,,Operational
bufr4/3/40/010/43/022167,40,Category 40 — Additional satellite report sequences,340010,,,022167,Number of valid points for Ku band backscatter,,,,Operational
bufr4/3/40/010/44/021139,40,Category 40 — Additional satellite report sequences,340010,,,021139,Ku band net instrumental correction for AGC,,,,Operational
bufr4/3/40/010/45/021118,40,Category 40 — Additional satellite report sequences,340010,,,021118,Attenuation correction on sigma-0,,,,Operational
bufr4/3/40/010/46/021145,40,Category 40 — Additional satellite report sequences,340010,,,021145,Ku band automatic gain control,,,,Operational
bufr4/3/40/010/47/021146,40,Category 40 — Additional satellite report sequences,340010,,,021146,RMS Ku band automatic gain control,,,,Operational
bufr4/3/40/010/48/021147,40,Category 40 — Additional satellite report sequences,340010,,,021147,Number of valid points for Ku band automatic gain control I.2 – BUFR Table D/40 — 10,,,,Operational
bufr4/3/40/010/49/022168,40,Category 40 — Additional satellite report sequences,340010,,,022168,C band ocean range,,,,Operational
bufr4/3/40/010/50/022169,40,Category 40 — Additional satellite report sequences,340010,,,022169,RMS of C band ocean range,,,,Operational
bufr4/3/40/010/51/022170,40,Category 40 — Additional satellite report sequences,340010,,,022170,Number of 20 Hz valid points for C band,,,,Operational
bufr4/3/40/010/52/025161,40,Category 40 — Additional satellite report sequences,340010,,,025161,C band net instrumental correction,,,,Operational
bufr4/3/40/010/53/025162,40,Category 40 — Additional satellite report sequences,340010,,,025162,Sea state bias correction on C band,,,,Operational
bufr4/3/40/010/54/022171,40,Category 40 — Additional satellite report sequences,340010,,,022171,C band significant wave height,,,,Operational
bufr4/3/40/010/55/022172,40,Category 40 — Additional satellite report sequences,340010,,,022172,RMS 20 Hz C band significant wave height,,,,Operational
bufr4/3/40/010/56/022173,40,Category 40 — Additional satellite report sequences,340010,,,022173,Number of 20 Hz valid points for C band significant wave height,,,,Operational
bufr4/3/40/010/57/022174,40,Category 40 — Additional satellite report sequences,340010,,,022174,C band net instrumental correction for significant wave height,,,,Operational
bufr4/3/40/010/58/021170,40,Category 40 — Additional satellite report sequences,340010,,,021170,C band corrected ocean backscatter coefficient,,,,Operational
bufr4/3/40/010/59/021171,40,Category 40 — Additional satellite report sequences,340010,,,021171,RMS C band corrected ocean backscatter coefficient,,,,Operational
bufr4/3/40/010/60/022175,40,Category 40 — Additional satellite report sequences,340010,,,022175,Number of valid points for C band backscatter,,,,Operational
bufr4/3/40/010/61/021172,40,Category 40 — Additional satellite report sequences,340010,,,021172,C band net instrumental correction for AGC,,,,Operational
bufr4/3/40/010/62/021118,40,Category 40 — Additional satellite report sequences,340010,,,021118,Attenuation correction on sigma-0,,,,Operational
bufr4/3/40/010/63/021173,40,Category 40 — Additional satellite report sequences,340010,,,021173,C band automatic gain control,,,,Operational
bufr4/3/40/010/64/021174,40,Category 40 — Additional satellite report sequences,340010,,,021174,RMS C band automatic gain control,,,,Operational
bufr4/3/40/010/65/021175,40,Category 40 — Additional satellite report sequences,340010,,,021175,Number of valid points for C band automatic gain control Radiometer,,,,Operational
bufr4/3/40/010/66/002153,40,Category 40 — Additional satellite report sequences,340010,,,002153,Satellite channel centre frequency,,,,Operational
bufr4/3/40/010/67/012063,40,Category 40 — Additional satellite report sequences,340010,,,012063,Brightness temperature,,,,Operational
bufr4/3/40/010/68/002153,40,Category 40 — Additional satellite report sequences,340010,,,002153,Satellite channel centre frequency,,,,Operational
bufr4/3/40/010/69/012063,40,Category 40 — Additional satellite report sequences,340010,,,012063,Brightness temperature,,,,Operational
bufr4/3/40/010/70/002153,40,Category 40 — Additional satellite report sequences,340010,,,002153,Satellite channel centre frequency,,,,Operational
bufr4/3/40/010/71/012063,40,Category 40 — Additional satellite report sequences,340010,,,012063,Brightness temperature,,,,Operational
bufr4/3/40/010/72/013090,40,Category 40 — Additional satellite report sequences,340010,,,013090,Radiometer water vapour content,,,,Operational
bufr4/3/40/010/73/013091,40,Category 40 — Additional satellite report sequences,340010,,,013091,Radiometer liquid content Wind,,,,Operational
bufr4/3/40/010/74/007002,40,Category 40 — Additional satellite report sequences,340010,,,007002,Height or altitude,,,,Operational
bufr4/3/40/010/75/011097,40,Category 40 — Additional satellite report sequences,340010,,,011097,Wind speed from altimeter,,,,Operational
bufr4/3/40/010/76/011098,40,Category 40 — Additional satellite report sequences,340010,,,011098,Wind speed from radiometer,,,,Operational
bufr4/3/40/010/77/007002,40,Category 40 — Additional satellite report sequences,340010,,,007002,Height or altitude,,,,Operational
bufr4/3/40/010/78/011095,40,Category 40 — Additional satellite report sequences,340010,,,011095,u-component of the model wind vector,,,,Operational
bufr4/3/40/010/79/011096,40,Category 40 — Additional satellite report sequences,340010,,,011096,v-component of the model wind vector Dynamic topography,,,,Operational
bufr4/3/40/010/80/010096,40,Category 40 — Additional satellite report sequences,340010,,,010096,Mean dynamic topography,,,,Operational
bufr4/3/40/010/81/010081,40,Category 40 — Additional satellite report sequences,340010,,,010081,Altitude of COG above reference ellipsoid,,,,Operational
bufr4/3/40/010/82/010082,40,Category 40 — Additional satellite report sequences,340010,,,010082,Instantaneous altitude rate,,,,Operational
bufr4/3/40/010/83/010083,40,Category 40 — Additional satellite report sequences,340010,,,010083,Squared off nadir angle of the satellite from platform data,,,,Operational
bufr4/3/40/010/84/010101,40,Category 40 — Additional satellite report sequences,340010,,,010101,Squared off nadir angle of the satellite from waveform data I.2 – BUFR Table D/40 — 11,,,,Operational
bufr4/3/40/010/85/025132,40,Category 40 — Additional satellite report sequences,340010,,,025132,Ionospheric correction from model on Ku band,,,,Operational
bufr4/3/40/010/86/025163,40,Category 40 — Additional satellite report sequences,340010,,,025163,Altimeter ionospheric correction on Ku band,,,,Operational
bufr4/3/40/010/87/025126,40,Category 40 — Additional satellite report sequences,340010,,,025126,Model dry tropospheric correction,,,,Operational
bufr4/3/40/010/88/025128,40,Category 40 — Additional satellite report sequences,340010,,,025128,Model wet tropospheric correction,,,,Operational
bufr4/3/40/010/89/025164,40,Category 40 — Additional satellite report sequences,340010,,,025164,Radiometer wet tropospheric correction,,,,Operational
bufr4/3/40/010/90/010085,40,Category 40 — Additional satellite report sequences,340010,,,010085,Mean sea-surface height,,,,Operational
bufr4/3/40/010/91/010097,40,Category 40 — Additional satellite report sequences,340010,,,010097,Mean sea-surface height from altimeter only,,,,Operational
bufr4/3/40/010/92/010086,40,Category 40 — Additional satellite report sequences,340010,,,010086,Geoid’s height,,,,Operational
bufr4/3/40/010/93/010087,40,Category 40 — Additional satellite report sequences,340010,,,010087,Ocean depth/land elevation,,,,Operational
bufr4/3/40/010/94/010092,40,Category 40 — Additional satellite report sequences,340010,,,010092,Solid Earth tide height,,,,Operational
bufr4/3/40/010/95/010088,40,Category 40 — Additional satellite report sequences,340010,,,010088,Total geocentric ocean tide height (solution 1),,,,Operational
bufr4/3/40/010/96/010089,40,Category 40 — Additional satellite report sequences,340010,,,010089,Total geocentric ocean tide height (solution 2),,,,Operational
bufr4/3/40/010/97/010098,40,Category 40 — Additional satellite report sequences,340010,,,010098,Loading tide height geocentric ocean tide solution 1,,,,Operational
bufr4/3/40/010/98/010099,40,Category 40 — Additional satellite report sequences,340010,,,010099,Loading tide height geocentric ocean tide solution 2,,,,Operational
bufr4/3/40/010/99/010090,40,Category 40 — Additional satellite report sequences,340010,,,010090,Long period tide height,,,,Operational
bufr4/3/40/010/100/010100,40,Category 40 — Additional satellite report sequences,340010,,,010100,Non-equilibrium long period tide height,,,,Operational
bufr4/3/40/010/101/010093,40,Category 40 — Additional satellite report sequences,340010,,,010093,Geocentric pole tide height,,,,Operational
bufr4/3/40/010/102/025127,40,Category 40 — Additional satellite report sequences,340010,,,025127,Inverted barometer correction Sea-surface height correction due to pressure loading,,,,Operational
bufr4/3/40/010/103/040014,40,Category 40 — Additional satellite report sequences,340010,,,040014,High-frequency fluctuations of the sea-surface topography correction,,,,Operational
bufr4/3/40/010/104/010102,40,Category 40 — Additional satellite report sequences,340010,,,010102,Sea-surface height anomaly,,,,Operational
bufr4/3/40/011/1/001007,40,Category 40 — Additional satellite report sequences,340011,(SARAL Altika),,001007,Satellite identifier,,,,Operational
bufr4/3/40/011/2/002019,40,Category 40 — Additional satellite report sequences,340011,(SARAL Altika),,002019,Satellite instruments,,,,Operational
bufr4/3/40/011/3/001096,40,Category 40 — Additional satellite report sequences,340011,(SARAL Altika),,001096,Station acquisition,,,,Operational
bufr4/3/40/011/4/025061,40,Category 40 — Additional satellite report sequences,340011,(SARAL Altika),,025061,Software identification and version number,,,,Operational
bufr4/3/40/011/5/005044,40,Category 40 — Additional satellite report sequences,340011,(SARAL Altika),,005044,Satellite cycle number,,,,Operational
bufr4/3/40/011/6/005040,40,Category 40 — Additional satellite report sequences,340011,(SARAL Altika),,005040,Orbit number,,,,Operational
bufr4/3/40/011/7/001030,40,Category 40 — Additional satellite report sequences,340011,(SARAL Altika),,001030,Numerical model identifier,,,,Operational
bufr4/3/40/011/8/004001,40,Category 40 — Additional satellite report sequences,340011,(SARAL Altika),,004001,Year,,,,Operational
bufr4/3/40/011/9/004002,40,Category 40 — Additional satellite report sequences,340011,(SARAL Altika),,004002,Month,,,,Operational
bufr4/3/40/011/10/004003,40,Category 40 — Additional satellite report sequences,340011,(SARAL Altika),,004003,Day,,,,Operational
bufr4/3/40/011/11/004004,40,Category 40 — Additional satellite report sequences,340011,(SARAL Altika),,004004,Hour,,,,Operational
bufr4/3/40/011/12/004005,40,Category 40 — Additional satellite report sequences,340011,(SARAL Altika),,004005,Minute,,,,Operational
bufr4/3/40/011/13/004007,40,Category 40 — Additional satellite report sequences,340011,(SARAL Altika),,004007,Seconds within a minute (microsecond accuracy),,,,Operational
bufr4/3/40/011/14/005001,40,Category 40 — Additional satellite report sequences,340011,(SARAL Altika),,005001,Latitude (high accuracy),,,,Operational
bufr4/3/40/011/15/006001,40,Category 40 — Additional satellite report sequences,340011,(SARAL Altika),,006001,Longitude (high accuracy),,,,Operational
bufr4/3/40/011/16/008029,40,Category 40 — Additional satellite report sequences,340011,(SARAL Altika),,008029,Surface type,,,,Operational
bufr4/3/40/011/17/008077,40,Category 40 — Additional satellite report sequences,340011,(SARAL Altika),,008077,Radiometer sensed surface type,,,,Operational
bufr4/3/40/011/18/040011,40,Category 40 — Additional satellite report sequences,340011,(SARAL Altika),,040011,Interpolation flag I.2 – BUFR Table D/40 — 12,,,,Operational
bufr4/3/40/011/19/025097,40,Category 40 — Additional satellite report sequences,340011,,,025097,Three-dimensional error estimate of the navigator orbit,,,,Operational
bufr4/3/40/011/20/025112,40,Category 40 — Additional satellite report sequences,340011,,,025112,Band specific altimeter data quality flag,,,,Operational
bufr4/3/40/011/21/025113,40,Category 40 — Additional satellite report sequences,340011,,,025113,Band specific altimeter correction quality flag,,,,Operational
bufr4/3/40/011/22/021148,40,Category 40 — Additional satellite report sequences,340011,,,021148,Trailing edge variation flag,,,,Operational
bufr4/3/40/011/23/021169,40,Category 40 — Additional satellite report sequences,340011,,,021169,Ice presence indicator,,,,Operational
bufr4/3/40/011/24/040024,40,Category 40 — Additional satellite report sequences,340011,,,040024,Meteorological map availability,,,,Operational
bufr4/3/40/011/25/040025,40,Category 40 — Additional satellite report sequences,340011,,,040025,Interpolation flag for mean diurnal tide,,,,Operational
bufr4/3/40/011/26/002153,40,Category 40 — Additional satellite report sequences,340011,,,002153,Satellite channel centre frequency,,,,Operational
bufr4/3/40/011/27/022189,40,Category 40 — Additional satellite report sequences,340011,,,022189,Specific band ocean range,,,,Operational
bufr4/3/40/011/28/022191,40,Category 40 — Additional satellite report sequences,340011,,,022191,RMS of specific band ocean range,,,,Operational
bufr4/3/40/011/29/022130,40,Category 40 — Additional satellite report sequences,340011,,,022130,Number of valid points for specific band,,,,Operational
bufr4/3/40/011/30/025167,40,Category 40 — Additional satellite report sequences,340011,,,025167,Specific band net instrumental correction,,,,Operational
bufr4/3/40/011/31/025166,40,Category 40 — Additional satellite report sequences,340011,,,025166,Sea state bias correction on specific band,,,,Operational
bufr4/3/40/011/32/022190,40,Category 40 — Additional satellite report sequences,340011,,,022190,Specific band significant wave height,,,,Operational
bufr4/3/40/011/33/022131,40,Category 40 — Additional satellite report sequences,340011,,,022131,RMS specific band significant wave height,,,,Operational
bufr4/3/40/011/34/022132,40,Category 40 — Additional satellite report sequences,340011,,,022132,Number of valid points for specific band significant wave height,,,,Operational
bufr4/3/40/011/35/022133,40,Category 40 — Additional satellite report sequences,340011,,,022133,Specific band net instrument correction for significant wave height,,,,Operational
bufr4/3/40/011/36/021183,40,Category 40 — Additional satellite report sequences,340011,,,021183,Specific band corrected ocean backscatter coefficient,,,,Operational
bufr4/3/40/011/37/021184,40,Category 40 — Additional satellite report sequences,340011,,,021184,STD specific band corrected ocean backscatter coefficient,,,,Operational
bufr4/3/40/011/38/022134,40,Category 40 — Additional satellite report sequences,340011,,,022134,Number of valid points for specific band backscatter,,,,Operational
bufr4/3/40/011/39/021185,40,Category 40 — Additional satellite report sequences,340011,,,021185,Specific band net instrumental correction for AGC,,,,Operational
bufr4/3/40/011/40/021118,40,Category 40 — Additional satellite report sequences,340011,,,021118,Attenuation correction on sigma-0,,,,Operational
bufr4/3/40/011/41/021186,40,Category 40 — Additional satellite report sequences,340011,,,021186,Specific band automatic gain control,,,,Operational
bufr4/3/40/011/42/021187,40,Category 40 — Additional satellite report sequences,340011,,,021187,RMS specific band automatic gain control,,,,Operational
bufr4/3/40/011/43/021188,40,Category 40 — Additional satellite report sequences,340011,,,021188,Number of valid points for specific band automatic gain control,,,,Operational
bufr4/3/40/011/44/002153,40,Category 40 — Additional satellite report sequences,340011,,,002153,Satellite channel centre frequency,,,,Operational
bufr4/3/40/011/45/012063,40,Category 40 — Additional satellite report sequences,340011,,,012063,Brightness temperature,,,,Operational
bufr4/3/40/011/46/002153,40,Category 40 — Additional satellite report sequences,340011,,,002153,Satellite channel centre frequency,,,,Operational
bufr4/3/40/011/47/012063,40,Category 40 — Additional satellite report sequences,340011,,,012063,Brightness temperature,,,,Operational
bufr4/3/40/011/48/013090,40,Category 40 — Additional satellite report sequences,340011,,,013090,Radiometer water vapour content,,,,Operational
bufr4/3/40/011/49/013160,40,Category 40 — Additional satellite report sequences,340011,,,013160,Radiometer liquid content,,,,Operational
bufr4/3/40/011/50/007002,40,Category 40 — Additional satellite report sequences,340011,,,007002,Height or altitude,,,,Operational
bufr4/3/40/011/51/011097,40,Category 40 — Additional satellite report sequences,340011,,,011097,Wind speed from altimeter,,,,Operational
bufr4/3/40/011/52/007002,40,Category 40 — Additional satellite report sequences,340011,,,007002,Height or altitude,,,,Operational
bufr4/3/40/011/53/011095,40,Category 40 — Additional satellite report sequences,340011,,,011095,u-component of the model wind vector,,,,Operational
bufr4/3/40/011/54/011096,40,Category 40 — Additional satellite report sequences,340011,,,011096,v-component of the model wind vector,,,,Operational
bufr4/3/40/011/55/010096,40,Category 40 — Additional satellite report sequences,340011,,,010096,Mean dynamic topography,,,,Operational
bufr4/3/40/011/56/010081,40,Category 40 — Additional satellite report sequences,340011,,,010081,Altitude of COG above reference ellipsoid,,,,Operational
bufr4/3/40/011/57/010082,40,Category 40 — Additional satellite report sequences,340011,,,010082,Instantaneous altitude rate,,,,Operational
bufr4/3/40/011/58/010083,40,Category 40 — Additional satellite report sequences,340011,,,010083,Squared off-nadir angle of the satellite from platform data I.2 – BUFR Table D/40 — 13,,,,Operational
bufr4/3/40/011/59/010101,40,Category 40 — Additional satellite report sequences,340011,,,010101,Squared off-nadir angle of the satellite from waveform data,,,,Operational
bufr4/3/40/011/60/002153,40,Category 40 — Additional satellite report sequences,340011,,,002153,Satellite channel centre frequency,,,,Operational
bufr4/3/40/011/61/025165,40,Category 40 — Additional satellite report sequences,340011,,,025165,Ionospheric correction from model on specific band,,,,Operational
bufr4/3/40/011/62/025126,40,Category 40 — Additional satellite report sequences,340011,,,025126,Model dry tropospheric correction,,,,Operational
bufr4/3/40/011/63/025128,40,Category 40 — Additional satellite report sequences,340011,,,025128,Model wet tropospheric correction,,,,Operational
bufr4/3/40/011/64/025164,40,Category 40 — Additional satellite report sequences,340011,,,025164,Radiometer wet tropospheric correction,,,,Operational
bufr4/3/40/011/65/010085,40,Category 40 — Additional satellite report sequences,340011,,,010085,Mean sea-surface height,,,,Operational
bufr4/3/40/011/66/010086,40,Category 40 — Additional satellite report sequences,340011,,,010086,Geoid's height,,,,Operational
bufr4/3/40/011/67/010087,40,Category 40 — Additional satellite report sequences,340011,,,010087,Ocean depth/land elevation,,,,Operational
bufr4/3/40/011/68/010092,40,Category 40 — Additional satellite report sequences,340011,,,010092,Solid Earth tide height,,,,Operational
bufr4/3/40/011/69/010088,40,Category 40 — Additional satellite report sequences,340011,,,010088,Total geocentric ocean tide height (solution 1),,,,Operational
bufr4/3/40/011/70/010089,40,Category 40 — Additional satellite report sequences,340011,,,010089,Total geocentric ocean tide height (solution 2),,,,Operational
bufr4/3/40/011/71/010098,40,Category 40 — Additional satellite report sequences,340011,,,010098,Loading tide height geocentric ocean tide solution 1,,,,Operational
bufr4/3/40/011/72/010099,40,Category 40 — Additional satellite report sequences,340011,,,010099,Loading tide height geocentric ocean tide solution 2,,,,Operational
bufr4/3/40/011/73/010090,40,Category 40 — Additional satellite report sequences,340011,,,010090,Long period tide height,,,,Operational
bufr4/3/40/011/74/010100,40,Category 40 — Additional satellite report sequences,340011,,,010100,Non-equilibrium long period tide height,,,,Operational
bufr4/3/40/011/75/010093,40,Category 40 — Additional satellite report sequences,340011,,,010093,Geocentric pole tide height,,,,Operational
bufr4/3/40/011/76/025127,40,Category 40 — Additional satellite report sequences,340011,,,025127,Inverted barometer correction,,,,Operational
bufr4/3/40/011/77/040014,40,Category 40 — Additional satellite report sequences,340011,,,040014,High-frequency fluctuations of the sea-surface topography correction,,,,Operational
bufr4/3/40/011/78/010102,40,Category 40 — Additional satellite report sequences,340011,,,010102,Sea-surface height anomaly,,,,Operational
bufr4/3/40/012/1/001007,40,Category 40 — Additional satellite report sequences,340012,(GPM Microwave Imager (GMI)),,001007,Satellite identifier,,,,Operational
bufr4/3/40/012/2/002019,40,Category 40 — Additional satellite report sequences,340012,(GPM Microwave Imager (GMI)),,002019,Satellite instruments,,,,Operational
bufr4/3/40/012/3/008091,40,Category 40 — Additional satellite report sequences,340012,(GPM Microwave Imager (GMI)),,008091,Coordinates significance = 0 Satellite coordinates,,,,Operational
bufr4/3/40/012/4/005001,40,Category 40 — Additional satellite report sequences,340012,(GPM Microwave Imager (GMI)),,005001,Latitude (high accuracy),,,,Operational
bufr4/3/40/012/5/006001,40,Category 40 — Additional satellite report sequences,340012,(GPM Microwave Imager (GMI)),,006001,Longitude (high accuracy),,,,Operational
bufr4/3/40/012/6/007002,40,Category 40 — Additional satellite report sequences,340012,(GPM Microwave Imager (GMI)),,007002,Height or altitude,,,,Operational
bufr4/3/40/012/7/005063,40,Category 40 — Additional satellite report sequences,340012,(GPM Microwave Imager (GMI)),,005063,Spacecraft roll,,,,Operational
bufr4/3/40/012/8/005064,40,Category 40 — Additional satellite report sequences,340012,(GPM Microwave Imager (GMI)),,005064,Spacecraft pitch,,,,Operational
bufr4/3/40/012/9/005066,40,Category 40 — Additional satellite report sequences,340012,(GPM Microwave Imager (GMI)),,005066,Spacecraft yaw,,,,Operational
bufr4/3/40/012/10/005041,40,Category 40 — Additional satellite report sequences,340012,(GPM Microwave Imager (GMI)),,005041,Scan line number,,,,Operational
bufr4/3/40/012/11/005067,40,Category 40 — Additional satellite report sequences,340012,(GPM Microwave Imager (GMI)),,005067,Number of scan lines,,,,Operational
bufr4/3/40/012/12/301011,40,Category 40 — Additional satellite report sequences,340012,(GPM Microwave Imager (GMI)),,301011,"Year, moth, day",,,,Operational
bufr4/3/40/012/13/301012,40,Category 40 — Additional satellite report sequences,340012,(GPM Microwave Imager (GMI)),,301012,"Hour, minute",,,,Operational
bufr4/3/40/012/14/004007,40,Category 40 — Additional satellite report sequences,340012,(GPM Microwave Imager (GMI)),,004007,Seconds within a minute (microsecond accuracy),,,,Operational
bufr4/3/40/012/15/008091,40,Category 40 — Additional satellite report sequences,340012,(GPM Microwave Imager (GMI)),,008091,Coordinates significance = 1 Observation coordinates,,,,Operational
bufr4/3/40/012/16/005001,40,Category 40 — Additional satellite report sequences,340012,(GPM Microwave Imager (GMI)),,005001,Latitude (high accuracy),,,,Operational
bufr4/3/40/012/17/006001,40,Category 40 — Additional satellite report sequences,340012,(GPM Microwave Imager (GMI)),,006001,Longitude (high accuracy),,,,Operational
bufr4/3/40/012/18/107000,40,Category 40 — Additional satellite report sequences,340012,(GPM Microwave Imager (GMI)),,107000,Delayed replication of 7 descriptors I.2 – BUFR Table D/40 — 14,,,,Operational
bufr4/3/40/012/19/031001,40,Category 40 — Additional satellite report sequences,340012,,,031001,Delayed descriptor replication factor,,,,Operational
bufr4/3/40/012/20/005042,40,Category 40 — Additional satellite report sequences,340012,,,005042,Channel number,,,,Operational
bufr4/3/40/012/21/002153,40,Category 40 — Additional satellite report sequences,340012,,,002153,Satellite channel centre frequency,,,,Operational
bufr4/3/40/012/22/002104,40,Category 40 — Additional satellite report sequences,340012,,,002104,Antenna polarization,,,,Operational
bufr4/3/40/012/23/040028,40,Category 40 — Additional satellite report sequences,340012,,,040028,GMI quality flag,,,,Operational
bufr4/3/40/012/24/007024,40,Category 40 — Additional satellite report sequences,340012,,,007024,Satellite zenith angle,,,,Operational
bufr4/3/40/012/25/040027,40,Category 40 — Additional satellite report sequences,340012,,,040027,Sun glint angle,,,,Operational
bufr4/3/40/012/26/012063,40,Category 40 — Additional satellite report sequences,340012,,,012063,Brightness temperature,,,,Operational
bufr4/3/40/013/1/001007,40,Category 40 — Additional satellite report sequences,340013,(Atmospheric Laser Doppler Instrument (ALADIN) L2b data),,001007,Satellite identifier,,,,Operational
bufr4/3/40/013/2/002019,40,Category 40 — Additional satellite report sequences,340013,(Atmospheric Laser Doppler Instrument (ALADIN) L2b data),,002019,Satellite instruments,,,,Operational
bufr4/3/40/013/3/001033,40,Category 40 — Additional satellite report sequences,340013,(Atmospheric Laser Doppler Instrument (ALADIN) L2b data),,001033,Identification of originating/generating centre,,,,Operational
bufr4/3/40/013/4/001034,40,Category 40 — Additional satellite report sequences,340013,(Atmospheric Laser Doppler Instrument (ALADIN) L2b data),,001034,Identification of originating/generating sub-centre,,,,Operational
bufr4/3/40/013/5/004001,40,Category 40 — Additional satellite report sequences,340013,(Atmospheric Laser Doppler Instrument (ALADIN) L2b data),,004001,Year,,,,Operational
bufr4/3/40/013/6/004002,40,Category 40 — Additional satellite report sequences,340013,(Atmospheric Laser Doppler Instrument (ALADIN) L2b data),,004002,Month,,,,Operational
bufr4/3/40/013/7/004003,40,Category 40 — Additional satellite report sequences,340013,(Atmospheric Laser Doppler Instrument (ALADIN) L2b data),,004003,Day,,,,Operational
bufr4/3/40/013/8/004004,40,Category 40 — Additional satellite report sequences,340013,(Atmospheric Laser Doppler Instrument (ALADIN) L2b data),,004004,Hour,,,,Operational
bufr4/3/40/013/9/004005,40,Category 40 — Additional satellite report sequences,340013,(Atmospheric Laser Doppler Instrument (ALADIN) L2b data),,004005,Minute,,,,Operational
bufr4/3/40/013/10/004007,40,Category 40 — Additional satellite report sequences,340013,(Atmospheric Laser Doppler Instrument (ALADIN) L2b data),,004007,Seconds within a minute (microsecond accuracy),,,,Operational
bufr4/3/40/013/11/005068,40,Category 40 — Additional satellite report sequences,340013,(Atmospheric Laser Doppler Instrument (ALADIN) L2b data),,005068,Profile number,,,,Operational
bufr4/3/40/013/12/005070,40,Category 40 — Additional satellite report sequences,340013,(Atmospheric Laser Doppler Instrument (ALADIN) L2b data),,005070,Observation identifier,,,,Operational
bufr4/3/40/013/13/005069,40,Category 40 — Additional satellite report sequences,340013,(Atmospheric Laser Doppler Instrument (ALADIN) L2b data),,005069,Receiver channel,,,,Operational
bufr4/3/40/013/14/040036,40,Category 40 — Additional satellite report sequences,340013,(Atmospheric Laser Doppler Instrument (ALADIN) L2b data),,040036,Lidar L2b classification type,,,,Operational
bufr4/3/40/013/15/008091,40,Category 40 — Additional satellite report sequences,340013,(Atmospheric Laser Doppler Instrument (ALADIN) L2b data),,008091,Coordinates significance = 2 Start of observation,,,,Operational
bufr4/3/40/013/16/005001,40,Category 40 — Additional satellite report sequences,340013,(Atmospheric Laser Doppler Instrument (ALADIN) L2b data),,005001,Latitude (high accuracy),,,,Operational
bufr4/3/40/013/17/006001,40,Category 40 — Additional satellite report sequences,340013,(Atmospheric Laser Doppler Instrument (ALADIN) L2b data),,006001,Longitude (high accuracy),,,,Operational
bufr4/3/40/013/18/004016,40,Category 40 — Additional satellite report sequences,340013,(Atmospheric Laser Doppler Instrument (ALADIN) L2b data),,004016,Time increment,,,,Operational
bufr4/3/40/013/19/008091,40,Category 40 — Additional satellite report sequences,340013,(Atmospheric Laser Doppler Instrument (ALADIN) L2b data),,008091,Coordinates significance = 3 End of observation,,,,Operational
bufr4/3/40/013/20/005001,40,Category 40 — Additional satellite report sequences,340013,(Atmospheric Laser Doppler Instrument (ALADIN) L2b data),,005001,Latitude (high accuracy),,,,Operational
bufr4/3/40/013/21/006001,40,Category 40 — Additional satellite report sequences,340013,(Atmospheric Laser Doppler Instrument (ALADIN) L2b data),,006001,Longitude (high accuracy),,,,Operational
bufr4/3/40/013/22/004016,40,Category 40 — Additional satellite report sequences,340013,(Atmospheric Laser Doppler Instrument (ALADIN) L2b data),,004016,Time increment,,,,Operational
bufr4/3/40/013/23/008091,40,Category 40 — Additional satellite report sequences,340013,(Atmospheric Laser Doppler Instrument (ALADIN) L2b data),,008091,Coordinates significance = 4 Horizontal centre of gravity of observation,,,,Operational
bufr4/3/40/013/24/005001,40,Category 40 — Additional satellite report sequences,340013,(Atmospheric Laser Doppler Instrument (ALADIN) L2b data),,005001,Latitude (high accuracy),,,,Operational
bufr4/3/40/013/25/006001,40,Category 40 — Additional satellite report sequences,340013,(Atmospheric Laser Doppler Instrument (ALADIN) L2b data),,006001,Longitude (high accuracy),,,,Operational
bufr4/3/40/013/26/004016,40,Category 40 — Additional satellite report sequences,340013,(Atmospheric Laser Doppler Instrument (ALADIN) L2b data),,004016,Time increment,,,,Operational
bufr4/3/40/013/27/008091,40,Category 40 — Additional satellite report sequences,340013,(Atmospheric Laser Doppler Instrument (ALADIN) L2b data),,008091,Coordinates significance = 6 Top of observation,,,,Operational
bufr4/3/40/013/28/007071,40,Category 40 — Additional satellite report sequences,340013,(Atmospheric Laser Doppler Instrument (ALADIN) L2b data),,007071,Height (high resolution),,,,Operational
bufr4/3/40/013/29/005021,40,Category 40 — Additional satellite report sequences,340013,(Atmospheric Laser Doppler Instrument (ALADIN) L2b data),,005021,Bearing or azimuth,,,,Operational
bufr4/3/40/013/30/007021,40,Category 40 — Additional satellite report sequences,340013,(Atmospheric Laser Doppler Instrument (ALADIN) L2b data),,007021,Elevation I.2 – BUFR Table D/40 — 15,,,,Operational
bufr4/3/40/013/31/040035,40,Category 40 — Additional satellite report sequences,340013,,,040035,Satellite range,,,,Operational
bufr4/3/40/013/32/008091,40,Category 40 — Additional satellite report sequences,340013,,,008091,Coordinates significance = 7 Bottom of observation,,,,Operational
bufr4/3/40/013/33/007071,40,Category 40 — Additional satellite report sequences,340013,,,007071,Height (high resolution),,,,Operational
bufr4/3/40/013/34/005021,40,Category 40 — Additional satellite report sequences,340013,,,005021,Bearing or azimuth,,,,Operational
bufr4/3/40/013/35/007021,40,Category 40 — Additional satellite report sequences,340013,,,007021,Elevation,,,,Operational
bufr4/3/40/013/36/040035,40,Category 40 — Additional satellite report sequences,340013,,,040035,Satellite range,,,,Operational
bufr4/3/40/013/37/008091,40,Category 40 — Additional satellite report sequences,340013,,,008091,Coordinates significance = 5 Vertical centre of gravity of observation,,,,Operational
bufr4/3/40/013/38/007071,40,Category 40 — Additional satellite report sequences,340013,,,007071,Height (high resolution),,,,Operational
bufr4/3/40/013/39/005021,40,Category 40 — Additional satellite report sequences,340013,,,005021,Bearing or azimuth,,,,Operational
bufr4/3/40/013/40/007021,40,Category 40 — Additional satellite report sequences,340013,,,007021,Elevation,,,,Operational
bufr4/3/40/013/41/040035,40,Category 40 — Additional satellite report sequences,340013,,,040035,Satellite range,,,,Operational
bufr4/3/40/013/42/040029,40,Category 40 — Additional satellite report sequences,340013,,,040029,Horizontal observation integration length,,,,Operational
bufr4/3/40/013/43/040030,40,Category 40 — Additional satellite report sequences,340013,,,040030,Horizontal line of sight wind,,,,Operational
bufr4/3/40/013/44/040031,40,Category 40 — Additional satellite report sequences,340013,,,040031,Error estimate of horizontal line of sight wind,,,,Operational
bufr4/3/40/013/45/025187,40,Category 40 — Additional satellite report sequences,340013,,,025187,Confidence flag,,,,Operational
bufr4/3/40/013/46/010004,40,Category 40 — Additional satellite report sequences,340013,,,010004,Pressure,,,,Operational
bufr4/3/40/013/47/012001,40,Category 40 — Additional satellite report sequences,340013,,,012001,Temperature/air temperature,,,,Operational
bufr4/3/40/013/48/040037,40,Category 40 — Additional satellite report sequences,340013,,,040037,Backscatter ratio,,,,Operational
bufr4/3/40/013/49/040032,40,Category 40 — Additional satellite report sequences,340013,,,040032,Derivative wind to pressure,,,,Operational
bufr4/3/40/013/50/040033,40,Category 40 — Additional satellite report sequences,340013,,,040033,Derivative wind to temperature,,,,Operational
bufr4/3/40/013/51/040034,40,Category 40 — Additional satellite report sequences,340013,,,040034,Derivative wind to backscatter ratio,,,,Operational
bufr4/3/40/015/1/001007,40,Category 40 — Additional satellite report sequences,340015,(Global Precipitation Measurement (GPM),,001007,Satellite identifier,,,,Operational
bufr4/3/40/015/2/002019,40,Category 40 — Additional satellite report sequences,340015,(Global Precipitation Measurement (GPM),,002019,Satellite instruments,,,,Operational
bufr4/3/40/015/3/301011,40,Category 40 — Additional satellite report sequences,340015,(Global Precipitation Measurement (GPM),,301011,"Year, month, day",,,,Operational
bufr4/3/40/015/4/301012,40,Category 40 — Additional satellite report sequences,340015,(Global Precipitation Measurement (GPM),,301012,"Hour, minute",,,,Operational
bufr4/3/40/015/5/004007,40,Category 40 — Additional satellite report sequences,340015,(Global Precipitation Measurement (GPM),,004007,Seconds within a minute (microsecond accuracy),,,,Operational
bufr4/3/40/015/6/201133,40,Category 40 — Additional satellite report sequences,340015,(Global Precipitation Measurement (GPM),,201133,Change data width Increase bit width,,,,Operational
bufr4/3/40/015/7/005041,40,Category 40 — Additional satellite report sequences,340015,(Global Precipitation Measurement (GPM),,005041,Scan line number,,,,Operational
bufr4/3/40/015/8/201000,40,Category 40 — Additional satellite report sequences,340015,(Global Precipitation Measurement (GPM),,201000,Change data width Cancel increase bit width,,,,Operational
bufr4/3/40/015/9/201130,40,Category 40 — Additional satellite report sequences,340015,(Global Precipitation Measurement (GPM),,201130,Change data width Increase bit width,,,,Operational
bufr4/3/40/015/10/005043,40,Category 40 — Additional satellite report sequences,340015,(Global Precipitation Measurement (GPM),,005043,Field of view number,,,,Operational
bufr4/3/40/015/11/201000,40,Category 40 — Additional satellite report sequences,340015,(Global Precipitation Measurement (GPM),,201000,Change data width Cancel increase bit width,,,,Operational
bufr4/3/40/015/12/207001,40,Category 40 — Additional satellite report sequences,340015,(Global Precipitation Measurement (GPM),,207001,"Increase scale, reference value and data width",,,,Operational
bufr4/3/40/015/13/005002,40,Category 40 — Additional satellite report sequences,340015,(Global Precipitation Measurement (GPM),,005002,Latitude (coarse accuracy),,,,Operational
bufr4/3/40/015/14/006002,40,Category 40 — Additional satellite report sequences,340015,(Global Precipitation Measurement (GPM),,006002,Longitude (coarse accuracy),,,,Operational
bufr4/3/40/015/15/207000,40,Category 40 — Additional satellite report sequences,340015,(Global Precipitation Measurement (GPM),,207000,"Increase scale, reference value and data Cancel width",,,,Operational
bufr4/3/40/015/16/040027,40,Category 40 — Additional satellite report sequences,340015,(Global Precipitation Measurement (GPM),,040027,Sun glint angle,,,,Operational
bufr4/3/40/015/17/013040,40,Category 40 — Additional satellite report sequences,340015,(Global Precipitation Measurement (GPM),,013040,Surface flag I.2 – BUFR Table D/40 — 16,,,,Operational
bufr4/3/40/015/18/021120,40,Category 40 — Additional satellite report sequences,340015,,,021120,Probability of rain,,,,Operational
bufr4/3/40/015/19/207003,40,Category 40 — Additional satellite report sequences,340015,,,207003,"Increase scale, reference value and data width",,,,Operational
bufr4/3/40/015/20/102003,40,Category 40 — Additional satellite report sequences,340015,,,102003,Replicate 2 descriptors 3 times,,,,Operational
bufr4/3/40/015/21/002186,40,Category 40 — Additional satellite report sequences,340015,,,002186,"Capability to detect precipitation phenomena /see left column Set bit 1 = unknown/unspecified (total precipitation) in the first replication, Set bit 6 = solid precipitation in the second replication, Set bit 24 = convective precipitation in the third replication",,,,Operational
bufr4/3/40/015/22/013155,40,Category 40 — Additional satellite report sequences,340015,,,013155,Intensity of precipitation (high accuracy),,,,Operational
bufr4/3/40/015/23/207000,40,Category 40 — Additional satellite report sequences,340015,,,207000,"Increase scale, reference value and data Cancel width",,,,Operational
bufr4/3/40/015/24/033003,40,Category 40 — Additional satellite report sequences,340015,,,033003,Quality information,,,,Operational
bufr4/3/40/016/1/301129,40,Category 40 — Additional satellite report sequences,340016,"(Principal component scores, channel selection and enhanced data collected on board a geostationary platform)",,301129,Observing satellite and instruments,,,,Operational
bufr4/3/40/016/2/301130,40,Category 40 — Additional satellite report sequences,340016,"(Principal component scores, channel selection and enhanced data collected on board a geostationary platform)",,301130,High precision timestamp,,,,Operational
bufr4/3/40/016/3/301131,40,Category 40 — Additional satellite report sequences,340016,"(Principal component scores, channel selection and enhanced data collected on board a geostationary platform)",,301131,Pixel geolocation,,,,Operational
bufr4/3/40/016/4/202134,40,Category 40 — Additional satellite report sequences,340016,"(Principal component scores, channel selection and enhanced data collected on board a geostationary platform)",,202134,Change scale Add 6 to scale,,,,Operational
bufr4/3/40/016/5/007001,40,Category 40 — Additional satellite report sequences,340016,"(Principal component scores, channel selection and enhanced data collected on board a geostationary platform)",,007001,Height of station,,,,Operational
bufr4/3/40/016/6/202000,40,Category 40 — Additional satellite report sequences,340016,"(Principal component scores, channel selection and enhanced data collected on board a geostationary platform)",,202000,Change scale Cancel,,,,Operational
bufr4/3/40/016/7/101000,40,Category 40 — Additional satellite report sequences,340016,"(Principal component scores, channel selection and enhanced data collected on board a geostationary platform)",,101000,Delayed replicator of 1 descriptor,,,,Operational
bufr4/3/40/016/8/031002,40,Category 40 — Additional satellite report sequences,340016,"(Principal component scores, channel selection and enhanced data collected on board a geostationary platform)",,031002,Extended delayed descriptor replication factor,,,,Operational
bufr4/3/40/016/9/340002,40,Category 40 — Additional satellite report sequences,340016,"(Principal component scores, channel selection and enhanced data collected on board a geostationary platform)",,340002,Band description,,,,Operational
bufr4/3/40/016/10/101000,40,Category 40 — Additional satellite report sequences,340016,"(Principal component scores, channel selection and enhanced data collected on board a geostationary platform)",,101000,Delayed replication of 1 descriptor,,,,Operational
bufr4/3/40/016/11/031002,40,Category 40 — Additional satellite report sequences,340016,"(Principal component scores, channel selection and enhanced data collected on board a geostationary platform)",,031002,Extended delayed descriptor replication factor,,,,Operational
bufr4/3/40/016/12/304039,40,Category 40 — Additional satellite report sequences,340016,"(Principal component scores, channel selection and enhanced data collected on board a geostationary platform)",,304039,Radiance in channel,,,,Operational
bufr4/3/40/016/13/101000,40,Category 40 — Additional satellite report sequences,340016,"(Principal component scores, channel selection and enhanced data collected on board a geostationary platform)",,101000,Delayed replicator of 1 descriptor,,,,Operational
bufr4/3/40/016/14/031002,40,Category 40 — Additional satellite report sequences,340016,"(Principal component scores, channel selection and enhanced data collected on board a geostationary platform)",,031002,Extended delayed descriptor replication factor,,,,Operational
bufr4/3/40/016/15/304040,40,Category 40 — Additional satellite report sequences,340016,"(Principal component scores, channel selection and enhanced data collected on board a geostationary platform)",,304040,Principal component score in band,,,,Operational
bufr4/3/40/017/1/001007,40,Category 40 — Additional satellite report sequences,340017,(Sentinel-3 (S3) Level 2 Water Product),,001007,Satellite identifier = 61 Sentinel 3A or = 65 Sentinel 3B,,,,Operational
bufr4/3/40/017/2/002019,40,Category 40 — Additional satellite report sequences,340017,(Sentinel-3 (S3) Level 2 Water Product),,002019,Satellite instruments 178 (SRAL),,,,Operational
bufr4/3/40/017/3/005044,40,Category 40 — Additional satellite report sequences,340017,(Sentinel-3 (S3) Level 2 Water Product),,005044,Satellite cycle number,,,,Operational
bufr4/3/40/017/4/001096,40,Category 40 — Additional satellite report sequences,340017,(Sentinel-3 (S3) Level 2 Water Product),,001096,Station acquisition,,,,Operational
bufr4/3/40/017/5/005040,40,Category 40 — Additional satellite report sequences,340017,(Sentinel-3 (S3) Level 2 Water Product),,005040,Orbit number,,,,Operational
bufr4/3/40/017/6/001040,40,Category 40 — Additional satellite report sequences,340017,(Sentinel-3 (S3) Level 2 Water Product),,001040,Processing centre ID code,,,,Operational
bufr4/3/40/017/7/025061,40,Category 40 — Additional satellite report sequences,340017,(Sentinel-3 (S3) Level 2 Water Product),,025061,Software identification and version number,,,,Operational
bufr4/3/40/017/8/025182,40,Category 40 — Additional satellite report sequences,340017,(Sentinel-3 (S3) Level 2 Water Product),,025182,L1 processing flag,,,,Operational
bufr4/3/40/017/9/025183,40,Category 40 — Additional satellite report sequences,340017,(Sentinel-3 (S3) Level 2 Water Product),,025183,L1 processing quality,,,,Operational
bufr4/3/40/017/10/025181,40,Category 40 — Additional satellite report sequences,340017,(Sentinel-3 (S3) Level 2 Water Product),,025181,L2 processing flag,,,,Operational
bufr4/3/40/017/11/025184,40,Category 40 — Additional satellite report sequences,340017,(Sentinel-3 (S3) Level 2 Water Product),,025184,L2 product status,,,,Operational
bufr4/3/40/017/12/301011,40,Category 40 — Additional satellite report sequences,340017,(Sentinel-3 (S3) Level 2 Water Product),,301011,"Year, month, day I.2 – BUFR Table D/40 — 17",,,,Operational
bufr4/3/40/017/13/301013,40,Category 40 — Additional satellite report sequences,340017,,,301013,"Hour, minute, second",,,,Operational
bufr4/3/40/017/14/004007,40,Category 40 — Additional satellite report sequences,340017,,,004007,Seconds within a minute (microsecond accuracy),,,,Operational
bufr4/3/40/017/15/301021,40,Category 40 — Additional satellite report sequences,340017,,,301021,Latitude/longitude (high accuracy),,,,Operational
bufr4/3/40/017/16/005063,40,Category 40 — Additional satellite report sequences,340017,,,005063,Spacecraft roll,,,,Operational
bufr4/3/40/017/17/005064,40,Category 40 — Additional satellite report sequences,340017,,,005064,Spacecraft pitch,,,,Operational
bufr4/3/40/017/18/005066,40,Category 40 — Additional satellite report sequences,340017,,,005066,Spacecraft yaw,,,,Operational
bufr4/3/40/017/19/010081,40,Category 40 — Additional satellite report sequences,340017,,,010081,Altitude of COG above reference ellipsoid,,,,Operational
bufr4/3/40/017/20/010082,40,Category 40 — Additional satellite report sequences,340017,,,010082,Instantaneous altitude rate,,,,Operational
bufr4/3/40/017/21/008075,40,Category 40 — Additional satellite report sequences,340017,,,008075,Ascending/descending orbit qualifier,,,,Operational
bufr4/3/40/017/22/025090,40,Category 40 — Additional satellite report sequences,340017,,,025090,Orbit state flag,,,,Operational
bufr4/3/40/017/23/008029,40,Category 40 — Additional satellite report sequences,340017,,,008029,Surface type,,,,Operational
bufr4/3/40/017/24/201137,40,Category 40 — Additional satellite report sequences,340017,,,201137,Change data width Increase data width by 9 bits,,,,Operational
bufr4/3/40/017/25/202129,40,Category 40 — Additional satellite report sequences,340017,,,202129,Change scale Add 1 to scale,,,,Operational
bufr4/3/40/017/26/006021,40,Category 40 — Additional satellite report sequences,340017,,,006021,Distance,,,,Operational
bufr4/3/40/017/27/202000,40,Category 40 — Additional satellite report sequences,340017,,,202000,Change scale Cancel,,,,Operational
bufr4/3/40/017/28/201000,40,Category 40 — Additional satellite report sequences,340017,,,201000,Change data width Cancel,,,,Operational
bufr4/3/40/017/29/010087,40,Category 40 — Additional satellite report sequences,340017,,,010087,Ocean depth/land elevation,,,,Operational
bufr4/3/40/017/30/025096,40,Category 40 — Additional satellite report sequences,340017,,,025096,Radiometer state flag,,,,Operational
bufr4/3/40/017/31/040012,40,Category 40 — Additional satellite report sequences,340017,,,040012,Radiometer data quality flag,,,,Operational
bufr4/3/40/017/32/008077,40,Category 40 — Additional satellite report sequences,340017,,,008077,Radiometer sensed surface type,,,,Operational
bufr4/3/40/017/33/104002,40,Category 40 — Additional satellite report sequences,340017,,,104002,Replicate 4 descriptors 2 times,,,,Operational
bufr4/3/40/017/34/002153,40,Category 40 — Additional satellite report sequences,340017,,,002153,Satellite channel centre frequency,,,,Operational
bufr4/3/40/017/35/012063,40,Category 40 — Additional satellite report sequences,340017,,,012063,Brightness temperature,,,,Operational
bufr4/3/40/017/36/012065,40,Category 40 — Additional satellite report sequences,340017,,,012065,Standard deviation brightness temperature,,,,Operational
bufr4/3/40/017/37/040013,40,Category 40 — Additional satellite report sequences,340017,,,040013,Radiometer brightness temperature interpretation flag,,,,Operational
bufr4/3/40/017/38/007002,40,Category 40 — Additional satellite report sequences,340017,,,007002,Height or altitude,,,,Operational
bufr4/3/40/017/39/011098,40,Category 40 — Additional satellite report sequences,340017,,,011098,Wind speed from radiometer,,,,Operational
bufr4/3/40/017/40/013090,40,Category 40 — Additional satellite report sequences,340017,,,013090,Radiometer water vapour content,,,,Operational
bufr4/3/40/017/41/013091,40,Category 40 — Additional satellite report sequences,340017,,,013091,Radiometer liquid content,,,,Operational
bufr4/3/40/017/42/025164,40,Category 40 — Additional satellite report sequences,340017,,,025164,Radiometer wet tropospheric correction,,,,Operational
bufr4/3/40/017/43/025095,40,Category 40 — Additional satellite report sequences,340017,,,025095,Altimeter state flag,,,,Operational
bufr4/3/40/017/44/040023,40,Category 40 — Additional satellite report sequences,340017,,,040023,Auxiliary altimeter state flags,,,,Operational
bufr4/3/40/017/45/025113,40,Category 40 — Additional satellite report sequences,340017,,,025113,Band specific altimeter correction quality flag,,,,Operational
bufr4/3/40/017/46/008074,40,Category 40 — Additional satellite report sequences,340017,,,008074,Altimeter echo type,,,,Operational
bufr4/3/40/017/47/025190,40,Category 40 — Additional satellite report sequences,340017,,,025190,Altimeter echo processing mode,,,,Operational
bufr4/3/40/017/48/021144,40,Category 40 — Additional satellite report sequences,340017,,,021144,Altimeter rain flag,,,,Operational
bufr4/3/40/017/49/025191,40,Category 40 — Additional satellite report sequences,340017,,,025191,Altimeter tracking mode,,,,Operational
bufr4/3/40/017/50/021143,40,Category 40 — Additional satellite report sequences,340017,,,021143,Ku band rain attenuation,,,,Operational
bufr4/3/40/017/51/013055,40,Category 40 — Additional satellite report sequences,340017,,,013055,Intensity of precipitation,,,,Operational
bufr4/3/40/017/52/021169,40,Category 40 — Additional satellite report sequences,340017,,,021169,Ice presence indicator,,,,Operational
bufr4/3/40/017/53/010101,40,Category 40 — Additional satellite report sequences,340017,,,010101,Squared off-nadir angle of the satellite from waveform data,,,,Operational
bufr4/3/40/017/54/015012,40,Category 40 — Additional satellite report sequences,340017,,,015012,Total electron count per square metre,,,,Operational
bufr4/3/40/017/55/007002,40,Category 40 — Additional satellite report sequences,340017,,,007002,Height or altitude,,,,Operational
bufr4/3/40/017/56/011097,40,Category 40 — Additional satellite report sequences,340017,,,011097,Wind speed from altimeter I.2 – BUFR Table D/40 — 18,,,,Operational
bufr4/3/40/017/57/040024,40,Category 40 — Additional satellite report sequences,340017,,,040024,Meteorological map availability,,,,Operational
bufr4/3/40/017/58/007002,40,Category 40 — Additional satellite report sequences,340017,,,007002,Height or altitude,,,,Operational
bufr4/3/40/017/59/025126,40,Category 40 — Additional satellite report sequences,340017,,,025126,Model dry tropospheric correction,,,,Operational
bufr4/3/40/017/60/025128,40,Category 40 — Additional satellite report sequences,340017,,,025128,Model wet tropospheric correction,,,,Operational
bufr4/3/40/017/61/040011,40,Category 40 — Additional satellite report sequences,340017,,,040011,Interpolation flag,,,,Operational
bufr4/3/40/017/62/007002,40,Category 40 — Additional satellite report sequences,340017,,,007002,Height or altitude,,,,Operational
bufr4/3/40/017/63/011095,40,Category 40 — Additional satellite report sequences,340017,,,011095,u-component of the model wind vector,,,,Operational
bufr4/3/40/017/64/011096,40,Category 40 — Additional satellite report sequences,340017,,,011096,v-component of the model wind vector,,,,Operational
bufr4/3/40/017/65/010088,40,Category 40 — Additional satellite report sequences,340017,,,010088,Total geocentric ocean tide height (solution 1),,,,Operational
bufr4/3/40/017/66/010089,40,Category 40 — Additional satellite report sequences,340017,,,010089,Total geocentric ocean tide height (solution 2),,,,Operational
bufr4/3/40/017/67/010090,40,Category 40 — Additional satellite report sequences,340017,,,010090,Long period tide height,,,,Operational
bufr4/3/40/017/68/010092,40,Category 40 — Additional satellite report sequences,340017,,,010092,Solid Earth tide height,,,,Operational
bufr4/3/40/017/69/010093,40,Category 40 — Additional satellite report sequences,340017,,,010093,Geocentric pole tide height,,,,Operational
bufr4/3/40/017/70/010098,40,Category 40 — Additional satellite report sequences,340017,,,010098,Loading tide height geocentric ocean tide solution 1,,,,Operational
bufr4/3/40/017/71/010099,40,Category 40 — Additional satellite report sequences,340017,,,010099,Loading tide height geocentric ocean tide solution 2,,,,Operational
bufr4/3/40/017/72/010100,40,Category 40 — Additional satellite report sequences,340017,,,010100,Non-equilibrium long period tide height,,,,Operational
bufr4/3/40/017/73/025127,40,Category 40 — Additional satellite report sequences,340017,,,025127,Inverted barometer correction,,,,Operational
bufr4/3/40/017/74/040014,40,Category 40 — Additional satellite report sequences,340017,,,040014,High-frequency fluctuations of the sea-surface topography correction,,,,Operational
bufr4/3/40/017/75/010085,40,Category 40 — Additional satellite report sequences,340017,,,010085,Mean sea-surface height,,,,Operational
bufr4/3/40/017/76/010086,40,Category 40 — Additional satellite report sequences,340017,,,010086,Geoid's height,,,,Operational
bufr4/3/40/017/77/010096,40,Category 40 — Additional satellite report sequences,340017,,,010096,Mean dynamic topography,,,,Operational
bufr4/3/40/017/78/010103,40,Category 40 — Additional satellite report sequences,340017,,,010103,Mean dynamic topography accuracy,,,,Operational
bufr4/3/40/017/79/010102,40,Category 40 — Additional satellite report sequences,340017,,,010102,Sea-surface height anomaly,,,,Operational
bufr4/3/40/017/80/022080,40,Category 40 — Additional satellite report sequences,340017,,,022080,Waveband central frequency,,,,Operational
bufr4/3/40/017/81/008076,40,Category 40 — Additional satellite report sequences,340017,,,008076,Type of band,,,,Operational
bufr4/3/40/017/82/022189,40,Category 40 — Additional satellite report sequences,340017,,,022189,Specific band ocean range,,,,Operational
bufr4/3/40/017/83/022191,40,Category 40 — Additional satellite report sequences,340017,,,022191,RMS of specific band ocean range,,,,Operational
bufr4/3/40/017/84/022130,40,Category 40 — Additional satellite report sequences,340017,,,022130,Number of valid points for specific band,,,,Operational
bufr4/3/40/017/85/025165,40,Category 40 — Additional satellite report sequences,340017,,,025165,Ionospheric correction from model on specific band,,,,Operational
bufr4/3/40/017/86/025166,40,Category 40 — Additional satellite report sequences,340017,,,025166,Sea state bias correction on specific band,,,,Operational
bufr4/3/40/017/87/025167,40,Category 40 — Additional satellite report sequences,340017,,,025167,Specific band net instrumental correction,,,,Operational
bufr4/3/40/017/88/021183,40,Category 40 — Additional satellite report sequences,340017,,,021183,Specific band corrected ocean backscatter coefficient,,,,Operational
bufr4/3/40/017/89/021184,40,Category 40 — Additional satellite report sequences,340017,,,021184,STD specific band corrected ocean backscatter coefficient,,,,Operational
bufr4/3/40/017/90/022134,40,Category 40 — Additional satellite report sequences,340017,,,022134,Number of valid points for specific band backscatter,,,,Operational
bufr4/3/40/017/91/021122,40,Category 40 — Additional satellite report sequences,340017,,,021122,Attenuation correction on sigma-0 (from tB),,,,Operational
bufr4/3/40/017/92/022190,40,Category 40 — Additional satellite report sequences,340017,,,022190,Specific band significant wave height,,,,Operational
bufr4/3/40/017/93/022131,40,Category 40 — Additional satellite report sequences,340017,,,022131,RMS specific band significant wave height,,,,Operational
bufr4/3/40/017/94/022132,40,Category 40 — Additional satellite report sequences,340017,,,022132,Number of valid points for specific band significant wave height,,,,Operational
bufr4/3/40/017/95/022133,40,Category 40 — Additional satellite report sequences,340017,,,022133,Specific band net instrument correction for significant wave height,,,,Operational
bufr4/3/40/017/96/021186,40,Category 40 — Additional satellite report sequences,340017,,,021186,Specific band automatic gain control I.2 – BUFR Table D/40 — 19,,,,Operational
bufr4/3/40/017/97/021187,40,Category 40 — Additional satellite report sequences,340017,,,021187,RMS specific band automatic gain control,,,,Operational
bufr4/3/40/017/98/021188,40,Category 40 — Additional satellite report sequences,340017,,,021188,Number of valid points for specific band automatic gain control,,,,Operational
bufr4/3/40/017/99/021185,40,Category 40 — Additional satellite report sequences,340017,,,021185,Specific band net instrumental correction for AGC,,,,Operational
bufr4/3/40/017/100/025112,40,Category 40 — Additional satellite report sequences,340017,,,025112,Band specific altimeter data quality flag,,,,Operational
bufr4/3/40/017/101/025113,40,Category 40 — Additional satellite report sequences,340017,,,025113,Band specific altimeter correction quality flag,,,,Operational
bufr4/3/40/017/102/033092,40,Category 40 — Additional satellite report sequences,340017,,,033092,Band specific ocean quality flag,,,,Operational
bufr4/3/40/017/103/008076,40,Category 40 — Additional satellite report sequences,340017,,,008076,Type of band,,,,Operational
bufr4/3/40/017/104/022189,40,Category 40 — Additional satellite report sequences,340017,,,022189,Specific band ocean range,,,,Operational
bufr4/3/40/017/105/022191,40,Category 40 — Additional satellite report sequences,340017,,,022191,RMS of specific band ocean range,,,,Operational
bufr4/3/40/017/106/022130,40,Category 40 — Additional satellite report sequences,340017,,,022130,Number of valid points for specific band,,,,Operational
bufr4/3/40/017/107/025165,40,Category 40 — Additional satellite report sequences,340017,,,025165,Ionospheric correction from model on specific band,,,,Operational
bufr4/3/40/017/108/025166,40,Category 40 — Additional satellite report sequences,340017,,,025166,Sea state bias correction on specific band,,,,Operational
bufr4/3/40/017/109/025167,40,Category 40 — Additional satellite report sequences,340017,,,025167,Specific band net instrumental correction,,,,Operational
bufr4/3/40/017/110/021183,40,Category 40 — Additional satellite report sequences,340017,,,021183,Specific band corrected ocean backscatter coefficient,,,,Operational
bufr4/3/40/017/111/021184,40,Category 40 — Additional satellite report sequences,340017,,,021184,STD specific band corrected ocean backscatter coefficient,,,,Operational
bufr4/3/40/017/112/022134,40,Category 40 — Additional satellite report sequences,340017,,,022134,Number of valid points for specific band backscatter,,,,Operational
bufr4/3/40/017/113/021122,40,Category 40 — Additional satellite report sequences,340017,,,021122,Attenuation correction on sigma-0 (from tB),,,,Operational
bufr4/3/40/017/114/022190,40,Category 40 — Additional satellite report sequences,340017,,,022190,Specific band significant wave height,,,,Operational
bufr4/3/40/017/115/022131,40,Category 40 — Additional satellite report sequences,340017,,,022131,RMS specific band significant wave height,,,,Operational
bufr4/3/40/017/116/022132,40,Category 40 — Additional satellite report sequences,340017,,,022132,Number of valid points for specific band significant wave height,,,,Operational
bufr4/3/40/017/117/022133,40,Category 40 — Additional satellite report sequences,340017,,,022133,Specific band net instrument correction for significant wave height,,,,Operational
bufr4/3/40/017/118/021186,40,Category 40 — Additional satellite report sequences,340017,,,021186,Specific band automatic gain control,,,,Operational
bufr4/3/40/017/119/021187,40,Category 40 — Additional satellite report sequences,340017,,,021187,RMS specific band automatic gain control,,,,Operational
bufr4/3/40/017/120/021188,40,Category 40 — Additional satellite report sequences,340017,,,021188,Number of valid points for specific band automatic gain control,,,,Operational
bufr4/3/40/017/121/021185,40,Category 40 — Additional satellite report sequences,340017,,,021185,Specific band net instrumental correction for AGC,,,,Operational
bufr4/3/40/017/122/025112,40,Category 40 — Additional satellite report sequences,340017,,,025112,Band specific altimeter data quality flag,,,,Operational
bufr4/3/40/017/123/025113,40,Category 40 — Additional satellite report sequences,340017,,,025113,Band specific altimeter correction quality flag,,,,Operational
bufr4/3/40/017/124/033092,40,Category 40 — Additional satellite report sequences,340017,,,033092,Band specific ocean quality flag,,,,Operational
bufr4/3/40/017/125/025190,40,Category 40 — Additional satellite report sequences,340017,,,025190,Altimeter echo processing mode,,,,Operational
bufr4/3/40/017/126/011097,40,Category 40 — Additional satellite report sequences,340017,,,011097,Wind speed from altimeter,,,,Operational
bufr4/3/40/017/127/013090,40,Category 40 — Additional satellite report sequences,340017,,,013090,Radiometer water vapour content,,,,Operational
bufr4/3/40/017/128/013091,40,Category 40 — Additional satellite report sequences,340017,,,013091,Radiometer liquid content,,,,Operational
bufr4/3/40/017/129/021143,40,Category 40 — Additional satellite report sequences,340017,,,021143,Ku band rain attenuation,,,,Operational
bufr4/3/40/017/130/021184,40,Category 40 — Additional satellite report sequences,340017,,,021184,STD specific band corrected ocean backscatter coefficient,,,,Operational
bufr4/3/40/017/131/025128,40,Category 40 — Additional satellite report sequences,340017,,,025128,Model wet tropospheric correction,,,,Operational
bufr4/3/40/017/132/025163,40,Category 40 — Additional satellite report sequences,340017,,,025163,Altimeter ionospheric correction on Ku band,,,,Operational
bufr4/3/40/017/133/025164,40,Category 40 — Additional satellite report sequences,340017,,,025164,Radiometer wet tropospheric correction,,,,Operational
bufr4/3/40/017/134/010102,40,Category 40 — Additional satellite report sequences,340017,,,010102,Sea-surface height anomaly I.2 – BUFR Table D/40 — 20,,,,Operational
bufr4/3/40/017/135/022189,40,Category 40 — Additional satellite report sequences,340017,,,022189,Specific band ocean range,,,,Operational
bufr4/3/40/017/136/022191,40,Category 40 — Additional satellite report sequences,340017,,,022191,RMS of specific band ocean range,,,,Operational
bufr4/3/40/017/137/022130,40,Category 40 — Additional satellite report sequences,340017,,,022130,Number of valid points for specific band,,,,Operational
bufr4/3/40/017/138/025166,40,Category 40 — Additional satellite report sequences,340017,,,025166,Sea state bias correction on specific band,,,,Operational
bufr4/3/40/017/139/021183,40,Category 40 — Additional satellite report sequences,340017,,,021183,Specific band corrected ocean backscatter coefficient,,,,Operational
bufr4/3/40/017/140/021184,40,Category 40 — Additional satellite report sequences,340017,,,021184,STD specific band corrected ocean backscatter coefficient,,,,Operational
bufr4/3/40/017/141/022134,40,Category 40 — Additional satellite report sequences,340017,,,022134,Number of valid points for specific band backscatter,,,,Operational
bufr4/3/40/017/142/022190,40,Category 40 — Additional satellite report sequences,340017,,,022190,Specific band significant wave height,,,,Operational
bufr4/3/40/017/143/022131,40,Category 40 — Additional satellite report sequences,340017,,,022131,RMS specific band significant wave height,,,,Operational
bufr4/3/40/017/144/022132,40,Category 40 — Additional satellite report sequences,340017,,,022132,Number of valid points for specific band significant wave height,,,,Operational
bufr4/3/40/017/145/025112,40,Category 40 — Additional satellite report sequences,340017,,,025112,Band specific altimeter data quality flag,,,,Operational
bufr4/3/40/017/146/025113,40,Category 40 — Additional satellite report sequences,340017,,,025113,Band specific altimeter correction quality flag,,,,Operational
bufr4/3/40/017/147/033092,40,Category 40 — Additional satellite report sequences,340017,,,033092,Band specific ocean quality flag,,,,Operational
bufr4/3/40/017/148/008049,40,Category 40 — Additional satellite report sequences,340017,,,008049,Number of observations,,,,Operational
bufr4/3/40/017/149/022080,40,Category 40 — Additional satellite report sequences,340017,,,022080,Waveband central frequency,,,,Operational
bufr4/3/40/017/150/134021,40,Category 40 — Additional satellite report sequences,340017,,,134021,Replicate 34 descriptors 21 times,,,,Operational
bufr4/3/40/017/151/301011,40,Category 40 — Additional satellite report sequences,340017,,,301011,"Year, month, day",,,,Operational
bufr4/3/40/017/152/301013,40,Category 40 — Additional satellite report sequences,340017,,,301013,"Hour, minute, second",,,,Operational
bufr4/3/40/017/153/004007,40,Category 40 — Additional satellite report sequences,340017,,,004007,Seconds within a minute (microsecond accuracy),,,,Operational
bufr4/3/40/017/154/301021,40,Category 40 — Additional satellite report sequences,340017,,,301021,Latitude/longitude (high accuracy),,,,Operational
bufr4/3/40/017/155/010081,40,Category 40 — Additional satellite report sequences,340017,,,010081,Altitude of COG above reference ellipsoid,,,,Operational
bufr4/3/40/017/156/010082,40,Category 40 — Additional satellite report sequences,340017,,,010082,Instantaneous altitude rate,,,,Operational
bufr4/3/40/017/157/008029,40,Category 40 — Additional satellite report sequences,340017,,,008029,Surface type,,,,Operational
bufr4/3/40/017/158/201137,40,Category 40 — Additional satellite report sequences,340017,,,201137,Change data width Add 9 bits to data width,,,,Operational
bufr4/3/40/017/159/202129,40,Category 40 — Additional satellite report sequences,340017,,,202129,Change scale Add 1 to scale,,,,Operational
bufr4/3/40/017/160/006021,40,Category 40 — Additional satellite report sequences,340017,,,006021,Distance,,,,Operational
bufr4/3/40/017/161/202000,40,Category 40 — Additional satellite report sequences,340017,,,202000,Change scale Cancel,,,,Operational
bufr4/3/40/017/162/201000,40,Category 40 — Additional satellite report sequences,340017,,,201000,Change data width Cancel,,,,Operational
bufr4/3/40/017/163/025191,40,Category 40 — Additional satellite report sequences,340017,,,025191,Altimeter tracking mode,,,,Operational
bufr4/3/40/017/164/021071,40,Category 40 — Additional satellite report sequences,340017,,,021071,Peakiness,,,,Operational
bufr4/3/40/017/165/010085,40,Category 40 — Additional satellite report sequences,340017,,,010085,Mean sea-surface height,,,,Operational
bufr4/3/40/017/166/040011,40,Category 40 — Additional satellite report sequences,340017,,,040011,Interpolation flag,,,,Operational
bufr4/3/40/017/167/010102,40,Category 40 — Additional satellite report sequences,340017,,,010102,Sea-surface height anomaly,,,,Operational
bufr4/3/40/017/168/022189,40,Category 40 — Additional satellite report sequences,340017,,,022189,Specific band ocean range,,,,Operational
bufr4/3/40/017/169/022146,40,Category 40 — Additional satellite report sequences,340017,,,022146,OCOG range,,,,Operational
bufr4/3/40/017/170/025165,40,Category 40 — Additional satellite report sequences,340017,,,025165,Ionospheric correction from model on specific band,,,,Operational
bufr4/3/40/017/171/025167,40,Category 40 — Additional satellite report sequences,340017,,,025167,Specific band net instrumental correction,,,,Operational
bufr4/3/40/017/172/021183,40,Category 40 — Additional satellite report sequences,340017,,,021183,Specific band corrected ocean backscatter coefficient,,,,Operational
bufr4/3/40/017/173/022190,40,Category 40 — Additional satellite report sequences,340017,,,022190,Specific band significant wave height,,,,Operational
bufr4/3/40/017/174/022133,40,Category 40 — Additional satellite report sequences,340017,,,022133,Specific band net instrument correction for significant wave height I.2 – BUFR Table D/40 — 21,,,,Operational
bufr4/3/40/017/175/021177,40,Category 40 — Additional satellite report sequences,340017,,,021177,Corrected OCOG backscatter coefficient,,,,Operational
bufr4/3/40/017/176/021185,40,Category 40 — Additional satellite report sequences,340017,,,021185,Specific band net instrumental correction for AGC,,,,Operational
bufr4/3/40/017/177/013164,40,Category 40 — Additional satellite report sequences,340017,,,013164,Sea-ice freeboard,,,,Operational
bufr4/3/40/017/178/202126,40,Category 40 — Additional satellite report sequences,340017,,,202126,Change scale Subtract 2 bits from scale,,,,Operational
bufr4/3/40/017/179/022046,40,Category 40 — Additional satellite report sequences,340017,,,022046,Sea-ice fraction,,,,Operational
bufr4/3/40/017/180/202000,40,Category 40 — Additional satellite report sequences,340017,,,202000,Change scale Cancel,,,,Operational
bufr4/3/40/017/181/013117,40,Category 40 — Additional satellite report sequences,340017,,,013117,Snow density (liquid water content),,,,Operational
bufr4/3/40/017/182/013013,40,Category 40 — Additional satellite report sequences,340017,,,013013,Total snow depth,,,,Operational
bufr4/3/40/017/183/025112,40,Category 40 — Additional satellite report sequences,340017,,,025112,Band specific altimeter data quality flag,,,,Operational
bufr4/3/40/017/184/033092,40,Category 40 — Additional satellite report sequences,340017,,,033092,Band specific ocean quality flag,,,,Operational
bufr4/3/40/018/1/301129,40,Category 40 — Additional satellite report sequences,340018,(Infrared Fourier spectrometer – 2 (IKFS-2),,301129,Observing satellite and instruments,,,,Operational
bufr4/3/40/018/2/301130,40,Category 40 — Additional satellite report sequences,340018,(Infrared Fourier spectrometer – 2 (IKFS-2),,301130,High precision timestamp,,,,Operational
bufr4/3/40/018/3/301131,40,Category 40 — Additional satellite report sequences,340018,(Infrared Fourier spectrometer – 2 (IKFS-2),,301131,Pixel geolocation,,,,Operational
bufr4/3/40/018/4/007072,40,Category 40 — Additional satellite report sequences,340018,(Infrared Fourier spectrometer – 2 (IKFS-2),,007072,Scan angle,,,,Operational
bufr4/3/40/018/5/040074,40,Category 40 — Additional satellite report sequences,340018,(Infrared Fourier spectrometer – 2 (IKFS-2),,040074,General interferometry quality flags,,,,Operational
bufr4/3/40/018/6/104000,40,Category 40 — Additional satellite report sequences,340018,(Infrared Fourier spectrometer – 2 (IKFS-2),,104000,Delayed repetition of 1 descriptor Repeat for all channels,,,,Operational
bufr4/3/40/018/7/031002,40,Category 40 — Additional satellite report sequences,340018,(Infrared Fourier spectrometer – 2 (IKFS-2),,031002,Delayed descriptor replication factor,,,,Operational
bufr4/3/40/018/8/201136,40,Category 40 — Additional satellite report sequences,340018,(Infrared Fourier spectrometer – 2 (IKFS-2),,201136,Change data width,,,,Operational
bufr4/3/40/018/9/005042,40,Category 40 — Additional satellite report sequences,340018,(Infrared Fourier spectrometer – 2 (IKFS-2),,005042,Channel number,,,,Operational
bufr4/3/40/018/10/201000,40,Category 40 — Additional satellite report sequences,340018,(Infrared Fourier spectrometer – 2 (IKFS-2),,201000,Change data width,,,,Operational
bufr4/3/40/018/11/014044,40,Category 40 — Additional satellite report sequences,340018,(Infrared Fourier spectrometer – 2 (IKFS-2),,014044,Change radiance,,,,Operational
bufr4/3/40/019/1/340020,40,Category 40 — Additional satellite report sequences,340019,(Altimeter product),,340020,Satellite general values,,,,Operational
bufr4/3/40/019/2/340021,40,Category 40 — Additional satellite report sequences,340019,(Altimeter product),,340021,General radiometer values,,,,Operational
bufr4/3/40/019/3/340022,40,Category 40 — Additional satellite report sequences,340019,(Altimeter product),,340022,Altimeter model values,,,,Operational
bufr4/3/40/019/4/340023,40,Category 40 — Additional satellite report sequences,340019,(Altimeter product),,340023,Altimeter main values,,,,Operational
bufr4/3/40/020/1/001007,40,Category 40 — Additional satellite report sequences,340020,(Satellite general values),,001007,Satellite identifier,,,,Operational
bufr4/3/40/020/2/002019,40,Category 40 — Additional satellite report sequences,340020,(Satellite general values),,002019,Satellite instruments,,,,Operational
bufr4/3/40/020/3/005044,40,Category 40 — Additional satellite report sequences,340020,(Satellite general values),,005044,Satellite cycle number,,,,Operational
bufr4/3/40/020/4/001096,40,Category 40 — Additional satellite report sequences,340020,(Satellite general values),,001096,Station acquisition,,,,Operational
bufr4/3/40/020/5/005040,40,Category 40 — Additional satellite report sequences,340020,(Satellite general values),,005040,Orbit number,,,,Operational
bufr4/3/40/020/6/001040,40,Category 40 — Additional satellite report sequences,340020,(Satellite general values),,001040,Processing centre ID code,,,,Operational
bufr4/3/40/020/7/025061,40,Category 40 — Additional satellite report sequences,340020,(Satellite general values),,025061,Software identification and version number,,,,Operational
bufr4/3/40/020/8/025182,40,Category 40 — Additional satellite report sequences,340020,(Satellite general values),,025182,L1 processing flag,,,,Operational
bufr4/3/40/020/9/025183,40,Category 40 — Additional satellite report sequences,340020,(Satellite general values),,025183,L1 processing quality,,,,Operational
bufr4/3/40/020/10/025181,40,Category 40 — Additional satellite report sequences,340020,(Satellite general values),,025181,L2 processing flag,,,,Operational
bufr4/3/40/020/11/025184,40,Category 40 — Additional satellite report sequences,340020,(Satellite general values),,025184,L2 product status,,,,Operational
bufr4/3/40/020/12/008075,40,Category 40 — Additional satellite report sequences,340020,(Satellite general values),,008075,Ascending/descending orbit qualifier,,,,Operational
bufr4/3/40/020/13/025090,40,Category 40 — Additional satellite report sequences,340020,(Satellite general values),,025090,Orbit state flag I.2 – BUFR Table D/40 — 22,,,,Operational
bufr4/3/40/020/14/301011,40,Category 40 — Additional satellite report sequences,340020,,,301011,Date,,,,Operational
bufr4/3/40/020/15/301013,40,Category 40 — Additional satellite report sequences,340020,,,301013,Time,,,,Operational
bufr4/3/40/020/16/004007,40,Category 40 — Additional satellite report sequences,340020,,,004007,Seconds within a minute (microsecond accuracy),,,,Operational
bufr4/3/40/020/17/301021,40,Category 40 — Additional satellite report sequences,340020,,,301021,Latitude and longitude (high resolution),,,,Operational
bufr4/3/40/020/18/005063,40,Category 40 — Additional satellite report sequences,340020,,,005063,Spacecraft roll,,,,Operational
bufr4/3/40/020/19/005064,40,Category 40 — Additional satellite report sequences,340020,,,005064,Spacecraft pitch,,,,Operational
bufr4/3/40/020/20/005066,40,Category 40 — Additional satellite report sequences,340020,,,005066,Spacecraft yaw,,,,Operational
bufr4/3/40/020/21/010081,40,Category 40 — Additional satellite report sequences,340020,,,010081,Altitude of cog above reference ellipsoid,,,,Operational
bufr4/3/40/020/22/010082,40,Category 40 — Additional satellite report sequences,340020,,,010082,Instantaneous altitude rate,,,,Operational
bufr4/3/40/021/1/040012,40,Category 40 — Additional satellite report sequences,340021,(General radiometer values),,040012,Radiometer data quality flag,,,,Operational
bufr4/3/40/021/2/008077,40,Category 40 — Additional satellite report sequences,340021,(General radiometer values),,008077,Radiometer sensed surface type,,,,Operational
bufr4/3/40/021/3/104000,40,Category 40 — Additional satellite report sequences,340021,(General radiometer values),,104000,Delayed replication,,,,Operational
bufr4/3/40/021/4/031001,40,Category 40 — Additional satellite report sequences,340021,(General radiometer values),,031001,Delayed descriptor replication factor,,,,Operational
bufr4/3/40/021/5/002153,40,Category 40 — Additional satellite report sequences,340021,(General radiometer values),,002153,Satellite channel centre frequency,,,,Operational
bufr4/3/40/021/6/012063,40,Category 40 — Additional satellite report sequences,340021,(General radiometer values),,012063,Brightness temperature,,,,Operational
bufr4/3/40/021/7/012065,40,Category 40 — Additional satellite report sequences,340021,(General radiometer values),,012065,Standard deviation brightness temperature,,,,Operational
bufr4/3/40/021/8/040013,40,Category 40 — Additional satellite report sequences,340021,(General radiometer values),,040013,Radiometer brightness temperature interpretation flag,,,,Operational
bufr4/3/40/021/9/007002,40,Category 40 — Additional satellite report sequences,340021,(General radiometer values),,007002,Height or altitude,,,,Operational
bufr4/3/40/021/10/011098,40,Category 40 — Additional satellite report sequences,340021,(General radiometer values),,011098,Wind speed from radiometer,,,,Operational
bufr4/3/40/022/1/008029,40,Category 40 — Additional satellite report sequences,340022,(Altimeter model values),,008029,Surface type,,,,Operational
bufr4/3/40/022/2/201137,40,Category 40 — Additional satellite report sequences,340022,(Altimeter model values),,201137,Change data width,,,,Operational
bufr4/3/40/022/3/202129,40,Category 40 — Additional satellite report sequences,340022,(Altimeter model values),,202129,Change data scale,,,,Operational
bufr4/3/40/022/4/006021,40,Category 40 — Additional satellite report sequences,340022,(Altimeter model values),,006021,Distance,,,,Operational
bufr4/3/40/022/5/202000,40,Category 40 — Additional satellite report sequences,340022,(Altimeter model values),,202000,Reset scale Reset width,,,,Operational
bufr4/3/40/022/6/010087,40,Category 40 — Additional satellite report sequences,340022,(Altimeter model values),,010087,Ocean depth/land elevation,,,,Operational
bufr4/3/40/022/7/040024,40,Category 40 — Additional satellite report sequences,340022,(Altimeter model values),,040024,Meteorological map availability,,,,Operational
bufr4/3/40/022/8/007002,40,Category 40 — Additional satellite report sequences,340022,(Altimeter model values),,007002,Height or altitude,,,,Operational
bufr4/3/40/022/9/025126,40,Category 40 — Additional satellite report sequences,340022,(Altimeter model values),,025126,Model dry tropospheric correction,,,,Operational
bufr4/3/40/022/10/025128,40,Category 40 — Additional satellite report sequences,340022,(Altimeter model values),,025128,Model wet tropospheric correction,,,,Operational
bufr4/3/40/022/11/040011,40,Category 40 — Additional satellite report sequences,340022,(Altimeter model values),,040011,Interpolation flag,,,,Operational
bufr4/3/40/022/12/007002,40,Category 40 — Additional satellite report sequences,340022,(Altimeter model values),,007002,Height or altitude,,,,Operational
bufr4/3/40/022/13/011095,40,Category 40 — Additional satellite report sequences,340022,(Altimeter model values),,011095,U-component of the model wind vector,,,,Operational
bufr4/3/40/022/14/011096,40,Category 40 — Additional satellite report sequences,340022,(Altimeter model values),,011096,V-component of the model wind vector,,,,Operational
bufr4/3/40/022/15/010088,40,Category 40 — Additional satellite report sequences,340022,(Altimeter model values),,010088,Total geocentric ocean tide height (solution 1),,,,Operational
bufr4/3/40/022/16/010089,40,Category 40 — Additional satellite report sequences,340022,(Altimeter model values),,010089,Total geocentric ocean tide height (solution 2),,,,Operational
bufr4/3/40/022/17/010090,40,Category 40 — Additional satellite report sequences,340022,(Altimeter model values),,010090,Long period tide height,,,,Operational
bufr4/3/40/022/18/010092,40,Category 40 — Additional satellite report sequences,340022,(Altimeter model values),,010092,Solid Earth tide height,,,,Operational
bufr4/3/40/022/19/010093,40,Category 40 — Additional satellite report sequences,340022,(Altimeter model values),,010093,Geocentric pole tide height,,,,Operational
bufr4/3/40/022/20/010098,40,Category 40 — Additional satellite report sequences,340022,(Altimeter model values),,010098,Loading tide height geocentric ocean tide solution 1 I.2 – BUFR Table D/40 — 23,,,,Operational
bufr4/3/40/022/21/010099,40,Category 40 — Additional satellite report sequences,340022,,,010099,Loading tide height geocentric ocean tide solution 2 Non-equilibrium long period tide height,,,,Operational
bufr4/3/40/022/22/025127,40,Category 40 — Additional satellite report sequences,340022,,,025127,Inverted barometer correction,,,,Operational
bufr4/3/40/022/23/040014,40,Category 40 — Additional satellite report sequences,340022,,,040014,High-frequency fluctuations of the sea-surface topography correction,,,,Operational
bufr4/3/40/022/24/001030,40,Category 40 — Additional satellite report sequences,340022,,,001030,Numerical model identifier,,,,Operational
bufr4/3/40/022/25/010085,40,Category 40 — Additional satellite report sequences,340022,,,010085,Mean sea-surface height,,,,Operational
bufr4/3/40/022/26/001030,40,Category 40 — Additional satellite report sequences,340022,,,001030,Numerical model identifier,,,,Operational
bufr4/3/40/022/27/010085,40,Category 40 — Additional satellite report sequences,340022,,,010085,Mean sea-surface height,,,,Operational
bufr4/3/40/022/28/010086,40,Category 40 — Additional satellite report sequences,340022,,,010086,Geoid’s height,,,,Operational
bufr4/3/40/022/29/010096,40,Category 40 — Additional satellite report sequences,340022,,,010096,Mean dynamic topography,,,,Operational
bufr4/3/40/022/30/010103,40,Category 40 — Additional satellite report sequences,340022,,,010103,Mean dynamic topography accuracy,,,,Operational
bufr4/3/40/022/31/021169,40,Category 40 — Additional satellite report sequences,340022,,,021169,Ice presence indicator,,,,Operational
bufr4/3/40/022/32/013055,40,Category 40 — Additional satellite report sequences,340022,,,013055,Intensity of precipitation,,,,Operational
bufr4/3/40/022/33/025165,40,Category 40 — Additional satellite report sequences,340022,,,025165,Ionospheric correction from model on specific band,,,,Operational
bufr4/3/40/023/1/025095,40,Category 40 — Additional satellite report sequences,340023,(Altimeter main values),,025095,Altimeter state flag,,,,Operational
bufr4/3/40/023/2/040023,40,Category 40 — Additional satellite report sequences,340023,(Altimeter main values),,040023,Auxiliary altimeter state flags,,,,Operational
bufr4/3/40/023/3/008074,40,Category 40 — Additional satellite report sequences,340023,(Altimeter main values),,008074,Altimeter echo type,,,,Operational
bufr4/3/40/023/4/340024,40,Category 40 — Additional satellite report sequences,340023,(Altimeter main values),,340024,1 Hz C and Ku band values,,,,Operational
bufr4/3/40/023/5/340024,40,Category 40 — Additional satellite report sequences,340023,(Altimeter main values),,340024,1 Hz C and Ku band values,,,,Operational
bufr4/3/40/023/6/340024,40,Category 40 — Additional satellite report sequences,340023,(Altimeter main values),,340024,1 Hz C and Ku band values,,,,Operational
bufr4/3/40/023/7/340025,40,Category 40 — Additional satellite report sequences,340023,(Altimeter main values),,340025,20 Hz C and Ku band values,,,,Operational
bufr4/3/40/024/1/022080,40,Category 40 — Additional satellite report sequences,340024,(1 Hz C and Ku band values),,022080,Waveband central frequency,,,,Operational
bufr4/3/40/024/2/008076,40,Category 40 — Additional satellite report sequences,340024,(1 Hz C and Ku band values),,008076,Type of band,,,,Operational
bufr4/3/40/024/3/025190,40,Category 40 — Additional satellite report sequences,340024,(1 Hz C and Ku band values),,025190,Altimeter echo processing mode,,,,Operational
bufr4/3/40/024/4/010102,40,Category 40 — Additional satellite report sequences,340024,(1 Hz C and Ku band values),,010102,Sea-surface height anomaly,,,,Operational
bufr4/3/40/024/5/022189,40,Category 40 — Additional satellite report sequences,340024,(1 Hz C and Ku band values),,022189,Specific band ocean range,,,,Operational
bufr4/3/40/024/6/022191,40,Category 40 — Additional satellite report sequences,340024,(1 Hz C and Ku band values),,022191,RMS of specific band ocean range,,,,Operational
bufr4/3/40/024/7/022130,40,Category 40 — Additional satellite report sequences,340024,(1 Hz C and Ku band values),,022130,Number of valid points for specific band,,,,Operational
bufr4/3/40/024/8/025167,40,Category 40 — Additional satellite report sequences,340024,(1 Hz C and Ku band values),,025167,Specific band net instrumental correction,,,,Operational
bufr4/3/40/024/9/025163,40,Category 40 — Additional satellite report sequences,340024,(1 Hz C and Ku band values),,025163,Altimeter ionospheric correction on Ku band,,,,Operational
bufr4/3/40/024/10/015012,40,Category 40 — Additional satellite report sequences,340024,(1 Hz C and Ku band values),,015012,Total electron count per square metre,,,,Operational
bufr4/3/40/024/11/025164,40,Category 40 — Additional satellite report sequences,340024,(1 Hz C and Ku band values),,025164,Radiometer wet tropospheric correction,,,,Operational
bufr4/3/40/024/12/013090,40,Category 40 — Additional satellite report sequences,340024,(1 Hz C and Ku band values),,013090,Radiometer water vapour content,,,,Operational
bufr4/3/40/024/13/013091,40,Category 40 — Additional satellite report sequences,340024,(1 Hz C and Ku band values),,013091,Radiometer liquid content,,,,Operational
bufr4/3/40/024/14/025166,40,Category 40 — Additional satellite report sequences,340024,(1 Hz C and Ku band values),,025166,Sea state bias correction on specific band,,,,Operational
bufr4/3/40/024/15/007002,40,Category 40 — Additional satellite report sequences,340024,(1 Hz C and Ku band values),,007002,Height or altitude,,,,Operational
bufr4/3/40/024/16/011097,40,Category 40 — Additional satellite report sequences,340024,(1 Hz C and Ku band values),,011097,Wind speed from altimeter,,,,Operational
bufr4/3/40/024/17/021183,40,Category 40 — Additional satellite report sequences,340024,(1 Hz C and Ku band values),,021183,Specific band corrected ocean backscatter coefficient,,,,Operational
bufr4/3/40/024/18/021184,40,Category 40 — Additional satellite report sequences,340024,(1 Hz C and Ku band values),,021184,STD specific band corrected ocean backscatter coefficient I.2 – BUFR Table D/40 — 24,,,,Operational
bufr4/3/40/024/19/022134,40,Category 40 — Additional satellite report sequences,340024,,,022134,Number of valid points for specific band backscatter,,,,Operational
bufr4/3/40/024/20/021122,40,Category 40 — Additional satellite report sequences,340024,,,021122,Attenuation correction on sigma-0 (from tB),,,,Operational
bufr4/3/40/024/21/021186,40,Category 40 — Additional satellite report sequences,340024,,,021186,Specific band automatic gain control,,,,Operational
bufr4/3/40/024/22/021187,40,Category 40 — Additional satellite report sequences,340024,,,021187,RMS specific band automatic gain control,,,,Operational
bufr4/3/40/024/23/021188,40,Category 40 — Additional satellite report sequences,340024,,,021188,Number of valid points for specific band automatic gain control,,,,Operational
bufr4/3/40/024/24/201131,40,Category 40 — Additional satellite report sequences,340024,,,201131,Change data width,,,,Operational
bufr4/3/40/024/25/021185,40,Category 40 — Additional satellite report sequences,340024,,,021185,Specific band net instrumental correction for AGC,,,,Operational
bufr4/3/40/024/26/201000,40,Category 40 — Additional satellite report sequences,340024,,,201000,Reset width,,,,Operational
bufr4/3/40/024/27/022179,40,Category 40 — Additional satellite report sequences,340024,,,022179,Specific band significant wave height,,,,Operational
bufr4/3/40/024/28/022131,40,Category 40 — Additional satellite report sequences,340024,,,022131,RMS specific band significant wave height,,,,Operational
bufr4/3/40/024/29/022132,40,Category 40 — Additional satellite report sequences,340024,,,022132,Number of valid points for specific band significant wave height,,,,Operational
bufr4/3/40/024/30/022133,40,Category 40 — Additional satellite report sequences,340024,,,022133,Specific band net instrument correction for significant wave height,,,,Operational
bufr4/3/40/024/31/021144,40,Category 40 — Additional satellite report sequences,340024,,,021144,Altimeter rain flag,,,,Operational
bufr4/3/40/024/32/025191,40,Category 40 — Additional satellite report sequences,340024,,,025191,Altimeter tracking mode,,,,Operational
bufr4/3/40/024/33/021143,40,Category 40 — Additional satellite report sequences,340024,,,021143,Ku band rain attenuation,,,,Operational
bufr4/3/40/024/34/010101,40,Category 40 — Additional satellite report sequences,340024,,,010101,Squared off-nadir angle of the satellite from waveform data,,,,Operational
bufr4/3/40/024/35/025112,40,Category 40 — Additional satellite report sequences,340024,,,025112,Band-specific altimeter data quality flag,,,,Operational
bufr4/3/40/024/36/025113,40,Category 40 — Additional satellite report sequences,340024,,,025113,Band-specific altimeter correction quality flag,,,,Operational
bufr4/3/40/024/37/033092,40,Category 40 — Additional satellite report sequences,340024,,,033092,Band-specific ocean quality flag,,,,Operational
bufr4/3/40/025/1/008049,40,Category 40 — Additional satellite report sequences,340025,(20 Hz C and Ku band values),,008049,Number of observations,,,,Operational
bufr4/3/40/025/2/022080,40,Category 40 — Additional satellite report sequences,340025,(20 Hz C and Ku band values),,022080,Waveband central frequency,,,,Operational
bufr4/3/40/025/3/008076,40,Category 40 — Additional satellite report sequences,340025,(20 Hz C and Ku band values),,008076,Type of band,,,,Operational
bufr4/3/40/025/4/025190,40,Category 40 — Additional satellite report sequences,340025,(20 Hz C and Ku band values),,025190,Altimeter echo processing mode,,,,Operational
bufr4/3/40/025/5/146021,40,Category 40 — Additional satellite report sequences,340025,(20 Hz C and Ku band values),,146021,Replication,,,,Operational
bufr4/3/40/025/6/301011,40,Category 40 — Additional satellite report sequences,340025,(20 Hz C and Ku band values),,301011,Date,,,,Operational
bufr4/3/40/025/7/301013,40,Category 40 — Additional satellite report sequences,340025,(20 Hz C and Ku band values),,301013,Time,,,,Operational
bufr4/3/40/025/8/004007,40,Category 40 — Additional satellite report sequences,340025,(20 Hz C and Ku band values),,004007,Seconds within a minute (microsecond accuracy),,,,Operational
bufr4/3/40/025/9/301021,40,Category 40 — Additional satellite report sequences,340025,(20 Hz C and Ku band values),,301021,Latitude and longitude (high resolution),,,,Operational
bufr4/3/40/025/10/010081,40,Category 40 — Additional satellite report sequences,340025,(20 Hz C and Ku band values),,010081,Altitude of cog above reference ellipsoid,,,,Operational
bufr4/3/40/025/11/010082,40,Category 40 — Additional satellite report sequences,340025,(20 Hz C and Ku band values),,010082,Instantaneous altitude rate,,,,Operational
bufr4/3/40/025/12/008029,40,Category 40 — Additional satellite report sequences,340025,(20 Hz C and Ku band values),,008029,Surface type,,,,Operational
bufr4/3/40/025/13/201137,40,Category 40 — Additional satellite report sequences,340025,(20 Hz C and Ku band values),,201137,Change data width,,,,Operational
bufr4/3/40/025/14/202129,40,Category 40 — Additional satellite report sequences,340025,(20 Hz C and Ku band values),,202129,Change data scale,,,,Operational
bufr4/3/40/025/15/006021,40,Category 40 — Additional satellite report sequences,340025,(20 Hz C and Ku band values),,006021,Distance,,,,Operational
bufr4/3/40/025/16/202000,40,Category 40 — Additional satellite report sequences,340025,(20 Hz C and Ku band values),,202000,Reset scale,,,,Operational
bufr4/3/40/025/17/201000,40,Category 40 — Additional satellite report sequences,340025,(20 Hz C and Ku band values),,201000,Reset width,,,,Operational
bufr4/3/40/025/18/025191,40,Category 40 — Additional satellite report sequences,340025,(20 Hz C and Ku band values),,025191,Altimeter tracking mode,,,,Operational
bufr4/3/40/025/19/021071,40,Category 40 — Additional satellite report sequences,340025,(20 Hz C and Ku band values),,021071,Peakiness,,,,Operational
bufr4/3/40/025/20/001030,40,Category 40 — Additional satellite report sequences,340025,(20 Hz C and Ku band values),,001030,Numerical model identifier I.2 – BUFR Table D/40 — 25,,,,Operational
bufr4/3/40/025/21/010085,40,Category 40 — Additional satellite report sequences,340025,,,010085,Mean sea-surface height,,,,Operational
bufr4/3/40/025/22/001030,40,Category 40 — Additional satellite report sequences,340025,,,001030,Numerical model identifier,,,,Operational
bufr4/3/40/025/23/010085,40,Category 40 — Additional satellite report sequences,340025,,,010085,Mean sea-surface height,,,,Operational
bufr4/3/40/025/24/040011,40,Category 40 — Additional satellite report sequences,340025,,,040011,Interpolation flag,,,,Operational
bufr4/3/40/025/25/010088,40,Category 40 — Additional satellite report sequences,340025,,,010088,Total geocentric ocean tide height (solution 1),,,,Operational
bufr4/3/40/025/26/010089,40,Category 40 — Additional satellite report sequences,340025,,,010089,Total geocentric ocean tide height (solution 2),,,,Operational
bufr4/3/40/025/27/025164,40,Category 40 — Additional satellite report sequences,340025,,,025164,Radiometer wet tropospheric correction,,,,Operational
bufr4/3/40/025/28/007002,40,Category 40 — Additional satellite report sequences,340025,,,007002,Height or altitude,,,,Operational
bufr4/3/40/025/29/025126,40,Category 40 — Additional satellite report sequences,340025,,,025126,Model dry tropospheric correction,,,,Operational
bufr4/3/40/025/30/025128,40,Category 40 — Additional satellite report sequences,340025,,,025128,Model wet tropospheric correction,,,,Operational
bufr4/3/40/025/31/010102,40,Category 40 — Additional satellite report sequences,340025,,,010102,Sea-surface height anomaly,,,,Operational
bufr4/3/40/025/32/022189,40,Category 40 — Additional satellite report sequences,340025,,,022189,Specific band ocean range,,,,Operational
bufr4/3/40/025/33/025167,40,Category 40 — Additional satellite report sequences,340025,,,025167,Specific band net instrumental correction,,,,Operational
bufr4/3/40/025/34/025163,40,Category 40 — Additional satellite report sequences,340025,,,025163,Altimeter ionospheric correction on Ku band,,,,Operational
bufr4/3/40/025/35/021183,40,Category 40 — Additional satellite report sequences,340025,,,021183,Specific band corrected ocean backscatter coefficient,,,,Operational
bufr4/3/40/025/36/201131,40,Category 40 — Additional satellite report sequences,340025,,,201131,Change data width,,,,Operational
bufr4/3/40/025/37/021185,40,Category 40 — Additional satellite report sequences,340025,,,021185,Specific band net instrumental correction for AGC,,,,Operational
bufr4/3/40/025/38/201000,40,Category 40 — Additional satellite report sequences,340025,,,201000,Reset width,,,,Operational
bufr4/3/40/025/39/022179,40,Category 40 — Additional satellite report sequences,340025,,,022179,Specific band significant wave height,,,,Operational
bufr4/3/40/025/40/022133,40,Category 40 — Additional satellite report sequences,340025,,,022133,Specific band net instrument correction for significant wave height,,,,Operational
bufr4/3/40/025/41/022146,40,Category 40 — Additional satellite report sequences,340025,,,022146,OCOG range,,,,Operational
bufr4/3/40/025/42/021189,40,Category 40 — Additional satellite report sequences,340025,,,021189,Corrected OCOG* backscatter coefficient,,,,Operational
bufr4/3/40/025/43/013163,40,Category 40 — Additional satellite report sequences,340025,,,013163,Snow water equivalent,,,,Operational
bufr4/3/40/025/44/202126,40,Category 40 — Additional satellite report sequences,340025,,,202126,Change data scale,,,,Operational
bufr4/3/40/025/45/022046,40,Category 40 — Additional satellite report sequences,340025,,,022046,Sea-ice fraction,,,,Operational
bufr4/3/40/025/46/202000,40,Category 40 — Additional satellite report sequences,340025,,,202000,Reset scale,,,,Operational
bufr4/3/40/025/47/013117,40,Category 40 — Additional satellite report sequences,340025,,,013117,Snow density (liquid water content),,,,Operational
bufr4/3/40/025/48/013013,40,Category 40 — Additional satellite report sequences,340025,,,013013,Total snow depth,,,,Operational
bufr4/3/40/025/49/025112,40,Category 40 — Additional satellite report sequences,340025,,,025112,Band-specific altimeter data quality flag,,,,Operational
bufr4/3/40/025/50/025113,40,Category 40 — Additional satellite report sequences,340025,,,025113,Band-specific altimeter correction quality flag,,,,Operational
bufr4/3/40/025/51/033092,40,Category 40 — Additional satellite report sequences,340025,,,033092,Band-specific ocean quality flag I.2 – BUFR Table D/40 — 26,,,,Operational
