Id,Category,CategoryOfSequences_en,FXY1,Title_en,SubTitle_en,FXY2,ElementName_en,ElementDescription_en,Note_en,noteIDs,Status
bufr4/3/12/001/1/301043,12,Single level report sequences (satellite data),312001,"Satellite identifier, wind computation method, date/time, location",,301043,"Satellite identifier, wind computation method, date/time, location",,,,Operational
bufr4/3/12/001/2/304001,12,Single level report sequences (satellite data),312001,"Satellite identifier, wind computation method, date/time, location",,304001,"Cloud top pressure, temperature, wind",,,,Operational
bufr4/3/12/002/1/301043,12,Single level report sequences (satellite data),312002,"Satellite identifier, wind computation method, date/time, location",,301043,"Satellite identifier, wind computation method, date/time, location",,,,Operational
bufr4/3/12/002/2/304002,12,Single level report sequences (satellite data),312002,"Satellite identifier, wind computation method, date/time, location",,304002,"Cloud top pressure, wind",,,,Operational
bufr4/3/12/003/1/301042,12,Single level report sequences (satellite data),312003,"Satellite identifier, instrument, data-processing technique, date/time, location",,301042,"Satellite identifier, instrument, data-processing technique, date/time, location",,,,Operational
bufr4/3/12/003/2/304003,12,Single level report sequences (satellite data),312003,"Satellite identifier, instrument, data-processing technique, date/time, location",,304003,Surface temperature,,,,Operational
bufr4/3/12/004/1/301042,12,Single level report sequences (satellite data),312004,"Satellite identifier, instrument, data-processing technique, date/time, location",,301042,"Satellite identifier, instrument, data-processing technique, date/time, location",,,,Operational
bufr4/3/12/004/2/304004,12,Single level report sequences (satellite data),312004,"Satellite identifier, instrument, data-processing technique, date/time, location",,304004,"Cloud top pressure, cloud cover, temperature",,,,Operational
bufr4/3/12/005/1/301042,12,Single level report sequences (satellite data),312005,"Satellite identifier, instrument, data-processing technique, date/time, location",,301042,"Satellite identifier, instrument, data-processing technique, date/time, location",,,,Operational
bufr4/3/12/005/2/020014,12,Single level report sequences (satellite data),312005,"Satellite identifier, instrument, data-processing technique, date/time, location",,020014,Height of top of cloud,,,,Operational
bufr4/3/12/006/1/301044,12,Single level report sequences (satellite data),312006,"Satellite identifier, humidity computation method, date/time, location",,301044,"Satellite identifier, humidity computation method, date/time, location",,,,Operational
bufr4/3/12/006/2/304005,12,Single level report sequences (satellite data),312006,"Satellite identifier, humidity computation method, date/time, location",,304005,Layer mean relative humidity,,,,Operational
bufr4/3/12/007/1/301042,12,Single level report sequences (satellite data),312007,"Satellite identifier, instrument, data-processing technique, date/time, location",,301042,"Satellite identifier, instrument, data-processing technique, date/time, location",,,,Operational
bufr4/3/12/007/2/304006,12,Single level report sequences (satellite data),312007,"Satellite identifier, instrument, data-processing technique, date/time, location",,304006,"Radiation (Orbital information, Part I)",,,,Operational
bufr4/3/12/010/1/001007,12,Single level report sequences (satellite data),312010,Satellite identifier,,001007,Satellite identifier,,,,Operational
bufr4/3/12/010/2/005040,12,Single level report sequences (satellite data),312010,Satellite identifier,,005040,Orbit number,,,,Operational
bufr4/3/12/010/3/002021,12,Single level report sequences (satellite data),312010,Satellite identifier,,002021,Satellite instrument data used in processing,,,,Operational
bufr4/3/12/010/4/005041,12,Single level report sequences (satellite data),312010,Satellite identifier,,005041,Scan line number,,,,Operational
bufr4/3/12/010/5/004001,12,Single level report sequences (satellite data),312010,Satellite identifier,,004001,Year,,,,Operational
bufr4/3/12/010/6/004043,12,Single level report sequences (satellite data),312010,Satellite identifier,,004043,"Day of the year (Orbital information, Part II)",,,,Operational
bufr4/3/12/011/1/202131,12,Single level report sequences (satellite data),312011,Change scale,,202131,Change scale,,,,Operational
bufr4/3/12/011/2/201149,12,Single level report sequences (satellite data),312011,Change scale,,201149,Change data width,,,,Operational
bufr4/3/12/011/3/004006,12,Single level report sequences (satellite data),312011,Change scale,,004006,Second,,,,Operational
bufr4/3/12/011/4/201000,12,Single level report sequences (satellite data),312011,Change scale,,201000,Change data width,,,,Operational
bufr4/3/12/011/5/202126,12,Single level report sequences (satellite data),312011,Change scale,,202126,Change scale,,,,Operational
bufr4/3/12/011/6/010002,12,Single level report sequences (satellite data),312011,Change scale,,010002,Height,,,,Operational
bufr4/3/12/011/7/202000,12,Single level report sequences (satellite data),312011,Change scale,,202000,Change scale,,,,Operational
bufr4/3/12/011/8/005043,12,Single level report sequences (satellite data),312011,Change scale,,005043,Field of view number,,,,Operational
bufr4/3/12/011/9/005053,12,Single level report sequences (satellite data),312011,Change scale,,005053,Field of view number increment I.2,(continued) – BUFR Table D/12 — 1,,,Operational
bufr4/3/12/012/1/202129,12,Single level report sequences (satellite data),312012,Change scale,,202129,Change scale,,,,Operational
bufr4/3/12/012/2/201132,12,Single level report sequences (satellite data),312012,Change scale,,201132,Change data width,,,,Operational
bufr4/3/12/012/3/101019,12,Single level report sequences (satellite data),312012,Change scale,,101019,Replicate 1 descriptor 19 times,,,,Operational
bufr4/3/12/012/4/012063,12,Single level report sequences (satellite data),312012,Change scale,,012063,Brightness temperature,,,,Operational
bufr4/3/12/012/5/201000,12,Single level report sequences (satellite data),312012,Change scale,,201000,Change data width,,,,Operational
bufr4/3/12/012/6/202000,12,Single level report sequences (satellite data),312012,Change scale,,202000,Change scale (HIRS brightness temperatures – channel 20),,,,Operational
bufr4/3/12/013/1/005042,12,Single level report sequences (satellite data),312013,Channel number,,005042,Channel number,,,,Operational
bufr4/3/12/013/2/202129,12,Single level report sequences (satellite data),312013,Channel number,,202129,Change scale,,,,Operational
bufr4/3/12/013/3/201135,12,Single level report sequences (satellite data),312013,Channel number,,201135,Change data width,,,,Operational
bufr4/3/12/013/4/012063,12,Single level report sequences (satellite data),312013,Channel number,,012063,Brightness temperature,,,,Operational
bufr4/3/12/013/5/201000,12,Single level report sequences (satellite data),312013,Channel number,,201000,Change data width,,,,Operational
bufr4/3/12/013/6/202000,12,Single level report sequences (satellite data),312013,Channel number,,202000,Change scale (HIRS satellite data),,,,Operational
bufr4/3/12/014/1/312010,12,Single level report sequences (satellite data),312014,"Orbital information, Part I",,312010,"Orbital information, Part I",,,,Operational
bufr4/3/12/014/2/312011,12,Single level report sequences (satellite data),312014,"Orbital information, Part I",,312011,"Orbital information, Part II",,,,Operational
bufr4/3/12/014/3/105056,12,Single level report sequences (satellite data),312014,"Orbital information, Part I",,105056,Replicate 5 descriptors 56 times,,,,Operational
bufr4/3/12/014/4/301023,12,Single level report sequences (satellite data),312014,"Orbital information, Part I",,301023,Latitude/longitude (coarse accuracy),,,,Operational
bufr4/3/12/014/5/005042,12,Single level report sequences (satellite data),312014,"Orbital information, Part I",,005042,Channel number,,,,Operational
bufr4/3/12/014/6/005052,12,Single level report sequences (satellite data),312014,"Orbital information, Part I",,005052,Channel number increment,,,,Operational
bufr4/3/12/014/7/312012,12,Single level report sequences (satellite data),312014,"Orbital information, Part I",,312012,HIRS brightness temperatures – channels 1–19,,,,Operational
bufr4/3/12/014/8/312013,12,Single level report sequences (satellite data),312014,"Orbital information, Part I",,312013,HIRS brightness temperatures – channel 20 (MSU brightness temperatures – channels 1–4),,,,Operational
bufr4/3/12/015/1/109011,12,Single level report sequences (satellite data),312015,Replicate 9 descriptors 11 times,,109011,Replicate 9 descriptors 11 times,,,,Operational
bufr4/3/12/015/2/301023,12,Single level report sequences (satellite data),312015,Replicate 9 descriptors 11 times,,301023,Latitude/longitude (coarse accuracy),,,,Operational
bufr4/3/12/015/3/005042,12,Single level report sequences (satellite data),312015,Replicate 9 descriptors 11 times,,005042,Channel number,,,,Operational
bufr4/3/12/015/4/005052,12,Single level report sequences (satellite data),312015,Replicate 9 descriptors 11 times,,005052,Channel number increment,,,,Operational
bufr4/3/12/015/5/202129,12,Single level report sequences (satellite data),312015,Replicate 9 descriptors 11 times,,202129,Change scale,,,,Operational
bufr4/3/12/015/6/201132,12,Single level report sequences (satellite data),312015,Replicate 9 descriptors 11 times,,201132,Change data width,,,,Operational
bufr4/3/12/015/7/101004,12,Single level report sequences (satellite data),312015,Replicate 9 descriptors 11 times,,101004,Replicate 1 descriptor 4 times,,,,Operational
bufr4/3/12/015/8/012063,12,Single level report sequences (satellite data),312015,Replicate 9 descriptors 11 times,,012063,Brightness temperature,,,,Operational
bufr4/3/12/015/9/202000,12,Single level report sequences (satellite data),312015,Replicate 9 descriptors 11 times,,202000,Change scale,,,,Operational
bufr4/3/12/015/10/201000,12,Single level report sequences (satellite data),312015,Replicate 9 descriptors 11 times,,201000,Change data width (MSU satellite data),,,,Operational
bufr4/3/12/016/1/312010,12,Single level report sequences (satellite data),312016,"Orbital information, Part I",,312010,"Orbital information, Part I",,,,Operational
bufr4/3/12/016/2/312011,12,Single level report sequences (satellite data),312016,"Orbital information, Part I",,312011,"Orbital information, Part II",,,,Operational
bufr4/3/12/016/3/312015,12,Single level report sequences (satellite data),312016,"Orbital information, Part I",,312015,MSU brightness temperatures – channels 1–4 (SSU brightness temperatures – channels 1–3),,,,Operational
bufr4/3/12/017/1/109008,12,Single level report sequences (satellite data),312017,Replicate 9 descriptors 8 times,,109008,Replicate 9 descriptors 8 times,,,,Operational
bufr4/3/12/017/2/301023,12,Single level report sequences (satellite data),312017,Replicate 9 descriptors 8 times,,301023,Latitude/longitude (coarse accuracy),,,,Operational
bufr4/3/12/017/3/005042,12,Single level report sequences (satellite data),312017,Replicate 9 descriptors 8 times,,005042,Channel number,,,,Operational
bufr4/3/12/017/4/005052,12,Single level report sequences (satellite data),312017,Replicate 9 descriptors 8 times,,005052,Channel number increment,,,,Operational
bufr4/3/12/017/5/202129,12,Single level report sequences (satellite data),312017,Replicate 9 descriptors 8 times,,202129,Change scale,,,,Operational
bufr4/3/12/017/1/201132,12,Single level report sequences (satellite data),312017,Change data width,,201132,Change data width,,,,Operational
bufr4/3/12/017/2/101003,12,Single level report sequences (satellite data),312017,Change data width,,101003,Replicate 1 descriptor 3 times,,,,Operational
bufr4/3/12/017/3/012063,12,Single level report sequences (satellite data),312017,Change data width,,012063,Brightness temperature,,,,Operational
bufr4/3/12/017/4/202000,12,Single level report sequences (satellite data),312017,Change data width,,202000,Change scale,,,,Operational
bufr4/3/12/017/5/201000,12,Single level report sequences (satellite data),312017,Change data width,,201000,Change data width (SSU satellite data),,,,Operational
bufr4/3/12/018/1/312010,12,Single level report sequences (satellite data),312018,"Orbital information, Part I",,312010,"Orbital information, Part I",,,,Operational
bufr4/3/12/018/2/312011,12,Single level report sequences (satellite data),312018,"Orbital information, Part I",,312011,"Orbital information, Part II",,,,Operational
bufr4/3/12/018/3/312017,12,Single level report sequences (satellite data),312018,"Orbital information, Part I",,312017,SSU brightness temperatures – channels 1-3 (Wave scatterometer product with width change for wave number (spectral)),,,,Operational
bufr4/3/12/019/1/301047,12,Single level report sequences (satellite data),312019,ERS product header,,301047,ERS product header,,,,Operational
bufr4/3/12/019/2/301048,12,Single level report sequences (satellite data),312019,ERS product header,,301048,Radar parameters,,,,Operational
bufr4/3/12/019/3/015015,12,Single level report sequences (satellite data),312019,ERS product header,,015015,Maximum image spectral component before normalization,,,,Operational
bufr4/3/12/019/4/029002,12,Single level report sequences (satellite data),312019,ERS product header,,029002,Coordinate grid type,,,,Operational
bufr4/3/12/019/5/021076,12,Single level report sequences (satellite data),312019,ERS product header,,021076,Representation of intensities,,,,Operational
bufr4/3/12/019/6/106012,12,Single level report sequences (satellite data),312019,ERS product header,,106012,Replicate 6 descriptors 12 times,,,,Operational
bufr4/3/12/019/7/201129,12,Single level report sequences (satellite data),312019,ERS product header,,201129,Change data width,14 bits long,,,Operational
bufr4/3/12/019/8/006030,12,Single level report sequences (satellite data),312019,ERS product header,,006030,Wave number (spectral),,,,Operational
bufr4/3/12/019/9/201000,12,Single level report sequences (satellite data),312019,ERS product header,,201000,Change data width,Cancel,,,Operational
bufr4/3/12/019/10/102012,12,Single level report sequences (satellite data),312019,ERS product header,,102012,Replicate 2 descriptors 12 times,,,,Operational
bufr4/3/12/019/11/005030,12,Single level report sequences (satellite data),312019,ERS product header,,005030,Direction (spectral),,,,Operational
bufr4/3/12/019/12/021075,12,Single level report sequences (satellite data),312019,ERS product header,,021075,Image spectrum intensity,,,,Operational
bufr4/3/12/019/13/021066,12,Single level report sequences (satellite data),312019,ERS product header,,021066,Wave scatterometer product confidence data (Wave scatterometer product),,,,Operational
bufr4/3/12/020/1/301047,12,Single level report sequences (satellite data),312020,ERS product header,,301047,ERS product header,,,,Operational
bufr4/3/12/020/2/301048,12,Single level report sequences (satellite data),312020,ERS product header,,301048,Radar parameters,,,,Operational
bufr4/3/12/020/3/015015,12,Single level report sequences (satellite data),312020,ERS product header,,015015,Maximum image spectral component before normalization,,,,Operational
bufr4/3/12/020/4/029002,12,Single level report sequences (satellite data),312020,ERS product header,,029002,Coordinate grid type,,,,Operational
bufr4/3/12/020/5/021076,12,Single level report sequences (satellite data),312020,ERS product header,,021076,Representation of intensities,,,,Operational
bufr4/3/12/020/6/104012,12,Single level report sequences (satellite data),312020,ERS product header,,104012,Replicate 4 descriptors 12 times,,,,Operational
bufr4/3/12/020/7/006030,12,Single level report sequences (satellite data),312020,ERS product header,,006030,Wave number (spectral),,,,Operational
bufr4/3/12/020/8/102012,12,Single level report sequences (satellite data),312020,ERS product header,,102012,Replicate 2 descriptors 12 times,,,,Operational
bufr4/3/12/020/9/005030,12,Single level report sequences (satellite data),312020,ERS product header,,005030,Direction (spectral),,,,Operational
bufr4/3/12/020/10/021075,12,Single level report sequences (satellite data),312020,ERS product header,,021075,Image spectrum intensity,,,,Operational
bufr4/3/12/020/11/021066,12,Single level report sequences (satellite data),312020,ERS product header,,021066,Wave scatterometer product confidence data (Wind scatterometer product),,,,Operational
bufr4/3/12/021/1/301047,12,Single level report sequences (satellite data),312021,ERS product header,,301047,ERS product header,,,,Operational
bufr4/3/12/021/2/101003,12,Single level report sequences (satellite data),312021,ERS product header,,101003,Replicate 1 descriptor 3 times,,,,Operational
bufr4/3/12/021/3/301049,12,Single level report sequences (satellite data),312021,ERS product header,,301049,Radar beam data,,,,Operational
bufr4/3/12/021/4/011012,12,Single level report sequences (satellite data),312021,ERS product header,,011012,Wind speed at 10 m,,,,Operational
bufr4/3/12/021/5/011011,12,Single level report sequences (satellite data),312021,ERS product header,,011011,Wind direction at 10 m,,,,Operational
bufr4/3/12/021/6/021067,12,Single level report sequences (satellite data),312021,ERS product header,,021067,Wind product confidence data I.2,(continued) – BUFR Table D/12 — 3,,,Operational
bufr4/3/12/022/1/301047,12,Single level report sequences (satellite data),312022,ERS product header,,301047,ERS product header,,,,Operational
bufr4/3/12/022/2/008022,12,Single level report sequences (satellite data),312022,ERS product header,,008022,Total number (with respect to accumulation or average),Number in average,,,Operational
bufr4/3/12/022/3/011012,12,Single level report sequences (satellite data),312022,ERS product header,,011012,Wind speed at 10 m,,,,Operational
bufr4/3/12/022/4/011050,12,Single level report sequences (satellite data),312022,ERS product header,,011050,Standard deviation of horizontal wind speed,,,,Operational
bufr4/3/12/022/5/022070,12,Single level report sequences (satellite data),312022,ERS product header,,022070,Significant wave height,,,,Operational
bufr4/3/12/022/6/022026,12,Single level report sequences (satellite data),312022,ERS product header,,022026,Standard deviation of significant wave height,,,,Operational
bufr4/3/12/022/7/312041,12,Single level report sequences (satellite data),312022,ERS product header,,312041,Altitude,,,,Operational
bufr4/3/12/022/8/010050,12,Single level report sequences (satellite data),312022,ERS product header,,010050,Standard deviation altitude,,,,Operational
bufr4/3/12/022/9/021068,12,Single level report sequences (satellite data),312022,ERS product header,,021068,Radar altimeter product confidence data,,,,Operational
bufr4/3/12/022/10/021071,12,Single level report sequences (satellite data),312022,ERS product header,,021071,Peakiness,,,,Operational
bufr4/3/12/022/11/021072,12,Single level report sequences (satellite data),312022,ERS product header,,021072,Satellite altimeter calibration status,,,,Operational
bufr4/3/12/022/12/021073,12,Single level report sequences (satellite data),312022,ERS product header,,021073,Satellite altimeter instrument mode,,,,Operational
bufr4/3/12/022/13/312042,12,Single level report sequences (satellite data),312022,ERS product header,,312042,Altitude corrections,,,,Operational
bufr4/3/12/022/14/021062,12,Single level report sequences (satellite data),312022,ERS product header,,021062,Backscatter,,,,Operational
bufr4/3/12/022/15/015011,12,Single level report sequences (satellite data),312022,ERS product header,,015011,Log of integrated electron density 10 (ATSR sea-surface temperature product),,,,Operational
bufr4/3/12/023/1/301047,12,Single level report sequences (satellite data),312023,ERS product header,,301047,ERS product header,,,,Operational
bufr4/3/12/023/2/103003,12,Single level report sequences (satellite data),312023,ERS product header,,103003,Replicate 3 descriptors 3 times,,,,Operational
bufr4/3/12/023/3/008022,12,Single level report sequences (satellite data),312023,ERS product header,,008022,Total number (with respect to accumulation or average),Number in average,,,Operational
bufr4/3/12/023/4/012061,12,Single level report sequences (satellite data),312023,ERS product header,,012061,Skin temperature,,,,Operational
bufr4/3/12/023/5/022050,12,Single level report sequences (satellite data),312023,ERS product header,,022050,Standard deviation sea-surface temperature,,,,Operational
bufr4/3/12/023/6/021069,12,Single level report sequences (satellite data),312023,ERS product header,,021069,SST product confidence data,,,,Operational
bufr4/3/12/023/7/021085,12,Single level report sequences (satellite data),312023,ERS product header,,021085,ATSR sea-surface temperature across-track band number (Wave scatterometer product enhanced),,,,Operational
bufr4/3/12/024/1/312020,12,Single level report sequences (satellite data),312024,Wave scatterometer product,,312020,Wave scatterometer product,,,,Operational
bufr4/3/12/024/2/008060,12,Single level report sequences (satellite data),312024,Wave scatterometer product,,008060,Sample scanning mode significance,Range,,,Operational
bufr4/3/12/024/3/008022,12,Single level report sequences (satellite data),312024,Wave scatterometer product,,008022,Total number (with respect to accumulation or average),Number in sample,,,Operational
bufr4/3/12/024/4/008060,12,Single level report sequences (satellite data),312024,Wave scatterometer product,,008060,Sample scanning mode significance,Horizontal,,,Operational
bufr4/3/12/024/5/008022,12,Single level report sequences (satellite data),312024,Wave scatterometer product,,008022,Total number (with respect to accumulation or average),Number in sample,,,Operational
bufr4/3/12/024/6/025014,12,Single level report sequences (satellite data),312024,Wave scatterometer product,,025014,Azimuth clutter cut-off,,,,Operational
bufr4/3/12/024/7/022101,12,Single level report sequences (satellite data),312024,Wave scatterometer product,,022101,Total energy (wavelength > 731m) at low wave numbers,,,,Operational
bufr4/3/12/024/8/022097,12,Single level report sequences (satellite data),312024,Wave scatterometer product,,022097,Mean wavelength > 731 m of image spectrum at low wave numbers,,,,Operational
bufr4/3/12/024/9/022098,12,Single level report sequences (satellite data),312024,Wave scatterometer product,,022098,Wavelength spread (wavelength > 731 m) at low wave numbers,,,,Operational
bufr4/3/12/024/10/022099,12,Single level report sequences (satellite data),312024,Wave scatterometer product,,022099,Mean direction at low wave numbers (wavelength > 731 m),,,,Operational
bufr4/3/12/024/11/022100,12,Single level report sequences (satellite data),312024,Wave scatterometer product,,022100,Direction spread at low wave numbers (wavelength > 731 m),,,,Operational
bufr4/3/12/025/1/312019,12,Single level report sequences (satellite data),312025,Wave scatterometer product with width change for wave number (spectral),,312019,Wave scatterometer product with width change for wave number (spectral),,,,Operational
bufr4/3/12/025/2/008060,12,Single level report sequences (satellite data),312025,Wave scatterometer product with width change for wave number (spectral),,008060,Sample scanning mode significance,Range,,,Operational
bufr4/3/12/025/3/008022,12,Single level report sequences (satellite data),312025,Wave scatterometer product with width change for wave number (spectral),,008022,Total number (with respect to accumulation or average),Number in sample,,,Operational
bufr4/3/12/025/4/008060,12,Single level report sequences (satellite data),312025,Wave scatterometer product with width change for wave number (spectral),,008060,Sample scanning mode significance,Horizontal,,,Operational
bufr4/3/12/025/5/008022,12,Single level report sequences (satellite data),312025,Wave scatterometer product with width change for wave number (spectral),,008022,Total number (with respect to accumulation or average),Number in sample,,,Operational
bufr4/3/12/025/6/025014,12,Single level report sequences (satellite data),312025,Wave scatterometer product with width change for wave number (spectral),,025014,Azimuth clutter cut-off,,,,Operational
bufr4/3/12/025/7/022101,12,Single level report sequences (satellite data),312025,Wave scatterometer product with width change for wave number (spectral),,022101,Total energy (wavelength > 731m) at low wave numbers,,,,Operational
bufr4/3/12/025/8/022097,12,Single level report sequences (satellite data),312025,Wave scatterometer product with width change for wave number (spectral),,022097,Mean wavelength > 731 m of image spectrum at low wave numbers,,,,Operational
bufr4/3/12/025/9/022098,12,Single level report sequences (satellite data),312025,Wave scatterometer product with width change for wave number (spectral),,022098,Wavelength spread (wavelength > 731 m) at low wave numbers,,,,Operational
bufr4/3/12/025/10/022099,12,Single level report sequences (satellite data),312025,Wave scatterometer product with width change for wave number (spectral),,022099,Mean direction at low wave numbers (wavelength > 731 m),,,,Operational
bufr4/3/12/025/11/022100,12,Single level report sequences (satellite data),312025,Wave scatterometer product with width change for wave number (spectral),,022100,Direction spread at low wave numbers (wavelength > 731 m) (QUIKSCAT data),,,,Operational
bufr4/3/12/026/1/301046,12,Single level report sequences (satellite data),312026,"Satellite identifier, direction of motion, sensor, model function, software, resolution",,301046,"Satellite identifier, direction of motion, sensor, model function, software, resolution",,,,Operational
bufr4/3/12/026/2/301011,12,Single level report sequences (satellite data),312026,"Satellite identifier, direction of motion, sensor, model function, software, resolution",,301011,"Year, month, day",,,,Operational
bufr4/3/12/026/3/301013,12,Single level report sequences (satellite data),312026,"Satellite identifier, direction of motion, sensor, model function, software, resolution",,301013,"Hour, minute, second",,,,Operational
bufr4/3/12/026/4/301023,12,Single level report sequences (satellite data),312026,"Satellite identifier, direction of motion, sensor, model function, software, resolution",,301023,Latitude/longitude (coarse accuracy),,,,Operational
bufr4/3/12/026/5/312031,12,Single level report sequences (satellite data),312026,"Satellite identifier, direction of motion, sensor, model function, software, resolution",,312031,SEAWINDS wind,,,,Operational
bufr4/3/12/026/6/101004,12,Single level report sequences (satellite data),312026,"Satellite identifier, direction of motion, sensor, model function, software, resolution",,101004,Replicate 1 descriptor 4 times,,,,Operational
bufr4/3/12/026/7/312030,12,Single level report sequences (satellite data),312026,"Satellite identifier, direction of motion, sensor, model function, software, resolution",,312030,"Wind, formal uncertainty, likelihood",,,,Operational
bufr4/3/12/026/8/021110,12,Single level report sequences (satellite data),312026,"Satellite identifier, direction of motion, sensor, model function, software, resolution",,021110,Number of inner-beam sigma-0 (forward of satellite),,,,Operational
bufr4/3/12/026/9/301023,12,Single level report sequences (satellite data),312026,"Satellite identifier, direction of motion, sensor, model function, software, resolution",,301023,Latitude/longitude (coarse accuracy),,,,Operational
bufr4/3/12/026/10/321027,12,Single level report sequences (satellite data),312026,"Satellite identifier, direction of motion, sensor, model function, software, resolution",,321027,"Radar specification, normalized radar cross-section, Kp variance coefficient",,,,Operational
bufr4/3/12/026/11/021111,12,Single level report sequences (satellite data),312026,"Satellite identifier, direction of motion, sensor, model function, software, resolution",,021111,Number of outer-beam sigma-0 (forward of satellite),,,,Operational
bufr4/3/12/026/12/301023,12,Single level report sequences (satellite data),312026,"Satellite identifier, direction of motion, sensor, model function, software, resolution",,301023,Latitude/longitude (coarse accuracy),,,,Operational
bufr4/3/12/026/13/321027,12,Single level report sequences (satellite data),312026,"Satellite identifier, direction of motion, sensor, model function, software, resolution",,321027,"Radar specification, normalized radar cross-section, Kp variance coefficient",,,,Operational
bufr4/3/12/026/14/021112,12,Single level report sequences (satellite data),312026,"Satellite identifier, direction of motion, sensor, model function, software, resolution",,021112,Number of inner-beam sigma-0 (aft of satellite),,,,Operational
bufr4/3/12/026/15/301023,12,Single level report sequences (satellite data),312026,"Satellite identifier, direction of motion, sensor, model function, software, resolution",,301023,Latitude/longitude (coarse accuracy),,,,Operational
bufr4/3/12/026/16/321027,12,Single level report sequences (satellite data),312026,"Satellite identifier, direction of motion, sensor, model function, software, resolution",,321027,"Radar specification, normalized radar cross-section, Kp variance coefficient",,,,Operational
bufr4/3/12/026/17/021113,12,Single level report sequences (satellite data),312026,"Satellite identifier, direction of motion, sensor, model function, software, resolution",,021113,Number of outer-beam sigma-0 (aft of satellite),,,,Operational
bufr4/3/12/026/18/301023,12,Single level report sequences (satellite data),312026,"Satellite identifier, direction of motion, sensor, model function, software, resolution",,301023,Latitude/longitude (coarse accuracy),,,,Operational
bufr4/3/12/026/19/321027,12,Single level report sequences (satellite data),312026,"Satellite identifier, direction of motion, sensor, model function, software, resolution",,321027,"Radar specification, normalized radar cross-section, Kp variance coefficient I.2",(continued) – BUFR Table D/12 — 5,,,Operational
bufr4/3/12/027/1/301047,12,Single level report sequences (satellite data),312027,ERS product header,,301047,ERS product header,,,,Operational
bufr4/3/12/027/2/105009,12,Single level report sequences (satellite data),312027,ERS product header,,105009,Replicate 5 descriptors 9 times,,,,Operational
bufr4/3/12/027/3/301023,12,Single level report sequences (satellite data),312027,ERS product header,,301023,Latitude/longitude (coarse accuracy),10-arcmin cell,,,Operational
bufr4/3/12/027/4/007021,12,Single level report sequences (satellite data),312027,ERS product header,,007021,Elevation,Incidence angle nadir view | Set to zero,,,Operational
bufr4/3/12/027/5/012061,12,Single level report sequences (satellite data),312027,ERS product header,,012061,Skin temperature,SST (nadir-only view),,,Operational
bufr4/3/12/027/6/007021,12,Single level report sequences (satellite data),312027,ERS product header,,007021,Elevation,Incidence angle dual view | Set to missing,,,Operational
bufr4/3/12/027/7/012061,12,Single level report sequences (satellite data),312027,ERS product header,,012061,Skin temperature,SST (dual view),,,Operational
bufr4/3/12/027/8/021085,12,Single level report sequences (satellite data),312027,ERS product header,,021085,ATSR sea-surface temperature across-track band number,0–9,,,Operational
bufr4/3/12/027/9/021070,12,Single level report sequences (satellite data),312027,ERS product header,,021070,SST product confidence data (SADIST-2) (SEAWINDS QUIKSCAT data),23-bit flag,,,Operational
bufr4/3/12/028/1/301046,12,Single level report sequences (satellite data),312028,"Satellite identifier, direction of motion, sensor, model function, software, resolution",,301046,"Satellite identifier, direction of motion, sensor, model function, software, resolution",,,,Operational
bufr4/3/12/028/2/301011,12,Single level report sequences (satellite data),312028,"Satellite identifier, direction of motion, sensor, model function, software, resolution",,301011,"Year, month, day",,,,Operational
bufr4/3/12/028/3/301013,12,Single level report sequences (satellite data),312028,"Satellite identifier, direction of motion, sensor, model function, software, resolution",,301013,"Hour, minute, second",,,,Operational
bufr4/3/12/028/4/301023,12,Single level report sequences (satellite data),312028,"Satellite identifier, direction of motion, sensor, model function, software, resolution",,301023,Latitude/longitude (coarse accuracy),,,,Operational
bufr4/3/12/028/5/008025,12,Single level report sequences (satellite data),312028,"Satellite identifier, direction of motion, sensor, model function, software, resolution",,008025,Time difference qualifier,,,,Operational
bufr4/3/12/028/6/201136,12,Single level report sequences (satellite data),312028,"Satellite identifier, direction of motion, sensor, model function, software, resolution",,201136,Change data width,,,,Operational
bufr4/3/12/028/7/004006,12,Single level report sequences (satellite data),312028,"Satellite identifier, direction of motion, sensor, model function, software, resolution",,004006,Second,,,,Operational
bufr4/3/12/028/8/201000,12,Single level report sequences (satellite data),312028,"Satellite identifier, direction of motion, sensor, model function, software, resolution",,201000,Change data width,Cancel,,,Operational
bufr4/3/12/028/9/312031,12,Single level report sequences (satellite data),312028,"Satellite identifier, direction of motion, sensor, model function, software, resolution",,312031,SEAWINDS wind,,,,Operational
bufr4/3/12/028/10/312032,12,Single level report sequences (satellite data),312028,"Satellite identifier, direction of motion, sensor, model function, software, resolution",,312032,SEAWINDS precipitation,,,,Operational
bufr4/3/12/028/11/101004,12,Single level report sequences (satellite data),312028,"Satellite identifier, direction of motion, sensor, model function, software, resolution",,101004,Replicate 1 descriptor 4 times,,,,Operational
bufr4/3/12/028/12/312030,12,Single level report sequences (satellite data),312028,"Satellite identifier, direction of motion, sensor, model function, software, resolution",,312030,"Wind, formal uncertainty, likelihood",,,,Operational
bufr4/3/12/028/13/101002,12,Single level report sequences (satellite data),312028,"Satellite identifier, direction of motion, sensor, model function, software, resolution",,101002,Replicate 1 descriptor 2 times,,,,Operational
bufr4/3/12/028/14/312033,12,Single level report sequences (satellite data),312028,"Satellite identifier, direction of motion, sensor, model function, software, resolution",,312033,"Antenna polarization, brightness temperature",,,,Operational
bufr4/3/12/028/15/021110,12,Single level report sequences (satellite data),312028,"Satellite identifier, direction of motion, sensor, model function, software, resolution",,021110,Number of inner-beam sigma-0 (forward of satellite),,,,Operational
bufr4/3/12/028/16/301023,12,Single level report sequences (satellite data),312028,"Satellite identifier, direction of motion, sensor, model function, software, resolution",,301023,Latitude/longitude (coarse accuracy),,,,Operational
bufr4/3/12/028/17/321028,12,Single level report sequences (satellite data),312028,"Satellite identifier, direction of motion, sensor, model function, software, resolution",,321028,"Radar specification, SEAWINDS normalized radar cross-section, Kp variance coefficient",,,,Operational
bufr4/3/12/028/18/021111,12,Single level report sequences (satellite data),312028,"Satellite identifier, direction of motion, sensor, model function, software, resolution",,021111,Number of outer-beam sigma-0 (forward of satellite),,,,Operational
bufr4/3/12/028/19/301023,12,Single level report sequences (satellite data),312028,"Satellite identifier, direction of motion, sensor, model function, software, resolution",,301023,Latitude/longitude (coarse accuracy),,,,Operational
bufr4/3/12/028/20/321028,12,Single level report sequences (satellite data),312028,"Satellite identifier, direction of motion, sensor, model function, software, resolution",,321028,"Radar specification, SEAWINDS normalized radar cross-section, Kp variance coefficient",,,,Operational
bufr4/3/12/028/21/021112,12,Single level report sequences (satellite data),312028,"Satellite identifier, direction of motion, sensor, model function, software, resolution",,021112,Number of inner-beam sigma-0 (aft of satellite),,,,Operational
bufr4/3/12/028/22/301023,12,Single level report sequences (satellite data),312028,"Satellite identifier, direction of motion, sensor, model function, software, resolution",,301023,Latitude/longitude (coarse accuracy),,,,Operational
bufr4/3/12/028/23/321028,12,Single level report sequences (satellite data),312028,"Satellite identifier, direction of motion, sensor, model function, software, resolution",,321028,"Radar specification, SEAWINDS normalized radar cross-section, Kp variance coefficient",,,,Operational
bufr4/3/12/028/24/021113,12,Single level report sequences (satellite data),312028,"Satellite identifier, direction of motion, sensor, model function, software, resolution",,021113,Number of outer-beam sigma-0 (aft of satellite),,,,Operational
bufr4/3/12/028/25/301023,12,Single level report sequences (satellite data),312028,"Satellite identifier, direction of motion, sensor, model function, software, resolution",,301023,Latitude/longitude (coarse accuracy),,,,Operational
bufr4/3/12/028/26/321028,12,Single level report sequences (satellite data),312028,"Satellite identifier, direction of motion, sensor, model function, software, resolution",,321028,"Radar specification, SEAWINDS normalized radar cross-section, Kp variance coefficient",,,,Operational
bufr4/3/12/030/1/201130,12,Single level report sequences (satellite data),312030,Change data width,,201130,Change data width,,,,Operational
bufr4/3/12/030/2/202129,12,Single level report sequences (satellite data),312030,Change data width,,202129,Change scale,,,,Operational
bufr4/3/12/030/3/011012,12,Single level report sequences (satellite data),312030,Change data width,,011012,Wind speed at 10 m,,,,Operational
bufr4/3/12/030/4/202000,12,Single level report sequences (satellite data),312030,Change data width,,202000,Change scale,Cancel,,,Operational
bufr4/3/12/030/5/201000,12,Single level report sequences (satellite data),312030,Change data width,,201000,Change data width,Cancel,,,Operational
bufr4/3/12/030/6/011052,12,Single level report sequences (satellite data),312030,Change data width,,011052,Formal uncertainty in wind speed,,,,Operational
bufr4/3/12/030/7/201135,12,Single level report sequences (satellite data),312030,Change data width,,201135,Change data width,,,,Operational
bufr4/3/12/030/8/202130,12,Single level report sequences (satellite data),312030,Change data width,,202130,Change scale,,,,Operational
bufr4/3/12/030/9/011011,12,Single level report sequences (satellite data),312030,Change data width,,011011,Wind direction at 10 m,,,,Operational
bufr4/3/12/030/10/202000,12,Single level report sequences (satellite data),312030,Change data width,,202000,Change scale,Cancel,,,Operational
bufr4/3/12/030/11/201000,12,Single level report sequences (satellite data),312030,Change data width,,201000,Change data width,Cancel,,,Operational
bufr4/3/12/030/12/011053,12,Single level report sequences (satellite data),312030,Change data width,,011053,Formal uncertainty in wind direction,,,,Operational
bufr4/3/12/030/13/021104,12,Single level report sequences (satellite data),312030,Change data width,,021104,Likelihood computed for solution (SEAWINDS wind),,,,Operational
bufr4/3/12/031/1/005034,12,Single level report sequences (satellite data),312031,Along-track row number,,005034,Along-track row number,,,,Operational
bufr4/3/12/031/2/006034,12,Single level report sequences (satellite data),312031,Along-track row number,,006034,Cross-track cell number,,,,Operational
bufr4/3/12/031/3/021109,12,Single level report sequences (satellite data),312031,Along-track row number,,021109,SEAWINDS wind vector cell quality,,,,Operational
bufr4/3/12/031/4/011081,12,Single level report sequences (satellite data),312031,Along-track row number,,011081,Model wind direction at 10 m,,,,Operational
bufr4/3/12/031/5/011082,12,Single level report sequences (satellite data),312031,Along-track row number,,011082,Model wind speed at 10 m,,,,Operational
bufr4/3/12/031/6/021101,12,Single level report sequences (satellite data),312031,Along-track row number,,021101,Number of vector ambiguities,,,,Operational
bufr4/3/12/031/7/021102,12,Single level report sequences (satellite data),312031,Along-track row number,,021102,Index of selected wind vector,,,,Operational
bufr4/3/12/031/8/021103,12,Single level report sequences (satellite data),312031,Along-track row number,,021103,Total number of sigma-0 measurements (SEAWINDS precipitation),,,,Operational
bufr4/3/12/032/1/021120,12,Single level report sequences (satellite data),312032,Probability of rain,,021120,Probability of rain,,,,Operational
bufr4/3/12/032/2/021121,12,Single level report sequences (satellite data),312032,Probability of rain,,021121,SEAWINDS NOF rain index,,,,Operational
bufr4/3/12/032/3/013055,12,Single level report sequences (satellite data),312032,Probability of rain,,013055,Intensity of precipitation,,,,Operational
bufr4/3/12/032/4/021122,12,Single level report sequences (satellite data),312032,Probability of rain,,021122,"Attenuation correction on sigma-0 (from tB) (Antenna polarization, brightness temperature)",,,,Operational
bufr4/3/12/033/1/002104,12,Single level report sequences (satellite data),312033,Antenna polarization,,002104,Antenna polarization,,,,Operational
bufr4/3/12/033/2/008022,12,Single level report sequences (satellite data),312033,Antenna polarization,,008022,Total number (with respect to accumulation or average),,,,Operational
bufr4/3/12/033/3/012063,12,Single level report sequences (satellite data),312033,Antenna polarization,,012063,Brightness temperature,,,,Operational
bufr4/3/12/033/4/012065,12,Single level report sequences (satellite data),312033,Antenna polarization,,012065,Standard deviation brightness temperature (Altitude),,,,Operational
bufr4/3/12/041/1/201141,12,Single level report sequences (satellite data),312041,Change data width,,201141,Change data width,28 bits long,,,Operational
bufr4/3/12/041/2/202130,12,Single level report sequences (satellite data),312041,Change data width,,202130,Change scale,Scale: 2,,,Operational
bufr4/3/12/041/3/007001,12,Single level report sequences (satellite data),312041,Change data width,,007001,Height of station,,,,Operational
bufr4/3/12/041/4/201000,12,Single level report sequences (satellite data),312041,Change data width,,201000,Change data width,Cancel,,,Operational
bufr4/3/12/041/5/202000,12,Single level report sequences (satellite data),312041,Change data width,,202000,Change scale (Altitude corrections),Cancel,,,Operational
bufr4/3/12/042/1/021077,12,Single level report sequences (satellite data),312042,Altitude correction (ionosphere),,021077,Altitude correction (ionosphere),,,,Operational
bufr4/3/12/042/2/021078,12,Single level report sequences (satellite data),312042,Altitude correction (ionosphere),,021078,Altitude correction (dry troposphere),,,,Operational
bufr4/3/12/042/3/021079,12,Single level report sequences (satellite data),312042,Altitude correction (ionosphere),,021079,Altitude correction (wet troposphere) I.2,(continued) – BUFR Table D/12 — 7,,,Operational
bufr4/3/12/042/1/021080,12,Single level report sequences (satellite data),312042,Altitude correction (calibration constant),,021080,Altitude correction (calibration constant),,,,Operational
bufr4/3/12/042/2/021081,12,Single level report sequences (satellite data),312042,Altitude correction (calibration constant),,021081,Open loop correction (height-time loop),,,,Operational
bufr4/3/12/042/3/021082,12,Single level report sequences (satellite data),312042,Altitude correction (calibration constant),,021082,Open loop correction (auto gain control) (AATSR sea-surface temperatures),,,,Operational
bufr4/3/12/045/1/001007,12,Single level report sequences (satellite data),312045,Satellite identifier,,001007,Satellite identifier,,,,Operational
bufr4/3/12/045/2/002019,12,Single level report sequences (satellite data),312045,Satellite identifier,,002019,Satellite instruments,,,,Operational
bufr4/3/12/045/3/001096,12,Single level report sequences (satellite data),312045,Satellite identifier,,001096,Station acquisition,,,,Operational
bufr4/3/12/045/4/025061,12,Single level report sequences (satellite data),312045,Satellite identifier,,025061,Software identification and version number,,,,Operational
bufr4/3/12/045/5/005040,12,Single level report sequences (satellite data),312045,Satellite identifier,,005040,Orbit number,,,,Operational
bufr4/3/12/045/6/301011,12,Single level report sequences (satellite data),312045,Satellite identifier,,301011,"Year, month, day",,,,Operational
bufr4/3/12/045/7/301013,12,Single level report sequences (satellite data),312045,Satellite identifier,,301013,"Hour, minute, second",,,,Operational
bufr4/3/12/045/8/301021,12,Single level report sequences (satellite data),312045,Satellite identifier,,301021,Latitude/longitude (high accuracy),,,,Operational
bufr4/3/12/045/9/007002,12,Single level report sequences (satellite data),312045,Satellite identifier,,007002,Height or altitude,,,,Operational
bufr4/3/12/045/10/012180,12,Single level report sequences (satellite data),312045,Satellite identifier,,012180,Averaged 12 micron BT for all clear pixels at nadir,,,,Operational
bufr4/3/12/045/11/012181,12,Single level report sequences (satellite data),312045,Satellite identifier,,012181,Averaged 11 micron BT for all clear pixels at nadir,,,,Operational
bufr4/3/12/045/12/012182,12,Single level report sequences (satellite data),312045,Satellite identifier,,012182,Averaged 3.7 micron BT for all clear pixels at nadir,,,,Operational
bufr4/3/12/045/13/012183,12,Single level report sequences (satellite data),312045,Satellite identifier,,012183,"Averaged 12 micron BT for all clear pixels, forward view",,,,Operational
bufr4/3/12/045/14/012184,12,Single level report sequences (satellite data),312045,Satellite identifier,,012184,"Averaged 11 micron BT for all clear pixels, forward view",,,,Operational
bufr4/3/12/045/15/012185,12,Single level report sequences (satellite data),312045,Satellite identifier,,012185,"Averaged 3.7 micron BT for all clear pixels, forward view",,,,Operational
bufr4/3/12/045/16/002174,12,Single level report sequences (satellite data),312045,Satellite identifier,,002174,Mean across-track pixel number,,,,Operational
bufr4/3/12/045/17/021086,12,Single level report sequences (satellite data),312045,Satellite identifier,,021086,"Number of pixels in nadir only, average",,,,Operational
bufr4/3/12/045/18/012186,12,Single level report sequences (satellite data),312045,Satellite identifier,,012186,Mean nadir sea-surface temperature,,,,Operational
bufr4/3/12/045/19/021087,12,Single level report sequences (satellite data),312045,Satellite identifier,,021087,"Number of pixels in dual view, average",,,,Operational
bufr4/3/12/045/20/012187,12,Single level report sequences (satellite data),312045,Satellite identifier,,012187,Mean dual view sea-surface temperature,,,,Operational
bufr4/3/12/045/21/033043,12,Single level report sequences (satellite data),312045,Satellite identifier,,033043,AST confidence (MERIS instrument reporting),,,,Operational
bufr4/3/12/050/1/001007,12,Single level report sequences (satellite data),312050,Satellite identifier,,001007,Satellite identifier,,,,Operational
bufr4/3/12/050/2/002019,12,Single level report sequences (satellite data),312050,Satellite identifier,,002019,Satellite instruments,,,,Operational
bufr4/3/12/050/3/001096,12,Single level report sequences (satellite data),312050,Satellite identifier,,001096,Station acquisition,,,,Operational
bufr4/3/12/050/4/025061,12,Single level report sequences (satellite data),312050,Satellite identifier,,025061,Software identification and version number,,,,Operational
bufr4/3/12/050/5/005040,12,Single level report sequences (satellite data),312050,Satellite identifier,,005040,Orbit number,,,,Operational
bufr4/3/12/050/6/301011,12,Single level report sequences (satellite data),312050,Satellite identifier,,301011,"Year, month, day",,,,Operational
bufr4/3/12/050/7/301013,12,Single level report sequences (satellite data),312050,Satellite identifier,,301013,"Hour, minute, second",,,,Operational
bufr4/3/12/050/8/301021,12,Single level report sequences (satellite data),312050,Satellite identifier,,301021,Latitude/longitude (high accuracy),,,,Operational
bufr4/3/12/050/9/007025,12,Single level report sequences (satellite data),312050,Satellite identifier,,007025,Solar zenith angle,,,,Operational
bufr4/3/12/050/10/005022,12,Single level report sequences (satellite data),312050,Satellite identifier,,005022,Solar azimuth,,,,Operational
bufr4/3/12/050/11/010080,12,Single level report sequences (satellite data),312050,Satellite identifier,,010080,Viewing zenith angle,,,,Operational
bufr4/3/12/050/12/027080,12,Single level report sequences (satellite data),312050,Satellite identifier,,027080,Viewing azimuth angle,,,,Operational
bufr4/3/12/050/13/008003,12,Single level report sequences (satellite data),312050,Satellite identifier,,008003,Vertical significance (satellite observations),,,,Operational
bufr4/3/12/050/14/007004,12,Single level report sequences (satellite data),312050,Satellite identifier,,007004,Pressure,,,,Operational
bufr4/3/12/050/15/013093,12,Single level report sequences (satellite data),312050,Satellite identifier,,013093,Cloud optical thickness,,,,Operational
bufr4/3/12/050/16/008003,12,Single level report sequences (satellite data),312050,Satellite identifier,,008003,Vertical significance (satellite observations),,,,Operational
bufr4/3/12/050/17/201131,12,Single level report sequences (satellite data),312050,Satellite identifier,,201131,Change data width,,,,Operational
bufr4/3/12/050/18/202129,12,Single level report sequences (satellite data),312050,Satellite identifier,,202129,Change scale,,,,Operational
bufr4/3/12/050/19/007004,12,Single level report sequences (satellite data),312050,Satellite identifier,,007004,Pressure,,,,Operational
bufr4/3/12/050/1/007004,12,Single level report sequences (satellite data),312050,Pressure,,007004,Pressure,,,,Operational
bufr4/3/12/050/2/202000,12,Single level report sequences (satellite data),312050,Pressure,,202000,Change scale,Cancel,,,Operational
bufr4/3/12/050/3/201000,12,Single level report sequences (satellite data),312050,Pressure,,201000,Change data width,Cancel,,,Operational
bufr4/3/12/050/4/013095,12,Single level report sequences (satellite data),312050,Pressure,,013095,Total column water vapour (Ocean cross spectra – WVS),,,,Operational
bufr4/3/12/051/1/001007,12,Single level report sequences (satellite data),312051,Satellite identifier,,001007,Satellite identifier,,,,Operational
bufr4/3/12/051/2/002019,12,Single level report sequences (satellite data),312051,Satellite identifier,,002019,Satellite instruments,,,,Operational
bufr4/3/12/051/3/001096,12,Single level report sequences (satellite data),312051,Satellite identifier,,001096,Station acquisition,,,,Operational
bufr4/3/12/051/4/025061,12,Single level report sequences (satellite data),312051,Satellite identifier,,025061,Software identification and version number,,,,Operational
bufr4/3/12/051/5/005040,12,Single level report sequences (satellite data),312051,Satellite identifier,,005040,Orbit number,,,,Operational
bufr4/3/12/051/6/008075,12,Single level report sequences (satellite data),312051,Satellite identifier,,008075,Ascending/descending orbit qualifier,,,,Operational
bufr4/3/12/051/7/301011,12,Single level report sequences (satellite data),312051,Satellite identifier,,301011,"Year, month, day",,,,Operational
bufr4/3/12/051/8/301013,12,Single level report sequences (satellite data),312051,Satellite identifier,,301013,"Hour, minute, second",,,,Operational
bufr4/3/12/051/9/301021,12,Single level report sequences (satellite data),312051,Satellite identifier,,301021,Latitude/longitude (high accuracy),,,,Operational
bufr4/3/12/051/10/001012,12,Single level report sequences (satellite data),312051,Satellite identifier,,001012,Direction of motion of moving observing platform,,,,Operational
bufr4/3/12/051/11/201131,12,Single level report sequences (satellite data),312051,Satellite identifier,,201131,Change data width,,,,Operational
bufr4/3/12/051/12/001013,12,Single level report sequences (satellite data),312051,Satellite identifier,,001013,Speed of motion of moving observing platform,,,,Operational
bufr4/3/12/051/13/201000,12,Single level report sequences (satellite data),312051,Satellite identifier,,201000,Change data width,Cancel,,,Operational
bufr4/3/12/051/14/010032,12,Single level report sequences (satellite data),312051,Satellite identifier,,010032,Satellite distance to Earth’s centre,,,,Operational
bufr4/3/12/051/15/010033,12,Single level report sequences (satellite data),312051,Satellite identifier,,010033,Altitude (platform to ellipsoid),,,,Operational
bufr4/3/12/051/16/010034,12,Single level report sequences (satellite data),312051,Satellite identifier,,010034,Earth’s radius,,,,Operational
bufr4/3/12/051/17/007002,12,Single level report sequences (satellite data),312051,Satellite identifier,,007002,Height or altitude,,,,Operational
bufr4/3/12/051/18/008012,12,Single level report sequences (satellite data),312051,Satellite identifier,,008012,Land/sea qualifier,,,,Operational
bufr4/3/12/051/19/025110,12,Single level report sequences (satellite data),312051,Satellite identifier,,025110,Image processing summary,,,,Operational
bufr4/3/12/051/20/025111,12,Single level report sequences (satellite data),312051,Satellite identifier,,025111,Number of input data gaps,,,,Operational
bufr4/3/12/051/21/025102,12,Single level report sequences (satellite data),312051,Satellite identifier,,025102,Number of missing lines excluding data gaps,,,,Operational
bufr4/3/12/051/22/002104,12,Single level report sequences (satellite data),312051,Satellite identifier,,002104,Antenna polarization,,,,Operational
bufr4/3/12/051/23/025103,12,Single level report sequences (satellite data),312051,Satellite identifier,,025103,Number of directional bins,,,,Operational
bufr4/3/12/051/24/025104,12,Single level report sequences (satellite data),312051,Satellite identifier,,025104,Number of wavelength bins,,,,Operational
bufr4/3/12/051/25/025105,12,Single level report sequences (satellite data),312051,Satellite identifier,,025105,First directional bin,,,,Operational
bufr4/3/12/051/26/025106,12,Single level report sequences (satellite data),312051,Satellite identifier,,025106,Directional bin step,,,,Operational
bufr4/3/12/051/27/025107,12,Single level report sequences (satellite data),312051,Satellite identifier,,025107,First wavelength bin,,,,Operational
bufr4/3/12/051/28/025108,12,Single level report sequences (satellite data),312051,Satellite identifier,,025108,Last wavelength bin,,,,Operational
bufr4/3/12/051/29/002111,12,Single level report sequences (satellite data),312051,Satellite identifier,,002111,Radar incidence angle,,,,Operational
bufr4/3/12/051/30/002121,12,Single level report sequences (satellite data),312051,Satellite identifier,,002121,Mean frequency,,,,Operational
bufr4/3/12/051/31/002026,12,Single level report sequences (satellite data),312051,Satellite identifier,,002026,Cross-track resolution,,,,Operational
bufr4/3/12/051/32/002027,12,Single level report sequences (satellite data),312051,Satellite identifier,,002027,Along-track resolution,,,,Operational
bufr4/3/12/051/33/021130,12,Single level report sequences (satellite data),312051,Satellite identifier,,021130,Spectrum total energy,,,,Operational
bufr4/3/12/051/34/021131,12,Single level report sequences (satellite data),312051,Satellite identifier,,021131,Spectrum max energy,,,,Operational
bufr4/3/12/051/35/021132,12,Single level report sequences (satellite data),312051,Satellite identifier,,021132,Direction of spectrum max on higher resolution grid,,,,Operational
bufr4/3/12/051/36/021133,12,Single level report sequences (satellite data),312051,Satellite identifier,,021133,Wavelength of spectrum max on higher resolution grid,,,,Operational
bufr4/3/12/051/37/021064,12,Single level report sequences (satellite data),312051,Satellite identifier,,021064,Clutter noise estimate,,,,Operational
bufr4/3/12/051/38/025014,12,Single level report sequences (satellite data),312051,Satellite identifier,,025014,Azimuth clutter cut-off,,,,Operational
bufr4/3/12/051/39/021134,12,Single level report sequences (satellite data),312051,Satellite identifier,,021134,Range resolution of cress covariance spectrum,,,,Operational
bufr4/3/12/051/40/107018,12,Single level report sequences (satellite data),312051,Satellite identifier,,107018,Replicate 7 descriptors 18 times,,,,Operational
bufr4/3/12/051/41/005030,12,Single level report sequences (satellite data),312051,Satellite identifier,,005030,Direction (spectral),,,,Operational
bufr4/3/12/051/42/105024,12,Single level report sequences (satellite data),312051,Satellite identifier,,105024,Replicate 5 descriptors 24 times,,,,Operational
bufr4/3/12/051/43/201130,12,Single level report sequences (satellite data),312051,Satellite identifier,,201130,Change data width I.2,(continued) – BUFR Table D/12 — 9,,,Operational
bufr4/3/12/051/1/006030,12,Single level report sequences (satellite data),312051,Wave number (spectral),,006030,Wave number (spectral),,,,Operational
bufr4/3/12/051/2/201000,12,Single level report sequences (satellite data),312051,Wave number (spectral),,201000,Change data width,Cancel,,,Operational
bufr4/3/12/051/3/021135,12,Single level report sequences (satellite data),312051,Wave number (spectral),,021135,Real part of cross spectra polar grid number of bins,,,,Operational
bufr4/3/12/051/4/021136,12,Single level report sequences (satellite data),312051,Wave number (spectral),,021136,Imaginary part of cross spectra polar grid number of bins,,,,Operational
bufr4/3/12/051/5/033044,12,Single level report sequences (satellite data),312051,Wave number (spectral),,033044,ASAR quality information (RA2 – radar altimeter-2),,,,Operational
bufr4/3/12/052/1/001007,12,Single level report sequences (satellite data),312052,Satellite identifier,,001007,Satellite identifier,,,,Operational
bufr4/3/12/052/2/002019,12,Single level report sequences (satellite data),312052,Satellite identifier,,002019,Satellite instruments,,,,Operational
bufr4/3/12/052/3/001096,12,Single level report sequences (satellite data),312052,Satellite identifier,,001096,Station acquisition,,,,Operational
bufr4/3/12/052/4/025061,12,Single level report sequences (satellite data),312052,Satellite identifier,,025061,Software identification and version number,,,,Operational
bufr4/3/12/052/5/005040,12,Single level report sequences (satellite data),312052,Satellite identifier,,005040,Orbit number,,,,Operational
bufr4/3/12/052/6/025120,12,Single level report sequences (satellite data),312052,Satellite identifier,,025120,RA2-L2-processing flag,,,,Operational
bufr4/3/12/052/7/025121,12,Single level report sequences (satellite data),312052,Satellite identifier,,025121,RA2-L2-processing quality,,,,Operational
bufr4/3/12/052/8/025124,12,Single level report sequences (satellite data),312052,Satellite identifier,,025124,MWR-L2-processing flag,,,,Operational
bufr4/3/12/052/9/025125,12,Single level report sequences (satellite data),312052,Satellite identifier,,025125,MWR-L2-processing quality,,,,Operational
bufr4/3/12/052/10/025122,12,Single level report sequences (satellite data),312052,Satellite identifier,,025122,Hardware configuration for RF,,,,Operational
bufr4/3/12/052/11/025123,12,Single level report sequences (satellite data),312052,Satellite identifier,,025123,Hardware configuration for HPA,,,,Operational
bufr4/3/12/052/12/301011,12,Single level report sequences (satellite data),312052,Satellite identifier,,301011,"Year, month, day",,,,Operational
bufr4/3/12/052/13/301013,12,Single level report sequences (satellite data),312052,Satellite identifier,,301013,"Hour, minute, second",,,,Operational
bufr4/3/12/052/14/301021,12,Single level report sequences (satellite data),312052,Satellite identifier,,301021,Latitude/longitude (high accuracy),,,,Operational
bufr4/3/12/052/15/007002,12,Single level report sequences (satellite data),312052,Satellite identifier,,007002,Height or altitude,,,,Operational
bufr4/3/12/052/16/002119,12,Single level report sequences (satellite data),312052,Satellite identifier,,002119,RA-2 instrument operations,,,,Operational
bufr4/3/12/052/17/033047,12,Single level report sequences (satellite data),312052,Satellite identifier,,033047,Measurement confidence data,,,,Operational
bufr4/3/12/052/18/010081,12,Single level report sequences (satellite data),312052,Satellite identifier,,010081,Altitude of COG above reference ellipsoid,,,,Operational
bufr4/3/12/052/19/010082,12,Single level report sequences (satellite data),312052,Satellite identifier,,010082,Instantaneous altitude rate,,,,Operational
bufr4/3/12/052/20/010083,12,Single level report sequences (satellite data),312052,Satellite identifier,,010083,Squared off nadir angle of the satellite from platform data,,,,Operational
bufr4/3/12/052/21/010084,12,Single level report sequences (satellite data),312052,Satellite identifier,,010084,Squared off nadir angle of the satellite from waveform data,,,,Operational
bufr4/3/12/052/22/002116,12,Single level report sequences (satellite data),312052,Satellite identifier,,002116,Percentage of 320 MHz band processed,,,,Operational
bufr4/3/12/052/23/002117,12,Single level report sequences (satellite data),312052,Satellite identifier,,002117,Percentage of 80 MHz band processed,,,,Operational
bufr4/3/12/052/24/002118,12,Single level report sequences (satellite data),312052,Satellite identifier,,002118,Percentage of 20 MHz band processed,,,,Operational
bufr4/3/12/052/25/002156,12,Single level report sequences (satellite data),312052,Satellite identifier,,002156,Percentage of valid Ku ocean retracker measurements,,,,Operational
bufr4/3/12/052/26/002157,12,Single level report sequences (satellite data),312052,Satellite identifier,,002157,Percentage of valid S ocean retracker measurements,,,,Operational
bufr4/3/12/052/27/014055,12,Single level report sequences (satellite data),312052,Satellite identifier,,014055,Solar activity index,,,,Operational
bufr4/3/12/052/28/022150,12,Single level report sequences (satellite data),312052,Satellite identifier,,022150,Number of 18 Hz valid points for Ku band,,,,Operational
bufr4/3/12/052/29/022151,12,Single level report sequences (satellite data),312052,Satellite identifier,,022151,Ku band ocean range,,,,Operational
bufr4/3/12/052/30/022152,12,Single level report sequences (satellite data),312052,Satellite identifier,,022152,STD of 18 Hz Ku band ocean range,,,,Operational
bufr4/3/12/052/31/022153,12,Single level report sequences (satellite data),312052,Satellite identifier,,022153,Number of 18 Hz valid points for S band,,,,Operational
bufr4/3/12/052/32/022154,12,Single level report sequences (satellite data),312052,Satellite identifier,,022154,S band ocean range,,,,Operational
bufr4/3/12/052/33/022155,12,Single level report sequences (satellite data),312052,Satellite identifier,,022155,STD of 18 Hz S band ocean range,,,,Operational
bufr4/3/12/052/34/022156,12,Single level report sequences (satellite data),312052,Satellite identifier,,022156,Ku band significant wave height,,,,Operational
bufr4/3/12/052/35/022157,12,Single level report sequences (satellite data),312052,Satellite identifier,,022157,STD of 18 Hz Ku band ocean range Significant wave height,,,,Operational
bufr4/3/12/052/36/022158,12,Single level report sequences (satellite data),312052,Satellite identifier,,022158,S band significant wave height,,,,Operational
bufr4/3/12/052/37/022159,12,Single level report sequences (satellite data),312052,Satellite identifier,,022159,STD of 18 Hz S band significant wave height,,,,Operational
bufr4/3/12/052/38/021137,12,Single level report sequences (satellite data),312052,Satellite identifier,,021137,Ku band corrected ocean backscatter coefficient,,,,Operational
bufr4/3/12/052/39/021138,12,Single level report sequences (satellite data),312052,Satellite identifier,,021138,STD Ku band corrected ocean backscatter coefficient,,,,Operational
bufr4/3/12/052/1/021139,12,Single level report sequences (satellite data),312052,Ku band net instrumental correction for AGC,,021139,Ku band net instrumental correction for AGC,,,,Operational
bufr4/3/12/052/2/021140,12,Single level report sequences (satellite data),312052,Ku band net instrumental correction for AGC,,021140,S band corrected ocean backscatter coefficient,,,,Operational
bufr4/3/12/052/3/021141,12,Single level report sequences (satellite data),312052,Ku band net instrumental correction for AGC,,021141,STD S band corrected ocean backscatter coefficient,,,,Operational
bufr4/3/12/052/4/021142,12,Single level report sequences (satellite data),312052,Ku band net instrumental correction for AGC,,021142,S band net instrumental correction for AGC,,,,Operational
bufr4/3/12/052/5/010085,12,Single level report sequences (satellite data),312052,Ku band net instrumental correction for AGC,,010085,Mean sea-surface height,,,,Operational
bufr4/3/12/052/6/010086,12,Single level report sequences (satellite data),312052,Ku band net instrumental correction for AGC,,010086,Geoid’s height,,,,Operational
bufr4/3/12/052/7/010087,12,Single level report sequences (satellite data),312052,Ku band net instrumental correction for AGC,,010087,Ocean depth/land elevation,,,,Operational
bufr4/3/12/052/8/010088,12,Single level report sequences (satellite data),312052,Ku band net instrumental correction for AGC,,010088,Total geocentric ocean tide height (solution 1),,,,Operational
bufr4/3/12/052/9/010089,12,Single level report sequences (satellite data),312052,Ku band net instrumental correction for AGC,,010089,Total geocentric ocean tide height (solution 2),,,,Operational
bufr4/3/12/052/10/010090,12,Single level report sequences (satellite data),312052,Ku band net instrumental correction for AGC,,010090,Long period tide height,,,,Operational
bufr4/3/12/052/11/010091,12,Single level report sequences (satellite data),312052,Ku band net instrumental correction for AGC,,010091,Tidal loading height,,,,Operational
bufr4/3/12/052/12/010092,12,Single level report sequences (satellite data),312052,Ku band net instrumental correction for AGC,,010092,Solid Earth tide height,,,,Operational
bufr4/3/12/052/13/010093,12,Single level report sequences (satellite data),312052,Ku band net instrumental correction for AGC,,010093,Geocentric pole tide height,,,,Operational
bufr4/3/12/052/14/011002,12,Single level report sequences (satellite data),312052,Ku band net instrumental correction for AGC,,011002,Wind speed,,,,Operational
bufr4/3/12/052/15/025126,12,Single level report sequences (satellite data),312052,Ku band net instrumental correction for AGC,,025126,Model dry tropospheric correction,,,,Operational
bufr4/3/12/052/16/025127,12,Single level report sequences (satellite data),312052,Ku band net instrumental correction for AGC,,025127,Inverted barometer correction,,,,Operational
bufr4/3/12/052/17/025128,12,Single level report sequences (satellite data),312052,Ku band net instrumental correction for AGC,,025128,Model wet tropospheric correction,,,,Operational
bufr4/3/12/052/18/025129,12,Single level report sequences (satellite data),312052,Ku band net instrumental correction for AGC,,025129,MWR derived wet tropospheric correction,,,,Operational
bufr4/3/12/052/19/025130,12,Single level report sequences (satellite data),312052,Ku band net instrumental correction for AGC,,025130,RA2 ionospheric correction on Ku band,,,,Operational
bufr4/3/12/052/20/025131,12,Single level report sequences (satellite data),312052,Ku band net instrumental correction for AGC,,025131,Ionospheric correction from Doris on Ku band,,,,Operational
bufr4/3/12/052/21/025132,12,Single level report sequences (satellite data),312052,Ku band net instrumental correction for AGC,,025132,Ionospheric correction from model on Ku band,,,,Operational
bufr4/3/12/052/22/025133,12,Single level report sequences (satellite data),312052,Ku band net instrumental correction for AGC,,025133,Sea state bias correction on Ku band,,,,Operational
bufr4/3/12/052/23/025134,12,Single level report sequences (satellite data),312052,Ku band net instrumental correction for AGC,,025134,RA2 ionospheric correction on S band,,,,Operational
bufr4/3/12/052/24/025135,12,Single level report sequences (satellite data),312052,Ku band net instrumental correction for AGC,,025135,Ionospheric correction from Doris on S band,,,,Operational
bufr4/3/12/052/25/025136,12,Single level report sequences (satellite data),312052,Ku band net instrumental correction for AGC,,025136,Ionospheric correction from model on S band,,,,Operational
bufr4/3/12/052/26/025137,12,Single level report sequences (satellite data),312052,Ku band net instrumental correction for AGC,,025137,Sea state bias correction on S band,,,,Operational
bufr4/3/12/052/27/013096,12,Single level report sequences (satellite data),312052,Ku band net instrumental correction for AGC,,013096,MWR water vapour content,,,,Operational
bufr4/3/12/052/28/013097,12,Single level report sequences (satellite data),312052,Ku band net instrumental correction for AGC,,013097,MWR liquid water content,,,,Operational
bufr4/3/12/052/29/011095,12,Single level report sequences (satellite data),312052,Ku band net instrumental correction for AGC,,011095,u-component of the model wind vector,,,,Operational
bufr4/3/12/052/30/011096,12,Single level report sequences (satellite data),312052,Ku band net instrumental correction for AGC,,011096,v-component of the model wind vector,,,,Operational
bufr4/3/12/052/31/012188,12,Single level report sequences (satellite data),312052,Ku band net instrumental correction for AGC,,012188,Interpolated 23.8 GHz brightness T from MWR,,,,Operational
bufr4/3/12/052/32/012189,12,Single level report sequences (satellite data),312052,Ku band net instrumental correction for AGC,,012189,Interpolated 36.5 GHz brightness T from MWR,,,,Operational
bufr4/3/12/052/33/002158,12,Single level report sequences (satellite data),312052,Ku band net instrumental correction for AGC,,002158,RA-2 instrument,,,,Operational
bufr4/3/12/052/34/002159,12,Single level report sequences (satellite data),312052,Ku band net instrumental correction for AGC,,002159,MWR instrument,,,,Operational
bufr4/3/12/052/35/033052,12,Single level report sequences (satellite data),312052,Ku band net instrumental correction for AGC,,033052,S band ocean retracking quality,,,,Operational
bufr4/3/12/052/36/033053,12,Single level report sequences (satellite data),312052,Ku band net instrumental correction for AGC,,033053,Ku band ocean retracking quality,,,,Operational
bufr4/3/12/052/37/021143,12,Single level report sequences (satellite data),312052,Ku band net instrumental correction for AGC,,021143,Ku band rain attenuation,,,,Operational
bufr4/3/12/052/38/021144,12,Single level report sequences (satellite data),312052,Ku band net instrumental correction for AGC,,021144,Altimeter rain flag (Ocean wave spectra),,,,Operational
bufr4/3/12/053/1/001007,12,Single level report sequences (satellite data),312053,Satellite identifier,,001007,Satellite identifier,,,,Operational
bufr4/3/12/053/2/002019,12,Single level report sequences (satellite data),312053,Satellite identifier,,002019,Satellite instruments,,,,Operational
bufr4/3/12/053/3/001096,12,Single level report sequences (satellite data),312053,Satellite identifier,,001096,Station acquisition,,,,Operational
bufr4/3/12/053/4/025061,12,Single level report sequences (satellite data),312053,Satellite identifier,,025061,Software identification and version number,,,,Operational
bufr4/3/12/053/5/005040,12,Single level report sequences (satellite data),312053,Satellite identifier,,005040,Orbit number,,,,Operational
bufr4/3/12/053/6/008075,12,Single level report sequences (satellite data),312053,Satellite identifier,,008075,Ascending/descending orbit qualifier,,,,Operational
bufr4/3/12/053/7/301011,12,Single level report sequences (satellite data),312053,Satellite identifier,,301011,"Year, month, day",,,,Operational
bufr4/3/12/053/8/301013,12,Single level report sequences (satellite data),312053,Satellite identifier,,301013,"Hour, minute, second",,,,Operational
bufr4/3/12/053/9/301021,12,Single level report sequences (satellite data),312053,Satellite identifier,,301021,Latitude/longitude (high accuracy) I.2 – BUFR Table D/12 — 11,,,,Operational
bufr4/3/12/053/1/001012,12,Single level report sequences (satellite data),312053,Direction of motion of moving observing platform,,001012,Direction of motion of moving observing platform,,,,Operational
bufr4/3/12/053/2/201131,12,Single level report sequences (satellite data),312053,Direction of motion of moving observing platform,,201131,Change data width,,,,Operational
bufr4/3/12/053/3/001013,12,Single level report sequences (satellite data),312053,Direction of motion of moving observing platform,,001013,Speed of motion of moving observing platform,,,,Operational
bufr4/3/12/053/4/201000,12,Single level report sequences (satellite data),312053,Direction of motion of moving observing platform,,201000,Change data width,Cancel,,,Operational
bufr4/3/12/053/5/010032,12,Single level report sequences (satellite data),312053,Direction of motion of moving observing platform,,010032,Satellite distance to Earth’s centre,,,,Operational
bufr4/3/12/053/6/010033,12,Single level report sequences (satellite data),312053,Direction of motion of moving observing platform,,010033,Altitude (platform to ellipsoid),,,,Operational
bufr4/3/12/053/7/010034,12,Single level report sequences (satellite data),312053,Direction of motion of moving observing platform,,010034,Earth’s radius,,,,Operational
bufr4/3/12/053/8/007002,12,Single level report sequences (satellite data),312053,Direction of motion of moving observing platform,,007002,Height or altitude,,,,Operational
bufr4/3/12/053/9/008012,12,Single level report sequences (satellite data),312053,Direction of motion of moving observing platform,,008012,Land/sea qualifier,,,,Operational
bufr4/3/12/053/10/025110,12,Single level report sequences (satellite data),312053,Direction of motion of moving observing platform,,025110,Image processing summary,,,,Operational
bufr4/3/12/053/11/025111,12,Single level report sequences (satellite data),312053,Direction of motion of moving observing platform,,025111,Number of input data gaps,,,,Operational
bufr4/3/12/053/12/025102,12,Single level report sequences (satellite data),312053,Direction of motion of moving observing platform,,025102,Number of missing lines excluding data gaps,,,,Operational
bufr4/3/12/053/13/002104,12,Single level report sequences (satellite data),312053,Direction of motion of moving observing platform,,002104,Antenna polarization,,,,Operational
bufr4/3/12/053/14/025103,12,Single level report sequences (satellite data),312053,Direction of motion of moving observing platform,,025103,Number of directional bins,,,,Operational
bufr4/3/12/053/15/025104,12,Single level report sequences (satellite data),312053,Direction of motion of moving observing platform,,025104,Number of wavelength bins,,,,Operational
bufr4/3/12/053/16/025105,12,Single level report sequences (satellite data),312053,Direction of motion of moving observing platform,,025105,First directional bin,,,,Operational
bufr4/3/12/053/17/025106,12,Single level report sequences (satellite data),312053,Direction of motion of moving observing platform,,025106,Directional bin step,,,,Operational
bufr4/3/12/053/18/025107,12,Single level report sequences (satellite data),312053,Direction of motion of moving observing platform,,025107,First wavelength bin,,,,Operational
bufr4/3/12/053/19/025108,12,Single level report sequences (satellite data),312053,Direction of motion of moving observing platform,,025108,Last wavelength bin,,,,Operational
bufr4/3/12/053/20/011001,12,Single level report sequences (satellite data),312053,Direction of motion of moving observing platform,,011001,Wind direction,,,,Operational
bufr4/3/12/053/21/011002,12,Single level report sequences (satellite data),312053,Direction of motion of moving observing platform,,011002,Wind speed,,,,Operational
bufr4/3/12/053/22/022160,12,Single level report sequences (satellite data),312053,Direction of motion of moving observing platform,,022160,Normalized inverse wave age,,,,Operational
bufr4/3/12/053/23/025138,12,Single level report sequences (satellite data),312053,Direction of motion of moving observing platform,,025138,Average signal-to-noise ratio,,,,Operational
bufr4/3/12/053/24/201130,12,Single level report sequences (satellite data),312053,Direction of motion of moving observing platform,,201130,Change data width,,,,Operational
bufr4/3/12/053/25/202129,12,Single level report sequences (satellite data),312053,Direction of motion of moving observing platform,,202129,Change scale,,,,Operational
bufr4/3/12/053/26/022021,12,Single level report sequences (satellite data),312053,Direction of motion of moving observing platform,,022021,Height of waves,,,,Operational
bufr4/3/12/053/27/202000,12,Single level report sequences (satellite data),312053,Direction of motion of moving observing platform,,202000,Change scale,Cancel,,,Operational
bufr4/3/12/053/28/201000,12,Single level report sequences (satellite data),312053,Direction of motion of moving observing platform,,201000,Change data width,Cancel,,,Operational
bufr4/3/12/053/29/033048,12,Single level report sequences (satellite data),312053,Direction of motion of moving observing platform,,033048,Confidence measure of SAR inversion,,,,Operational
bufr4/3/12/053/30/033049,12,Single level report sequences (satellite data),312053,Direction of motion of moving observing platform,,033049,Confidence measure of wind retrieval,,,,Operational
bufr4/3/12/053/31/002026,12,Single level report sequences (satellite data),312053,Direction of motion of moving observing platform,,002026,Cross-track resolution,,,,Operational
bufr4/3/12/053/32/002027,12,Single level report sequences (satellite data),312053,Direction of motion of moving observing platform,,002027,Along-track resolution,,,,Operational
bufr4/3/12/053/33/021130,12,Single level report sequences (satellite data),312053,Direction of motion of moving observing platform,,021130,Spectrum total energy,,,,Operational
bufr4/3/12/053/34/021131,12,Single level report sequences (satellite data),312053,Direction of motion of moving observing platform,,021131,Spectrum max energy,,,,Operational
bufr4/3/12/053/35/021132,12,Single level report sequences (satellite data),312053,Direction of motion of moving observing platform,,021132,Direction of spectrum max on higher resolution grid,,,,Operational
bufr4/3/12/053/36/021133,12,Single level report sequences (satellite data),312053,Direction of motion of moving observing platform,,021133,Wavelength of spectrum max on higher resolution grid,,,,Operational
bufr4/3/12/053/37/025014,12,Single level report sequences (satellite data),312053,Direction of motion of moving observing platform,,025014,Azimuth clutter cut-off,,,,Operational
bufr4/3/12/053/38/106036,12,Single level report sequences (satellite data),312053,Direction of motion of moving observing platform,,106036,Replicate 6 descriptors 36 times,,,,Operational
bufr4/3/12/053/39/005030,12,Single level report sequences (satellite data),312053,Direction of motion of moving observing platform,,005030,Direction (spectral),,,,Operational
bufr4/3/12/053/40/104024,12,Single level report sequences (satellite data),312053,Direction of motion of moving observing platform,,104024,Replicate 4 descriptors 24 times,,,,Operational
bufr4/3/12/053/41/201130,12,Single level report sequences (satellite data),312053,Direction of motion of moving observing platform,,201130,Change data width,,,,Operational
bufr4/3/12/053/42/006030,12,Single level report sequences (satellite data),312053,Direction of motion of moving observing platform,,006030,Wave number (spectral),,,,Operational
bufr4/3/12/053/43/201000,12,Single level report sequences (satellite data),312053,Direction of motion of moving observing platform,,201000,Change data width,Cancel,,,Operational
bufr4/3/12/053/44/022161,12,Single level report sequences (satellite data),312053,Direction of motion of moving observing platform,,022161,Wave spectra,,,,Operational
bufr4/3/12/053/45/033044,12,Single level report sequences (satellite data),312053,Direction of motion of moving observing platform,,033044,ASAR quality information (ASCAT level 1b cell information),,,,Operational
bufr4/3/12/055/1/005033,12,Single level report sequences (satellite data),312055,Pixel size on horizontal – 1,,005033,Pixel size on horizontal – 1,,,,Operational
bufr4/3/12/055/2/005040,12,Single level report sequences (satellite data),312055,Pixel size on horizontal – 1,,005040,Orbit number,,,,Operational
bufr4/3/12/055/1/006034,12,Single level report sequences (satellite data),312055,Cross-track cell number,,006034,Cross-track cell number,,,,Operational
bufr4/3/12/055/2/010095,12,Single level report sequences (satellite data),312055,Cross-track cell number,,010095,Height of atmosphere used,,,,Operational
bufr4/3/12/055/3/021157,12,Single level report sequences (satellite data),312055,Cross-track cell number,,021157,Loss per unit length of atmosphere used (Scatterometer wind cell information),,,,Operational
bufr4/3/12/056/1/025060,12,Single level report sequences (satellite data),312056,Software identification,,025060,Software identification,,,,Operational
bufr4/3/12/056/2/001032,12,Single level report sequences (satellite data),312056,Software identification,,001032,Generating application,,,,Operational
bufr4/3/12/056/3/011082,12,Single level report sequences (satellite data),312056,Software identification,,011082,Model wind speed at 10 m,,,,Operational
bufr4/3/12/056/4/011081,12,Single level report sequences (satellite data),312056,Software identification,,011081,Model wind direction at 10 m,,,,Operational
bufr4/3/12/056/5/020095,12,Single level report sequences (satellite data),312056,Software identification,,020095,Ice probability,,,,Operational
bufr4/3/12/056/6/020096,12,Single level report sequences (satellite data),312056,Software identification,,020096,Ice age (“A” parameter),,,,Operational
bufr4/3/12/056/7/021155,12,Single level report sequences (satellite data),312056,Software identification,,021155,Wind vector cell quality,,,,Operational
bufr4/3/12/056/8/201133,12,Single level report sequences (satellite data),312056,Software identification,,201133,Change data width,Increase data width by 5 bits,,,Operational
bufr4/3/12/056/9/021101,12,Single level report sequences (satellite data),312056,Software identification,,021101,Number of vector ambiguities,,,,Operational
bufr4/3/12/056/10/021102,12,Single level report sequences (satellite data),312056,Software identification,,021102,Index of selected wind vector,,,,Operational
bufr4/3/12/056/11/201000,12,Single level report sequences (satellite data),312056,Software identification,,201000,Change data width (Ambiguous wind data),Cancel,,,Operational
bufr4/3/12/057/1/201130,12,Single level report sequences (satellite data),312057,Change data width,,201130,Change data width,Increase data width by 2 bits,,,Operational
bufr4/3/12/057/2/202129,12,Single level report sequences (satellite data),312057,Change data width,,202129,Change scale,Increase scaling by 1 10,,,Operational
bufr4/3/12/057/3/011012,12,Single level report sequences (satellite data),312057,Change data width,,011012,Wind speed at 10 m,,,,Operational
bufr4/3/12/057/4/202000,12,Single level report sequences (satellite data),312057,Change data width,,202000,Change scale,Cancel,,,Operational
bufr4/3/12/057/5/201000,12,Single level report sequences (satellite data),312057,Change data width,,201000,Change data width,Cancel,,,Operational
bufr4/3/12/057/6/201131,12,Single level report sequences (satellite data),312057,Change data width,,201131,Change data width,Increase data width by 3 bits,,,Operational
bufr4/3/12/057/7/202129,12,Single level report sequences (satellite data),312057,Change data width,,202129,Change scale,Increase scaling by 1 10,,,Operational
bufr4/3/12/057/8/011011,12,Single level report sequences (satellite data),312057,Change data width,,011011,Wind direction at 10 m,,,,Operational
bufr4/3/12/057/9/202000,12,Single level report sequences (satellite data),312057,Change data width,,202000,Change scale,Cancel,,,Operational
bufr4/3/12/057/10/201000,12,Single level report sequences (satellite data),312057,Change data width,,201000,Change data width,Cancel,,,Operational
bufr4/3/12/057/11/021156,12,Single level report sequences (satellite data),312057,Change data width,,021156,Backscatter distance,,,,Operational
bufr4/3/12/057/12/021104,12,Single level report sequences (satellite data),312057,Change data width,,021104,Likelihood computed for solution (ASCAT level 1b data),,,,Operational
bufr4/3/12/058/1/301125,12,Single level report sequences (satellite data),312058,ASCAT header information,,301125,ASCAT header information,,,,Operational
bufr4/3/12/058/2/301011,12,Single level report sequences (satellite data),312058,ASCAT header information,,301011,"Year, month, day",,,,Operational
bufr4/3/12/058/3/301013,12,Single level report sequences (satellite data),312058,ASCAT header information,,301013,"Hour, minute, second",,,,Operational
bufr4/3/12/058/4/301021,12,Single level report sequences (satellite data),312058,ASCAT header information,,301021,Latitude/longitude (high accuracy),,,,Operational
bufr4/3/12/058/5/312055,12,Single level report sequences (satellite data),312058,ASCAT header information,,312055,ASCAT level 1b cell information,,,,Operational
bufr4/3/12/058/6/021150,12,Single level report sequences (satellite data),312058,ASCAT header information,,021150,Beam co-location,,,,Operational
bufr4/3/12/058/7/101003,12,Single level report sequences (satellite data),312058,ASCAT header information,,101003,Replicate 1 descriptor 3 times,,,,Operational
bufr4/3/12/058/8/321030,12,Single level report sequences (satellite data),312058,ASCAT header information,,321030,ASCAT sigma-0 information (Scatterometer wind data),,,,Operational
bufr4/3/12/059/1/312056,12,Single level report sequences (satellite data),312059,Scatterometer wind cell information,,312056,Scatterometer wind cell information,,,,Operational
bufr4/3/12/059/2/101000,12,Single level report sequences (satellite data),312059,Scatterometer wind cell information,,101000,Delayed replication of 1 descriptor,,,,Operational
bufr4/3/12/059/3/031001,12,Single level report sequences (satellite data),312059,Scatterometer wind cell information,,031001,Delayed descriptor replication factor,,,,Operational
bufr4/3/12/059/4/312057,12,Single level report sequences (satellite data),312059,Scatterometer wind cell information,,312057,Ambiguous wind data I.2 – BUFR Table D/12 — 13,,,,Operational
bufr4/3/12/060/1/025060,12,Single level report sequences (satellite data),312060,Software identification,,025060,Software identification,,,,Operational
bufr4/3/12/060/2/025062,12,Single level report sequences (satellite data),312060,Software identification,,025062,Database identification,,,,Operational
bufr4/3/12/060/3/040001,12,Single level report sequences (satellite data),312060,Software identification,,040001,Surface soil moisture (ms),,,,Operational
bufr4/3/12/060/4/040002,12,Single level report sequences (satellite data),312060,Software identification,,040002,Estimated error in surface soil moisture,,,,Operational
bufr4/3/12/060/5/021062,12,Single level report sequences (satellite data),312060,Software identification,,021062,Backscatter,Extrapolated backscatter at 40 deg incidence angle (sigma0_40),,,Operational
bufr4/3/12/060/6/021151,12,Single level report sequences (satellite data),312060,Software identification,,021151,Estimated error in sigma-0 at 40 degrees incidence angle,,,,Operational
bufr4/3/12/060/7/021152,12,Single level report sequences (satellite data),312060,Software identification,,021152,Slope at 40 degrees incidence angle,,,,Operational
bufr4/3/12/060/8/021153,12,Single level report sequences (satellite data),312060,Software identification,,021153,Estimated error in slope at 40 degrees incidence angle,,,,Operational
bufr4/3/12/060/9/021154,12,Single level report sequences (satellite data),312060,Software identification,,021154,Soil moisture sensitivity,,,,Operational
bufr4/3/12/060/10/021062,12,Single level report sequences (satellite data),312060,Software identification,,021062,Backscatter,Dry backscatter,,,Operational
bufr4/3/12/060/11/021088,12,Single level report sequences (satellite data),312060,Software identification,,021088,Wet backscatter,,,,Operational
bufr4/3/12/060/12/040003,12,Single level report sequences (satellite data),312060,Software identification,,040003,Mean surface soil moisture,,,,Operational
bufr4/3/12/060/13/040004,12,Single level report sequences (satellite data),312060,Software identification,,040004,Rain fall detection,,,,Operational
bufr4/3/12/060/14/040005,12,Single level report sequences (satellite data),312060,Software identification,,040005,Soil moisture correction flag,,,,Operational
bufr4/3/12/060/15/040006,12,Single level report sequences (satellite data),312060,Software identification,,040006,Soil moisture processing flag,,,,Operational
bufr4/3/12/060/16/040007,12,Single level report sequences (satellite data),312060,Software identification,,040007,Soil moisture quality,,,,Operational
bufr4/3/12/060/17/020065,12,Single level report sequences (satellite data),312060,Software identification,,020065,Snow cover,,,,Operational
bufr4/3/12/060/18/040008,12,Single level report sequences (satellite data),312060,Software identification,,040008,Frozen land surface fraction,,,,Operational
bufr4/3/12/060/19/040009,12,Single level report sequences (satellite data),312060,Software identification,,040009,Inundation and wetland fraction,,,,Operational
bufr4/3/12/060/20/040010,12,Single level report sequences (satellite data),312060,Software identification,,040010,Topographic complexity (ASCAT level 1b and level 2 data),,,,Operational
bufr4/3/12/061/1/312058,12,Single level report sequences (satellite data),312061,ASCAT level 1b data,,312058,ASCAT level 1b data,,,,Operational
bufr4/3/12/061/2/312060,12,Single level report sequences (satellite data),312061,ASCAT level 1b data,,312060,Scatterometer soil moisture data,,,,Operational
bufr4/3/12/061/3/312059,12,Single level report sequences (satellite data),312061,ASCAT level 1b data,,312059,Scatterometer wind data (SMOS data),,,,Operational
bufr4/3/12/070/1/001007,12,Single level report sequences (satellite data),312070,Satellite identifier,,001007,Satellite identifier,,,,Operational
bufr4/3/12/070/2/002019,12,Single level report sequences (satellite data),312070,Satellite identifier,,002019,Satellite instruments,,,,Operational
bufr4/3/12/070/3/001144,12,Single level report sequences (satellite data),312070,Satellite identifier,,001144,Snapshot identifier,,,,Operational
bufr4/3/12/070/4/001124,12,Single level report sequences (satellite data),312070,Satellite identifier,,001124,Grid point identifier,,,,Operational
bufr4/3/12/070/5/030010,12,Single level report sequences (satellite data),312070,Satellite identifier,,030010,Number of grid points,,,,Operational
bufr4/3/12/070/6/301011,12,Single level report sequences (satellite data),312070,Satellite identifier,,301011,"Year, month, day",,,,Operational
bufr4/3/12/070/7/301013,12,Single level report sequences (satellite data),312070,Satellite identifier,,301013,"Hour, minute, second",,,,Operational
bufr4/3/12/070/8/301021,12,Single level report sequences (satellite data),312070,Satellite identifier,,301021,Latitude/longitude (high accuracy),,,,Operational
bufr4/3/12/070/9/007012,12,Single level report sequences (satellite data),312070,Satellite identifier,,007012,Grid point altitude,,,,Operational
bufr4/3/12/070/10/015012,12,Single level report sequences (satellite data),312070,Satellite identifier,,015012,Total electron count per square metre,,,,Operational
bufr4/3/12/070/11/012165,12,Single level report sequences (satellite data),312070,Satellite identifier,,012165,Direct sun brightness temperature,,,,Operational
bufr4/3/12/070/12/012166,12,Single level report sequences (satellite data),312070,Satellite identifier,,012166,Snapshot accuracy,,,,Operational
bufr4/3/12/070/13/012167,12,Single level report sequences (satellite data),312070,Satellite identifier,,012167,Radiometric accuracy (pure polarization),,,,Operational
bufr4/3/12/070/14/012168,12,Single level report sequences (satellite data),312070,Satellite identifier,,012168,Radiometric accuracy (cross polarization),,,,Operational
bufr4/3/12/070/15/027010,12,Single level report sequences (satellite data),312070,Satellite identifier,,027010,Footprint axis 1,,,,Operational
bufr4/3/12/070/16/028010,12,Single level report sequences (satellite data),312070,Satellite identifier,,028010,Footprint axis 2,,,,Operational
bufr4/3/12/070/17/002099,12,Single level report sequences (satellite data),312070,Satellite identifier,,002099,Polarization,,,,Operational
bufr4/3/12/070/1/013048,12,Single level report sequences (satellite data),312070,Water fraction,,013048,Water fraction,,,,Operational
bufr4/3/12/070/2/025081,12,Single level report sequences (satellite data),312070,Water fraction,,025081,Incidence angle,,,,Operational
bufr4/3/12/070/3/025082,12,Single level report sequences (satellite data),312070,Water fraction,,025082,Azimuth angle,,,,Operational
bufr4/3/12/070/4/025083,12,Single level report sequences (satellite data),312070,Water fraction,,025083,Faraday rotational angle,,,,Operational
bufr4/3/12/070/5/025084,12,Single level report sequences (satellite data),312070,Water fraction,,025084,Geometric rotational angle,,,,Operational
bufr4/3/12/070/6/012080,12,Single level report sequences (satellite data),312070,Water fraction,,012080,Brightness temperature real part,,,,Operational
bufr4/3/12/070/7/012081,12,Single level report sequences (satellite data),312070,Water fraction,,012081,Brightness temperature imaginary part,,,,Operational
bufr4/3/12/070/8/012082,12,Single level report sequences (satellite data),312070,Water fraction,,012082,Pixel radiometric accuracy,,,,Operational
bufr4/3/12/070/9/025174,12,Single level report sequences (satellite data),312070,Water fraction,,025174,SMOS information flag,,,,Operational
bufr4/3/12/070/10/033028,12,Single level report sequences (satellite data),312070,Water fraction,,033028,Snapshot overall quality (CryoSat-2 SIRAL altimeter),,,,Operational
bufr4/3/12/071/1/001007,12,Single level report sequences (satellite data),312071,Satellite identifier,,001007,Satellite identifier,,,,Operational
bufr4/3/12/071/2/002019,12,Single level report sequences (satellite data),312071,Satellite identifier,,002019,Satellite instruments,,,,Operational
bufr4/3/12/071/3/002139,12,Single level report sequences (satellite data),312071,Satellite identifier,,002139,SIRAL instrument configuration,,,,Operational
bufr4/3/12/071/4/001096,12,Single level report sequences (satellite data),312071,Satellite identifier,,001096,Station acquisition,Acquisition station name,,,Operational
bufr4/3/12/071/5/001040,12,Single level report sequences (satellite data),312071,Satellite identifier,,001040,Processing centre ID code,,,,Operational
bufr4/3/12/071/6/025061,12,Single level report sequences (satellite data),312071,Satellite identifier,,025061,Software identification and version number,,,,Operational
bufr4/3/12/071/7/005040,12,Single level report sequences (satellite data),312071,Satellite identifier,,005040,Orbit number,,,,Operational
bufr4/3/12/071/8/005044,12,Single level report sequences (satellite data),312071,Satellite identifier,,005044,Satellite cycle number,,,,Operational
bufr4/3/12/071/9/008075,12,Single level report sequences (satellite data),312071,Satellite identifier,,008075,Ascending/descending orbit qualifier,,,,Operational
bufr4/3/12/071/10/008077,12,Single level report sequences (satellite data),312071,Satellite identifier,,008077,Radiometer sensed surface type,,,,Operational
bufr4/3/12/071/11/004001,12,Single level report sequences (satellite data),312071,Satellite identifier,,004001,Year,,,,Operational
bufr4/3/12/071/12/004002,12,Single level report sequences (satellite data),312071,Satellite identifier,,004002,Month,,,,Operational
bufr4/3/12/071/13/004003,12,Single level report sequences (satellite data),312071,Satellite identifier,,004003,Day,,,,Operational
bufr4/3/12/071/14/004004,12,Single level report sequences (satellite data),312071,Satellite identifier,,004004,Hour,,,,Operational
bufr4/3/12/071/15/004005,12,Single level report sequences (satellite data),312071,Satellite identifier,,004005,Minute,,,,Operational
bufr4/3/12/071/16/004006,12,Single level report sequences (satellite data),312071,Satellite identifier,,004006,Second,,,,Operational
bufr4/3/12/071/17/005001,12,Single level report sequences (satellite data),312071,Satellite identifier,,005001,Latitude (high accuracy),,,,Operational
bufr4/3/12/071/18/006001,12,Single level report sequences (satellite data),312071,Satellite identifier,,006001,Longitude (high accuracy),,,,Operational
bufr4/3/12/071/19/010081,12,Single level report sequences (satellite data),312071,Satellite identifier,,010081,Altitude of COG above reference ellipsoid,,,,Operational
bufr4/3/12/071/20/022156,12,Single level report sequences (satellite data),312071,Satellite identifier,,022156,Ku band significant wave height,,,,Operational
bufr4/3/12/071/21/022142,12,Single level report sequences (satellite data),312071,Satellite identifier,,022142,Square of significant wave height,,,,Operational
bufr4/3/12/071/22/101020,12,Single level report sequences (satellite data),312071,Satellite identifier,,101020,Replicate 1 descriptor 20 times,,,,Operational
bufr4/3/12/071/23/022149,12,Single level report sequences (satellite data),312071,Satellite identifier,,022149,20 Hz significant wave height squared,,,,Operational
bufr4/3/12/071/24/022143,12,Single level report sequences (satellite data),312071,Satellite identifier,,022143,STD of 20 Hz SWH squared,,,,Operational
bufr4/3/12/071/25/022144,12,Single level report sequences (satellite data),312071,Satellite identifier,,022144,Number of 20 Hz valid points for SWH squared,,,,Operational
bufr4/3/12/071/26/021137,12,Single level report sequences (satellite data),312071,Satellite identifier,,021137,Ku band corrected ocean backscatter coefficient,,,,Operational
bufr4/3/12/071/27/101020,12,Single level report sequences (satellite data),312071,Satellite identifier,,101020,Replicate 1 descriptor 20 times,,,,Operational
bufr4/3/12/071/28/021181,12,Single level report sequences (satellite data),312071,Satellite identifier,,021181,20 Hz ocean backscatter coefficient,,,,Operational
bufr4/3/12/071/29/021138,12,Single level report sequences (satellite data),312071,Satellite identifier,,021138,STD Ku band corrected ocean backscatter coefficient,,,,Operational
bufr4/3/12/071/30/021180,12,Single level report sequences (satellite data),312071,Satellite identifier,,021180,Number of 20 Hz valid points for ocean backscatter coefficient,,,,Operational
bufr4/3/12/071/31/021177,12,Single level report sequences (satellite data),312071,Satellite identifier,,021177,Corrected OCOG backscatter coefficient,,,,Operational
bufr4/3/12/071/32/021178,12,Single level report sequences (satellite data),312071,Satellite identifier,,021178,STD of 20 Hz OCOG backscatter coefficient,,,,Operational
bufr4/3/12/071/33/021179,12,Single level report sequences (satellite data),312071,Satellite identifier,,021179,Number of 20 Hz valid points for OCOG backscatter coefficient I.2 – BUFR Table D/12 — 15,,,,Operational
bufr4/3/12/071/1/010079,12,Single level report sequences (satellite data),312071,Off nadir angle of the satellite from platform data,,010079,Off nadir angle of the satellite from platform data,,,,Operational
bufr4/3/12/071/2/010085,12,Single level report sequences (satellite data),312071,Off nadir angle of the satellite from platform data,,010085,Mean sea-surface height,,,,Operational
bufr4/3/12/071/3/010086,12,Single level report sequences (satellite data),312071,Off nadir angle of the satellite from platform data,,010086,Geoid’s height,,,,Operational
bufr4/3/12/071/4/010087,12,Single level report sequences (satellite data),312071,Off nadir angle of the satellite from platform data,,010087,Ocean depth/land elevation,,,,Operational
bufr4/3/12/071/5/010089,12,Single level report sequences (satellite data),312071,Off nadir angle of the satellite from platform data,,010089,Total geocentric ocean tide height (solution 2),,,,Operational
bufr4/3/12/071/6/010090,12,Single level report sequences (satellite data),312071,Off nadir angle of the satellite from platform data,,010090,Long period tide height,,,,Operational
bufr4/3/12/071/7/010091,12,Single level report sequences (satellite data),312071,Off nadir angle of the satellite from platform data,,010091,Tidal loading height,,,,Operational
bufr4/3/12/071/8/010092,12,Single level report sequences (satellite data),312071,Off nadir angle of the satellite from platform data,,010092,Solid Earth tide height,,,,Operational
bufr4/3/12/071/9/010093,12,Single level report sequences (satellite data),312071,Off nadir angle of the satellite from platform data,,010093,Geocentric pole tide height,,,,Operational
bufr4/3/12/071/10/011097,12,Single level report sequences (satellite data),312071,Off nadir angle of the satellite from platform data,,011097,Wind speed from altimeter,,,,Operational
bufr4/3/12/071/11/021093,12,Single level report sequences (satellite data),312071,Off nadir angle of the satellite from platform data,,021093,Ku band peakiness,Average of 20 Hz values,,,Operational
bufr4/3/12/071/12/101020,12,Single level report sequences (satellite data),312071,Off nadir angle of the satellite from platform data,,101020,Replicate 1 descriptor 20 times,,,,Operational
bufr4/3/12/071/13/021182,12,Single level report sequences (satellite data),312071,Off nadir angle of the satellite from platform data,,021182,20 Hz Ku band peakiness,20 values,,,Operational
bufr4/3/12/071/14/033053,12,Single level report sequences (satellite data),312071,Off nadir angle of the satellite from platform data,,033053,Ku band ocean retracking quality,,,,Operational
bufr4/3/12/071/15/022151,12,Single level report sequences (satellite data),312071,Off nadir angle of the satellite from platform data,,022151,Ku band ocean range,,,,Operational
bufr4/3/12/071/16/022145,12,Single level report sequences (satellite data),312071,Off nadir angle of the satellite from platform data,,022145,STD of 20 Hz ocean range,,,,Operational
bufr4/3/12/071/17/022148,12,Single level report sequences (satellite data),312071,Off nadir angle of the satellite from platform data,,022148,Number of 20 Hz valid points for ocean range,,,,Operational
bufr4/3/12/071/18/022146,12,Single level report sequences (satellite data),312071,Off nadir angle of the satellite from platform data,,022146,OCOG range,,,,Operational
bufr4/3/12/071/19/022147,12,Single level report sequences (satellite data),312071,Off nadir angle of the satellite from platform data,,022147,STD of 20 Hz OCOG range,,,,Operational
bufr4/3/12/071/20/025126,12,Single level report sequences (satellite data),312071,Off nadir angle of the satellite from platform data,,025126,Model dry tropospheric correction,,,,Operational
bufr4/3/12/071/21/025128,12,Single level report sequences (satellite data),312071,Off nadir angle of the satellite from platform data,,025128,Model wet tropospheric correction,,,,Operational
bufr4/3/12/071/22/025127,12,Single level report sequences (satellite data),312071,Off nadir angle of the satellite from platform data,,025127,Inverted barometer correction,,,,Operational
bufr4/3/12/071/23/021176,12,Single level report sequences (satellite data),312071,Off nadir angle of the satellite from platform data,,021176,High frequency variability correction,,,,Operational
bufr4/3/12/071/24/025132,12,Single level report sequences (satellite data),312071,Off nadir angle of the satellite from platform data,,025132,Ionospheric correction from model on Ku band,,,,Operational
bufr4/3/12/071/25/025133,12,Single level report sequences (satellite data),312071,Off nadir angle of the satellite from platform data,,025133,Sea state bias correction on Ku band,,,,Operational
bufr4/3/12/071/26/025182,12,Single level report sequences (satellite data),312071,Off nadir angle of the satellite from platform data,,025182,L1 processing flag,,,,Operational
bufr4/3/12/071/27/025183,12,Single level report sequences (satellite data),312071,Off nadir angle of the satellite from platform data,,025183,L1 processing quality,,,,Operational
bufr4/3/12/071/28/025180,12,Single level report sequences (satellite data),312071,Off nadir angle of the satellite from platform data,,025180,LRM mode per cent,,,,Operational
bufr4/3/12/071/29/025184,12,Single level report sequences (satellite data),312071,Off nadir angle of the satellite from platform data,,025184,L2 product status,,,,Operational
bufr4/3/12/071/30/025181,12,Single level report sequences (satellite data),312071,Off nadir angle of the satellite from platform data,,025181,L2 processing flag,,,,Operational
bufr4/3/12/071/31/033080,12,Single level report sequences (satellite data),312071,Off nadir angle of the satellite from platform data,,033080,Scan level quality flags,L2 processing quality,,,Operational
