Id,Category,CategoryOfSequences_en,FXY1,Title_en,SubTitle_en,FXY2,ElementName_en,ElementDescription_en,Note_en,noteIDs,Status
bufr4/3/10/001/1/301042,10,Vertical sounding sequences (satellite data),310001,"Satellite identifier, instrument, data-processing technique, date/time, location",,301042,"Satellite identifier, instrument, data-processing technique, date/time, location",,,,Operational
bufr4/3/10/001/2/303031,10,Vertical sounding sequences (satellite data),310001,"Satellite identifier, instrument, data-processing technique, date/time, location",,303031,"Significance data, land/sea, skin temperature",,,,Operational
bufr4/3/10/001/3/303032,10,Vertical sounding sequences (satellite data),310001,"Satellite identifier, instrument, data-processing technique, date/time, location",,303032,Cloud,,,,Operational
bufr4/3/10/001/4/101026,10,Vertical sounding sequences (satellite data),310001,"Satellite identifier, instrument, data-processing technique, date/time, location",,101026,Replicate 1 descriptor 26 times,,,,Operational
bufr4/3/10/001/5/303025,10,Vertical sounding sequences (satellite data),310001,"Satellite identifier, instrument, data-processing technique, date/time, location",,303025,Satellite channel and brightness temperature (Satellite – low level),,,,Operational
bufr4/3/10/002/1/301042,10,Vertical sounding sequences (satellite data),310002,"Satellite identifier, instrument, data-processing technique, date/time, location",,301042,"Satellite identifier, instrument, data-processing technique, date/time, location",,,,Operational
bufr4/3/10/002/2/303031,10,Vertical sounding sequences (satellite data),310002,"Satellite identifier, instrument, data-processing technique, date/time, location",,303031,"Significance data, land/sea, skin temperature",,,,Operational
bufr4/3/10/002/3/303032,10,Vertical sounding sequences (satellite data),310002,"Satellite identifier, instrument, data-processing technique, date/time, location",,303032,Cloud,,,,Operational
bufr4/3/10/002/4/101009,10,Vertical sounding sequences (satellite data),310002,"Satellite identifier, instrument, data-processing technique, date/time, location",,101009,Replicate 1 descriptor 9 times,,,,Operational
bufr4/3/10/002/5/303023,10,Vertical sounding sequences (satellite data),310002,"Satellite identifier, instrument, data-processing technique, date/time, location",,303023,Layer mean temperature (Satellite – high level),,,,Operational
bufr4/3/10/003/1/301042,10,Vertical sounding sequences (satellite data),310003,"Satellite identifier, instrument, data-processing technique, date/time, location",,301042,"Satellite identifier, instrument, data-processing technique, date/time, location",,,,Operational
bufr4/3/10/003/2/303031,10,Vertical sounding sequences (satellite data),310003,"Satellite identifier, instrument, data-processing technique, date/time, location",,303031,"Significance data, land/sea, skin temperature",,,,Operational
bufr4/3/10/003/3/303032,10,Vertical sounding sequences (satellite data),310003,"Satellite identifier, instrument, data-processing technique, date/time, location",,303032,Cloud,,,,Operational
bufr4/3/10/003/4/101006,10,Vertical sounding sequences (satellite data),310003,"Satellite identifier, instrument, data-processing technique, date/time, location",,101006,Replicate 1 descriptor 6 times,,,,Operational
bufr4/3/10/003/5/303023,10,Vertical sounding sequences (satellite data),310003,"Satellite identifier, instrument, data-processing technique, date/time, location",,303023,Layer mean temperature (Satellite – precipitable water),,,,Operational
bufr4/3/10/004/1/301042,10,Vertical sounding sequences (satellite data),310004,"Satellite identifier, instrument, data-processing technique, date/time, location",,301042,"Satellite identifier, instrument, data-processing technique, date/time, location",,,,Operational
bufr4/3/10/004/2/303031,10,Vertical sounding sequences (satellite data),310004,"Satellite identifier, instrument, data-processing technique, date/time, location",,303031,"Significance data, land/sea, skin temperature",,,,Operational
bufr4/3/10/004/3/303032,10,Vertical sounding sequences (satellite data),310004,"Satellite identifier, instrument, data-processing technique, date/time, location",,303032,Cloud,,,,Operational
bufr4/3/10/004/4/101003,10,Vertical sounding sequences (satellite data),310004,"Satellite identifier, instrument, data-processing technique, date/time, location",,101003,Replicate 1 descriptor 3 times,,,,Operational
bufr4/3/10/004/5/303024,10,Vertical sounding sequences (satellite data),310004,"Satellite identifier, instrument, data-processing technique, date/time, location",,303024,Precipitable water,,,,Operational
bufr4/3/10/005/1/301042,10,Vertical sounding sequences (satellite data),310005,"Satellite identifier, instrument, data-processing technique, date/time, location",,301042,"Satellite identifier, instrument, data-processing technique, date/time, location",,,,Operational
bufr4/3/10/005/2/303031,10,Vertical sounding sequences (satellite data),310005,"Satellite identifier, instrument, data-processing technique, date/time, location",,303031,"Significance data, land/sea, skin temperature",,,,Operational
bufr4/3/10/005/3/303033,10,Vertical sounding sequences (satellite data),310005,"Satellite identifier, instrument, data-processing technique, date/time, location",,303033,Cloud,,,,Operational
bufr4/3/10/005/4/101000,10,Vertical sounding sequences (satellite data),310005,"Satellite identifier, instrument, data-processing technique, date/time, location",,101000,Delayed replication of 1 descriptor,,,,Operational
bufr4/3/10/005/5/031001,10,Vertical sounding sequences (satellite data),310005,"Satellite identifier, instrument, data-processing technique, date/time, location",,031001,Delayed descriptor replication factor,,,,Operational
bufr4/3/10/005/6/303025,10,Vertical sounding sequences (satellite data),310005,"Satellite identifier, instrument, data-processing technique, date/time, location",,303025,Satellite channel and brightness temperature,,,,Operational
bufr4/3/10/006/1/301042,10,Vertical sounding sequences (satellite data),310006,"Satellite identifier, instrument, data-processing technique, date/time, location",,301042,"Satellite identifier, instrument, data-processing technique, date/time, location",,,,Operational
bufr4/3/10/006/2/303031,10,Vertical sounding sequences (satellite data),310006,"Satellite identifier, instrument, data-processing technique, date/time, location",,303031,"Significance data, land/sea, skin temperature",,,,Operational
bufr4/3/10/006/3/303033,10,Vertical sounding sequences (satellite data),310006,"Satellite identifier, instrument, data-processing technique, date/time, location",,303033,Cloud,,,,Operational
bufr4/3/10/006/4/101000,10,Vertical sounding sequences (satellite data),310006,"Satellite identifier, instrument, data-processing technique, date/time, location",,101000,Delayed replication of 1 descriptor,,,,Operational
bufr4/3/10/006/5/031001,10,Vertical sounding sequences (satellite data),310006,"Satellite identifier, instrument, data-processing technique, date/time, location",,031001,Delayed descriptor replication factor,,,,Operational
bufr4/3/10/006/6/303023,10,Vertical sounding sequences (satellite data),310006,"Satellite identifier, instrument, data-processing technique, date/time, location",,303023,Layer mean temperature I.2,(continued) – BUFR Table D/10 — 1,,,Operational
bufr4/3/10/007/1/301042,10,Vertical sounding sequences (satellite data),310007,"Satellite identifier, instrument, data-processing technique, date/time, location",,301042,"Satellite identifier, instrument, data-processing technique, date/time, location",,,,Operational
bufr4/3/10/007/2/303031,10,Vertical sounding sequences (satellite data),310007,"Satellite identifier, instrument, data-processing technique, date/time, location",,303031,"Significance data, land/sea, skin temperature",,,,Operational
bufr4/3/10/007/3/303033,10,Vertical sounding sequences (satellite data),310007,"Satellite identifier, instrument, data-processing technique, date/time, location",,303033,Cloud,,,,Operational
bufr4/3/10/007/4/101000,10,Vertical sounding sequences (satellite data),310007,"Satellite identifier, instrument, data-processing technique, date/time, location",,101000,Delayed replication of 1 descriptor,,,,Operational
bufr4/3/10/007/5/031001,10,Vertical sounding sequences (satellite data),310007,"Satellite identifier, instrument, data-processing technique, date/time, location",,031001,Delayed descriptor replication factor,,,,Operational
bufr4/3/10/007/6/303024,10,Vertical sounding sequences (satellite data),310007,"Satellite identifier, instrument, data-processing technique, date/time, location",,303024,Precipitable water (ATOVS HIRS report),,,,Operational
bufr4/3/10/008/1/310011,10,Vertical sounding sequences (satellite data),310008,ATOVS field of view variables,,310011,ATOVS field of view variables,,,,Operational
bufr4/3/10/008/2/101019,10,Vertical sounding sequences (satellite data),310008,ATOVS field of view variables,,101019,Replicate 1 descriptor 19 times,,,,Operational
bufr4/3/10/008/3/310012,10,Vertical sounding sequences (satellite data),310008,ATOVS field of view variables,,310012,ATOVS channel variables,,,,Operational
bufr4/3/10/008/4/002150,10,Vertical sounding sequences (satellite data),310008,ATOVS field of view variables,,002150,TOVS/ATOVS/AVHRR instrumentation channel number,,,,Operational
bufr4/3/10/008/5/025079,10,Vertical sounding sequences (satellite data),310008,ATOVS field of view variables,,025079,Albedo-radiance solar filtered irradiance for ATOVS,,,,Operational
bufr4/3/10/008/6/025080,10,Vertical sounding sequences (satellite data),310008,ATOVS field of view variables,,025080,Albedo-radiance equivalent filter width for ATOVS,,,,Operational
bufr4/3/10/008/7/033032,10,Vertical sounding sequences (satellite data),310008,ATOVS field of view variables,,033032,Channel quality flags for ATOVS,,,,Operational
bufr4/3/10/008/8/014045,10,Vertical sounding sequences (satellite data),310008,ATOVS field of view variables,,014045,Channel radiance (ATOVS AMSU-A report),,,,Operational
bufr4/3/10/009/1/310011,10,Vertical sounding sequences (satellite data),310009,ATOVS field of view variables,,310011,ATOVS field of view variables,,,,Operational
bufr4/3/10/009/2/101015,10,Vertical sounding sequences (satellite data),310009,ATOVS field of view variables,,101015,Replicate 1 descriptor 15 times,,,,Operational
bufr4/3/10/009/3/310012,10,Vertical sounding sequences (satellite data),310009,ATOVS field of view variables,,310012,ATOVS channel variables (ATOVS AMSU-B/MHS report),,,,Operational
bufr4/3/10/010/1/310011,10,Vertical sounding sequences (satellite data),310010,ATOVS field of view variables,,310011,ATOVS field of view variables,,,,Operational
bufr4/3/10/010/2/101005,10,Vertical sounding sequences (satellite data),310010,ATOVS field of view variables,,101005,Replicate 1 descriptor 5 times,,,,Operational
bufr4/3/10/010/3/310012,10,Vertical sounding sequences (satellite data),310010,ATOVS field of view variables,,310012,ATOVS channel variables (ATOVS field of view variables),,,,Operational
bufr4/3/10/011/1/008070,10,Vertical sounding sequences (satellite data),310011,Vertical sounding product qualifier,,008070,Vertical sounding product qualifier,,,,Operational
bufr4/3/10/011/2/001033,10,Vertical sounding sequences (satellite data),310011,Vertical sounding product qualifier,,001033,Identification of originating/generating centre,,,,Operational
bufr4/3/10/011/3/001034,10,Vertical sounding sequences (satellite data),310011,Vertical sounding product qualifier,,001034,Identification of originating/generating sub-centre,,,,Operational
bufr4/3/10/011/4/008070,10,Vertical sounding sequences (satellite data),310011,Vertical sounding product qualifier,,008070,Vertical sounding product qualifier,,,,Operational
bufr4/3/10/011/5/001033,10,Vertical sounding sequences (satellite data),310011,Vertical sounding product qualifier,,001033,Identification of originating/generating centre,,,,Operational
bufr4/3/10/011/6/001034,10,Vertical sounding sequences (satellite data),310011,Vertical sounding product qualifier,,001034,Identification of originating/generating sub-centre,,,,Operational
bufr4/3/10/011/7/001007,10,Vertical sounding sequences (satellite data),310011,Vertical sounding product qualifier,,001007,Satellite identifier,,,,Operational
bufr4/3/10/011/8/002048,10,Vertical sounding sequences (satellite data),310011,Vertical sounding product qualifier,,002048,Satellite sensor indicator,,,,Operational
bufr4/3/10/011/9/005040,10,Vertical sounding sequences (satellite data),310011,Vertical sounding product qualifier,,005040,Orbit number,,,,Operational
bufr4/3/10/011/10/025075,10,Vertical sounding sequences (satellite data),310011,Vertical sounding product qualifier,,025075,Satellite antenna corrections version number,,,,Operational
bufr4/3/10/011/11/201133,10,Vertical sounding sequences (satellite data),310011,Vertical sounding product qualifier,,201133,Change data width,,,,Operational
bufr4/3/10/011/12/005041,10,Vertical sounding sequences (satellite data),310011,Vertical sounding product qualifier,,005041,Scan line number,,,,Operational
bufr4/3/10/011/13/201000,10,Vertical sounding sequences (satellite data),310011,Vertical sounding product qualifier,,201000,Change data width,,,,Operational
bufr4/3/10/011/14/005043,10,Vertical sounding sequences (satellite data),310011,Vertical sounding product qualifier,,005043,Field of view number,,,,Operational
bufr4/3/10/011/15/025070,10,Vertical sounding sequences (satellite data),310011,Vertical sounding product qualifier,,025070,Major frame count,,,,Operational
bufr4/3/10/011/16/033030,10,Vertical sounding sequences (satellite data),310011,Vertical sounding product qualifier,,033030,Scan line status flags for ATOVS,,,,Operational
bufr4/3/10/011/17/033031,10,Vertical sounding sequences (satellite data),310011,Vertical sounding product qualifier,,033031,Scan line quality flags for ATOVS,,,,Operational
bufr4/3/10/011/18/004001,10,Vertical sounding sequences (satellite data),310011,Vertical sounding product qualifier,,004001,Year,,,,Operational
bufr4/3/10/011/19/004002,10,Vertical sounding sequences (satellite data),310011,Vertical sounding product qualifier,,004002,Month,,,,Operational
bufr4/3/10/011/1/004003,10,Vertical sounding sequences (satellite data),310011,Day,,004003,Day,,,,Operational
bufr4/3/10/011/2/004004,10,Vertical sounding sequences (satellite data),310011,Day,,004004,Hour,,,,Operational
bufr4/3/10/011/3/004005,10,Vertical sounding sequences (satellite data),310011,Day,,004005,Minute,,,,Operational
bufr4/3/10/011/4/202131,10,Vertical sounding sequences (satellite data),310011,Day,,202131,Change scale,,,,Operational
bufr4/3/10/011/5/201138,10,Vertical sounding sequences (satellite data),310011,Day,,201138,Change data width,,,,Operational
bufr4/3/10/011/6/004006,10,Vertical sounding sequences (satellite data),310011,Day,,004006,Second,,,,Operational
bufr4/3/10/011/7/201000,10,Vertical sounding sequences (satellite data),310011,Day,,201000,Change data width,,,,Operational
bufr4/3/10/011/8/202000,10,Vertical sounding sequences (satellite data),310011,Day,,202000,Change scale,,,,Operational
bufr4/3/10/011/9/005001,10,Vertical sounding sequences (satellite data),310011,Day,,005001,Latitude (high accuracy),,,,Operational
bufr4/3/10/011/10/006001,10,Vertical sounding sequences (satellite data),310011,Day,,006001,Longitude (high accuracy),,,,Operational
bufr4/3/10/011/11/202126,10,Vertical sounding sequences (satellite data),310011,Day,,202126,Change scale,,,,Operational
bufr4/3/10/011/12/007001,10,Vertical sounding sequences (satellite data),310011,Day,,007001,Height of station,,,,Operational
bufr4/3/10/011/13/202000,10,Vertical sounding sequences (satellite data),310011,Day,,202000,Change scale,,,,Operational
bufr4/3/10/011/14/007024,10,Vertical sounding sequences (satellite data),310011,Day,,007024,Satellite zenith angle,,,,Operational
bufr4/3/10/011/15/005021,10,Vertical sounding sequences (satellite data),310011,Day,,005021,Bearing or azimuth,Satellite azimuth,,,Operational
bufr4/3/10/011/16/007025,10,Vertical sounding sequences (satellite data),310011,Day,,007025,Solar zenith angle,,,,Operational
bufr4/3/10/011/17/005022,10,Vertical sounding sequences (satellite data),310011,Day,,005022,Solar azimuth,,,,Operational
bufr4/3/10/011/18/033033,10,Vertical sounding sequences (satellite data),310011,Day,,033033,Field of view quality flags for ATOVS,,,,Operational
bufr4/3/10/011/19/002151,10,Vertical sounding sequences (satellite data),310011,Day,,002151,Radiometer identifier,,,,Operational
bufr4/3/10/011/20/012064,10,Vertical sounding sequences (satellite data),310011,Day,,012064,Instrument temperature,,,,Operational
bufr4/3/10/011/21/002151,10,Vertical sounding sequences (satellite data),310011,Day,,002151,Radiometer identifier,,,,Operational
bufr4/3/10/011/22/012064,10,Vertical sounding sequences (satellite data),310011,Day,,012064,Instrument temperature,,,,Operational
bufr4/3/10/011/23/002151,10,Vertical sounding sequences (satellite data),310011,Day,,002151,Radiometer identifier,,,,Operational
bufr4/3/10/011/24/012064,10,Vertical sounding sequences (satellite data),310011,Day,,012064,Instrument temperature,,,,Operational
bufr4/3/10/011/25/002151,10,Vertical sounding sequences (satellite data),310011,Day,,002151,Radiometer identifier,,,,Operational
bufr4/3/10/011/26/012064,10,Vertical sounding sequences (satellite data),310011,Day,,012064,Instrument temperature (ATOVS channel variables),,,,Operational
bufr4/3/10/012/1/002150,10,Vertical sounding sequences (satellite data),310012,TOVS/ATOVS/AVHRR instrumentation channel number,,002150,TOVS/ATOVS/AVHRR instrumentation channel number,,,,Operational
bufr4/3/10/012/2/025076,10,Vertical sounding sequences (satellite data),310012,TOVS/ATOVS/AVHRR instrumentation channel number,,025076,Log of (temperature-radiance central wave number) 10 for ATOVS,,,,Operational
bufr4/3/10/012/3/025077,10,Vertical sounding sequences (satellite data),310012,TOVS/ATOVS/AVHRR instrumentation channel number,,025077,Bandwidth correction coefficient 1,,,,Operational
bufr4/3/10/012/4/025078,10,Vertical sounding sequences (satellite data),310012,TOVS/ATOVS/AVHRR instrumentation channel number,,025078,Bandwidth correction coefficient 2,,,,Operational
bufr4/3/10/012/5/033032,10,Vertical sounding sequences (satellite data),310012,TOVS/ATOVS/AVHRR instrumentation channel number,,033032,Channel quality flags for ATOVS,,,,Operational
bufr4/3/10/012/6/201132,10,Vertical sounding sequences (satellite data),310012,TOVS/ATOVS/AVHRR instrumentation channel number,,201132,Change data width,,,,Operational
bufr4/3/10/012/7/202129,10,Vertical sounding sequences (satellite data),310012,TOVS/ATOVS/AVHRR instrumentation channel number,,202129,Change scale,,,,Operational
bufr4/3/10/012/8/012063,10,Vertical sounding sequences (satellite data),310012,TOVS/ATOVS/AVHRR instrumentation channel number,,012063,Brightness temperature,,,,Operational
bufr4/3/10/012/9/202000,10,Vertical sounding sequences (satellite data),310012,TOVS/ATOVS/AVHRR instrumentation channel number,,202000,Change scale,,,,Operational
bufr4/3/10/012/10/201000,10,Vertical sounding sequences (satellite data),310012,TOVS/ATOVS/AVHRR instrumentation channel number,,201000,Change data width (AVHRR (GAC) report),,,,Operational
bufr4/3/10/013/1/001007,10,Vertical sounding sequences (satellite data),310013,Satellite identifier,,001007,Satellite identifier,,,,Operational
bufr4/3/10/013/2/005040,10,Vertical sounding sequences (satellite data),310013,Satellite identifier,,005040,Orbit number,,,,Operational
bufr4/3/10/013/3/004001,10,Vertical sounding sequences (satellite data),310013,Satellite identifier,,004001,Year,,,,Operational
bufr4/3/10/013/4/004002,10,Vertical sounding sequences (satellite data),310013,Satellite identifier,,004002,Month,,,,Operational
bufr4/3/10/013/5/004003,10,Vertical sounding sequences (satellite data),310013,Satellite identifier,,004003,Day,,,,Operational
bufr4/3/10/013/6/004004,10,Vertical sounding sequences (satellite data),310013,Satellite identifier,,004004,Hour,,,,Operational
bufr4/3/10/013/7/004005,10,Vertical sounding sequences (satellite data),310013,Satellite identifier,,004005,Minute I.2,(continued) – BUFR Table D/10 — 3,,,Operational
bufr4/3/10/013/1/004006,10,Vertical sounding sequences (satellite data),310013,Second,,004006,Second,,,,Operational
bufr4/3/10/013/2/005001,10,Vertical sounding sequences (satellite data),310013,Second,,005001,Latitude (high accuracy),,,,Operational
bufr4/3/10/013/3/006001,10,Vertical sounding sequences (satellite data),310013,Second,,006001,Longitude (high accuracy),,,,Operational
bufr4/3/10/013/4/007025,10,Vertical sounding sequences (satellite data),310013,Second,,007025,Solar zenith angle,,,,Operational
bufr4/3/10/013/5/005043,10,Vertical sounding sequences (satellite data),310013,Second,,005043,Field of view number,,,,Operational
bufr4/3/10/013/6/025085,10,Vertical sounding sequences (satellite data),310013,Second,,025085,Fraction of clear pixels in HIRS FOV,,,,Operational
bufr4/3/10/013/7/201131,10,Vertical sounding sequences (satellite data),310013,Second,,201131,Change data width,,,,Operational
bufr4/3/10/013/8/202129,10,Vertical sounding sequences (satellite data),310013,Second,,202129,Change scale,,,,Operational
bufr4/3/10/013/9/002150,10,Vertical sounding sequences (satellite data),310013,Second,,002150,TOVS/ATOVS/AVHRR instrumentation channel number,,,,Operational
bufr4/3/10/013/10/008023,10,Vertical sounding sequences (satellite data),310013,Second,,008023,First-order statistics,,,,Operational
bufr4/3/10/013/11/008072,10,Vertical sounding sequences (satellite data),310013,Second,,008072,Pixel(s) type,,,,Operational
bufr4/3/10/013/12/014027,10,Vertical sounding sequences (satellite data),310013,Second,,014027,Albedo,,,,Operational
bufr4/3/10/013/13/008072,10,Vertical sounding sequences (satellite data),310013,Second,,008072,Pixel(s) type,,,,Operational
bufr4/3/10/013/14/014027,10,Vertical sounding sequences (satellite data),310013,Second,,014027,Albedo,,,,Operational
bufr4/3/10/013/15/002150,10,Vertical sounding sequences (satellite data),310013,Second,,002150,TOVS/ATOVS/AVHRR instrumentation channel number,,,,Operational
bufr4/3/10/013/16/008023,10,Vertical sounding sequences (satellite data),310013,Second,,008023,First-order statistics,,,,Operational
bufr4/3/10/013/17/008072,10,Vertical sounding sequences (satellite data),310013,Second,,008072,Pixel(s) type,,,,Operational
bufr4/3/10/013/18/014027,10,Vertical sounding sequences (satellite data),310013,Second,,014027,Albedo,,,,Operational
bufr4/3/10/013/19/008072,10,Vertical sounding sequences (satellite data),310013,Second,,008072,Pixel(s) type,,,,Operational
bufr4/3/10/013/20/014027,10,Vertical sounding sequences (satellite data),310013,Second,,014027,Albedo,,,,Operational
bufr4/3/10/013/21/002150,10,Vertical sounding sequences (satellite data),310013,Second,,002150,TOVS/ATOVS/AVHRR instrumentation channel number,,,,Operational
bufr4/3/10/013/22/008023,10,Vertical sounding sequences (satellite data),310013,Second,,008023,First-order statistics,,,,Operational
bufr4/3/10/013/23/008072,10,Vertical sounding sequences (satellite data),310013,Second,,008072,Pixel(s) type,,,,Operational
bufr4/3/10/013/24/014027,10,Vertical sounding sequences (satellite data),310013,Second,,014027,Albedo,,,,Operational
bufr4/3/10/013/25/008072,10,Vertical sounding sequences (satellite data),310013,Second,,008072,Pixel(s) type,,,,Operational
bufr4/3/10/013/26/014027,10,Vertical sounding sequences (satellite data),310013,Second,,014027,Albedo,,,,Operational
bufr4/3/10/013/27/202000,10,Vertical sounding sequences (satellite data),310013,Second,,202000,Change scale,,,,Operational
bufr4/3/10/013/28/201000,10,Vertical sounding sequences (satellite data),310013,Second,,201000,Change data width,,,,Operational
bufr4/3/10/013/29/201132,10,Vertical sounding sequences (satellite data),310013,Second,,201132,Change data width,,,,Operational
bufr4/3/10/013/30/202129,10,Vertical sounding sequences (satellite data),310013,Second,,202129,Change scale,,,,Operational
bufr4/3/10/013/31/002150,10,Vertical sounding sequences (satellite data),310013,Second,,002150,TOVS/ATOVS/AVHRR instrumentation channel number,,,,Operational
bufr4/3/10/013/32/008023,10,Vertical sounding sequences (satellite data),310013,Second,,008023,First-order statistics,,,,Operational
bufr4/3/10/013/33/008072,10,Vertical sounding sequences (satellite data),310013,Second,,008072,Pixel(s) type,,,,Operational
bufr4/3/10/013/34/012063,10,Vertical sounding sequences (satellite data),310013,Second,,012063,Brightness temperature,,,,Operational
bufr4/3/10/013/35/008072,10,Vertical sounding sequences (satellite data),310013,Second,,008072,Pixel(s) type,,,,Operational
bufr4/3/10/013/36/012063,10,Vertical sounding sequences (satellite data),310013,Second,,012063,Brightness temperature,,,,Operational
bufr4/3/10/013/37/002150,10,Vertical sounding sequences (satellite data),310013,Second,,002150,TOVS/ATOVS/AVHRR instrumentation channel number,,,,Operational
bufr4/3/10/013/38/008023,10,Vertical sounding sequences (satellite data),310013,Second,,008023,First-order statistics,,,,Operational
bufr4/3/10/013/39/008072,10,Vertical sounding sequences (satellite data),310013,Second,,008072,Pixel(s) type,,,,Operational
bufr4/3/10/013/40/012063,10,Vertical sounding sequences (satellite data),310013,Second,,012063,Brightness temperature,,,,Operational
bufr4/3/10/013/41/008072,10,Vertical sounding sequences (satellite data),310013,Second,,008072,Pixel(s) type,,,,Operational
bufr4/3/10/013/42/012063,10,Vertical sounding sequences (satellite data),310013,Second,,012063,Brightness temperature,,,,Operational
bufr4/3/10/013/43/008023,10,Vertical sounding sequences (satellite data),310013,Second,,008023,First-order statistics,,,,Operational
bufr4/3/10/013/44/008072,10,Vertical sounding sequences (satellite data),310013,Second,,008072,Pixel(s) type,,,,Operational
bufr4/3/10/013/45/012063,10,Vertical sounding sequences (satellite data),310013,Second,,012063,Brightness temperature,,,,Operational
bufr4/3/10/013/1/008072,10,Vertical sounding sequences (satellite data),310013,Pixel(s) type,,008072,Pixel(s) type,,,,Operational
bufr4/3/10/013/2/012063,10,Vertical sounding sequences (satellite data),310013,Pixel(s) type,,012063,Brightness temperature,,,,Operational
bufr4/3/10/013/3/002150,10,Vertical sounding sequences (satellite data),310013,Pixel(s) type,,002150,TOVS/ATOVS/AVHRR instrumentation channel number,,,,Operational
bufr4/3/10/013/4/008023,10,Vertical sounding sequences (satellite data),310013,Pixel(s) type,,008023,First-order statistics,,,,Operational
bufr4/3/10/013/5/008072,10,Vertical sounding sequences (satellite data),310013,Pixel(s) type,,008072,Pixel(s) type,,,,Operational
bufr4/3/10/013/6/012063,10,Vertical sounding sequences (satellite data),310013,Pixel(s) type,,012063,Brightness temperature,,,,Operational
bufr4/3/10/013/7/008072,10,Vertical sounding sequences (satellite data),310013,Pixel(s) type,,008072,Pixel(s) type,,,,Operational
bufr4/3/10/013/8/012063,10,Vertical sounding sequences (satellite data),310013,Pixel(s) type,,012063,Brightness temperature,,,,Operational
bufr4/3/10/013/9/202000,10,Vertical sounding sequences (satellite data),310013,Pixel(s) type,,202000,Change scale,,,,Operational
bufr4/3/10/013/10/201000,10,Vertical sounding sequences (satellite data),310013,Pixel(s) type,,201000,Change data width (Satellite – geostationary wind data),,,,Operational
bufr4/3/10/014/1/301072,10,Vertical sounding sequences (satellite data),310014,Satellite identification,,301072,Satellite identification,"Satellite identification, date/time, latitude/longitude",,,Operational
bufr4/3/10/014/2/303041,10,Vertical sounding sequences (satellite data),310014,Satellite identification,,303041,Wind sequence,,,,Operational
bufr4/3/10/014/3/304011,10,Vertical sounding sequences (satellite data),310014,Satellite identification,,304011,GOES-I/M info (Meteosat radiance data),,,,Operational
bufr4/3/10/015/1/301072,10,Vertical sounding sequences (satellite data),310015,Satellite identification,,301072,Satellite identification,,,,Operational
bufr4/3/10/015/2/007024,10,Vertical sounding sequences (satellite data),310015,Satellite identification,,007024,Satellite zenith angle,,,,Operational
bufr4/3/10/015/3/010002,10,Vertical sounding sequences (satellite data),310015,Satellite identification,,010002,Height,,,,Operational
bufr4/3/10/015/4/303041,10,Vertical sounding sequences (satellite data),310015,Satellite identification,,303041,Wind sequence,,,,Operational
bufr4/3/10/015/5/101003,10,Vertical sounding sequences (satellite data),310015,Satellite identification,,101003,Replicate 1 descriptor 3 times,,,,Operational
bufr4/3/10/015/6/304032,10,Vertical sounding sequences (satellite data),310015,Satellite identification,,304032,Cloud fraction,,,,Operational
bufr4/3/10/015/7/002152,10,Vertical sounding sequences (satellite data),310015,Satellite identification,,002152,Satellite instrument used in data processing,,,,Operational
bufr4/3/10/015/8/002024,10,Vertical sounding sequences (satellite data),310015,Satellite identification,,002024,Integrated mean humidity computational method,,,,Operational
bufr4/3/10/015/9/007004,10,Vertical sounding sequences (satellite data),310015,Satellite identification,,007004,Pressure,,,,Operational
bufr4/3/10/015/10/007004,10,Vertical sounding sequences (satellite data),310015,Satellite identification,,007004,Pressure,,,,Operational
bufr4/3/10/015/11/013003,10,Vertical sounding sequences (satellite data),310015,Satellite identification,,013003,Relative humidity,,,,Operational
bufr4/3/10/015/12/101003,10,Vertical sounding sequences (satellite data),310015,Satellite identification,,101003,Replicate 1 descriptor 3 times,,,,Operational
bufr4/3/10/015/13/304033,10,Vertical sounding sequences (satellite data),310015,Satellite identification,,304033,Clear sky radiance (Meteosat Second Generation (MSG) radiance data),,,,Operational
bufr4/3/10/016/1/301072,10,Vertical sounding sequences (satellite data),310016,Satellite identification,,301072,Satellite identification,,,,Operational
bufr4/3/10/016/2/007024,10,Vertical sounding sequences (satellite data),310016,Satellite identification,,007024,Satellite zenith angle,,,,Operational
bufr4/3/10/016/3/010002,10,Vertical sounding sequences (satellite data),310016,Satellite identification,,010002,Height,,,,Operational
bufr4/3/10/016/4/303041,10,Vertical sounding sequences (satellite data),310016,Satellite identification,,303041,Wind sequence,,,,Operational
bufr4/3/10/016/5/101012,10,Vertical sounding sequences (satellite data),310016,Satellite identification,,101012,Replicate 1 descriptor 12 times,,,,Operational
bufr4/3/10/016/6/304032,10,Vertical sounding sequences (satellite data),310016,Satellite identification,,304032,Cloud fraction,,,,Operational
bufr4/3/10/016/7/002152,10,Vertical sounding sequences (satellite data),310016,Satellite identification,,002152,Satellite instrument used in data processing,,,,Operational
bufr4/3/10/016/8/002024,10,Vertical sounding sequences (satellite data),310016,Satellite identification,,002024,Integrated mean humidity computational method,,,,Operational
bufr4/3/10/016/9/007004,10,Vertical sounding sequences (satellite data),310016,Satellite identification,,007004,Pressure,,,,Operational
bufr4/3/10/016/10/007004,10,Vertical sounding sequences (satellite data),310016,Satellite identification,,007004,Pressure,,,,Operational
bufr4/3/10/016/11/013003,10,Vertical sounding sequences (satellite data),310016,Satellite identification,,013003,Relative humidity,,,,Operational
bufr4/3/10/016/12/101012,10,Vertical sounding sequences (satellite data),310016,Satellite identification,,101012,Replicate 1 descriptor 12 times,,,,Operational
bufr4/3/10/016/13/304033,10,Vertical sounding sequences (satellite data),310016,Satellite identification,,304033,Clear sky radiance I.2,(continued) – BUFR Table D/10 — 5,,,Operational
bufr4/3/10/018/1/001007,10,Vertical sounding sequences (satellite data),310018,Satellite identifier,,001007,Satellite identifier,,,,Operational
bufr4/3/10/018/2/005040,10,Vertical sounding sequences (satellite data),310018,Satellite identifier,,005040,Orbit number,,,,Operational
bufr4/3/10/018/3/004001,10,Vertical sounding sequences (satellite data),310018,Satellite identifier,,004001,Year,,,,Operational
bufr4/3/10/018/4/004043,10,Vertical sounding sequences (satellite data),310018,Satellite identifier,,004043,Day of the year,,,,Operational
bufr4/3/10/018/5/004004,10,Vertical sounding sequences (satellite data),310018,Satellite identifier,,004004,Hour,,,,Operational
bufr4/3/10/018/6/004005,10,Vertical sounding sequences (satellite data),310018,Satellite identifier,,004005,Minute,,,,Operational
bufr4/3/10/018/7/004006,10,Vertical sounding sequences (satellite data),310018,Satellite identifier,,004006,Second,,,,Operational
bufr4/3/10/018/8/207002,10,Vertical sounding sequences (satellite data),310018,Satellite identifier,,207002,"Increase scale, reference value and data width",,,,Operational
bufr4/3/10/018/9/026030,10,Vertical sounding sequences (satellite data),310018,Satellite identifier,,026030,Measurement integration time,,,,Operational
bufr4/3/10/018/10/207000,10,Vertical sounding sequences (satellite data),310018,Satellite identifier,,207000,"Increase scale, reference value and data width",Cancel,,,Operational
bufr4/3/10/018/11/005002,10,Vertical sounding sequences (satellite data),310018,Satellite identifier,,005002,Latitude (coarse accuracy),,,,Operational
bufr4/3/10/018/12/006002,10,Vertical sounding sequences (satellite data),310018,Satellite identifier,,006002,Longitude (coarse accuracy),,,,Operational
bufr4/3/10/018/13/033072,10,Vertical sounding sequences (satellite data),310018,Satellite identifier,,033072,Ozone error,,,,Operational
bufr4/3/10/018/14/007025,10,Vertical sounding sequences (satellite data),310018,Satellite identifier,,007025,Solar zenith angle,,,,Operational
bufr4/3/10/018/15/005022,10,Vertical sounding sequences (satellite data),310018,Satellite identifier,,005022,Solar azimuth,,,,Operational
bufr4/3/10/018/16/207002,10,Vertical sounding sequences (satellite data),310018,Satellite identifier,,207002,"Increase scale, reference value and data width",,,,Operational
bufr4/3/10/018/17/015001,10,Vertical sounding sequences (satellite data),310018,Satellite identifier,,015001,Total ozone,,,,Operational
bufr4/3/10/018/18/207000,10,Vertical sounding sequences (satellite data),310018,Satellite identifier,,207000,"Increase scale, reference value and data width",Cancel,,,Operational
bufr4/3/10/018/19/008003,10,Vertical sounding sequences (satellite data),310018,Satellite identifier,,008003,Vertical significance (satellite observations),= 0 Surface,,,Operational
bufr4/3/10/018/20/207001,10,Vertical sounding sequences (satellite data),310018,Satellite identifier,,207001,"Increase scale, reference value and data width",,,,Operational
bufr4/3/10/018/21/010004,10,Vertical sounding sequences (satellite data),310018,Satellite identifier,,010004,Pressure,Terrain,,,Operational
bufr4/3/10/018/22/207000,10,Vertical sounding sequences (satellite data),310018,Satellite identifier,,207000,"Increase scale, reference value and data width",Cancel,,,Operational
bufr4/3/10/018/23/008003,10,Vertical sounding sequences (satellite data),310018,Satellite identifier,,008003,Vertical significance (satellite observations),Set to missing (cancel),,,Operational
bufr4/3/10/018/24/008003,10,Vertical sounding sequences (satellite data),310018,Satellite identifier,,008003,Vertical significance (satellite observations),= 2 Cloud top,,,Operational
bufr4/3/10/018/25/033042,10,Vertical sounding sequences (satellite data),310018,Satellite identifier,,033042,Type of limit represented by following value,= 0 Exclusive lower limit,,,Operational
bufr4/3/10/018/26/207001,10,Vertical sounding sequences (satellite data),310018,Satellite identifier,,207001,"Increase scale, reference value and data width",,,,Operational
bufr4/3/10/018/27/007004,10,Vertical sounding sequences (satellite data),310018,Satellite identifier,,007004,Pressure,,,,Operational
bufr4/3/10/018/28/207000,10,Vertical sounding sequences (satellite data),310018,Satellite identifier,,207000,"Increase scale, reference value and data width",Cancel,,,Operational
bufr4/3/10/018/29/207002,10,Vertical sounding sequences (satellite data),310018,Satellite identifier,,207002,"Increase scale, reference value and data width",,,,Operational
bufr4/3/10/018/30/015001,10,Vertical sounding sequences (satellite data),310018,Satellite identifier,,015001,Total ozone,Below cloud top pressure,,,Operational
bufr4/3/10/018/31/207000,10,Vertical sounding sequences (satellite data),310018,Satellite identifier,,207000,"Increase scale, reference value and data width",Cancel,,,Operational
bufr4/3/10/018/32/008003,10,Vertical sounding sequences (satellite data),310018,Satellite identifier,,008003,Vertical significance (satellite observations),Set to missing (cancel),,,Operational
bufr4/3/10/018/33/207002,10,Vertical sounding sequences (satellite data),310018,Satellite identifier,,207002,"Increase scale, reference value and data width",,,,Operational
bufr4/3/10/018/34/020081,10,Vertical sounding sequences (satellite data),310018,Satellite identifier,,020081,Cloud amount in segment,Cloud fraction,,,Operational
bufr4/3/10/018/35/207000,10,Vertical sounding sequences (satellite data),310018,Satellite identifier,,207000,"Increase scale, reference value and data width",Cancel,,,Operational
bufr4/3/10/018/36/020065,10,Vertical sounding sequences (satellite data),310018,Satellite identifier,,020065,Snow cover,,,,Operational
bufr4/3/10/018/37/008029,10,Vertical sounding sequences (satellite data),310018,Satellite identifier,,008029,Surface type,,,,Operational
bufr4/3/10/018/38/207004,10,Vertical sounding sequences (satellite data),310018,Satellite identifier,,207004,"Increase scale, reference value and data width",,,,Operational
bufr4/3/10/018/39/015030,10,Vertical sounding sequences (satellite data),310018,Satellite identifier,,015030,Aerosol contamination index,,,,Operational
bufr4/3/10/018/40/207000,10,Vertical sounding sequences (satellite data),310018,Satellite identifier,,207000,"Increase scale, reference value and data width",Cancel,,,Operational
bufr4/3/10/018/41/008075,10,Vertical sounding sequences (satellite data),310018,Satellite identifier,,008075,Ascending/descending orbit qualifier (Ozone data),,,,Operational
bufr4/3/10/019/1/001007,10,Vertical sounding sequences (satellite data),310019,Satellite identifier,,001007,Satellite identifier,,,,Operational
bufr4/3/10/019/2/002019,10,Vertical sounding sequences (satellite data),310019,Satellite identifier,,002019,Satellite instruments,= 624 SBUV/2,,,Operational
bufr4/3/10/019/3/301011,10,Vertical sounding sequences (satellite data),310019,Satellite identifier,,301011,"Year, month, day",,,,Operational
bufr4/3/10/019/1/301013,10,Vertical sounding sequences (satellite data),310019,"Hour, minute, second",,301013,"Hour, minute, second",,,,Operational
bufr4/3/10/019/2/301023,10,Vertical sounding sequences (satellite data),310019,"Hour, minute, second",,301023,Latitude/longitude (coarse accuracy),,,,Operational
bufr4/3/10/019/3/007025,10,Vertical sounding sequences (satellite data),310019,"Hour, minute, second",,007025,Solar zenith angle,,,,Operational
bufr4/3/10/019/4/008021,10,Vertical sounding sequences (satellite data),310019,"Hour, minute, second",,008021,Time significance,= 28 Start of scan,,,Operational
bufr4/3/10/019/5/007025,10,Vertical sounding sequences (satellite data),310019,"Hour, minute, second",,007025,Solar zenith angle,,,,Operational
bufr4/3/10/019/6/008021,10,Vertical sounding sequences (satellite data),310019,"Hour, minute, second",,008021,Time significance,= 29 End of scan,,,Operational
bufr4/3/10/019/7/007025,10,Vertical sounding sequences (satellite data),310019,"Hour, minute, second",,007025,Solar zenith angle,,,,Operational
bufr4/3/10/019/8/008021,10,Vertical sounding sequences (satellite data),310019,"Hour, minute, second",,008021,Time significance,Set to missing (cancel),,,Operational
bufr4/3/10/019/9/008029,10,Vertical sounding sequences (satellite data),310019,"Hour, minute, second",,008029,Surface type,,,,Operational
bufr4/3/10/019/10/005040,10,Vertical sounding sequences (satellite data),310019,"Hour, minute, second",,005040,Orbit number,,,,Operational
bufr4/3/10/019/11/008075,10,Vertical sounding sequences (satellite data),310019,"Hour, minute, second",,008075,Ascending/descending orbit qualifier,,,,Operational
bufr4/3/10/019/12/008003,10,Vertical sounding sequences (satellite data),310019,"Hour, minute, second",,008003,Vertical significance (satellite observations),= 0 Surface,,,Operational
bufr4/3/10/019/13/010004,10,Vertical sounding sequences (satellite data),310019,"Hour, minute, second",,010004,Pressure,= Terrain,,,Operational
bufr4/3/10/019/14/008003,10,Vertical sounding sequences (satellite data),310019,"Hour, minute, second",,008003,Vertical significance (satellite observations),Set to missing (cancel),,,Operational
bufr4/3/10/019/15/207002,10,Vertical sounding sequences (satellite data),310019,"Hour, minute, second",,207002,"Increase scale, reference value and data width",,,,Operational
bufr4/3/10/019/16/015001,10,Vertical sounding sequences (satellite data),310019,"Hour, minute, second",,015001,Total ozone,,,,Operational
bufr4/3/10/019/17/207000,10,Vertical sounding sequences (satellite data),310019,"Hour, minute, second",,207000,"Increase scale, reference value and data width",Cancel,,,Operational
bufr4/3/10/019/18/033070,10,Vertical sounding sequences (satellite data),310019,"Hour, minute, second",,033070,Total ozone quality,,,,Operational
bufr4/3/10/019/19/015030,10,Vertical sounding sequences (satellite data),310019,"Hour, minute, second",,015030,Aerosol contamination index,,,,Operational
bufr4/3/10/019/20/207002,10,Vertical sounding sequences (satellite data),310019,"Hour, minute, second",,207002,"Increase scale, reference value and data width",,,,Operational
bufr4/3/10/019/21/020081,10,Vertical sounding sequences (satellite data),310019,"Hour, minute, second",,020081,Cloud amount in segment,Cloud fraction,,,Operational
bufr4/3/10/019/22/207000,10,Vertical sounding sequences (satellite data),310019,"Hour, minute, second",,207000,"Increase scale, reference value and data width",Cancel,,,Operational
bufr4/3/10/019/23/008003,10,Vertical sounding sequences (satellite data),310019,"Hour, minute, second",,008003,Vertical significance (satellite observations),= 2 Cloud top,,,Operational
bufr4/3/10/019/24/033042,10,Vertical sounding sequences (satellite data),310019,"Hour, minute, second",,033042,Type of limit represented by following value,= 0 Exclusive lower limit,,,Operational
bufr4/3/10/019/25/007004,10,Vertical sounding sequences (satellite data),310019,"Hour, minute, second",,007004,Pressure,,,,Operational
bufr4/3/10/019/26/207002,10,Vertical sounding sequences (satellite data),310019,"Hour, minute, second",,207002,"Increase scale, reference value and data width",,,,Operational
bufr4/3/10/019/27/015001,10,Vertical sounding sequences (satellite data),310019,"Hour, minute, second",,015001,Total ozone,Below cloud top pressure,,,Operational
bufr4/3/10/019/28/207000,10,Vertical sounding sequences (satellite data),310019,"Hour, minute, second",,207000,"Increase scale, reference value and data width",Cancel,,,Operational
bufr4/3/10/019/29/008003,10,Vertical sounding sequences (satellite data),310019,"Hour, minute, second",,008003,Vertical significance (satellite observations),Set to missing (cancel),,,Operational
bufr4/3/10/019/30/113021,10,Vertical sounding sequences (satellite data),310019,"Hour, minute, second",,113021,Replicate 13 descriptors 21 times,,,,Operational
bufr4/3/10/019/31/007004,10,Vertical sounding sequences (satellite data),310019,"Hour, minute, second",,007004,Pressure,Bottom of layer,,,Operational
bufr4/3/10/019/32/007004,10,Vertical sounding sequences (satellite data),310019,"Hour, minute, second",,007004,Pressure,Top of layer,,,Operational
bufr4/3/10/019/33/207002,10,Vertical sounding sequences (satellite data),310019,"Hour, minute, second",,207002,"Increase scale, reference value and data width",,,,Operational
bufr4/3/10/019/34/008021,10,Vertical sounding sequences (satellite data),310019,"Hour, minute, second",,008021,Time significance,= 27 First guess,,,Operational
bufr4/3/10/019/35/015005,10,Vertical sounding sequences (satellite data),310019,"Hour, minute, second",,015005,Ozone p,,,,Operational
bufr4/3/10/019/36/008021,10,Vertical sounding sequences (satellite data),310019,"Hour, minute, second",,008021,Time significance,Set to missing (cancel),,,Operational
bufr4/3/10/019/37/015005,10,Vertical sounding sequences (satellite data),310019,"Hour, minute, second",,015005,Ozone p,,,,Operational
bufr4/3/10/019/38/033007,10,Vertical sounding sequences (satellite data),310019,"Hour, minute, second",,033007,Per cent confidence,,,,Operational
bufr4/3/10/019/39/207000,10,Vertical sounding sequences (satellite data),310019,"Hour, minute, second",,207000,"Increase scale, reference value and data width",Cancel,,,Operational
bufr4/3/10/019/40/008026,10,Vertical sounding sequences (satellite data),310019,"Hour, minute, second",,008026,Matrix significance,= 0 Row of averaging kernel matrix,,,Operational
bufr4/3/10/019/41/101020,10,Vertical sounding sequences (satellite data),310019,"Hour, minute, second",,101020,Replicate 1 descriptor 20 times,,,,Operational
bufr4/3/10/019/42/025143,10,Vertical sounding sequences (satellite data),310019,"Hour, minute, second",,025143,Linear coefficient,,,,Operational
bufr4/3/10/019/43/008026,10,Vertical sounding sequences (satellite data),310019,"Hour, minute, second",,008026,Matrix significance,Set to missing (cancel),,,Operational
bufr4/3/10/019/44/008043,10,Vertical sounding sequences (satellite data),310019,"Hour, minute, second",,008043,Atmospheric chemical or physical constituent type,= 0 Ozone,,,Operational
bufr4/3/10/019/45/109015,10,Vertical sounding sequences (satellite data),310019,"Hour, minute, second",,109015,Replicate 9 descriptors 15 times,,,,Operational
bufr4/3/10/019/46/007004,10,Vertical sounding sequences (satellite data),310019,"Hour, minute, second",,007004,Pressure I.2,(continued) – BUFR Table D/10 — 7,,,Operational
bufr4/3/10/019/1/008090,10,Vertical sounding sequences (satellite data),310019,Decimal scale of following significands,,008090,Decimal scale of following significands,,,,Operational
bufr4/3/10/019/2/207006,10,Vertical sounding sequences (satellite data),310019,Decimal scale of following significands,,207006,"Increase scale, reference value and data width",,,,Operational
bufr4/3/10/019/3/015008,10,Vertical sounding sequences (satellite data),310019,Decimal scale of following significands,,015008,Significand of volumetric mixing ratio,,,,Operational
bufr4/3/10/019/4/207000,10,Vertical sounding sequences (satellite data),310019,Decimal scale of following significands,,207000,"Increase scale, reference value and data width",Cancel,,,Operational
bufr4/3/10/019/5/008090,10,Vertical sounding sequences (satellite data),310019,Decimal scale of following significands,,008090,Decimal scale of following significands,Set to missing (cancel),,,Operational
bufr4/3/10/019/6/207002,10,Vertical sounding sequences (satellite data),310019,Decimal scale of following significands,,207002,"Increase scale, reference value and data width",,,,Operational
bufr4/3/10/019/7/033007,10,Vertical sounding sequences (satellite data),310019,Decimal scale of following significands,,033007,Per cent confidence,,,,Operational
bufr4/3/10/019/8/207000,10,Vertical sounding sequences (satellite data),310019,Decimal scale of following significands,,207000,"Increase scale, reference value and data width",Cancel,,,Operational
bufr4/3/10/019/9/008043,10,Vertical sounding sequences (satellite data),310019,Decimal scale of following significands,,008043,Atmospheric chemical or physical constituent type,Set to missing (cancel),,,Operational
bufr4/3/10/019/10/033071,10,Vertical sounding sequences (satellite data),310019,Decimal scale of following significands,,033071,Profile ozone quality,,,,Operational
bufr4/3/10/019/11/108008,10,Vertical sounding sequences (satellite data),310019,Decimal scale of following significands,,108008,Replicate 8 descriptors 8 times,,,,Operational
bufr4/3/10/019/12/202124,10,Vertical sounding sequences (satellite data),310019,Decimal scale of following significands,,202124,Change scale,,,,Operational
bufr4/3/10/019/13/201107,10,Vertical sounding sequences (satellite data),310019,Decimal scale of following significands,,201107,Change data width,,,,Operational
bufr4/3/10/019/14/002071,10,Vertical sounding sequences (satellite data),310019,Decimal scale of following significands,,002071,Spectrographic wavelength,,,,Operational
bufr4/3/10/019/15/201000,10,Vertical sounding sequences (satellite data),310019,Decimal scale of following significands,,201000,Change data width,Cancel,,,Operational
bufr4/3/10/019/16/202000,10,Vertical sounding sequences (satellite data),310019,Decimal scale of following significands,,202000,Change scale,Cancel,,,Operational
bufr4/3/10/019/17/207002,10,Vertical sounding sequences (satellite data),310019,Decimal scale of following significands,,207002,"Increase scale, reference value and data width",,,,Operational
bufr4/3/10/019/18/020081,10,Vertical sounding sequences (satellite data),310019,Decimal scale of following significands,,020081,Cloud amount in segment,Cloud fraction,,,Operational
bufr4/3/10/019/19/207000,10,Vertical sounding sequences (satellite data),310019,Decimal scale of following significands,,207000,"Increase scale, reference value and data width (Retrieved ozone data)",Cancel,,,Operational
bufr4/3/10/020/1/310022,10,Vertical sounding sequences (satellite data),310020,"Satellite identifier, instrument and product type",,310022,"Satellite identifier, instrument and product type",,,,Operational
bufr4/3/10/020/2/301011,10,Vertical sounding sequences (satellite data),310020,"Satellite identifier, instrument and product type",,301011,"Year, month, day",,,,Operational
bufr4/3/10/020/3/301013,10,Vertical sounding sequences (satellite data),310020,"Satellite identifier, instrument and product type",,301013,"Hour, minute, second",,,,Operational
bufr4/3/10/020/4/301021,10,Vertical sounding sequences (satellite data),310020,"Satellite identifier, instrument and product type",,301021,Latitude/longitude (high accuracy),,,,Operational
bufr4/3/10/020/5/304034,10,Vertical sounding sequences (satellite data),310020,"Satellite identifier, instrument and product type",,304034,"Latitude/longitude, solar elevation, number of layers",,,,Operational
bufr4/3/10/020/6/310021,10,Vertical sounding sequences (satellite data),310020,"Satellite identifier, instrument and product type",,310021,"Integrated ozone density, height of defined layer (Integrated ozone density, height of defined layer)",,,,Operational
bufr4/3/10/021/1/108000,10,Vertical sounding sequences (satellite data),310021,Delayed replication of 8 descriptors,,108000,Delayed replication of 8 descriptors,,,,Operational
bufr4/3/10/021/2/031001,10,Vertical sounding sequences (satellite data),310021,Delayed replication of 8 descriptors,,031001,Delayed descriptor replication factor,,,,Operational
bufr4/3/10/021/3/201131,10,Vertical sounding sequences (satellite data),310021,Delayed replication of 8 descriptors,,201131,Change data width,,,,Operational
bufr4/3/10/021/4/202129,10,Vertical sounding sequences (satellite data),310021,Delayed replication of 8 descriptors,,202129,Change scale,,,,Operational
bufr4/3/10/021/5/007004,10,Vertical sounding sequences (satellite data),310021,Delayed replication of 8 descriptors,,007004,Pressure,,,,Operational
bufr4/3/10/021/6/007004,10,Vertical sounding sequences (satellite data),310021,Delayed replication of 8 descriptors,,007004,Pressure,,,,Operational
bufr4/3/10/021/7/202000,10,Vertical sounding sequences (satellite data),310021,Delayed replication of 8 descriptors,,202000,Change scale,Cancel,,,Operational
bufr4/3/10/021/8/201000,10,Vertical sounding sequences (satellite data),310021,Delayed replication of 8 descriptors,,201000,Change data width,Cancel,,,Operational
bufr4/3/10/021/9/015020,10,Vertical sounding sequences (satellite data),310021,Delayed replication of 8 descriptors,,015020,Integrated ozone density,,,,Operational
bufr4/3/10/021/10/010002,10,Vertical sounding sequences (satellite data),310021,Delayed replication of 8 descriptors,,010002,"Height (Satellite identifier, instrument and product type)",,,,Operational
bufr4/3/10/022/1/001007,10,Vertical sounding sequences (satellite data),310022,Satellite identifier,,001007,Satellite identifier,,,,Operational
bufr4/3/10/022/2/002019,10,Vertical sounding sequences (satellite data),310022,Satellite identifier,,002019,Satellite instruments,,,,Operational
bufr4/3/10/022/3/001033,10,Vertical sounding sequences (satellite data),310022,Satellite identifier,,001033,Identification of originating/generating centre,,,,Operational
bufr4/3/10/022/4/002172,10,Vertical sounding sequences (satellite data),310022,Satellite identifier,,002172,Product type for retrieved atmospheric gases (Geostationary multi-channel satellite radiance data),,,,Operational
bufr4/3/10/023/1/301072,10,Vertical sounding sequences (satellite data),310023,Satellite identification,,301072,Satellite identification,,,,Operational
bufr4/3/10/023/2/030021,10,Vertical sounding sequences (satellite data),310023,Satellite identification,,030021,Number of pixels per row,,,,Operational
bufr4/3/10/023/3/030022,10,Vertical sounding sequences (satellite data),310023,Satellite identification,,030022,Number of pixels per column,,,,Operational
bufr4/3/10/023/1/008012,10,Vertical sounding sequences (satellite data),310023,Land/sea qualifier,,008012,Land/sea qualifier,,,,Operational
bufr4/3/10/023/2/007024,10,Vertical sounding sequences (satellite data),310023,Land/sea qualifier,,007024,Satellite zenith angle,,,,Operational
bufr4/3/10/023/3/007025,10,Vertical sounding sequences (satellite data),310023,Land/sea qualifier,,007025,Solar zenith angle,,,,Operational
bufr4/3/10/023/4/010002,10,Vertical sounding sequences (satellite data),310023,Land/sea qualifier,,010002,Height,,,,Operational
bufr4/3/10/023/5/101012,10,Vertical sounding sequences (satellite data),310023,Land/sea qualifier,,101012,Replicate 1 descriptor 12 times,,,,Operational
bufr4/3/10/023/6/304032,10,Vertical sounding sequences (satellite data),310023,Land/sea qualifier,,304032,Cloud fraction,,,,Operational
bufr4/3/10/023/7/105002,10,Vertical sounding sequences (satellite data),310023,Land/sea qualifier,,105002,Replicate 5 descriptors 2 times,,,,Operational
bufr4/3/10/023/8/002152,10,Vertical sounding sequences (satellite data),310023,Land/sea qualifier,,002152,Satellite instrument used in data processing,,,,Operational
bufr4/3/10/023/9/002024,10,Vertical sounding sequences (satellite data),310023,Land/sea qualifier,,002024,Integrated mean humidity computational method,,,,Operational
bufr4/3/10/023/10/007004,10,Vertical sounding sequences (satellite data),310023,Land/sea qualifier,,007004,Pressure,,,,Operational
bufr4/3/10/023/11/007004,10,Vertical sounding sequences (satellite data),310023,Land/sea qualifier,,007004,Pressure,,,,Operational
bufr4/3/10/023/12/013003,10,Vertical sounding sequences (satellite data),310023,Land/sea qualifier,,013003,Relative humidity,,,,Operational
bufr4/3/10/023/13/101012,10,Vertical sounding sequences (satellite data),310023,Land/sea qualifier,,101012,Replicate 1 descriptor 12 times,,,,Operational
bufr4/3/10/023/14/304033,10,Vertical sounding sequences (satellite data),310023,Land/sea qualifier,,304033,Clear sky radiance (Geostationary three-channel satellite radiance data),,,,Operational
bufr4/3/10/024/1/301072,10,Vertical sounding sequences (satellite data),310024,Satellite identification,,301072,Satellite identification,,,,Operational
bufr4/3/10/024/2/030021,10,Vertical sounding sequences (satellite data),310024,Satellite identification,,030021,Number of pixels per row,,,,Operational
bufr4/3/10/024/3/030022,10,Vertical sounding sequences (satellite data),310024,Satellite identification,,030022,Number of pixels per column,,,,Operational
bufr4/3/10/024/4/008012,10,Vertical sounding sequences (satellite data),310024,Satellite identification,,008012,Land/sea qualifier,,,,Operational
bufr4/3/10/024/5/007024,10,Vertical sounding sequences (satellite data),310024,Satellite identification,,007024,Satellite zenith angle,,,,Operational
bufr4/3/10/024/6/007025,10,Vertical sounding sequences (satellite data),310024,Satellite identification,,007025,Solar zenith angle,,,,Operational
bufr4/3/10/024/7/010002,10,Vertical sounding sequences (satellite data),310024,Satellite identification,,010002,Height,,,,Operational
bufr4/3/10/024/8/101003,10,Vertical sounding sequences (satellite data),310024,Satellite identification,,101003,Replicate 1 descriptor 3 times,,,,Operational
bufr4/3/10/024/9/304032,10,Vertical sounding sequences (satellite data),310024,Satellite identification,,304032,Cloud fraction,,,,Operational
bufr4/3/10/024/10/105002,10,Vertical sounding sequences (satellite data),310024,Satellite identification,,105002,Replicate 5 descriptors 2 times,,,,Operational
bufr4/3/10/024/11/002152,10,Vertical sounding sequences (satellite data),310024,Satellite identification,,002152,Satellite instrument used in data processing,,,,Operational
bufr4/3/10/024/12/002024,10,Vertical sounding sequences (satellite data),310024,Satellite identification,,002024,Integrated mean humidity computational method,,,,Operational
bufr4/3/10/024/13/007004,10,Vertical sounding sequences (satellite data),310024,Satellite identification,,007004,Pressure,,,,Operational
bufr4/3/10/024/14/007004,10,Vertical sounding sequences (satellite data),310024,Satellite identification,,007004,Pressure,,,,Operational
bufr4/3/10/024/15/013003,10,Vertical sounding sequences (satellite data),310024,Satellite identification,,013003,Relative humidity,,,,Operational
bufr4/3/10/024/16/101003,10,Vertical sounding sequences (satellite data),310024,Satellite identification,,101003,Replicate 1 descriptor 3 times,,,,Operational
bufr4/3/10/024/17/304033,10,Vertical sounding sequences (satellite data),310024,Satellite identification,,304033,Clear sky radiance (SSMIS temperature data record),,,,Operational
bufr4/3/10/025/1/001007,10,Vertical sounding sequences (satellite data),310025,Satellite identifier,,001007,Satellite identifier,,,,Operational
bufr4/3/10/025/2/008021,10,Vertical sounding sequences (satellite data),310025,Satellite identifier,,008021,Time significance,Scan start,,,Operational
bufr4/3/10/025/3/004001,10,Vertical sounding sequences (satellite data),310025,Satellite identifier,,004001,Year,,,,Operational
bufr4/3/10/025/4/004002,10,Vertical sounding sequences (satellite data),310025,Satellite identifier,,004002,Month,,,,Operational
bufr4/3/10/025/5/004003,10,Vertical sounding sequences (satellite data),310025,Satellite identifier,,004003,Day,,,,Operational
bufr4/3/10/025/6/004004,10,Vertical sounding sequences (satellite data),310025,Satellite identifier,,004004,Hour,,,,Operational
bufr4/3/10/025/7/004005,10,Vertical sounding sequences (satellite data),310025,Satellite identifier,,004005,Minute,,,,Operational
bufr4/3/10/025/8/201138,10,Vertical sounding sequences (satellite data),310025,Satellite identifier,,201138,Change data width,,,,Operational
bufr4/3/10/025/9/202131,10,Vertical sounding sequences (satellite data),310025,Satellite identifier,,202131,Change scale,,,,Operational
bufr4/3/10/025/10/004006,10,Vertical sounding sequences (satellite data),310025,Satellite identifier,,004006,Second,Milliseconds,,,Operational
bufr4/3/10/025/11/202000,10,Vertical sounding sequences (satellite data),310025,Satellite identifier,,202000,Change scale,,,,Operational
bufr4/3/10/025/12/201000,10,Vertical sounding sequences (satellite data),310025,Satellite identifier,,201000,Change data width,,,,Operational
bufr4/3/10/025/13/201132,10,Vertical sounding sequences (satellite data),310025,Satellite identifier,,201132,Change data width,,,,Operational
bufr4/3/10/025/14/005041,10,Vertical sounding sequences (satellite data),310025,Satellite identifier,,005041,Scan line number I.2,Scan number (continued) – BUFR Table D/10 — 9,,,Operational
bufr4/3/10/025/1/201000,10,Vertical sounding sequences (satellite data),310025,Change data width,,201000,Change data width,,,,Operational
bufr4/3/10/025/2/201129,10,Vertical sounding sequences (satellite data),310025,Change data width,,201129,Change data width,,,,Operational
bufr4/3/10/025/3/005043,10,Vertical sounding sequences (satellite data),310025,Change data width,,005043,Field of view number,Scene number,,,Operational
bufr4/3/10/025/4/201000,10,Vertical sounding sequences (satellite data),310025,Change data width,,201000,Change data width,,,,Operational
bufr4/3/10/025/5/005002,10,Vertical sounding sequences (satellite data),310025,Change data width,,005002,Latitude (coarse accuracy),,,,Operational
bufr4/3/10/025/6/006002,10,Vertical sounding sequences (satellite data),310025,Change data width,,006002,Longitude (coarse accuracy),,,,Operational
bufr4/3/10/025/7/013040,10,Vertical sounding sequences (satellite data),310025,Change data width,,013040,Surface flag,,,,Operational
bufr4/3/10/025/8/020029,10,Vertical sounding sequences (satellite data),310025,Change data width,,020029,Rain flag,,,,Operational
bufr4/3/10/025/9/104024,10,Vertical sounding sequences (satellite data),310025,Change data width,,104024,Replicate 4 descriptors 24 times,,,,Operational
bufr4/3/10/025/10/005042,10,Vertical sounding sequences (satellite data),310025,Change data width,,005042,Channel number,,,,Operational
bufr4/3/10/025/11/012163,10,Vertical sounding sequences (satellite data),310025,Change data width,,012163,Brightness temperature,,,,Operational
bufr4/3/10/025/12/021083,10,Vertical sounding sequences (satellite data),310025,Change data width,,021083,Warm target calibration,,,,Operational
bufr4/3/10/025/13/021084,10,Vertical sounding sequences (satellite data),310025,Change data width,,021084,Cold target calibration,,,,Operational
bufr4/3/10/025/14/115003,10,Vertical sounding sequences (satellite data),310025,Change data width,,115003,Replicate 15 descriptors 3 times,,,,Operational
bufr4/3/10/025/15/004001,10,Vertical sounding sequences (satellite data),310025,Change data width,,004001,Year,,,,Operational
bufr4/3/10/025/16/004002,10,Vertical sounding sequences (satellite data),310025,Change data width,,004002,Month,,,,Operational
bufr4/3/10/025/17/004003,10,Vertical sounding sequences (satellite data),310025,Change data width,,004003,Day,,,,Operational
bufr4/3/10/025/18/201142,10,Vertical sounding sequences (satellite data),310025,Change data width,,201142,Change data width,,,,Operational
bufr4/3/10/025/19/202131,10,Vertical sounding sequences (satellite data),310025,Change data width,,202131,Change scale,,,,Operational
bufr4/3/10/025/20/004026,10,Vertical sounding sequences (satellite data),310025,Change data width,,004026,Time period or displacement,Ephemeris milliseconds,,,Operational
bufr4/3/10/025/21/202000,10,Vertical sounding sequences (satellite data),310025,Change data width,,202000,Change scale,,,,Operational
bufr4/3/10/025/22/201000,10,Vertical sounding sequences (satellite data),310025,Change data width,,201000,Change data width,,,,Operational
bufr4/3/10/025/23/005001,10,Vertical sounding sequences (satellite data),310025,Change data width,,005001,Latitude (high accuracy),Ephemeris,,,Operational
bufr4/3/10/025/24/006001,10,Vertical sounding sequences (satellite data),310025,Change data width,,006001,Longitude (high accuracy),Ephemeris,,,Operational
bufr4/3/10/025/25/201138,10,Vertical sounding sequences (satellite data),310025,Change data width,,201138,Change data width,,,,Operational
bufr4/3/10/025/26/202129,10,Vertical sounding sequences (satellite data),310025,Change data width,,202129,Change scale,,,,Operational
bufr4/3/10/025/27/007001,10,Vertical sounding sequences (satellite data),310025,Change data width,,007001,Height of station,Ephemeris,,,Operational
bufr4/3/10/025/28/202000,10,Vertical sounding sequences (satellite data),310025,Change data width,,202000,Change scale,,,,Operational
bufr4/3/10/025/29/201000,10,Vertical sounding sequences (satellite data),310025,Change data width,,201000,Change data width,,,,Operational
bufr4/3/10/025/30/008021,10,Vertical sounding sequences (satellite data),310025,Change data width,,008021,Time significance,Orbit start,,,Operational
bufr4/3/10/025/31/004001,10,Vertical sounding sequences (satellite data),310025,Change data width,,004001,Year,,,,Operational
bufr4/3/10/025/32/004002,10,Vertical sounding sequences (satellite data),310025,Change data width,,004002,Month,,,,Operational
bufr4/3/10/025/33/004003,10,Vertical sounding sequences (satellite data),310025,Change data width,,004003,Day,,,,Operational
bufr4/3/10/025/34/004004,10,Vertical sounding sequences (satellite data),310025,Change data width,,004004,Hour,,,,Operational
bufr4/3/10/025/35/004005,10,Vertical sounding sequences (satellite data),310025,Change data width,,004005,Minute,,,,Operational
bufr4/3/10/025/36/005040,10,Vertical sounding sequences (satellite data),310025,Change data width,,005040,Orbit number,,,,Operational
bufr4/3/10/025/37/101003,10,Vertical sounding sequences (satellite data),310025,Change data width,,101003,Replicate 1 descriptor 3 times,,,,Operational
bufr4/3/10/025/38/012070,10,Vertical sounding sequences (satellite data),310025,Change data width,,012070,Warm load temperature,,,,Operational
bufr4/3/10/025/39/025054,10,Vertical sounding sequences (satellite data),310025,Change data width,,025054,SSMIS subframe ID number,,,,Operational
bufr4/3/10/025/40/101004,10,Vertical sounding sequences (satellite data),310025,Change data width,,101004,Replicate 1 descriptor 4 times,,,,Operational
bufr4/3/10/025/41/025055,10,Vertical sounding sequences (satellite data),310025,Change data width,,025055,Multiplexer housekeeping,,,,Operational
bufr4/3/10/025/42/008007,10,Vertical sounding sequences (satellite data),310025,Change data width,,008007,Dimensional significance,Line,,,Operational
bufr4/3/10/025/43/104028,10,Vertical sounding sequences (satellite data),310025,Change data width,,104028,Replicate 4 descriptors 28 times,,,,Operational
bufr4/3/10/025/44/005002,10,Vertical sounding sequences (satellite data),310025,Change data width,,005002,Latitude (coarse accuracy),,,,Operational
bufr4/3/10/025/45/006002,10,Vertical sounding sequences (satellite data),310025,Change data width,,006002,Longitude (coarse accuracy),,,,Operational
bufr4/3/10/025/46/002111,10,Vertical sounding sequences (satellite data),310025,Change data width,,002111,Radar incidence angle,Earth angle,,,Operational
bufr4/3/10/025/47/005021,10,Vertical sounding sequences (satellite data),310025,Change data width,,005021,Bearing or azimuth,,,,Operational
bufr4/3/10/026/1/310022,10,Vertical sounding sequences (satellite data),310026,"Satellite identifier, instrument and product type",,310022,"Satellite identifier, instrument and product type",,,,Operational
bufr4/3/10/026/2/025060,10,Vertical sounding sequences (satellite data),310026,"Satellite identifier, instrument and product type",,025060,Software identification,,,,Operational
bufr4/3/10/026/3/008021,10,Vertical sounding sequences (satellite data),310026,"Satellite identifier, instrument and product type",,008021,Time significance,= 17 Start of phenomenon,,,Operational
bufr4/3/10/026/4/301011,10,Vertical sounding sequences (satellite data),310026,"Satellite identifier, instrument and product type",,301011,"Year, month, day",,,,Operational
bufr4/3/10/026/5/301012,10,Vertical sounding sequences (satellite data),310026,"Satellite identifier, instrument and product type",,301012,"Hour, minute",,,,Operational
bufr4/3/10/026/6/201138,10,Vertical sounding sequences (satellite data),310026,"Satellite identifier, instrument and product type",,201138,Change data width,16 bits long,,,Operational
bufr4/3/10/026/7/202131,10,Vertical sounding sequences (satellite data),310026,"Satellite identifier, instrument and product type",,202131,Change scale,Scale: 3,,,Operational
bufr4/3/10/026/8/004006,10,Vertical sounding sequences (satellite data),310026,"Satellite identifier, instrument and product type",,004006,Second,,,,Operational
bufr4/3/10/026/9/202000,10,Vertical sounding sequences (satellite data),310026,"Satellite identifier, instrument and product type",,202000,Change scale,Cancel,,,Operational
bufr4/3/10/026/10/201000,10,Vertical sounding sequences (satellite data),310026,"Satellite identifier, instrument and product type",,201000,Change data width,Cancel,,,Operational
bufr4/3/10/026/11/033039,10,Vertical sounding sequences (satellite data),310026,"Satellite identifier, instrument and product type",,033039,Quality flags for radio occultation data,,,,Operational
bufr4/3/10/026/12/033007,10,Vertical sounding sequences (satellite data),310026,"Satellite identifier, instrument and product type",,033007,Per cent confidence,Whole message,,,Operational
bufr4/3/10/026/13/304030,10,Vertical sounding sequences (satellite data),310026,"Satellite identifier, instrument and product type",,304030,Location of platform,,,,Operational
bufr4/3/10/026/14/304031,10,Vertical sounding sequences (satellite data),310026,"Satellite identifier, instrument and product type",,304031,Speed of platform,,,,Operational
bufr4/3/10/026/15/002020,10,Vertical sounding sequences (satellite data),310026,"Satellite identifier, instrument and product type",,002020,Satellite classification,,,,Operational
bufr4/3/10/026/16/001050,10,Vertical sounding sequences (satellite data),310026,"Satellite identifier, instrument and product type",,001050,Platform transmitter ID number,,,,Operational
bufr4/3/10/026/17/202127,10,Vertical sounding sequences (satellite data),310026,"Satellite identifier, instrument and product type",,202127,Change scale,Scale: 1,,,Operational
bufr4/3/10/026/18/304030,10,Vertical sounding sequences (satellite data),310026,"Satellite identifier, instrument and product type",,304030,Location of platform,,,,Operational
bufr4/3/10/026/19/202000,10,Vertical sounding sequences (satellite data),310026,"Satellite identifier, instrument and product type",,202000,Change scale,Cancel,,,Operational
bufr4/3/10/026/20/304031,10,Vertical sounding sequences (satellite data),310026,"Satellite identifier, instrument and product type",,304031,Speed of platform,,,,Operational
bufr4/3/10/026/21/201133,10,Vertical sounding sequences (satellite data),310026,"Satellite identifier, instrument and product type",,201133,Change data width,18 bits long,,,Operational
bufr4/3/10/026/22/202131,10,Vertical sounding sequences (satellite data),310026,"Satellite identifier, instrument and product type",,202131,Change scale,Scale: 3,,,Operational
bufr4/3/10/026/23/004016,10,Vertical sounding sequences (satellite data),310026,"Satellite identifier, instrument and product type",,004016,Time increment,,,,Operational
bufr4/3/10/026/24/202000,10,Vertical sounding sequences (satellite data),310026,"Satellite identifier, instrument and product type",,202000,Change scale,Cancel,,,Operational
bufr4/3/10/026/25/201000,10,Vertical sounding sequences (satellite data),310026,"Satellite identifier, instrument and product type",,201000,Change data width,Cancel,,,Operational
bufr4/3/10/026/26/301021,10,Vertical sounding sequences (satellite data),310026,"Satellite identifier, instrument and product type",,301021,Latitude/longitude (high accuracy),,,,Operational
bufr4/3/10/026/27/304030,10,Vertical sounding sequences (satellite data),310026,"Satellite identifier, instrument and product type",,304030,Location of platform,,,,Operational
bufr4/3/10/026/28/010035,10,Vertical sounding sequences (satellite data),310026,"Satellite identifier, instrument and product type",,010035,Earth’s local radius of curvature,,,,Operational
bufr4/3/10/026/29/005021,10,Vertical sounding sequences (satellite data),310026,"Satellite identifier, instrument and product type",,005021,Bearing or azimuth,,,,Operational
bufr4/3/10/026/30/010036,10,Vertical sounding sequences (satellite data),310026,"Satellite identifier, instrument and product type",,010036,Geoid undulation,,,,Operational
bufr4/3/10/026/31/113000,10,Vertical sounding sequences (satellite data),310026,"Satellite identifier, instrument and product type",,113000,Delayed replication of 13 descriptors,,,,Operational
bufr4/3/10/026/32/031002,10,Vertical sounding sequences (satellite data),310026,"Satellite identifier, instrument and product type",,031002,Extended delayed descriptor replication factor,,,,Operational
bufr4/3/10/026/33/301021,10,Vertical sounding sequences (satellite data),310026,"Satellite identifier, instrument and product type",,301021,Latitude/longitude (high accuracy),,,,Operational
bufr4/3/10/026/34/005021,10,Vertical sounding sequences (satellite data),310026,"Satellite identifier, instrument and product type",,005021,Bearing or azimuth,,,,Operational
bufr4/3/10/026/35/108000,10,Vertical sounding sequences (satellite data),310026,"Satellite identifier, instrument and product type",,108000,Delayed replication of 8 descriptors,,,,Operational
bufr4/3/10/026/36/031001,10,Vertical sounding sequences (satellite data),310026,"Satellite identifier, instrument and product type",,031001,Delayed descriptor replication factor,,,,Operational
bufr4/3/10/026/37/002121,10,Vertical sounding sequences (satellite data),310026,"Satellite identifier, instrument and product type",,002121,Mean frequency,,,,Operational
bufr4/3/10/026/38/007040,10,Vertical sounding sequences (satellite data),310026,"Satellite identifier, instrument and product type",,007040,Impact parameter,,,,Operational
bufr4/3/10/026/39/015037,10,Vertical sounding sequences (satellite data),310026,"Satellite identifier, instrument and product type",,015037,Bending angle,,,,Operational
bufr4/3/10/026/40/008023,10,Vertical sounding sequences (satellite data),310026,"Satellite identifier, instrument and product type",,008023,First-order statistics,= 13 Root-mean-square,,,Operational
bufr4/3/10/026/41/201125,10,Vertical sounding sequences (satellite data),310026,"Satellite identifier, instrument and product type",,201125,Change data width,20 bits long,,,Operational
bufr4/3/10/026/42/015037,10,Vertical sounding sequences (satellite data),310026,"Satellite identifier, instrument and product type",,015037,Bending angle,,,,Operational
bufr4/3/10/026/43/201000,10,Vertical sounding sequences (satellite data),310026,"Satellite identifier, instrument and product type",,201000,Change data width,Cancel,,,Operational
bufr4/3/10/026/44/008023,10,Vertical sounding sequences (satellite data),310026,"Satellite identifier, instrument and product type",,008023,First-order statistics,Set to missing,,,Operational
bufr4/3/10/026/45/033007,10,Vertical sounding sequences (satellite data),310026,"Satellite identifier, instrument and product type",,033007,Per cent confidence I.2 – BUFR Table D/10 — 11,All data for current replication,,,Operational
bufr4/3/10/026/1/108000,10,Vertical sounding sequences (satellite data),310026,Delayed replication of 8 descriptors,,108000,Delayed replication of 8 descriptors,,,,Operational
bufr4/3/10/026/2/031002,10,Vertical sounding sequences (satellite data),310026,Delayed replication of 8 descriptors,,031002,Extended delayed descriptor replication factor,,,,Operational
bufr4/3/10/026/3/007007,10,Vertical sounding sequences (satellite data),310026,Delayed replication of 8 descriptors,,007007,Height,,,,Operational
bufr4/3/10/026/4/015036,10,Vertical sounding sequences (satellite data),310026,Delayed replication of 8 descriptors,,015036,Atmospheric refractivity,,,,Operational
bufr4/3/10/026/5/008023,10,Vertical sounding sequences (satellite data),310026,Delayed replication of 8 descriptors,,008023,First-order statistics,= 13 Root-mean-square,,,Operational
bufr4/3/10/026/6/201123,10,Vertical sounding sequences (satellite data),310026,Delayed replication of 8 descriptors,,201123,Change data width,14 bits long,,,Operational
bufr4/3/10/026/7/015036,10,Vertical sounding sequences (satellite data),310026,Delayed replication of 8 descriptors,,015036,Atmospheric refractivity,,,,Operational
bufr4/3/10/026/8/201000,10,Vertical sounding sequences (satellite data),310026,Delayed replication of 8 descriptors,,201000,Change data width,Cancel,,,Operational
bufr4/3/10/026/9/008023,10,Vertical sounding sequences (satellite data),310026,Delayed replication of 8 descriptors,,008023,First-order statistics,Set to missing,,,Operational
bufr4/3/10/026/10/033007,10,Vertical sounding sequences (satellite data),310026,Delayed replication of 8 descriptors,,033007,Per cent confidence,All data for current height,,,Operational
bufr4/3/10/026/11/116000,10,Vertical sounding sequences (satellite data),310026,Delayed replication of 8 descriptors,,116000,Delayed replication of 16 descriptors,,,,Operational
bufr4/3/10/026/12/031002,10,Vertical sounding sequences (satellite data),310026,Delayed replication of 8 descriptors,,031002,Extended delayed descriptor replication factor,,,,Operational
bufr4/3/10/026/13/007009,10,Vertical sounding sequences (satellite data),310026,Delayed replication of 8 descriptors,,007009,Geopotential height,,,,Operational
bufr4/3/10/026/14/010004,10,Vertical sounding sequences (satellite data),310026,Delayed replication of 8 descriptors,,010004,Pressure,,,,Operational
bufr4/3/10/026/15/012001,10,Vertical sounding sequences (satellite data),310026,Delayed replication of 8 descriptors,,012001,Temperature/air temperature,,,,Operational
bufr4/3/10/026/16/013001,10,Vertical sounding sequences (satellite data),310026,Delayed replication of 8 descriptors,,013001,Specific humidity,,,,Operational
bufr4/3/10/026/17/008023,10,Vertical sounding sequences (satellite data),310026,Delayed replication of 8 descriptors,,008023,First-order statistics,= 13 Root-mean-square,,,Operational
bufr4/3/10/026/18/201120,10,Vertical sounding sequences (satellite data),310026,Delayed replication of 8 descriptors,,201120,Change data width,6 bits long,,,Operational
bufr4/3/10/026/19/010004,10,Vertical sounding sequences (satellite data),310026,Delayed replication of 8 descriptors,,010004,Pressure,,,,Operational
bufr4/3/10/026/20/201000,10,Vertical sounding sequences (satellite data),310026,Delayed replication of 8 descriptors,,201000,Change data width,Cancel,,,Operational
bufr4/3/10/026/21/201122,10,Vertical sounding sequences (satellite data),310026,Delayed replication of 8 descriptors,,201122,Change data width,6 bits long,,,Operational
bufr4/3/10/026/22/012001,10,Vertical sounding sequences (satellite data),310026,Delayed replication of 8 descriptors,,012001,Temperature/air temperature,,,,Operational
bufr4/3/10/026/23/201000,10,Vertical sounding sequences (satellite data),310026,Delayed replication of 8 descriptors,,201000,Change data width,Cancel,,,Operational
bufr4/3/10/026/24/201123,10,Vertical sounding sequences (satellite data),310026,Delayed replication of 8 descriptors,,201123,Change data width,9 bits long,,,Operational
bufr4/3/10/026/25/013001,10,Vertical sounding sequences (satellite data),310026,Delayed replication of 8 descriptors,,013001,Specific humidity,,,,Operational
bufr4/3/10/026/26/201000,10,Vertical sounding sequences (satellite data),310026,Delayed replication of 8 descriptors,,201000,Change data width,Cancel,,,Operational
bufr4/3/10/026/27/008023,10,Vertical sounding sequences (satellite data),310026,Delayed replication of 8 descriptors,,008023,First-order statistics,Set to missing,,,Operational
bufr4/3/10/026/28/033007,10,Vertical sounding sequences (satellite data),310026,Delayed replication of 8 descriptors,,033007,Per cent confidence,All data for current height,,,Operational
bufr4/3/10/026/29/008003,10,Vertical sounding sequences (satellite data),310026,Delayed replication of 8 descriptors,,008003,Vertical significance (satellite observations),= 0 Surface,,,Operational
bufr4/3/10/026/30/007009,10,Vertical sounding sequences (satellite data),310026,Delayed replication of 8 descriptors,,007009,Geopotential height,,,,Operational
bufr4/3/10/026/31/010004,10,Vertical sounding sequences (satellite data),310026,Delayed replication of 8 descriptors,,010004,Pressure,,,,Operational
bufr4/3/10/026/32/008023,10,Vertical sounding sequences (satellite data),310026,Delayed replication of 8 descriptors,,008023,First-order statistics,= 13 Root-mean-square,,,Operational
bufr4/3/10/026/33/201120,10,Vertical sounding sequences (satellite data),310026,Delayed replication of 8 descriptors,,201120,Change data width,6 bits long,,,Operational
bufr4/3/10/026/34/010004,10,Vertical sounding sequences (satellite data),310026,Delayed replication of 8 descriptors,,010004,Pressure,,,,Operational
bufr4/3/10/026/35/201000,10,Vertical sounding sequences (satellite data),310026,Delayed replication of 8 descriptors,,201000,Change data width,Cancel,,,Operational
bufr4/3/10/026/36/008023,10,Vertical sounding sequences (satellite data),310026,Delayed replication of 8 descriptors,,008023,First-order statistics,Set to missing,,,Operational
bufr4/3/10/026/37/033007,10,Vertical sounding sequences (satellite data),310026,Delayed replication of 8 descriptors,,033007,Per cent confidence (All sky radiance product main sequence),Surface data,,,Operational
bufr4/3/10/027/1/301071,10,Vertical sounding sequences (satellite data),310027,Satellite identifier/Generating resolution,,301071,Satellite identifier/Generating resolution,Product information,,,Operational
bufr4/3/10/027/2/301011,10,Vertical sounding sequences (satellite data),310027,Satellite identifier/Generating resolution,,301011,"Year, month, day",,,,Operational
bufr4/3/10/027/3/301013,10,Vertical sounding sequences (satellite data),310027,Satellite identifier/Generating resolution,,301013,"Hour, minute, second",,,,Operational
bufr4/3/10/027/4/301021,10,Vertical sounding sequences (satellite data),310027,Satellite identifier/Generating resolution,,301021,Latitude/longitude (high accuracy),,,,Operational
bufr4/3/10/027/5/030021,10,Vertical sounding sequences (satellite data),310027,Satellite identifier/Generating resolution,,030021,Number of pixels per row,,,,Operational
bufr4/3/10/027/6/030022,10,Vertical sounding sequences (satellite data),310027,Satellite identifier/Generating resolution,,030022,Number of pixels per column,,,,Operational
bufr4/3/10/027/1/010002,10,Vertical sounding sequences (satellite data),310027,Height,,010002,Height,Orbit height,,,Operational
bufr4/3/10/027/2/304036,10,Vertical sounding sequences (satellite data),310027,Height,,304036,Cloud coverage,,,,Operational
bufr4/3/10/027/3/002152,10,Vertical sounding sequences (satellite data),310027,Height,,002152,Satellite instrument used in data processing,,,,Operational
bufr4/3/10/027/4/002167,10,Vertical sounding sequences (satellite data),310027,Height,,002167,Radiance computational method,,,,Operational
bufr4/3/10/027/5/101011,10,Vertical sounding sequences (satellite data),310027,Height,,101011,Replicate 1 descriptor 11 times,,,,Operational
bufr4/3/10/027/6/304035,10,Vertical sounding sequences (satellite data),310027,Height,,304035,All sky radiance data (All sky radiance product main sequence),,,,Operational
bufr4/3/10/028/1/301071,10,Vertical sounding sequences (satellite data),310028,Satellite identifier/Generating resolution,,301071,Satellite identifier/Generating resolution,Product information,,,Operational
bufr4/3/10/028/2/301011,10,Vertical sounding sequences (satellite data),310028,Satellite identifier/Generating resolution,,301011,"Year, month, day",,,,Operational
bufr4/3/10/028/3/301013,10,Vertical sounding sequences (satellite data),310028,Satellite identifier/Generating resolution,,301013,"Hour, minute, second",,,,Operational
bufr4/3/10/028/4/301021,10,Vertical sounding sequences (satellite data),310028,Satellite identifier/Generating resolution,,301021,Latitude/longitude (high accuracy),,,,Operational
bufr4/3/10/028/5/030021,10,Vertical sounding sequences (satellite data),310028,Satellite identifier/Generating resolution,,030021,Number of pixels per row,,,,Operational
bufr4/3/10/028/6/030022,10,Vertical sounding sequences (satellite data),310028,Satellite identifier/Generating resolution,,030022,Number of pixels per column,,,,Operational
bufr4/3/10/028/7/010002,10,Vertical sounding sequences (satellite data),310028,Satellite identifier/Generating resolution,,010002,Height,Orbit height,,,Operational
bufr4/3/10/028/8/304036,10,Vertical sounding sequences (satellite data),310028,Satellite identifier/Generating resolution,,304036,Cloud coverage,,,,Operational
bufr4/3/10/028/9/002152,10,Vertical sounding sequences (satellite data),310028,Satellite identifier/Generating resolution,,002152,Satellite instrument used in data processing,,,,Operational
bufr4/3/10/028/10/002167,10,Vertical sounding sequences (satellite data),310028,Satellite identifier/Generating resolution,,002167,Radiance computational method,,,,Operational
bufr4/3/10/028/11/101011,10,Vertical sounding sequences (satellite data),310028,Satellite identifier/Generating resolution,,101011,Replicate 1 descriptor 11 times,,,,Operational
bufr4/3/10/028/12/304037,10,Vertical sounding sequences (satellite data),310028,Satellite identifier/Generating resolution,,304037,"All sky radiance data (Layer, ozone, height, temperature and water vapour)",,,,Operational
bufr4/3/10/029/1/110000,10,Vertical sounding sequences (satellite data),310029,Delayed replication of 10 descriptors,,110000,Delayed replication of 10 descriptors,,,,Operational
bufr4/3/10/029/2/031001,10,Vertical sounding sequences (satellite data),310029,Delayed replication of 10 descriptors,,031001,Delayed descriptor replication factor,,,,Operational
bufr4/3/10/029/3/201138,10,Vertical sounding sequences (satellite data),310029,Delayed replication of 10 descriptors,,201138,Change data width,,,,Operational
bufr4/3/10/029/4/202130,10,Vertical sounding sequences (satellite data),310029,Delayed replication of 10 descriptors,,202130,Change scale,,,,Operational
bufr4/3/10/029/5/007004,10,Vertical sounding sequences (satellite data),310029,Delayed replication of 10 descriptors,,007004,Pressure,,,,Operational
bufr4/3/10/029/6/007004,10,Vertical sounding sequences (satellite data),310029,Delayed replication of 10 descriptors,,007004,Pressure,,,,Operational
bufr4/3/10/029/7/202000,10,Vertical sounding sequences (satellite data),310029,Delayed replication of 10 descriptors,,202000,Change scale,Cancel,,,Operational
bufr4/3/10/029/8/201000,10,Vertical sounding sequences (satellite data),310029,Delayed replication of 10 descriptors,,201000,Change data width,Cancel,,,Operational
bufr4/3/10/029/9/015020,10,Vertical sounding sequences (satellite data),310029,Delayed replication of 10 descriptors,,015020,Integrated ozone density,,,,Operational
bufr4/3/10/029/10/010002,10,Vertical sounding sequences (satellite data),310029,Delayed replication of 10 descriptors,,010002,Height,,,,Operational
bufr4/3/10/029/11/012101,10,Vertical sounding sequences (satellite data),310029,Delayed replication of 10 descriptors,,012101,Temperature/air temperature,,,,Operational
bufr4/3/10/029/12/013098,10,Vertical sounding sequences (satellite data),310029,Delayed replication of 10 descriptors,,013098,Integrated water vapour density (MIPAS or GOMOS instruments reporting),,,,Operational
bufr4/3/10/030/1/310022,10,Vertical sounding sequences (satellite data),310030,"Satellite identifier, instrument and product type",,310022,"Satellite identifier, instrument and product type",,,,Operational
bufr4/3/10/030/2/301011,10,Vertical sounding sequences (satellite data),310030,"Satellite identifier, instrument and product type",,301011,"Year, month, day",,,,Operational
bufr4/3/10/030/3/301013,10,Vertical sounding sequences (satellite data),310030,"Satellite identifier, instrument and product type",,301013,"Hour, minute, second",,,,Operational
bufr4/3/10/030/4/301021,10,Vertical sounding sequences (satellite data),310030,"Satellite identifier, instrument and product type",,301021,Latitude/longitude (high accuracy),,,,Operational
bufr4/3/10/030/5/304034,10,Vertical sounding sequences (satellite data),310030,"Satellite identifier, instrument and product type",,304034,"Latitude/longitude, solar elevation, number of layers",,,,Operational
bufr4/3/10/030/6/310029,10,Vertical sounding sequences (satellite data),310030,"Satellite identifier, instrument and product type",,310029,"Layer, ozone, height, temperature and water vapour (Satellite collocated 1C reports with 3 instruments)",,,,Operational
bufr4/3/10/050/1/310051,10,Vertical sounding sequences (satellite data),310050,Satellite position and instrument temperatures,,310051,Satellite position and instrument temperatures,,,,Operational
bufr4/3/10/050/2/310052,10,Vertical sounding sequences (satellite data),310050,Satellite position and instrument temperatures,,310052,Satellite instrument type and position,AIRS,,,Operational
bufr4/3/10/050/3/101000,10,Vertical sounding sequences (satellite data),310050,Satellite position and instrument temperatures,,101000,Delayed replication of 1 descriptor,,,,Operational
bufr4/3/10/050/4/031002,10,Vertical sounding sequences (satellite data),310050,Satellite position and instrument temperatures,,031002,Extended delayed descriptor replication factor I.2 – BUFR Table D/10 — 13,,,,Operational
bufr4/3/10/050/1/310053,10,Vertical sounding sequences (satellite data),310050,Satellite channels and brightness temperatures with expanded channel set,,310053,Satellite channels and brightness temperatures with expanded channel set,AIRS,,,Operational
bufr4/3/10/050/2/101004,10,Vertical sounding sequences (satellite data),310050,Satellite channels and brightness temperatures with expanded channel set,,101004,Replicate 1 descriptor 4 times,,,,Operational
bufr4/3/10/050/3/310054,10,Vertical sounding sequences (satellite data),310050,Satellite channels and brightness temperatures with expanded channel set,,310054,Satellite visible channels and albedos with expanded channel set,,,,Operational
bufr4/3/10/050/4/020010,10,Vertical sounding sequences (satellite data),310050,Satellite channels and brightness temperatures with expanded channel set,,020010,Cloud cover (total),,,,Operational
bufr4/3/10/050/5/310052,10,Vertical sounding sequences (satellite data),310050,Satellite channels and brightness temperatures with expanded channel set,,310052,Satellite instrument type and position,AMSU-A,,,Operational
bufr4/3/10/050/6/101015,10,Vertical sounding sequences (satellite data),310050,Satellite channels and brightness temperatures with expanded channel set,,101015,Replicate 1 descriptor 15 times,,,,Operational
bufr4/3/10/050/7/310053,10,Vertical sounding sequences (satellite data),310050,Satellite channels and brightness temperatures with expanded channel set,,310053,Satellite channels and brightness temperatures with expanded channel set,AMSU-A,,,Operational
bufr4/3/10/050/8/310052,10,Vertical sounding sequences (satellite data),310050,Satellite channels and brightness temperatures with expanded channel set,,310052,Satellite instrument type and position,HSB,,,Operational
bufr4/3/10/050/9/101005,10,Vertical sounding sequences (satellite data),310050,Satellite channels and brightness temperatures with expanded channel set,,101005,Replicate 1 descriptor 5 times,,,,Operational
bufr4/3/10/050/10/310053,10,Vertical sounding sequences (satellite data),310050,Satellite channels and brightness temperatures with expanded channel set,,310053,Satellite channels and brightness temperatures with expanded channel set (Satellite position and instrument temperatures),HSB,,,Operational
bufr4/3/10/051/1/001007,10,Vertical sounding sequences (satellite data),310051,Satellite identifier,,001007,Satellite identifier,,,,Operational
bufr4/3/10/051/2/005040,10,Vertical sounding sequences (satellite data),310051,Satellite identifier,,005040,Orbit number,,,,Operational
bufr4/3/10/051/3/201133,10,Vertical sounding sequences (satellite data),310051,Satellite identifier,,201133,Change data width,,,,Operational
bufr4/3/10/051/4/005041,10,Vertical sounding sequences (satellite data),310051,Satellite identifier,,005041,Scan line number,,,,Operational
bufr4/3/10/051/5/201000,10,Vertical sounding sequences (satellite data),310051,Satellite identifier,,201000,Change data width,Cancel,,,Operational
bufr4/3/10/051/6/201132,10,Vertical sounding sequences (satellite data),310051,Satellite identifier,,201132,Change data width,,,,Operational
bufr4/3/10/051/7/025070,10,Vertical sounding sequences (satellite data),310051,Satellite identifier,,025070,Major frame count,,,,Operational
bufr4/3/10/051/8/201000,10,Vertical sounding sequences (satellite data),310051,Satellite identifier,,201000,Change data width,Cancel,,,Operational
bufr4/3/10/051/9/202126,10,Vertical sounding sequences (satellite data),310051,Satellite identifier,,202126,Change scale,,,,Operational
bufr4/3/10/051/10/007001,10,Vertical sounding sequences (satellite data),310051,Satellite identifier,,007001,Height of station,,,,Operational
bufr4/3/10/051/11/202000,10,Vertical sounding sequences (satellite data),310051,Satellite identifier,,202000,Change scale,Cancel,,,Operational
bufr4/3/10/051/12/007025,10,Vertical sounding sequences (satellite data),310051,Satellite identifier,,007025,Solar zenith angle,,,,Operational
bufr4/3/10/051/13/005022,10,Vertical sounding sequences (satellite data),310051,Satellite identifier,,005022,Solar azimuth,,,,Operational
bufr4/3/10/051/14/102009,10,Vertical sounding sequences (satellite data),310051,Satellite identifier,,102009,Replicate 2 descriptors 9 times,,,,Operational
bufr4/3/10/051/15/002151,10,Vertical sounding sequences (satellite data),310051,Satellite identifier,,002151,Radiometer identifier,,,,Operational
bufr4/3/10/051/16/012064,10,Vertical sounding sequences (satellite data),310051,Satellite identifier,,012064,Instrument temperature (Satellite instrument type and position),,,,Operational
bufr4/3/10/052/1/002019,10,Vertical sounding sequences (satellite data),310052,Satellite instruments,,002019,Satellite instruments,,,,Operational
bufr4/3/10/052/2/301011,10,Vertical sounding sequences (satellite data),310052,Satellite instruments,,301011,"Year, month, day",,,,Operational
bufr4/3/10/052/3/301012,10,Vertical sounding sequences (satellite data),310052,Satellite instruments,,301012,"Hour, minute",,,,Operational
bufr4/3/10/052/4/202131,10,Vertical sounding sequences (satellite data),310052,Satellite instruments,,202131,Change scale,,,,Operational
bufr4/3/10/052/5/201138,10,Vertical sounding sequences (satellite data),310052,Satellite instruments,,201138,Change data width,,,,Operational
bufr4/3/10/052/6/004006,10,Vertical sounding sequences (satellite data),310052,Satellite instruments,,004006,Second,,,,Operational
bufr4/3/10/052/7/201000,10,Vertical sounding sequences (satellite data),310052,Satellite instruments,,201000,Change data width,Cancel,,,Operational
bufr4/3/10/052/8/202000,10,Vertical sounding sequences (satellite data),310052,Satellite instruments,,202000,Change scale,Cancel,,,Operational
bufr4/3/10/052/9/301021,10,Vertical sounding sequences (satellite data),310052,Satellite instruments,,301021,Latitude/longitude (high accuracy),,,,Operational
bufr4/3/10/052/10/007024,10,Vertical sounding sequences (satellite data),310052,Satellite instruments,,007024,Satellite zenith angle,,,,Operational
bufr4/3/10/052/11/005021,10,Vertical sounding sequences (satellite data),310052,Satellite instruments,,005021,Bearing or azimuth,,,,Operational
bufr4/3/10/052/12/005043,10,Vertical sounding sequences (satellite data),310052,Satellite instruments,,005043,Field of view number,,,,Operational
bufr4/3/10/053/1/201134,10,Vertical sounding sequences (satellite data),310053,Change data width,,201134,Change data width,,,,Operational
bufr4/3/10/053/2/005042,10,Vertical sounding sequences (satellite data),310053,Change data width,,005042,Channel number,,,,Operational
bufr4/3/10/053/3/201000,10,Vertical sounding sequences (satellite data),310053,Change data width,,201000,Change data width,Cancel,,,Operational
bufr4/3/10/053/4/025076,10,Vertical sounding sequences (satellite data),310053,Change data width,,025076,Log of (temperature-radiance central wave number) 10 for ATOVS,,,,Operational
bufr4/3/10/053/5/033032,10,Vertical sounding sequences (satellite data),310053,Change data width,,033032,Channel quality flags for ATOVS,,,,Operational
bufr4/3/10/053/6/012163,10,Vertical sounding sequences (satellite data),310053,Change data width,,012163,Brightness temperature (Satellite visible channels and albedos with expanded channel set),Scale: 2,,,Operational
bufr4/3/10/054/1/201134,10,Vertical sounding sequences (satellite data),310054,Change data width,,201134,Change data width,,,,Operational
bufr4/3/10/054/2/005042,10,Vertical sounding sequences (satellite data),310054,Change data width,,005042,Channel number,,,,Operational
bufr4/3/10/054/3/201000,10,Vertical sounding sequences (satellite data),310054,Change data width,,201000,Change data width,Cancel,,,Operational
bufr4/3/10/054/4/025076,10,Vertical sounding sequences (satellite data),310054,Change data width,,025076,Log of (temperature-radiance central wave number) 10 for ATOVS,,,,Operational
bufr4/3/10/054/5/033032,10,Vertical sounding sequences (satellite data),310054,Change data width,,033032,Channel quality flags for ATOVS,,,,Operational
bufr4/3/10/054/6/201131,10,Vertical sounding sequences (satellite data),310054,Change data width,,201131,Change data width,,,,Operational
bufr4/3/10/054/7/202129,10,Vertical sounding sequences (satellite data),310054,Change data width,,202129,Change scale,,,,Operational
bufr4/3/10/054/8/102002,10,Vertical sounding sequences (satellite data),310054,Change data width,,102002,Replicate 2 descriptors 2 times,,,,Operational
bufr4/3/10/054/9/008023,10,Vertical sounding sequences (satellite data),310054,Change data width,,008023,First-order statistics,,,,Operational
bufr4/3/10/054/10/014027,10,Vertical sounding sequences (satellite data),310054,Change data width,,014027,Albedo,,,,Operational
bufr4/3/10/054/11/008023,10,Vertical sounding sequences (satellite data),310054,Change data width,,008023,First-order statistics,,,,Operational
bufr4/3/10/054/12/202000,10,Vertical sounding sequences (satellite data),310054,Change data width,,202000,Change scale,Cancel,,,Operational
bufr4/3/10/054/13/201000,10,Vertical sounding sequences (satellite data),310054,Change data width,,201000,Change data width (Satellite radiance/channel principal components),Cancel,,,Operational
bufr4/3/10/055/1/310051,10,Vertical sounding sequences (satellite data),310055,Satellite position and instrument temperatures,,310051,Satellite position and instrument temperatures,,,,Operational
bufr4/3/10/055/2/310052,10,Vertical sounding sequences (satellite data),310055,Satellite position and instrument temperatures,,310052,Satellite instrument type and position,AIRS,,,Operational
bufr4/3/10/055/3/102020,10,Vertical sounding sequences (satellite data),310055,Satellite position and instrument temperatures,,102020,Replicate 2 descriptors 20 times,,,,Operational
bufr4/3/10/055/4/025076,10,Vertical sounding sequences (satellite data),310055,Satellite position and instrument temperatures,,025076,Log of (temperature-radiance central wave number) 10 for ATOVS,,,,Operational
bufr4/3/10/055/5/025052,10,Vertical sounding sequences (satellite data),310055,Satellite position and instrument temperatures,,025052,Log of principal components normalized fit to data 10,,,,Operational
bufr4/3/10/055/6/101000,10,Vertical sounding sequences (satellite data),310055,Satellite position and instrument temperatures,,101000,Delayed replication of 1 descriptor,,,,Operational
bufr4/3/10/055/7/031002,10,Vertical sounding sequences (satellite data),310055,Satellite position and instrument temperatures,,031002,Extended delayed descriptor replication factor,,,,Operational
bufr4/3/10/055/8/025050,10,Vertical sounding sequences (satellite data),310055,Satellite position and instrument temperatures,,025050,Principal component score (CrIS (Cross-Track Infrared Sounder) radiance data),Satellite radiance,,,Operational
bufr4/3/10/060/1/001007,10,Vertical sounding sequences (satellite data),310060,Satellite identifier,,001007,Satellite identifier,,,,Operational
bufr4/3/10/060/2/001033,10,Vertical sounding sequences (satellite data),310060,Satellite identifier,,001033,Identification of originating/generating centre,,,,Operational
bufr4/3/10/060/3/002019,10,Vertical sounding sequences (satellite data),310060,Satellite identifier,,002019,Satellite instruments,,,,Operational
bufr4/3/10/060/4/002020,10,Vertical sounding sequences (satellite data),310060,Satellite identifier,,002020,Satellite classification,,,,Operational
bufr4/3/10/060/5/301011,10,Vertical sounding sequences (satellite data),310060,Satellite identifier,,301011,"Year, month, day",,,,Operational
bufr4/3/10/060/6/301012,10,Vertical sounding sequences (satellite data),310060,Satellite identifier,,301012,"Hour, minute",,,,Operational
bufr4/3/10/060/7/207003,10,Vertical sounding sequences (satellite data),310060,Satellite identifier,,207003,"Increase scale, reference value and data width",,,,Operational
bufr4/3/10/060/8/004006,10,Vertical sounding sequences (satellite data),310060,Satellite identifier,,004006,Second,,,,Operational
bufr4/3/10/060/9/207000,10,Vertical sounding sequences (satellite data),310060,Satellite identifier,,207000,"Increase scale, reference value and data width",Cancel,,,Operational
bufr4/3/10/060/10/304030,10,Vertical sounding sequences (satellite data),310060,Satellite identifier,,304030,Location of platform I.2 – BUFR Table D/10 — 15,,,,Operational
bufr4/3/10/060/1/301021,10,Vertical sounding sequences (satellite data),310060,Latitude/longitude (high accuracy),,301021,Latitude/longitude (high accuracy),,,,Operational
bufr4/3/10/060/2/007024,10,Vertical sounding sequences (satellite data),310060,Latitude/longitude (high accuracy),,007024,Satellite zenith angle,,,,Operational
bufr4/3/10/060/3/005021,10,Vertical sounding sequences (satellite data),310060,Latitude/longitude (high accuracy),,005021,Bearing or azimuth,,,,Operational
bufr4/3/10/060/4/007025,10,Vertical sounding sequences (satellite data),310060,Latitude/longitude (high accuracy),,007025,Solar zenith angle,,,,Operational
bufr4/3/10/060/5/005022,10,Vertical sounding sequences (satellite data),310060,Latitude/longitude (high accuracy),,005022,Solar azimuth,,,,Operational
bufr4/3/10/060/6/008075,10,Vertical sounding sequences (satellite data),310060,Latitude/longitude (high accuracy),,008075,Ascending/descending orbit qualifier,,,,Operational
bufr4/3/10/060/7/201133,10,Vertical sounding sequences (satellite data),310060,Latitude/longitude (high accuracy),,201133,Change data width,Increase bit width,,,Operational
bufr4/3/10/060/8/005041,10,Vertical sounding sequences (satellite data),310060,Latitude/longitude (high accuracy),,005041,Scan line number,,,,Operational
bufr4/3/10/060/9/201000,10,Vertical sounding sequences (satellite data),310060,Latitude/longitude (high accuracy),,201000,Change data width,Cancel increase bit width,,,Operational
bufr4/3/10/060/10/005045,10,Vertical sounding sequences (satellite data),310060,Latitude/longitude (high accuracy),,005045,Field of regard number,,,,Operational
bufr4/3/10/060/11/005043,10,Vertical sounding sequences (satellite data),310060,Latitude/longitude (high accuracy),,005043,Field of view number,,,,Operational
bufr4/3/10/060/12/005040,10,Vertical sounding sequences (satellite data),310060,Latitude/longitude (high accuracy),,005040,Orbit number,,,,Operational
bufr4/3/10/060/13/010001,10,Vertical sounding sequences (satellite data),310060,Latitude/longitude (high accuracy),,010001,Height of land surface,,,,Operational
bufr4/3/10/060/14/201129,10,Vertical sounding sequences (satellite data),310060,Latitude/longitude (high accuracy),,201129,Change data width,Increase bit width,,,Operational
bufr4/3/10/060/15/007002,10,Vertical sounding sequences (satellite data),310060,Latitude/longitude (high accuracy),,007002,Height or altitude,,,,Operational
bufr4/3/10/060/16/201000,10,Vertical sounding sequences (satellite data),310060,Latitude/longitude (high accuracy),,201000,Change data width,Cancel increase bit width,,,Operational
bufr4/3/10/060/17/202127,10,Vertical sounding sequences (satellite data),310060,Latitude/longitude (high accuracy),,202127,Change scale,Increase scale,,,Operational
bufr4/3/10/060/18/201125,10,Vertical sounding sequences (satellite data),310060,Latitude/longitude (high accuracy),,201125,Change data width,Increase bit width,,,Operational
bufr4/3/10/060/19/021166,10,Vertical sounding sequences (satellite data),310060,Latitude/longitude (high accuracy),,021166,Land fraction,,,,Operational
bufr4/3/10/060/20/201000,10,Vertical sounding sequences (satellite data),310060,Latitude/longitude (high accuracy),,201000,Change data width,Cancel increase bit width,,,Operational
bufr4/3/10/060/21/202000,10,Vertical sounding sequences (satellite data),310060,Latitude/longitude (high accuracy),,202000,Change scale,Cancel increase scale,,,Operational
bufr4/3/10/060/22/008012,10,Vertical sounding sequences (satellite data),310060,Latitude/longitude (high accuracy),,008012,Land/sea qualifier,,,,Operational
bufr4/3/10/060/23/020010,10,Vertical sounding sequences (satellite data),310060,Latitude/longitude (high accuracy),,020010,Cloud cover (total),,,,Operational
bufr4/3/10/060/24/020014,10,Vertical sounding sequences (satellite data),310060,Latitude/longitude (high accuracy),,020014,Height of top of cloud,,,,Operational
bufr4/3/10/060/25/002165,10,Vertical sounding sequences (satellite data),310060,Latitude/longitude (high accuracy),,002165,Radiance type flags,,,,Operational
bufr4/3/10/060/26/033075,10,Vertical sounding sequences (satellite data),310060,Latitude/longitude (high accuracy),,033075,Scan-level quality flags,,,,Operational
bufr4/3/10/060/27/107003,10,Vertical sounding sequences (satellite data),310060,Latitude/longitude (high accuracy),,107003,Replicate 7 descriptors 3 times,,,,Operational
bufr4/3/10/060/28/008076,10,Vertical sounding sequences (satellite data),310060,Latitude/longitude (high accuracy),,008076,Type of band,,,,Operational
bufr4/3/10/060/29/006029,10,Vertical sounding sequences (satellite data),310060,Latitude/longitude (high accuracy),,006029,Wave number,Start of range,,,Operational
bufr4/3/10/060/30/006029,10,Vertical sounding sequences (satellite data),310060,Latitude/longitude (high accuracy),,006029,Wave number,End of range,,,Operational
bufr4/3/10/060/31/025140,10,Vertical sounding sequences (satellite data),310060,Latitude/longitude (high accuracy),,025140,Start channel,,,,Operational
bufr4/3/10/060/32/025141,10,Vertical sounding sequences (satellite data),310060,Latitude/longitude (high accuracy),,025141,End channel,,,,Operational
bufr4/3/10/060/33/033076,10,Vertical sounding sequences (satellite data),310060,Latitude/longitude (high accuracy),,033076,Calibration quality flags,,,,Operational
bufr4/3/10/060/34/033077,10,Vertical sounding sequences (satellite data),310060,Latitude/longitude (high accuracy),,033077,Field-of-view quality flags,,,,Operational
bufr4/3/10/060/35/008076,10,Vertical sounding sequences (satellite data),310060,Latitude/longitude (high accuracy),,008076,Type of band,Set to missing (cancel),,,Operational
bufr4/3/10/060/36/033078,10,Vertical sounding sequences (satellite data),310060,Latitude/longitude (high accuracy),,033078,Geolocation quality,,,,Operational
bufr4/3/10/060/37/033003,10,Vertical sounding sequences (satellite data),310060,Latitude/longitude (high accuracy),,033003,Quality information,,,,Operational
bufr4/3/10/060/38/104000,10,Vertical sounding sequences (satellite data),310060,Latitude/longitude (high accuracy),,104000,Delayed replication of 4 descriptors,,,,Operational
bufr4/3/10/060/39/031002,10,Vertical sounding sequences (satellite data),310060,Latitude/longitude (high accuracy),,031002,Extended delayed descriptor replication factor,,,,Operational
bufr4/3/10/060/40/201133,10,Vertical sounding sequences (satellite data),310060,Latitude/longitude (high accuracy),,201133,Change data width,Increase bit width,,,Operational
bufr4/3/10/060/41/005042,10,Vertical sounding sequences (satellite data),310060,Latitude/longitude (high accuracy),,005042,Channel number,,,,Operational
bufr4/3/10/060/42/201000,10,Vertical sounding sequences (satellite data),310060,Latitude/longitude (high accuracy),,201000,Change data width,Cancel increase bit width,,,Operational
bufr4/3/10/060/43/014044,10,Vertical sounding sequences (satellite data),310060,Latitude/longitude (high accuracy),,014044,Channel radiance,,,,Operational
bufr4/3/10/061/1/001007,10,Vertical sounding sequences (satellite data),310061,Satellite identifier,,001007,Satellite identifier,,,,Operational
bufr4/3/10/061/2/001033,10,Vertical sounding sequences (satellite data),310061,Satellite identifier,,001033,Identification of originating/generating centre,,,,Operational
bufr4/3/10/061/3/001034,10,Vertical sounding sequences (satellite data),310061,Satellite identifier,,001034,Identification of originating/generating sub-centre,,,,Operational
bufr4/3/10/061/4/002019,10,Vertical sounding sequences (satellite data),310061,Satellite identifier,,002019,Satellite instruments,,,,Operational
bufr4/3/10/061/5/002020,10,Vertical sounding sequences (satellite data),310061,Satellite identifier,,002020,Satellite classification,,,,Operational
bufr4/3/10/061/6/301011,10,Vertical sounding sequences (satellite data),310061,Satellite identifier,,301011,"Year, month, day",,,,Operational
bufr4/3/10/061/7/301012,10,Vertical sounding sequences (satellite data),310061,Satellite identifier,,301012,"Hour, minute",,,,Operational
bufr4/3/10/061/8/207003,10,Vertical sounding sequences (satellite data),310061,Satellite identifier,,207003,"Increase scale, reference value and data width",,,,Operational
bufr4/3/10/061/9/004006,10,Vertical sounding sequences (satellite data),310061,Satellite identifier,,004006,Second,,,,Operational
bufr4/3/10/061/10/207000,10,Vertical sounding sequences (satellite data),310061,Satellite identifier,,207000,"Increase scale, reference value and data width",Cancel,,,Operational
bufr4/3/10/061/11/005040,10,Vertical sounding sequences (satellite data),310061,Satellite identifier,,005040,Orbit number,,,,Operational
bufr4/3/10/061/12/005041,10,Vertical sounding sequences (satellite data),310061,Satellite identifier,,005041,Scan line number,,,,Operational
bufr4/3/10/061/13/005043,10,Vertical sounding sequences (satellite data),310061,Satellite identifier,,005043,Field of view number,,,,Operational
bufr4/3/10/061/14/033079,10,Vertical sounding sequences (satellite data),310061,Satellite identifier,,033079,Granule level quality flags,,,,Operational
bufr4/3/10/061/15/033080,10,Vertical sounding sequences (satellite data),310061,Satellite identifier,,033080,Scan level quality flags,,,,Operational
bufr4/3/10/061/16/033078,10,Vertical sounding sequences (satellite data),310061,Satellite identifier,,033078,Geolocation quality,,,,Operational
bufr4/3/10/061/17/301021,10,Vertical sounding sequences (satellite data),310061,Satellite identifier,,301021,Latitude/longitude (high accuracy),,,,Operational
bufr4/3/10/061/18/201129,10,Vertical sounding sequences (satellite data),310061,Satellite identifier,,201129,Change data width,Increase bit width,,,Operational
bufr4/3/10/061/19/007002,10,Vertical sounding sequences (satellite data),310061,Satellite identifier,,007002,Height or altitude,,,,Operational
bufr4/3/10/061/20/201000,10,Vertical sounding sequences (satellite data),310061,Satellite identifier,,201000,Change data width,Cancel increase bit width,,,Operational
bufr4/3/10/061/21/007024,10,Vertical sounding sequences (satellite data),310061,Satellite identifier,,007024,Satellite zenith angle,,,,Operational
bufr4/3/10/061/22/005021,10,Vertical sounding sequences (satellite data),310061,Satellite identifier,,005021,Bearing or azimuth,,,,Operational
bufr4/3/10/061/23/007025,10,Vertical sounding sequences (satellite data),310061,Satellite identifier,,007025,Solar zenith angle,,,,Operational
bufr4/3/10/061/24/005022,10,Vertical sounding sequences (satellite data),310061,Satellite identifier,,005022,Solar azimuth,,,,Operational
bufr4/3/10/061/25/025075,10,Vertical sounding sequences (satellite data),310061,Satellite identifier,,025075,Satellite antenna corrections version number,,,,Operational
bufr4/3/10/061/26/111000,10,Vertical sounding sequences (satellite data),310061,Satellite identifier,,111000,Delayed replication of 11 descriptors,,,,Operational
bufr4/3/10/061/27/031002,10,Vertical sounding sequences (satellite data),310061,Satellite identifier,,031002,Extended delayed descriptor replication factor,,,,Operational
bufr4/3/10/061/28/005042,10,Vertical sounding sequences (satellite data),310061,Satellite identifier,,005042,Channel number,,,,Operational
bufr4/3/10/061/29/202131,10,Vertical sounding sequences (satellite data),310061,Satellite identifier,,202131,Change scale,Increase scale by 3,,,Operational
bufr4/3/10/061/30/002153,10,Vertical sounding sequences (satellite data),310061,Satellite identifier,,002153,Satellite channel centre frequency,,,,Operational
bufr4/3/10/061/31/002154,10,Vertical sounding sequences (satellite data),310061,Satellite identifier,,002154,Satellite channel band width,,,,Operational
bufr4/3/10/061/32/202000,10,Vertical sounding sequences (satellite data),310061,Satellite identifier,,202000,Change scale,Cancel increase scale,,,Operational
bufr4/3/10/061/33/002104,10,Vertical sounding sequences (satellite data),310061,Satellite identifier,,002104,Antenna polarization,,,,Operational
bufr4/3/10/061/34/012066,10,Vertical sounding sequences (satellite data),310061,Satellite identifier,,012066,Antenna temperature,,,,Operational
bufr4/3/10/061/35/012163,10,Vertical sounding sequences (satellite data),310061,Satellite identifier,,012163,Brightness temperature,,,,Operational
bufr4/3/10/061/36/012158,10,Vertical sounding sequences (satellite data),310061,Satellite identifier,,012158,Noise-equivalent delta temperature while viewing cold target,,,,Operational
bufr4/3/10/061/37/012159,10,Vertical sounding sequences (satellite data),310061,Satellite identifier,,012159,Noise-equivalent delta temperature while viewing warm target,,,,Operational
bufr4/3/10/061/38/033081,10,Vertical sounding sequences (satellite data),310061,Satellite identifier,,033081,Channel data quality flags (VIIRS (Visible/Infrared Imager Radiometer Suite) data),,,,Operational
bufr4/3/10/062/1/001007,10,Vertical sounding sequences (satellite data),310062,Satellite identifier,,001007,Satellite identifier,,,,Operational
bufr4/3/10/062/2/001033,10,Vertical sounding sequences (satellite data),310062,Satellite identifier,,001033,Identification of originating/generating centre,,,,Operational
bufr4/3/10/062/3/001034,10,Vertical sounding sequences (satellite data),310062,Satellite identifier,,001034,Identification of originating/generating sub-centre,,,,Operational
bufr4/3/10/062/4/002019,10,Vertical sounding sequences (satellite data),310062,Satellite identifier,,002019,Satellite instruments I.2 – BUFR Table D/10 — 17,,,,Operational
bufr4/3/10/062/1/002020,10,Vertical sounding sequences (satellite data),310062,Satellite classification,,002020,Satellite classification,,,,Operational
bufr4/3/10/062/2/301011,10,Vertical sounding sequences (satellite data),310062,Satellite classification,,301011,"Year, month, day",,,,Operational
bufr4/3/10/062/3/301012,10,Vertical sounding sequences (satellite data),310062,Satellite classification,,301012,"Hour, minute",,,,Operational
bufr4/3/10/062/4/207003,10,Vertical sounding sequences (satellite data),310062,Satellite classification,,207003,"Increase scale, reference value and data width",,,,Operational
bufr4/3/10/062/5/004006,10,Vertical sounding sequences (satellite data),310062,Satellite classification,,004006,Second,,,,Operational
bufr4/3/10/062/6/207000,10,Vertical sounding sequences (satellite data),310062,Satellite classification,,207000,"Increase scale, reference value and data width",Cancel,,,Operational
bufr4/3/10/062/7/005040,10,Vertical sounding sequences (satellite data),310062,Satellite classification,,005040,Orbit number,,,,Operational
bufr4/3/10/062/8/201133,10,Vertical sounding sequences (satellite data),310062,Satellite classification,,201133,Change data width,Increase bit width,,,Operational
bufr4/3/10/062/9/005041,10,Vertical sounding sequences (satellite data),310062,Satellite classification,,005041,Scan line number,,,,Operational
bufr4/3/10/062/10/005043,10,Vertical sounding sequences (satellite data),310062,Satellite classification,,005043,Field of view number,,,,Operational
bufr4/3/10/062/11/201000,10,Vertical sounding sequences (satellite data),310062,Satellite classification,,201000,Change data width,Cancel increase bit width,,,Operational
bufr4/3/10/062/12/008076,10,Vertical sounding sequences (satellite data),310062,Satellite classification,,008076,Type of band,,,,Operational
bufr4/3/10/062/13/033082,10,Vertical sounding sequences (satellite data),310062,Satellite classification,,033082,Geolocation quality flags,,,,Operational
bufr4/3/10/062/14/301021,10,Vertical sounding sequences (satellite data),310062,Satellite classification,,301021,Latitude/longitude (high accuracy),,,,Operational
bufr4/3/10/062/15/201129,10,Vertical sounding sequences (satellite data),310062,Satellite classification,,201129,Change data width,Increase bit width,,,Operational
bufr4/3/10/062/16/007002,10,Vertical sounding sequences (satellite data),310062,Satellite classification,,007002,Height or altitude,,,,Operational
bufr4/3/10/062/17/201000,10,Vertical sounding sequences (satellite data),310062,Satellite classification,,201000,Change data width,Cancel increase bit width,,,Operational
bufr4/3/10/062/18/007024,10,Vertical sounding sequences (satellite data),310062,Satellite classification,,007024,Satellite zenith angle,,,,Operational
bufr4/3/10/062/19/005021,10,Vertical sounding sequences (satellite data),310062,Satellite classification,,005021,Bearing or azimuth,,,,Operational
bufr4/3/10/062/20/007025,10,Vertical sounding sequences (satellite data),310062,Satellite classification,,007025,Solar zenith angle,,,,Operational
bufr4/3/10/062/21/005022,10,Vertical sounding sequences (satellite data),310062,Satellite classification,,005022,Solar azimuth,,,,Operational
bufr4/3/10/062/22/008072,10,Vertical sounding sequences (satellite data),310062,Satellite classification,,008072,Pixel(s) type,,,,Operational
bufr4/3/10/062/23/008029,10,Vertical sounding sequences (satellite data),310062,Satellite classification,,008029,Surface type,,,,Operational
bufr4/3/10/062/24/105000,10,Vertical sounding sequences (satellite data),310062,Satellite classification,,105000,Delayed replication of 5 descriptors,,,,Operational
bufr4/3/10/062/25/031002,10,Vertical sounding sequences (satellite data),310062,Satellite classification,,031002,Extended delayed descriptor replication factor,,,,Operational
bufr4/3/10/062/26/005042,10,Vertical sounding sequences (satellite data),310062,Satellite classification,,005042,Channel number,,,,Operational
bufr4/3/10/062/27/002155,10,Vertical sounding sequences (satellite data),310062,Satellite classification,,002155,Satellite channel wavelength,,,,Operational
bufr4/3/10/062/28/033083,10,Vertical sounding sequences (satellite data),310062,Satellite classification,,033083,Radiance data quality flags,,,,Operational
bufr4/3/10/062/29/014043,10,Vertical sounding sequences (satellite data),310062,Satellite classification,,014043,Channel radiance,,,,Operational
bufr4/3/10/062/30/015042,10,Vertical sounding sequences (satellite data),310062,Satellite classification,,015042,Reflectance (SST (Sea-surface temperature) data),,,,Operational
bufr4/3/10/063/1/001007,10,Vertical sounding sequences (satellite data),310063,Satellite identifier,,001007,Satellite identifier,,,,Operational
bufr4/3/10/063/2/001033,10,Vertical sounding sequences (satellite data),310063,Satellite identifier,,001033,Identification of originating/generating centre,,,,Operational
bufr4/3/10/063/3/001034,10,Vertical sounding sequences (satellite data),310063,Satellite identifier,,001034,Identification of originating/generating sub-centre,,,,Operational
bufr4/3/10/063/4/002019,10,Vertical sounding sequences (satellite data),310063,Satellite identifier,,002019,Satellite instruments,,,,Operational
bufr4/3/10/063/5/002020,10,Vertical sounding sequences (satellite data),310063,Satellite identifier,,002020,Satellite classification,,,,Operational
bufr4/3/10/063/6/301011,10,Vertical sounding sequences (satellite data),310063,Satellite identifier,,301011,"Year, month, day",,,,Operational
bufr4/3/10/063/7/301012,10,Vertical sounding sequences (satellite data),310063,Satellite identifier,,301012,"Hour, minute",,,,Operational
bufr4/3/10/063/8/207003,10,Vertical sounding sequences (satellite data),310063,Satellite identifier,,207003,"Increase scale, reference value and data width",,,,Operational
bufr4/3/10/063/9/004006,10,Vertical sounding sequences (satellite data),310063,Satellite identifier,,004006,Second,,,,Operational
bufr4/3/10/063/10/207000,10,Vertical sounding sequences (satellite data),310063,Satellite identifier,,207000,"Increase scale, reference value and data width",Cancel,,,Operational
bufr4/3/10/063/11/005040,10,Vertical sounding sequences (satellite data),310063,Satellite identifier,,005040,Orbit number,,,,Operational
bufr4/3/10/063/12/201133,10,Vertical sounding sequences (satellite data),310063,Satellite identifier,,201133,Change data width,Increase bit width,,,Operational
bufr4/3/10/063/13/005041,10,Vertical sounding sequences (satellite data),310063,Satellite identifier,,005041,Scan line number,,,,Operational
bufr4/3/10/063/14/005043,10,Vertical sounding sequences (satellite data),310063,Satellite identifier,,005043,Field of view number,,,,Operational
bufr4/3/10/063/15/201000,10,Vertical sounding sequences (satellite data),310063,Satellite identifier,,201000,Change data width,Cancel increase bit width,,,Operational
bufr4/3/10/063/1/033082,10,Vertical sounding sequences (satellite data),310063,Geolocation quality flags,,033082,Geolocation quality flags,,,,Operational
bufr4/3/10/063/2/301021,10,Vertical sounding sequences (satellite data),310063,Geolocation quality flags,,301021,Latitude/longitude (high accuracy),,,,Operational
bufr4/3/10/063/3/201129,10,Vertical sounding sequences (satellite data),310063,Geolocation quality flags,,201129,Change data width,Increase bit width,,,Operational
bufr4/3/10/063/4/007002,10,Vertical sounding sequences (satellite data),310063,Geolocation quality flags,,007002,Height or altitude,,,,Operational
bufr4/3/10/063/5/201000,10,Vertical sounding sequences (satellite data),310063,Geolocation quality flags,,201000,Change data width,Cancel increase bit width,,,Operational
bufr4/3/10/063/6/007024,10,Vertical sounding sequences (satellite data),310063,Geolocation quality flags,,007024,Satellite zenith angle,,,,Operational
bufr4/3/10/063/7/005021,10,Vertical sounding sequences (satellite data),310063,Geolocation quality flags,,005021,Bearing or azimuth,,,,Operational
bufr4/3/10/063/8/007025,10,Vertical sounding sequences (satellite data),310063,Geolocation quality flags,,007025,Solar zenith angle,,,,Operational
bufr4/3/10/063/9/005022,10,Vertical sounding sequences (satellite data),310063,Geolocation quality flags,,005022,Solar azimuth,,,,Operational
bufr4/3/10/063/10/008075,10,Vertical sounding sequences (satellite data),310063,Geolocation quality flags,,008075,Ascending/descending orbit qualifier,,,,Operational
bufr4/3/10/063/11/008013,10,Vertical sounding sequences (satellite data),310063,Geolocation quality flags,,008013,Day/night qualifier,,,,Operational
bufr4/3/10/063/12/008072,10,Vertical sounding sequences (satellite data),310063,Geolocation quality flags,,008072,Pixel(s) type,,,,Operational
bufr4/3/10/063/13/033084,10,Vertical sounding sequences (satellite data),310063,Geolocation quality flags,,033084,Pixel level quality flags,,,,Operational
bufr4/3/10/063/14/007062,10,Vertical sounding sequences (satellite data),310063,Geolocation quality flags,,007062,Depth below sea/water surface,,,,Operational
bufr4/3/10/063/15/033086,10,Vertical sounding sequences (satellite data),310063,Geolocation quality flags,,033086,Quality of pixel level retrieval,,,,Operational
bufr4/3/10/063/16/022043,10,Vertical sounding sequences (satellite data),310063,Geolocation quality flags,,022043,Sea/water temperature,,,,Operational
bufr4/3/10/063/17/007062,10,Vertical sounding sequences (satellite data),310063,Geolocation quality flags,,007062,Depth below sea/water surface,Top of layer,,,Operational
bufr4/3/10/063/18/007062,10,Vertical sounding sequences (satellite data),310063,Geolocation quality flags,,007062,Depth below sea/water surface,Bottom of layer,,,Operational
bufr4/3/10/063/19/033086,10,Vertical sounding sequences (satellite data),310063,Geolocation quality flags,,033086,Quality of pixel level retrieval,,,,Operational
bufr4/3/10/063/20/022043,10,Vertical sounding sequences (satellite data),310063,Geolocation quality flags,,022043,Sea/water temperature (AOT (Aerosol optical thickness) data),,,,Operational
bufr4/3/10/064/1/001007,10,Vertical sounding sequences (satellite data),310064,Satellite identifier,,001007,Satellite identifier,,,,Operational
bufr4/3/10/064/2/001033,10,Vertical sounding sequences (satellite data),310064,Satellite identifier,,001033,Identification of originating/generating centre,,,,Operational
bufr4/3/10/064/3/001034,10,Vertical sounding sequences (satellite data),310064,Satellite identifier,,001034,Identification of originating/generating sub-centre,,,,Operational
bufr4/3/10/064/4/002019,10,Vertical sounding sequences (satellite data),310064,Satellite identifier,,002019,Satellite instruments,,,,Operational
bufr4/3/10/064/5/002020,10,Vertical sounding sequences (satellite data),310064,Satellite identifier,,002020,Satellite classification,,,,Operational
bufr4/3/10/064/6/301011,10,Vertical sounding sequences (satellite data),310064,Satellite identifier,,301011,"Year, month, day",,,,Operational
bufr4/3/10/064/7/301012,10,Vertical sounding sequences (satellite data),310064,Satellite identifier,,301012,"Hour, minute",,,,Operational
bufr4/3/10/064/8/207003,10,Vertical sounding sequences (satellite data),310064,Satellite identifier,,207003,"Increase scale, reference value and data width",,,,Operational
bufr4/3/10/064/9/004006,10,Vertical sounding sequences (satellite data),310064,Satellite identifier,,004006,Second,,,,Operational
bufr4/3/10/064/10/207000,10,Vertical sounding sequences (satellite data),310064,Satellite identifier,,207000,"Increase scale, reference value and data width",Cancel,,,Operational
bufr4/3/10/064/11/005040,10,Vertical sounding sequences (satellite data),310064,Satellite identifier,,005040,Orbit number,,,,Operational
bufr4/3/10/064/12/201133,10,Vertical sounding sequences (satellite data),310064,Satellite identifier,,201133,Change data width,,,,Operational
bufr4/3/10/064/13/005041,10,Vertical sounding sequences (satellite data),310064,Satellite identifier,,005041,Scan line number,,,,Operational
bufr4/3/10/064/14/005043,10,Vertical sounding sequences (satellite data),310064,Satellite identifier,,005043,Field of view number,,,,Operational
bufr4/3/10/064/15/201000,10,Vertical sounding sequences (satellite data),310064,Satellite identifier,,201000,Change data width,Cancel,,,Operational
bufr4/3/10/064/16/033082,10,Vertical sounding sequences (satellite data),310064,Satellite identifier,,033082,Geolocation quality flags,,,,Operational
bufr4/3/10/064/17/301021,10,Vertical sounding sequences (satellite data),310064,Satellite identifier,,301021,Latitude/longitude (high accuracy),,,,Operational
bufr4/3/10/064/18/201129,10,Vertical sounding sequences (satellite data),310064,Satellite identifier,,201129,Change data width,,,,Operational
bufr4/3/10/064/19/007002,10,Vertical sounding sequences (satellite data),310064,Satellite identifier,,007002,Height or altitude,,,,Operational
bufr4/3/10/064/20/201000,10,Vertical sounding sequences (satellite data),310064,Satellite identifier,,201000,Change data width,Cancel,,,Operational
bufr4/3/10/064/21/007024,10,Vertical sounding sequences (satellite data),310064,Satellite identifier,,007024,Satellite zenith angle,,,,Operational
bufr4/3/10/064/22/005021,10,Vertical sounding sequences (satellite data),310064,Satellite identifier,,005021,Bearing or azimuth,,,,Operational
bufr4/3/10/064/23/007025,10,Vertical sounding sequences (satellite data),310064,Satellite identifier,,007025,Solar zenith angle,,,,Operational
bufr4/3/10/064/24/005022,10,Vertical sounding sequences (satellite data),310064,Satellite identifier,,005022,Solar azimuth,,,,Operational
bufr4/3/10/064/25/008075,10,Vertical sounding sequences (satellite data),310064,Satellite identifier,,008075,Ascending/descending orbit qualifier,,,,Operational
bufr4/3/10/064/26/008029,10,Vertical sounding sequences (satellite data),310064,Satellite identifier,,008029,Surface type I.2 – BUFR Table D/10 — 19,,,,Operational
bufr4/3/10/064/1/008046,10,Vertical sounding sequences (satellite data),310064,Atmospheric chemical or physical constituent type,,008046,Atmospheric chemical or physical constituent type,,,,Operational
bufr4/3/10/064/2/033085,10,Vertical sounding sequences (satellite data),310064,Atmospheric chemical or physical constituent type,,033085,Aerosol optical thickness quality flags,,,,Operational
bufr4/3/10/064/3/033086,10,Vertical sounding sequences (satellite data),310064,Atmospheric chemical or physical constituent type,,033086,Quality of pixel level retrieval,,,,Operational
bufr4/3/10/064/4/015049,10,Vertical sounding sequences (satellite data),310064,Atmospheric chemical or physical constituent type,,015049,Aerosol Angstrom wavelength exponent,,,,Operational
bufr4/3/10/064/5/033086,10,Vertical sounding sequences (satellite data),310064,Atmospheric chemical or physical constituent type,,033086,Quality of pixel level retrieval,,,,Operational
bufr4/3/10/064/6/102011,10,Vertical sounding sequences (satellite data),310064,Atmospheric chemical or physical constituent type,,102011,Replicate 2 descriptors 11 times,,,,Operational
bufr4/3/10/064/7/002155,10,Vertical sounding sequences (satellite data),310064,Atmospheric chemical or physical constituent type,,002155,Satellite channel wavelength,,,,Operational
bufr4/3/10/064/8/015062,10,Vertical sounding sequences (satellite data),310064,Atmospheric chemical or physical constituent type,,015062,Aerosol optical thickness (OMPS (Ozone mapping and profiler suite) nadir profile data),,,,Operational
bufr4/3/10/065/1/001007,10,Vertical sounding sequences (satellite data),310065,Satellite identifier,,001007,Satellite identifier,,,,Operational
bufr4/3/10/065/2/001033,10,Vertical sounding sequences (satellite data),310065,Satellite identifier,,001033,Identification of originating/generating centre,,,,Operational
bufr4/3/10/065/3/001034,10,Vertical sounding sequences (satellite data),310065,Satellite identifier,,001034,Identification of originating/generating sub-centre,,,,Operational
bufr4/3/10/065/4/002019,10,Vertical sounding sequences (satellite data),310065,Satellite identifier,,002019,Satellite instruments,,,,Operational
bufr4/3/10/065/5/002020,10,Vertical sounding sequences (satellite data),310065,Satellite identifier,,002020,Satellite classification,,,,Operational
bufr4/3/10/065/6/301011,10,Vertical sounding sequences (satellite data),310065,Satellite identifier,,301011,"Year, month, day",,,,Operational
bufr4/3/10/065/7/301012,10,Vertical sounding sequences (satellite data),310065,Satellite identifier,,301012,"Hour, minute",,,,Operational
bufr4/3/10/065/8/207003,10,Vertical sounding sequences (satellite data),310065,Satellite identifier,,207003,"Increase scale, reference value and data width",,,,Operational
bufr4/3/10/065/9/004006,10,Vertical sounding sequences (satellite data),310065,Satellite identifier,,004006,Second,,,,Operational
bufr4/3/10/065/10/207000,10,Vertical sounding sequences (satellite data),310065,Satellite identifier,,207000,"Increase scale, reference value and data width",Cancel,,,Operational
bufr4/3/10/065/11/005040,10,Vertical sounding sequences (satellite data),310065,Satellite identifier,,005040,Orbit number,,,,Operational
bufr4/3/10/065/12/033082,10,Vertical sounding sequences (satellite data),310065,Satellite identifier,,033082,Geolocation quality flags,,,,Operational
bufr4/3/10/065/13/301021,10,Vertical sounding sequences (satellite data),310065,Satellite identifier,,301021,Latitude/longitude (high accuracy),,,,Operational
bufr4/3/10/065/14/201129,10,Vertical sounding sequences (satellite data),310065,Satellite identifier,,201129,Change data width,,,,Operational
bufr4/3/10/065/15/007002,10,Vertical sounding sequences (satellite data),310065,Satellite identifier,,007002,Height or altitude,,,,Operational
bufr4/3/10/065/16/201000,10,Vertical sounding sequences (satellite data),310065,Satellite identifier,,201000,Change data width,Cancel,,,Operational
bufr4/3/10/065/17/007024,10,Vertical sounding sequences (satellite data),310065,Satellite identifier,,007024,Satellite zenith angle,,,,Operational
bufr4/3/10/065/18/005021,10,Vertical sounding sequences (satellite data),310065,Satellite identifier,,005021,Bearing or azimuth,,,,Operational
bufr4/3/10/065/19/007025,10,Vertical sounding sequences (satellite data),310065,Satellite identifier,,007025,Solar zenith angle,,,,Operational
bufr4/3/10/065/20/005022,10,Vertical sounding sequences (satellite data),310065,Satellite identifier,,005022,Solar azimuth,,,,Operational
bufr4/3/10/065/21/008075,10,Vertical sounding sequences (satellite data),310065,Satellite identifier,,008075,Ascending/descending orbit qualifier,,,,Operational
bufr4/3/10/065/22/033071,10,Vertical sounding sequences (satellite data),310065,Satellite identifier,,033071,Profile ozone quality,,,,Operational
bufr4/3/10/065/23/033070,10,Vertical sounding sequences (satellite data),310065,Satellite identifier,,033070,Total ozone quality,,,,Operational
bufr4/3/10/065/24/020021,10,Vertical sounding sequences (satellite data),310065,Satellite identifier,,020021,Type of precipitation,,,,Operational
bufr4/3/10/065/25/015045,10,Vertical sounding sequences (satellite data),310065,Satellite identifier,,015045,Sulphur dioxide,,,,Operational
bufr4/3/10/065/26/015046,10,Vertical sounding sequences (satellite data),310065,Satellite identifier,,015046,Volcano contamination index,,,,Operational
bufr4/3/10/065/27/008065,10,Vertical sounding sequences (satellite data),310065,Satellite identifier,,008065,Sun-glint indicator,,,,Operational
bufr4/3/10/065/28/033087,10,Vertical sounding sequences (satellite data),310065,Satellite identifier,,033087,Extent of satellite within South Atlantic anomaly,,,,Operational
bufr4/3/10/065/29/008003,10,Vertical sounding sequences (satellite data),310065,Satellite identifier,,008003,Vertical significance (satellite observations),,,,Operational
bufr4/3/10/065/30/010004,10,Vertical sounding sequences (satellite data),310065,Satellite identifier,,010004,Pressure,,,,Operational
bufr4/3/10/065/31/008003,10,Vertical sounding sequences (satellite data),310065,Satellite identifier,,008003,Vertical significance (satellite observations),,,,Operational
bufr4/3/10/065/32/207002,10,Vertical sounding sequences (satellite data),310065,Satellite identifier,,207002,"Increase scale, reference value and data width",,,,Operational
bufr4/3/10/065/33/015001,10,Vertical sounding sequences (satellite data),310065,Satellite identifier,,015001,Total ozone,,,,Operational
bufr4/3/10/065/34/207000,10,Vertical sounding sequences (satellite data),310065,Satellite identifier,,207000,"Increase scale, reference value and data width",Cancel,,,Operational
bufr4/3/10/065/35/105012,10,Vertical sounding sequences (satellite data),310065,Satellite identifier,,105012,Replicate 5 descriptors 12 times,,,,Operational
bufr4/3/10/065/36/010040,10,Vertical sounding sequences (satellite data),310065,Satellite identifier,,010040,Number of retrieved layers,,,,Operational
bufr4/3/10/065/37/010004,10,Vertical sounding sequences (satellite data),310065,Satellite identifier,,010004,Pressure,,,,Operational
bufr4/3/10/065/38/207003,10,Vertical sounding sequences (satellite data),310065,Satellite identifier,,207003,"Increase scale, reference value and data width",,,,Operational
bufr4/3/10/065/1/015005,10,Vertical sounding sequences (satellite data),310065,Ozone p,,015005,Ozone p,,,,Operational
bufr4/3/10/065/2/207000,10,Vertical sounding sequences (satellite data),310065,Ozone p,,207000,"Increase scale, reference value and data width",Cancel,,,Operational
bufr4/3/10/065/3/008046,10,Vertical sounding sequences (satellite data),310065,Ozone p,,008046,Atmospheric chemical or physical constituent type,,,,Operational
bufr4/3/10/065/4/107019,10,Vertical sounding sequences (satellite data),310065,Ozone p,,107019,Replicate 7 descriptors 19 times,,,,Operational
bufr4/3/10/065/5/010040,10,Vertical sounding sequences (satellite data),310065,Ozone p,,010040,Number of retrieved layers,,,,Operational
bufr4/3/10/065/6/010004,10,Vertical sounding sequences (satellite data),310065,Ozone p,,010004,Pressure,,,,Operational
bufr4/3/10/065/7/008090,10,Vertical sounding sequences (satellite data),310065,Ozone p,,008090,Decimal scale of following signficands,,,,Operational
bufr4/3/10/065/8/207006,10,Vertical sounding sequences (satellite data),310065,Ozone p,,207006,"Increase scale, reference value and data width",,,,Operational
bufr4/3/10/065/9/015008,10,Vertical sounding sequences (satellite data),310065,Ozone p,,015008,Significand of volumetric mixing ratio,,,,Operational
bufr4/3/10/065/10/207000,10,Vertical sounding sequences (satellite data),310065,Ozone p,,207000,"Increase scale, reference value and data width",Cancel,,,Operational
bufr4/3/10/065/11/008090,10,Vertical sounding sequences (satellite data),310065,Ozone p,,008090,Decimal scale of following significands (OMPS (Ozone mapping and profiler suite) total column data),Set to missing (cancel),,,Operational
bufr4/3/10/066/1/001007,10,Vertical sounding sequences (satellite data),310066,Satellite identifier,,001007,Satellite identifier,,,,Operational
bufr4/3/10/066/2/001033,10,Vertical sounding sequences (satellite data),310066,Satellite identifier,,001033,Identification of originating/generating centre,,,,Operational
bufr4/3/10/066/3/001034,10,Vertical sounding sequences (satellite data),310066,Satellite identifier,,001034,Identification of originating/generating sub-centre,,,,Operational
bufr4/3/10/066/4/002019,10,Vertical sounding sequences (satellite data),310066,Satellite identifier,,002019,Satellite instruments,,,,Operational
bufr4/3/10/066/5/002020,10,Vertical sounding sequences (satellite data),310066,Satellite identifier,,002020,Satellite classification,,,,Operational
bufr4/3/10/066/6/301011,10,Vertical sounding sequences (satellite data),310066,Satellite identifier,,301011,"Year, month, day",,,,Operational
bufr4/3/10/066/7/301012,10,Vertical sounding sequences (satellite data),310066,Satellite identifier,,301012,"Hour, minute",,,,Operational
bufr4/3/10/066/8/207003,10,Vertical sounding sequences (satellite data),310066,Satellite identifier,,207003,"Increase scale, reference value and data width",,,,Operational
bufr4/3/10/066/9/004006,10,Vertical sounding sequences (satellite data),310066,Satellite identifier,,004006,Second,,,,Operational
bufr4/3/10/066/10/207000,10,Vertical sounding sequences (satellite data),310066,Satellite identifier,,207000,"Increase scale, reference value and data width",Cancel,,,Operational
bufr4/3/10/066/11/005040,10,Vertical sounding sequences (satellite data),310066,Satellite identifier,,005040,Orbit number,,,,Operational
bufr4/3/10/066/12/033082,10,Vertical sounding sequences (satellite data),310066,Satellite identifier,,033082,Geolocation quality flags,,,,Operational
bufr4/3/10/066/13/301021,10,Vertical sounding sequences (satellite data),310066,Satellite identifier,,301021,Latitude/longitude (high accuracy),,,,Operational
bufr4/3/10/066/14/201129,10,Vertical sounding sequences (satellite data),310066,Satellite identifier,,201129,Change data width,,,,Operational
bufr4/3/10/066/15/007002,10,Vertical sounding sequences (satellite data),310066,Satellite identifier,,007002,Height or altitude,,,,Operational
bufr4/3/10/066/16/201000,10,Vertical sounding sequences (satellite data),310066,Satellite identifier,,201000,Change data width,Cancel,,,Operational
bufr4/3/10/066/17/007024,10,Vertical sounding sequences (satellite data),310066,Satellite identifier,,007024,Satellite zenith angle,,,,Operational
bufr4/3/10/066/18/005021,10,Vertical sounding sequences (satellite data),310066,Satellite identifier,,005021,Bearing or azimuth,,,,Operational
bufr4/3/10/066/19/007025,10,Vertical sounding sequences (satellite data),310066,Satellite identifier,,007025,Solar zenith angle,,,,Operational
bufr4/3/10/066/20/005022,10,Vertical sounding sequences (satellite data),310066,Satellite identifier,,005022,Solar azimuth,,,,Operational
bufr4/3/10/066/21/008075,10,Vertical sounding sequences (satellite data),310066,Satellite identifier,,008075,Ascending/descending orbit qualifier,,,,Operational
bufr4/3/10/066/22/020081,10,Vertical sounding sequences (satellite data),310066,Satellite identifier,,020081,Cloud amount in segment,Cloud fraction,,,Operational
bufr4/3/10/066/23/207004,10,Vertical sounding sequences (satellite data),310066,Satellite identifier,,207004,"Increase scale, reference value and data width",,,,Operational
bufr4/3/10/066/24/015030,10,Vertical sounding sequences (satellite data),310066,Satellite identifier,,015030,Aerosol contamination index,,,,Operational
bufr4/3/10/066/25/207000,10,Vertical sounding sequences (satellite data),310066,Satellite identifier,,207000,"Increase scale, reference value and data width",Cancel,,,Operational
bufr4/3/10/066/26/020065,10,Vertical sounding sequences (satellite data),310066,Satellite identifier,,020065,Snow cover,,,,Operational
bufr4/3/10/066/27/015041,10,Vertical sounding sequences (satellite data),310066,Satellite identifier,,015041,Sulphur dioxide index,,,,Operational
bufr4/3/10/066/28/033086,10,Vertical sounding sequences (satellite data),310066,Satellite identifier,,033086,Quality of pixel level retrieval,,,,Operational
bufr4/3/10/066/29/033087,10,Vertical sounding sequences (satellite data),310066,Satellite identifier,,033087,Extent of satellite within South Atlantic anomaly,,,,Operational
bufr4/3/10/066/30/033088,10,Vertical sounding sequences (satellite data),310066,Satellite identifier,,033088,Ozone total column quality flag,,,,Operational
bufr4/3/10/066/31/008003,10,Vertical sounding sequences (satellite data),310066,Satellite identifier,,008003,Vertical significance (satellite observations),= 0 Surface,,,Operational
bufr4/3/10/066/32/207001,10,Vertical sounding sequences (satellite data),310066,Satellite identifier,,207001,"Increase scale, reference value and data width",,,,Operational
bufr4/3/10/066/33/007004,10,Vertical sounding sequences (satellite data),310066,Satellite identifier,,007004,Pressure,,,,Operational
bufr4/3/10/066/34/207000,10,Vertical sounding sequences (satellite data),310066,Satellite identifier,,207000,"Increase scale, reference value and data width",Cancel,,,Operational
bufr4/3/10/066/35/008003,10,Vertical sounding sequences (satellite data),310066,Satellite identifier,,008003,Vertical significance (satellite observations) I.2 – BUFR Table D/10 — 21,Set to missing (cancel),,,Operational
bufr4/3/10/066/1/207002,10,Vertical sounding sequences (satellite data),310066,"Increase scale, reference value and data width",,207002,"Increase scale, reference value and data width",,,,Operational
bufr4/3/10/066/2/015001,10,Vertical sounding sequences (satellite data),310066,"Increase scale, reference value and data width",,015001,Total ozone,,,,Operational
bufr4/3/10/066/3/207000,10,Vertical sounding sequences (satellite data),310066,"Increase scale, reference value and data width",,207000,"Increase scale, reference value and data width",Cancel,,,Operational
bufr4/3/10/066/4/008003,10,Vertical sounding sequences (satellite data),310066,"Increase scale, reference value and data width",,008003,Vertical significance (satellite observations),= 2 Cloud top,,,Operational
bufr4/3/10/066/5/033042,10,Vertical sounding sequences (satellite data),310066,"Increase scale, reference value and data width",,033042,Type of limit represented by following value,= 0 Exclusive lower limit (>),,,Operational
bufr4/3/10/066/6/207001,10,Vertical sounding sequences (satellite data),310066,"Increase scale, reference value and data width",,207001,"Increase scale, reference value and data width",,,,Operational
bufr4/3/10/066/7/007004,10,Vertical sounding sequences (satellite data),310066,"Increase scale, reference value and data width",,007004,Pressure,Cloud top pressure,,,Operational
bufr4/3/10/066/8/207000,10,Vertical sounding sequences (satellite data),310066,"Increase scale, reference value and data width",,207000,"Increase scale, reference value and data width",Cancel,,,Operational
bufr4/3/10/066/9/207002,10,Vertical sounding sequences (satellite data),310066,"Increase scale, reference value and data width",,207002,"Increase scale, reference value and data width",,,,Operational
bufr4/3/10/066/10/015001,10,Vertical sounding sequences (satellite data),310066,"Increase scale, reference value and data width",,015001,Total ozone,Below cloud,,,Operational
bufr4/3/10/066/11/207000,10,Vertical sounding sequences (satellite data),310066,"Increase scale, reference value and data width",,207000,"Increase scale, reference value and data width",Cancel,,,Operational
bufr4/3/10/066/12/008003,10,Vertical sounding sequences (satellite data),310066,"Increase scale, reference value and data width",,008003,Vertical significance (satellite observations),Set to missing (cancel),,,Operational
bufr4/3/10/066/13/001032,10,Vertical sounding sequences (satellite data),310066,"Increase scale, reference value and data width",,001032,Generating application,= 0 First guess | Defined by local generating centre,,,Operational
bufr4/3/10/066/14/207002,10,Vertical sounding sequences (satellite data),310066,"Increase scale, reference value and data width",,207002,"Increase scale, reference value and data width",,,,Operational
bufr4/3/10/066/15/015001,10,Vertical sounding sequences (satellite data),310066,"Increase scale, reference value and data width",,015001,Total ozone,First guess total column ozone,,,Operational
bufr4/3/10/066/16/207000,10,Vertical sounding sequences (satellite data),310066,"Increase scale, reference value and data width",,207000,"Increase scale, reference value and data width (Satellite-derived winds) (see Note 2) Processing information",Cancel,,,Operational
bufr4/3/10/067/1/001033,10,Vertical sounding sequences (satellite data),310067,Processing information,,001033,Identification of originating/generating centre,,,,Operational
bufr4/3/10/067/2/001034,10,Vertical sounding sequences (satellite data),310067,Processing information,,001034,Identification of originating/generating sub-centre,,,,Operational
bufr4/3/10/067/3/025061,10,Vertical sounding sequences (satellite data),310067,Processing information,,025061,Software identification and version number,,,,Operational
bufr4/3/10/067/4/025062,10,Vertical sounding sequences (satellite data),310067,Processing information,,025062,Database identification Satellite/instrument identification,,,,Operational
bufr4/3/10/067/5/001007,10,Vertical sounding sequences (satellite data),310067,Processing information,,001007,Satellite identifier,,,,Operational
bufr4/3/10/067/6/002153,10,Vertical sounding sequences (satellite data),310067,Processing information,,002153,Satellite channel centre frequency,,,,Operational
bufr4/3/10/067/7/001012,10,Vertical sounding sequences (satellite data),310067,Processing information,,001012,Direction of motion of moving observing platform,,,,Operational
bufr4/3/10/067/8/201138,10,Vertical sounding sequences (satellite data),310067,Processing information,,201138,Change data width,,,,Operational
bufr4/3/10/067/9/002026,10,Vertical sounding sequences (satellite data),310067,Processing information,,002026,Cross-track resolution,,,,Operational
bufr4/3/10/067/10/002027,10,Vertical sounding sequences (satellite data),310067,Processing information,,002027,Along-track resolution,,,,Operational
bufr4/3/10/067/11/201000,10,Vertical sounding sequences (satellite data),310067,Processing information,,201000,Change data width Methods,Cancel,,,Operational
bufr4/3/10/067/12/002028,10,Vertical sounding sequences (satellite data),310067,Processing information,,002028,Segment size at nadir in x-direction,Target box size,,,Operational
bufr4/3/10/067/13/002029,10,Vertical sounding sequences (satellite data),310067,Processing information,,002029,Segment size at nadir in y-direction,Target box size,,,Operational
bufr4/3/10/067/14/002161,10,Vertical sounding sequences (satellite data),310067,Processing information,,002161,Wind processing method,,,,Operational
bufr4/3/10/067/15/002164,10,Vertical sounding sequences (satellite data),310067,Processing information,,002164,Tracer correlation method,,,,Operational
bufr4/3/10/067/16/002023,10,Vertical sounding sequences (satellite data),310067,Processing information,,002023,Satellite-derived wind computation method,,,,Operational
bufr4/3/10/067/17/008012,10,Vertical sounding sequences (satellite data),310067,Processing information,,008012,Land/sea qualifier,,,,Operational
bufr4/3/10/067/18/008013,10,Vertical sounding sequences (satellite data),310067,Processing information,,008013,Day/night qualifier Final AMV data,,,,Operational
bufr4/3/10/067/19/001124,10,Vertical sounding sequences (satellite data),310067,Processing information,,001124,Grid point identifier,,,,Operational
bufr4/3/10/067/20/005001,10,Vertical sounding sequences (satellite data),310067,Processing information,,005001,Latitude (high accuracy),,,,Operational
bufr4/3/10/067/21/006001,10,Vertical sounding sequences (satellite data),310067,Processing information,,006001,Longitude (high accuracy),,,,Operational
bufr4/3/10/067/22/004001,10,Vertical sounding sequences (satellite data),310067,Processing information,,004001,Year,,,,Operational
bufr4/3/10/067/1/004002,10,Vertical sounding sequences (satellite data),310067,Month,,004002,Month,,,,Operational
bufr4/3/10/067/2/004003,10,Vertical sounding sequences (satellite data),310067,Month,,004003,Day,,,,Operational
bufr4/3/10/067/3/004004,10,Vertical sounding sequences (satellite data),310067,Month,,004004,Hour,,,,Operational
bufr4/3/10/067/4/004005,10,Vertical sounding sequences (satellite data),310067,Month,,004005,Minute,,,,Operational
bufr4/3/10/067/5/004006,10,Vertical sounding sequences (satellite data),310067,Month,,004006,Second,,,,Operational
bufr4/3/10/067/6/004086,10,Vertical sounding sequences (satellite data),310067,Month,,004086,Long time period or displacement,Seconds,,,Operational
bufr4/3/10/067/7/011001,10,Vertical sounding sequences (satellite data),310067,Month,,011001,Wind direction,,,,Operational
bufr4/3/10/067/8/011002,10,Vertical sounding sequences (satellite data),310067,Month,,011002,Wind speed,,,,Operational
bufr4/3/10/067/9/011003,10,Vertical sounding sequences (satellite data),310067,Month,,011003,u-component,,,,Operational
bufr4/3/10/067/10/011004,10,Vertical sounding sequences (satellite data),310067,Month,,011004,v-component,,,,Operational
bufr4/3/10/067/11/002162,10,Vertical sounding sequences (satellite data),310067,Month,,002162,Extended height assignment method,,,,Operational
bufr4/3/10/067/12/007004,10,Vertical sounding sequences (satellite data),310067,Month,,007004,Pressure,,,,Operational
bufr4/3/10/067/13/012001,10,Vertical sounding sequences (satellite data),310067,Month,,012001,Temperature/air temperature,,,,Operational
bufr4/3/10/067/14/020014,10,Vertical sounding sequences (satellite data),310067,Month,,020014,Height of top of cloud,,,,Operational
bufr4/3/10/067/15/007024,10,Vertical sounding sequences (satellite data),310067,Month,,007024,Satellite zenith angle,,,,Operational
bufr4/3/10/067/16/001023,10,Vertical sounding sequences (satellite data),310067,Month,,001023,Observation sequence number,,,,Operational
bufr4/3/10/067/17/104000,10,Vertical sounding sequences (satellite data),310067,Month,,104000,Delayed replication of 4 descriptors,,,,Operational
bufr4/3/10/067/18/031001,10,Vertical sounding sequences (satellite data),310067,Month,,031001,Delayed descriptor replication factor,,,,Operational
bufr4/3/10/067/19/002162,10,Vertical sounding sequences (satellite data),310067,Month,,002162,Extended height assignment method,,,,Operational
bufr4/3/10/067/20/007004,10,Vertical sounding sequences (satellite data),310067,Month,,007004,Pressure,,,,Operational
bufr4/3/10/067/21/012001,10,Vertical sounding sequences (satellite data),310067,Month,,012001,Temperature/air temperature,,,,Operational
bufr4/3/10/067/22/020014,10,Vertical sounding sequences (satellite data),310067,Month,,020014,Height of top of cloud Image information (for each image used),,,,Operational
bufr4/3/10/067/23/113000,10,Vertical sounding sequences (satellite data),310067,Month,,113000,Delayed replication of 13 descriptors,,,,Operational
bufr4/3/10/067/24/031001,10,Vertical sounding sequences (satellite data),310067,Month,,031001,Delayed descriptor replication factor,,,,Operational
bufr4/3/10/067/25/004086,10,Vertical sounding sequences (satellite data),310067,Month,,004086,Long time period or displacement,Seconds,,,Operational
bufr4/3/10/067/26/002020,10,Vertical sounding sequences (satellite data),310067,Month,,002020,Satellite classification,,,,Operational
bufr4/3/10/067/27/001007,10,Vertical sounding sequences (satellite data),310067,Month,,001007,Satellite identifier,,,,Operational
bufr4/3/10/067/28/002019,10,Vertical sounding sequences (satellite data),310067,Month,,002019,Satellite instruments,,,,Operational
bufr4/3/10/067/29/005042,10,Vertical sounding sequences (satellite data),310067,Month,,005042,Channel number,,,,Operational
bufr4/3/10/067/30/002153,10,Vertical sounding sequences (satellite data),310067,Month,,002153,Satellite channel centre frequency,,,,Operational
bufr4/3/10/067/31/005040,10,Vertical sounding sequences (satellite data),310067,Month,,005040,Orbit number,,,,Operational
bufr4/3/10/067/32/007024,10,Vertical sounding sequences (satellite data),310067,Month,,007024,Satellite zenith angle,,,,Operational
bufr4/3/10/067/33/005021,10,Vertical sounding sequences (satellite data),310067,Month,,005021,Bearing or azimuth,,,,Operational
bufr4/3/10/067/34/002162,10,Vertical sounding sequences (satellite data),310067,Month,,002162,Extended height assignment method,,,,Operational
bufr4/3/10/067/35/007004,10,Vertical sounding sequences (satellite data),310067,Month,,007004,Pressure,,,,Operational
bufr4/3/10/067/36/012001,10,Vertical sounding sequences (satellite data),310067,Month,,012001,Temperature/air temperature,,,,Operational
bufr4/3/10/067/37/020014,10,Vertical sounding sequences (satellite data),310067,Month,,020014,Height of top of cloud Intermediate vectors (for each component vector),,,,Operational
bufr4/3/10/067/38/119000,10,Vertical sounding sequences (satellite data),310067,Month,,119000,Delayed replication of 19 descriptors,,,,Operational
bufr4/3/10/067/39/031001,10,Vertical sounding sequences (satellite data),310067,Month,,031001,Delayed descriptor replication factor,,,,Operational
bufr4/3/10/067/40/004086,10,Vertical sounding sequences (satellite data),310067,Month,,004086,Long time period or displacement,Seconds,,,Operational
bufr4/3/10/067/41/004086,10,Vertical sounding sequences (satellite data),310067,Month,,004086,Long time period or displacement,Seconds,,,Operational
bufr4/3/10/067/42/005001,10,Vertical sounding sequences (satellite data),310067,Month,,005001,Latitude (high accuracy),,,,Operational
bufr4/3/10/067/43/006001,10,Vertical sounding sequences (satellite data),310067,Month,,006001,Longitude (high accuracy),,,,Operational
bufr4/3/10/067/44/011003,10,Vertical sounding sequences (satellite data),310067,Month,,011003,u-component,,,,Operational
bufr4/3/10/067/45/011004,10,Vertical sounding sequences (satellite data),310067,Month,,011004,v-component,,,,Operational
bufr4/3/10/067/46/011113,10,Vertical sounding sequences (satellite data),310067,Month,,011113,Tracking correlation of vector I.2 – BUFR Table D/10 — 23,,,,Operational
bufr4/3/10/067/1/025148,10,Vertical sounding sequences (satellite data),310067,Coefficient of variation,,025148,Coefficient of variation,,,,Operational
bufr4/3/10/067/2/103000,10,Vertical sounding sequences (satellite data),310067,Coefficient of variation,,103000,Delayed replication of 3 descriptors,,,,Operational
bufr4/3/10/067/3/031001,10,Vertical sounding sequences (satellite data),310067,Coefficient of variation,,031001,Delayed descriptor replication factor,,,,Operational
bufr4/3/10/067/4/008023,10,Vertical sounding sequences (satellite data),310067,Coefficient of variation,,008023,First order statistics,,,,Operational
bufr4/3/10/067/5/011003,10,Vertical sounding sequences (satellite data),310067,Coefficient of variation,,011003,u-component,,,,Operational
bufr4/3/10/067/6/011004,10,Vertical sounding sequences (satellite data),310067,Coefficient of variation,,011004,v-component,,,,Operational
bufr4/3/10/067/7/008023,10,Vertical sounding sequences (satellite data),310067,Coefficient of variation,,008023,First order statistics,Set to missing (cancel),,,Operational
bufr4/3/10/067/8/103000,10,Vertical sounding sequences (satellite data),310067,Coefficient of variation,,103000,Delayed replication of 3 descriptors,,,,Operational
bufr4/3/10/067/9/031001,10,Vertical sounding sequences (satellite data),310067,Coefficient of variation,,031001,Delayed descriptor replication factor,,,,Operational
bufr4/3/10/067/10/020111,10,Vertical sounding sequences (satellite data),310067,Coefficient of variation,,020111,x-axis error ellipse major component,,,,Operational
bufr4/3/10/067/11/020112,10,Vertical sounding sequences (satellite data),310067,Coefficient of variation,,020112,y-axis error ellipse minor component,,,,Operational
bufr4/3/10/067/12/020114,10,Vertical sounding sequences (satellite data),310067,Coefficient of variation,,020114,Angle of x-axis in error ellipse Corresponding forecast data,,,,Operational
bufr4/3/10/067/13/001033,10,Vertical sounding sequences (satellite data),310067,Coefficient of variation,,001033,Identification of originating/generating centre,,,,Operational
bufr4/3/10/067/14/008021,10,Vertical sounding sequences (satellite data),310067,Coefficient of variation,,008021,Time significance,= 27 First guess,,,Operational
bufr4/3/10/067/15/011095,10,Vertical sounding sequences (satellite data),310067,Coefficient of variation,,011095,u-component of the model wind vector,,,,Operational
bufr4/3/10/067/16/011096,10,Vertical sounding sequences (satellite data),310067,Coefficient of variation,,011096,v-component of the model wind vector,,,,Operational
bufr4/3/10/067/17/007004,10,Vertical sounding sequences (satellite data),310067,Coefficient of variation,,007004,Pressure,,,,Operational
bufr4/3/10/067/18/008021,10,Vertical sounding sequences (satellite data),310067,Coefficient of variation,,008021,Time significance,= 4 Forecast,,,Operational
bufr4/3/10/067/19/011095,10,Vertical sounding sequences (satellite data),310067,Coefficient of variation,,011095,u-component of the model wind vector,,,,Operational
bufr4/3/10/067/20/011096,10,Vertical sounding sequences (satellite data),310067,Coefficient of variation,,011096,v-component of the model wind vector,,,,Operational
bufr4/3/10/067/21/007004,10,Vertical sounding sequences (satellite data),310067,Coefficient of variation,,007004,Pressure,,,,Operational
bufr4/3/10/067/22/008021,10,Vertical sounding sequences (satellite data),310067,Coefficient of variation,,008021,Time significance,Set to missing (cancel),,,Operational
bufr4/3/10/067/23/008086,10,Vertical sounding sequences (satellite data),310067,Coefficient of variation,,008086,Vertical significance for NWP,= 10 Level of best fit,,,Operational
bufr4/3/10/067/24/011095,10,Vertical sounding sequences (satellite data),310067,Coefficient of variation,,011095,u-component of the model wind vector,,,,Operational
bufr4/3/10/067/25/011096,10,Vertical sounding sequences (satellite data),310067,Coefficient of variation,,011096,v-component of the model wind vector,,,,Operational
bufr4/3/10/067/26/007004,10,Vertical sounding sequences (satellite data),310067,Coefficient of variation,,007004,Pressure,,,,Operational
bufr4/3/10/067/27/008086,10,Vertical sounding sequences (satellite data),310067,Coefficient of variation,,008086,Vertical significance for NWP Final AMV quality,Set to missing (cancel),,,Operational
bufr4/3/10/067/28/102004,10,Vertical sounding sequences (satellite data),310067,Coefficient of variation,,102004,Replicate 2 descriptors 4 times,,,,Operational
bufr4/3/10/067/29/001032,10,Vertical sounding sequences (satellite data),310067,Coefficient of variation,,001032,Generating application,,,,Operational
bufr4/3/10/067/30/033007,10,Vertical sounding sequences (satellite data),310067,Coefficient of variation,,033007,Per cent confidence,,,,Operational
bufr4/3/10/067/31/008092,10,Vertical sounding sequences (satellite data),310067,Coefficient of variation,,008092,Measurement uncertainty expression,= 0 Standard uncertainty,,,Operational
bufr4/3/10/067/32/011003,10,Vertical sounding sequences (satellite data),310067,Coefficient of variation,,011003,u-component,,,,Operational
bufr4/3/10/067/33/011004,10,Vertical sounding sequences (satellite data),310067,Coefficient of variation,,011004,v-component,,,,Operational
bufr4/3/10/067/34/007004,10,Vertical sounding sequences (satellite data),310067,Coefficient of variation,,007004,Pressure,,,,Operational
bufr4/3/10/067/35/008092,10,Vertical sounding sequences (satellite data),310067,Coefficient of variation,,008092,Measurement uncertainty expression,Set to missing (cancel),,,Operational
bufr4/3/10/067/36/033066,10,Vertical sounding sequences (satellite data),310067,Coefficient of variation,,033066,AMV quality flag Cloud data and microphysics (refers to the nominal image used for height assignment),,,,Operational
bufr4/3/10/067/37/020081,10,Vertical sounding sequences (satellite data),310067,Coefficient of variation,,020081,Cloud amount in segment,,,,Operational
bufr4/3/10/067/38/020012,10,Vertical sounding sequences (satellite data),310067,Coefficient of variation,,020012,Cloud type,,,,Operational
bufr4/3/10/067/39/020056,10,Vertical sounding sequences (satellite data),310067,Coefficient of variation,,020056,Cloud phase,,,,Operational
bufr4/3/10/067/40/117000,10,Vertical sounding sequences (satellite data),310067,Coefficient of variation,,117000,Delayed replication of 17 descriptors,,,,Operational
bufr4/3/10/067/41/031001,10,Vertical sounding sequences (satellite data),310067,Coefficient of variation,,031001,Delayed descriptor replication factor,,,,Operational
bufr4/3/10/067/42/008023,10,Vertical sounding sequences (satellite data),310067,Coefficient of variation,,008023,First order statistics,,,,Operational
bufr4/3/10/067/43/020016,10,Vertical sounding sequences (satellite data),310067,Coefficient of variation,,020016,Pressure at top of cloud,,,,Operational
bufr4/3/10/067/1/008092,10,Vertical sounding sequences (satellite data),310067,Measurement uncertainty expression,,008092,Measurement uncertainty expression,= 0 Standard uncertainty,,,Operational
bufr4/3/10/067/2/008003,10,Vertical sounding sequences (satellite data),310067,Measurement uncertainty expression,,008003,Vertical significance (satellite observations),= 2 Cloud top,,,Operational
bufr4/3/10/067/3/012001,10,Vertical sounding sequences (satellite data),310067,Measurement uncertainty expression,,012001,Temperature/air temperature,,,,Operational
bufr4/3/10/067/4/008003,10,Vertical sounding sequences (satellite data),310067,Measurement uncertainty expression,,008003,Vertical significance (satellite observations),Set to missing (cancel),,,Operational
bufr4/3/10/067/5/020016,10,Vertical sounding sequences (satellite data),310067,Measurement uncertainty expression,,020016,Pressure at top of cloud,,,,Operational
bufr4/3/10/067/6/008092,10,Vertical sounding sequences (satellite data),310067,Measurement uncertainty expression,,008092,Measurement uncertainty expression,Set to missing (cancel),,,Operational
bufr4/3/10/067/7/025149,10,Vertical sounding sequences (satellite data),310067,Measurement uncertainty expression,,025149,Optimal estimation cost,,,,Operational
bufr4/3/10/067/8/020016,10,Vertical sounding sequences (satellite data),310067,Measurement uncertainty expression,,020016,Pressure at top of cloud,,,,Operational
bufr4/3/10/067/9/020014,10,Vertical sounding sequences (satellite data),310067,Measurement uncertainty expression,,020014,Height of top of cloud,,,,Operational
bufr4/3/10/067/10/013093,10,Vertical sounding sequences (satellite data),310067,Measurement uncertainty expression,,013093,Cloud optical thickness,,,,Operational
bufr4/3/10/067/11/013109,10,Vertical sounding sequences (satellite data),310067,Measurement uncertainty expression,,013109,Ice/liquid water path,,,,Operational
bufr4/3/10/067/12/040038,10,Vertical sounding sequences (satellite data),310067,Measurement uncertainty expression,,040038,Cloud particle size,,,,Operational
bufr4/3/10/067/13/008011,10,Vertical sounding sequences (satellite data),310067,Measurement uncertainty expression,,008011,Meteorological feature,= 12 Cloud,,,Operational
bufr4/3/10/067/14/014050,10,Vertical sounding sequences (satellite data),310067,Measurement uncertainty expression,,014050,Emissivity,,,,Operational
bufr4/3/10/067/15/008011,10,Vertical sounding sequences (satellite data),310067,Measurement uncertainty expression,,008011,Meteorological feature,Set to missing (cancel),,,Operational
bufr4/3/10/067/16/008023,10,Vertical sounding sequences (satellite data),310067,Measurement uncertainty expression,,008023,First order statistics (VASS field of view variables),Set to missing (cancel),,,Operational
bufr4/3/10/068/1/008070,10,Vertical sounding sequences (satellite data),310068,Vertical sounding product qualifier,,008070,Vertical sounding product qualifier,,,,Operational
bufr4/3/10/068/2/001033,10,Vertical sounding sequences (satellite data),310068,Vertical sounding product qualifier,,001033,Identification of originating/generating centre,,,,Operational
bufr4/3/10/068/3/001034,10,Vertical sounding sequences (satellite data),310068,Vertical sounding product qualifier,,001034,Identification of originating/generating sub-centre,,,,Operational
bufr4/3/10/068/4/001007,10,Vertical sounding sequences (satellite data),310068,Vertical sounding product qualifier,,001007,Satellite identifier,,,,Operational
bufr4/3/10/068/5/002019,10,Vertical sounding sequences (satellite data),310068,Vertical sounding product qualifier,,002019,Satellite instruments,,,,Operational
bufr4/3/10/068/6/012064,10,Vertical sounding sequences (satellite data),310068,Vertical sounding product qualifier,,012064,Instrument temperature,,,,Operational
bufr4/3/10/068/7/005040,10,Vertical sounding sequences (satellite data),310068,Vertical sounding product qualifier,,005040,Orbit number,,,,Operational
bufr4/3/10/068/8/201136,10,Vertical sounding sequences (satellite data),310068,Vertical sounding product qualifier,,201136,Change data width,,,,Operational
bufr4/3/10/068/9/005041,10,Vertical sounding sequences (satellite data),310068,Vertical sounding product qualifier,,005041,Scan line number,,,,Operational
bufr4/3/10/068/10/201000,10,Vertical sounding sequences (satellite data),310068,Vertical sounding product qualifier,,201000,Change data width,Cancel,,,Operational
bufr4/3/10/068/11/005043,10,Vertical sounding sequences (satellite data),310068,Vertical sounding product qualifier,,005043,Field of view number,,,,Operational
bufr4/3/10/068/12/301011,10,Vertical sounding sequences (satellite data),310068,Vertical sounding product qualifier,,301011,"Year, month, day",,,,Operational
bufr4/3/10/068/13/301012,10,Vertical sounding sequences (satellite data),310068,Vertical sounding product qualifier,,301012,"Hour, minute",,,,Operational
bufr4/3/10/068/14/201138,10,Vertical sounding sequences (satellite data),310068,Vertical sounding product qualifier,,201138,Change data width,,,,Operational
bufr4/3/10/068/15/202131,10,Vertical sounding sequences (satellite data),310068,Vertical sounding product qualifier,,202131,Change scale,,,,Operational
bufr4/3/10/068/16/004006,10,Vertical sounding sequences (satellite data),310068,Vertical sounding product qualifier,,004006,Second,,,,Operational
bufr4/3/10/068/17/202000,10,Vertical sounding sequences (satellite data),310068,Vertical sounding product qualifier,,202000,Change scale,Cancel,,,Operational
bufr4/3/10/068/18/201000,10,Vertical sounding sequences (satellite data),310068,Vertical sounding product qualifier,,201000,Change data width,Cancel,,,Operational
bufr4/3/10/068/19/005001,10,Vertical sounding sequences (satellite data),310068,Vertical sounding product qualifier,,005001,Latitude (high accuracy),,,,Operational
bufr4/3/10/068/20/006001,10,Vertical sounding sequences (satellite data),310068,Vertical sounding product qualifier,,006001,Longitude (high accuracy),,,,Operational
bufr4/3/10/068/21/202126,10,Vertical sounding sequences (satellite data),310068,Vertical sounding product qualifier,,202126,Change scale,,,,Operational
bufr4/3/10/068/22/007001,10,Vertical sounding sequences (satellite data),310068,Vertical sounding product qualifier,,007001,Height of station,,,,Operational
bufr4/3/10/068/23/202000,10,Vertical sounding sequences (satellite data),310068,Vertical sounding product qualifier,,202000,Change scale,Cancel,,,Operational
bufr4/3/10/068/24/010007,10,Vertical sounding sequences (satellite data),310068,Vertical sounding product qualifier,,010007,Height,,,,Operational
bufr4/3/10/068/25/007024,10,Vertical sounding sequences (satellite data),310068,Vertical sounding product qualifier,,007024,Satellite zenith angle,,,,Operational
bufr4/3/10/068/26/005021,10,Vertical sounding sequences (satellite data),310068,Vertical sounding product qualifier,,005021,Bearing or azimuth,,,,Operational
bufr4/3/10/068/27/007025,10,Vertical sounding sequences (satellite data),310068,Vertical sounding product qualifier,,007025,Solar zenith angle,,,,Operational
bufr4/3/10/068/28/005022,10,Vertical sounding sequences (satellite data),310068,Vertical sounding product qualifier,,005022,Solar azimuth,,,,Operational
bufr4/3/10/068/29/013040,10,Vertical sounding sequences (satellite data),310068,Vertical sounding product qualifier,,013040,Surface flag I.2 – BUFR Table D/10 — 25,,,,Operational
bufr4/3/10/068/1/012101,10,Vertical sounding sequences (satellite data),310068,Temperature/air temperature,,012101,Temperature/air temperature,Land or ocean surface temperature,,,Operational
bufr4/3/10/068/2/201131,10,Vertical sounding sequences (satellite data),310068,Temperature/air temperature,,201131,Change data width,,,,Operational
bufr4/3/10/068/3/202129,10,Vertical sounding sequences (satellite data),310068,Temperature/air temperature,,202129,Change scale,,,,Operational
bufr4/3/10/068/4/011011,10,Vertical sounding sequences (satellite data),310068,Temperature/air temperature,,011011,Wind direction at 10 m,Ocean surface wind,,,Operational
bufr4/3/10/068/5/202000,10,Vertical sounding sequences (satellite data),310068,Temperature/air temperature,,202000,Change scale,Cancel,,,Operational
bufr4/3/10/068/6/201000,10,Vertical sounding sequences (satellite data),310068,Temperature/air temperature,,201000,Change data width,Cancel,,,Operational
bufr4/3/10/068/7/201130,10,Vertical sounding sequences (satellite data),310068,Temperature/air temperature,,201130,Change data width,,,,Operational
bufr4/3/10/068/8/202129,10,Vertical sounding sequences (satellite data),310068,Temperature/air temperature,,202129,Change scale,,,,Operational
bufr4/3/10/068/9/011012,10,Vertical sounding sequences (satellite data),310068,Temperature/air temperature,,011012,Wind speed at 10 m,Ocean surface wind,,,Operational
bufr4/3/10/068/10/202000,10,Vertical sounding sequences (satellite data),310068,Temperature/air temperature,,202000,Change scale,Cancel,,,Operational
bufr4/3/10/068/11/201000,10,Vertical sounding sequences (satellite data),310068,Temperature/air temperature,,201000,Change data width,Cancel,,,Operational
bufr4/3/10/068/12/020029,10,Vertical sounding sequences (satellite data),310068,Temperature/air temperature,,020029,Rain flag,,,,Operational
bufr4/3/10/068/13/020010,10,Vertical sounding sequences (satellite data),310068,Temperature/air temperature,,020010,Cloud cover (total),,,,Operational
bufr4/3/10/068/14/020014,10,Vertical sounding sequences (satellite data),310068,Temperature/air temperature,,020014,Height of top of cloud,,,,Operational
bufr4/3/10/068/15/013162,10,Vertical sounding sequences (satellite data),310068,Temperature/air temperature,,013162,Cloud liquid water,,,,Operational
bufr4/3/10/068/16/014050,10,Vertical sounding sequences (satellite data),310068,Temperature/air temperature,,014050,Emissivity (VASS channel variables),,,,Operational
bufr4/3/10/069/1/005042,10,Vertical sounding sequences (satellite data),310069,Channel number,,005042,Channel number,,,,Operational
bufr4/3/10/069/2/201139,10,Vertical sounding sequences (satellite data),310069,Channel number,,201139,Change data width,,,,Operational
bufr4/3/10/069/3/002155,10,Vertical sounding sequences (satellite data),310069,Channel number,,002155,Satellite channel wavelength,,,,Operational
bufr4/3/10/069/4/201000,10,Vertical sounding sequences (satellite data),310069,Channel number,,201000,Change data width,Cancel,,,Operational
bufr4/3/10/069/5/025077,10,Vertical sounding sequences (satellite data),310069,Channel number,,025077,Bandwidth correction coefficient 1,,,,Operational
bufr4/3/10/069/6/025078,10,Vertical sounding sequences (satellite data),310069,Channel number,,025078,Bandwidth correction coefficient 2,,,,Operational
bufr4/3/10/069/7/033007,10,Vertical sounding sequences (satellite data),310069,Channel number,,033007,Per cent confidence,,,,Operational
bufr4/3/10/069/8/201132,10,Vertical sounding sequences (satellite data),310069,Channel number,,201132,Change data width,,,,Operational
bufr4/3/10/069/9/202129,10,Vertical sounding sequences (satellite data),310069,Channel number,,202129,Change scale,,,,Operational
bufr4/3/10/069/10/012063,10,Vertical sounding sequences (satellite data),310069,Channel number,,012063,Brightness temperature,,,,Operational
bufr4/3/10/069/11/202000,10,Vertical sounding sequences (satellite data),310069,Channel number,,202000,Change scale,Cancel,,,Operational
bufr4/3/10/069/12/201000,10,Vertical sounding sequences (satellite data),310069,Channel number,,201000,Change data width (VASS MWTS report of FY-3),Cancel,,,Operational
bufr4/3/10/070/1/310068,10,Vertical sounding sequences (satellite data),310070,VASS field of view variables,,310068,VASS field of view variables,,,,Operational
bufr4/3/10/070/2/101013,10,Vertical sounding sequences (satellite data),310070,VASS field of view variables,,101013,Replicate 1 descriptor 13 times,,,,Operational
bufr4/3/10/070/3/310069,10,Vertical sounding sequences (satellite data),310070,VASS field of view variables,,310069,VASS channel variables (VASS MWHS report of FY-3),,,,Operational
bufr4/3/10/071/1/310068,10,Vertical sounding sequences (satellite data),310071,VASS field of view variables,,310068,VASS field of view variables,,,,Operational
bufr4/3/10/071/2/101015,10,Vertical sounding sequences (satellite data),310071,VASS field of view variables,,101015,Replicate 1 descriptor 15 times,,,,Operational
bufr4/3/10/071/3/310069,10,Vertical sounding sequences (satellite data),310071,VASS field of view variables,,310069,VASS channel variables (VASS IRAS report of FY-3),,,,Operational
bufr4/3/10/072/1/310068,10,Vertical sounding sequences (satellite data),310072,VASS field of view variables,,310068,VASS field of view variables,,,,Operational
bufr4/3/10/072/2/101026,10,Vertical sounding sequences (satellite data),310072,VASS field of view variables,,101026,Replicate 1 descriptor 26 times,,,,Operational
bufr4/3/10/072/3/310069,10,Vertical sounding sequences (satellite data),310072,VASS field of view variables,,310069,VASS channel variables,,,,Operational
bufr4/3/10/077/1/001033,10,Vertical sounding sequences (satellite data),310077,Processing information,,001033,Identification of originating/generating centre,,,,Operational
bufr4/3/10/077/2/001034,10,Vertical sounding sequences (satellite data),310077,Processing information,,001034,Identification of originating/generating sub-centre,,,,Operational
bufr4/3/10/077/3/025061,10,Vertical sounding sequences (satellite data),310077,Processing information,,025061,Software identification and version number,,,,Operational
bufr4/3/10/077/4/025062,10,Vertical sounding sequences (satellite data),310077,Processing information,,025062,Database identification Satellite/instrument identification,,,,Operational
bufr4/3/10/077/5/001007,10,Vertical sounding sequences (satellite data),310077,Processing information,,001007,Satellite identifier,,,,Operational
bufr4/3/10/077/6/002153,10,Vertical sounding sequences (satellite data),310077,Processing information,,002153,Satellite channel centre frequency,,,,Operational
bufr4/3/10/077/7/001012,10,Vertical sounding sequences (satellite data),310077,Processing information,,001012,Direction of motion of moving observing platform,,,,Operational
bufr4/3/10/077/8/201138,10,Vertical sounding sequences (satellite data),310077,Processing information,,201138,Change data width,,,,Operational
bufr4/3/10/077/9/002026,10,Vertical sounding sequences (satellite data),310077,Processing information,,002026,Cross-track resolution,,,,Operational
bufr4/3/10/077/10/002027,10,Vertical sounding sequences (satellite data),310077,Processing information,,002027,Along-track resolution,,,,Operational
bufr4/3/10/077/11/201000,10,Vertical sounding sequences (satellite data),310077,Processing information,,201000,Change data width Methods,Cancel,,,Operational
bufr4/3/10/077/12/002028,10,Vertical sounding sequences (satellite data),310077,Processing information,,002028,Segment size at nadir in x-direction,Target box size,,,Operational
bufr4/3/10/077/13/002029,10,Vertical sounding sequences (satellite data),310077,Processing information,,002029,Segment size at nadir in y-direction,Target box size,,,Operational
bufr4/3/10/077/14/002161,10,Vertical sounding sequences (satellite data),310077,Processing information,,002161,Wind processing method,,,,Operational
bufr4/3/10/077/15/002164,10,Vertical sounding sequences (satellite data),310077,Processing information,,002164,Tracer correlation method,,,,Operational
bufr4/3/10/077/16/002023,10,Vertical sounding sequences (satellite data),310077,Processing information,,002023,Satellite derived wind computation method,,,,Operational
bufr4/3/10/077/17/008012,10,Vertical sounding sequences (satellite data),310077,Processing information,,008012,Land/sea qualifier,,,,Operational
bufr4/3/10/077/18/008013,10,Vertical sounding sequences (satellite data),310077,Processing information,,008013,Day/night qualifier Final AMV data,,,,Operational
bufr4/3/10/077/19/001124,10,Vertical sounding sequences (satellite data),310077,Processing information,,001124,Grid point identifier,,,,Operational
bufr4/3/10/077/20/005001,10,Vertical sounding sequences (satellite data),310077,Processing information,,005001,Latitude (high accuracy),,,,Operational
bufr4/3/10/077/21/006001,10,Vertical sounding sequences (satellite data),310077,Processing information,,006001,Longitude (high accuracy),,,,Operational
bufr4/3/10/077/22/004001,10,Vertical sounding sequences (satellite data),310077,Processing information,,004001,Year,,,,Operational
bufr4/3/10/077/23/004002,10,Vertical sounding sequences (satellite data),310077,Processing information,,004002,Month,,,,Operational
bufr4/3/10/077/24/004003,10,Vertical sounding sequences (satellite data),310077,Processing information,,004003,Day,,,,Operational
bufr4/3/10/077/25/004004,10,Vertical sounding sequences (satellite data),310077,Processing information,,004004,Hour,,,,Operational
bufr4/3/10/077/26/004005,10,Vertical sounding sequences (satellite data),310077,Processing information,,004005,Minute,,,,Operational
bufr4/3/10/077/27/004006,10,Vertical sounding sequences (satellite data),310077,Processing information,,004006,Second,,,,Operational
bufr4/3/10/077/28/004086,10,Vertical sounding sequences (satellite data),310077,Processing information,,004086,Long time period or displacement,Seconds,,,Operational
bufr4/3/10/077/29/002162,10,Vertical sounding sequences (satellite data),310077,Processing information,,002162,Extended height assignment method,,,,Operational
bufr4/3/10/077/30/007004,10,Vertical sounding sequences (satellite data),310077,Processing information,,007004,Pressure,,,,Operational
bufr4/3/10/077/31/011001,10,Vertical sounding sequences (satellite data),310077,Processing information,,011001,Wind direction,,,,Operational
bufr4/3/10/077/32/011002,10,Vertical sounding sequences (satellite data),310077,Processing information,,011002,Wind speed,,,,Operational
bufr4/3/10/077/33/011003,10,Vertical sounding sequences (satellite data),310077,Processing information,,011003,u-component,,,,Operational
bufr4/3/10/077/34/011004,10,Vertical sounding sequences (satellite data),310077,Processing information,,011004,v-component,,,,Operational
bufr4/3/10/077/35/012001,10,Vertical sounding sequences (satellite data),310077,Processing information,,012001,Temperature/air temperature,,,,Operational
bufr4/3/10/077/36/020014,10,Vertical sounding sequences (satellite data),310077,Processing information,,020014,Height of top of cloud,,,,Operational
bufr4/3/10/077/37/007024,10,Vertical sounding sequences (satellite data),310077,Processing information,,007024,Satellite zenith angle,,,,Operational
bufr4/3/10/077/38/001023,10,Vertical sounding sequences (satellite data),310077,Processing information,,001023,Observation sequence number,,,,Operational
bufr4/3/10/077/39/104000,10,Vertical sounding sequences (satellite data),310077,Processing information,,104000,Delayed replication of 4 descriptors,,,,Operational
bufr4/3/10/077/40/031001,10,Vertical sounding sequences (satellite data),310077,Processing information,,031001,Delayed descriptor replication factor,,,,Operational
bufr4/3/10/077/41/002162,10,Vertical sounding sequences (satellite data),310077,Processing information,,002162,Extended height assignment method,,,,Operational
bufr4/3/10/077/42/007004,10,Vertical sounding sequences (satellite data),310077,Processing information,,007004,Pressure,,,,Operational
bufr4/3/10/077/43/012001,10,Vertical sounding sequences (satellite data),310077,Processing information,,012001,Temperature/air temperature I.2 – BUFR Table D/10 — 27,,,,Operational
bufr4/3/10/077/1/020014,10,Vertical sounding sequences (satellite data),310077,Height of top of cloud Image information (for each image used),,020014,Height of top of cloud Image information (for each image used),,,,Operational
bufr4/3/10/077/2/113000,10,Vertical sounding sequences (satellite data),310077,Height of top of cloud Image information (for each image used),,113000,Delayed replication of 13 descriptors,,,,Operational
bufr4/3/10/077/3/031001,10,Vertical sounding sequences (satellite data),310077,Height of top of cloud Image information (for each image used),,031001,Delayed descriptor replication factor,,,,Operational
bufr4/3/10/077/4/004086,10,Vertical sounding sequences (satellite data),310077,Height of top of cloud Image information (for each image used),,004086,Long time period or displacement,Seconds,,,Operational
bufr4/3/10/077/5/002020,10,Vertical sounding sequences (satellite data),310077,Height of top of cloud Image information (for each image used),,002020,Satellite classification,,,,Operational
bufr4/3/10/077/6/001007,10,Vertical sounding sequences (satellite data),310077,Height of top of cloud Image information (for each image used),,001007,Satellite identifier,,,,Operational
bufr4/3/10/077/7/002019,10,Vertical sounding sequences (satellite data),310077,Height of top of cloud Image information (for each image used),,002019,Satellite instruments,,,,Operational
bufr4/3/10/077/8/005042,10,Vertical sounding sequences (satellite data),310077,Height of top of cloud Image information (for each image used),,005042,Channel number,,,,Operational
bufr4/3/10/077/9/002153,10,Vertical sounding sequences (satellite data),310077,Height of top of cloud Image information (for each image used),,002153,Satellite channel centre frequency,,,,Operational
bufr4/3/10/077/10/005040,10,Vertical sounding sequences (satellite data),310077,Height of top of cloud Image information (for each image used),,005040,Orbit number,,,,Operational
bufr4/3/10/077/11/007024,10,Vertical sounding sequences (satellite data),310077,Height of top of cloud Image information (for each image used),,007024,Satellite zenith angle,,,,Operational
bufr4/3/10/077/12/005021,10,Vertical sounding sequences (satellite data),310077,Height of top of cloud Image information (for each image used),,005021,Bearing or azimuth,,,,Operational
bufr4/3/10/077/13/002162,10,Vertical sounding sequences (satellite data),310077,Height of top of cloud Image information (for each image used),,002162,Extended height assignment method,,,,Operational
bufr4/3/10/077/14/007004,10,Vertical sounding sequences (satellite data),310077,Height of top of cloud Image information (for each image used),,007004,Pressure,,,,Operational
bufr4/3/10/077/15/012001,10,Vertical sounding sequences (satellite data),310077,Height of top of cloud Image information (for each image used),,012001,Temperature/air temperature,,,,Operational
bufr4/3/10/077/16/020014,10,Vertical sounding sequences (satellite data),310077,Height of top of cloud Image information (for each image used),,020014,Height of top of cloud Intermediate vectors (for each component vector),,,,Operational
bufr4/3/10/077/17/119000,10,Vertical sounding sequences (satellite data),310077,Height of top of cloud Image information (for each image used),,119000,Delayed replication of 19 descriptors,,,,Operational
bufr4/3/10/077/18/031001,10,Vertical sounding sequences (satellite data),310077,Height of top of cloud Image information (for each image used),,031001,Delayed descriptor replication factor,,,,Operational
bufr4/3/10/077/19/004086,10,Vertical sounding sequences (satellite data),310077,Height of top of cloud Image information (for each image used),,004086,Long time period or displacement,Seconds,,,Operational
bufr4/3/10/077/20/004086,10,Vertical sounding sequences (satellite data),310077,Height of top of cloud Image information (for each image used),,004086,Long time period or displacement,Seconds,,,Operational
bufr4/3/10/077/21/005001,10,Vertical sounding sequences (satellite data),310077,Height of top of cloud Image information (for each image used),,005001,Latitude (high accuracy),,,,Operational
bufr4/3/10/077/22/006001,10,Vertical sounding sequences (satellite data),310077,Height of top of cloud Image information (for each image used),,006001,Longitude (high accuracy),,,,Operational
bufr4/3/10/077/23/011003,10,Vertical sounding sequences (satellite data),310077,Height of top of cloud Image information (for each image used),,011003,u-component,,,,Operational
bufr4/3/10/077/24/011004,10,Vertical sounding sequences (satellite data),310077,Height of top of cloud Image information (for each image used),,011004,v-component,,,,Operational
bufr4/3/10/077/25/011113,10,Vertical sounding sequences (satellite data),310077,Height of top of cloud Image information (for each image used),,011113,Tracking correlation of vector,,,,Operational
bufr4/3/10/077/26/025148,10,Vertical sounding sequences (satellite data),310077,Height of top of cloud Image information (for each image used),,025148,Coefficient of variation,,,,Operational
bufr4/3/10/077/27/103000,10,Vertical sounding sequences (satellite data),310077,Height of top of cloud Image information (for each image used),,103000,Delayed replication of 3 descriptors,,,,Operational
bufr4/3/10/077/28/031001,10,Vertical sounding sequences (satellite data),310077,Height of top of cloud Image information (for each image used),,031001,Delayed descriptor replication factor,,,,Operational
bufr4/3/10/077/29/008023,10,Vertical sounding sequences (satellite data),310077,Height of top of cloud Image information (for each image used),,008023,First order statistics,,,,Operational
bufr4/3/10/077/30/011003,10,Vertical sounding sequences (satellite data),310077,Height of top of cloud Image information (for each image used),,011003,u-component,,,,Operational
bufr4/3/10/077/31/011004,10,Vertical sounding sequences (satellite data),310077,Height of top of cloud Image information (for each image used),,011004,v-component,,,,Operational
bufr4/3/10/077/32/008023,10,Vertical sounding sequences (satellite data),310077,Height of top of cloud Image information (for each image used),,008023,First order statistics,Set to missing (cancel),,,Operational
bufr4/3/10/077/33/103000,10,Vertical sounding sequences (satellite data),310077,Height of top of cloud Image information (for each image used),,103000,Delayed replication of 3 descriptors,,,,Operational
bufr4/3/10/077/34/031001,10,Vertical sounding sequences (satellite data),310077,Height of top of cloud Image information (for each image used),,031001,Delayed descriptor replication factor,,,,Operational
bufr4/3/10/077/35/020111,10,Vertical sounding sequences (satellite data),310077,Height of top of cloud Image information (for each image used),,020111,x-axis error ellipse major component,,,,Operational
bufr4/3/10/077/36/020112,10,Vertical sounding sequences (satellite data),310077,Height of top of cloud Image information (for each image used),,020112,y-axis error ellipse minor component,,,,Operational
bufr4/3/10/077/37/020114,10,Vertical sounding sequences (satellite data),310077,Height of top of cloud Image information (for each image used),,020114,Angle of x-axis in error ellipse Corresponding forecast data,,,,Operational
bufr4/3/10/077/38/001033,10,Vertical sounding sequences (satellite data),310077,Height of top of cloud Image information (for each image used),,001033,Identification of originating/generating centre,,,,Operational
bufr4/3/10/077/39/008021,10,Vertical sounding sequences (satellite data),310077,Height of top of cloud Image information (for each image used),,008021,Time significance,= 27 First guess,,,Operational
bufr4/3/10/077/40/007004,10,Vertical sounding sequences (satellite data),310077,Height of top of cloud Image information (for each image used),,007004,Pressure,,,,Operational
bufr4/3/10/077/41/011095,10,Vertical sounding sequences (satellite data),310077,Height of top of cloud Image information (for each image used),,011095,u-component of the model wind vector,,,,Operational
bufr4/3/10/077/42/011096,10,Vertical sounding sequences (satellite data),310077,Height of top of cloud Image information (for each image used),,011096,v-component of the model wind vector,,,,Operational
bufr4/3/10/077/43/008021,10,Vertical sounding sequences (satellite data),310077,Height of top of cloud Image information (for each image used),,008021,Time significance,= 4 Forecast,,,Operational
bufr4/3/10/077/44/007004,10,Vertical sounding sequences (satellite data),310077,Height of top of cloud Image information (for each image used),,007004,Pressure,,,,Operational
bufr4/3/10/077/45/011095,10,Vertical sounding sequences (satellite data),310077,Height of top of cloud Image information (for each image used),,011095,u-component of the model wind vector,,,,Operational
bufr4/3/10/077/1/011096,10,Vertical sounding sequences (satellite data),310077,v-component of the model wind vector,,011096,v-component of the model wind vector,,,,Operational
bufr4/3/10/077/2/008021,10,Vertical sounding sequences (satellite data),310077,v-component of the model wind vector,,008021,Time significance,Set to missing (cancel),,,Operational
bufr4/3/10/077/3/008086,10,Vertical sounding sequences (satellite data),310077,v-component of the model wind vector,,008086,Vertical significance for NWP,= 10 Level of best fit,,,Operational
bufr4/3/10/077/4/007004,10,Vertical sounding sequences (satellite data),310077,v-component of the model wind vector,,007004,Pressure,,,,Operational
bufr4/3/10/077/5/011095,10,Vertical sounding sequences (satellite data),310077,v-component of the model wind vector,,011095,u-component of the model wind vector,,,,Operational
bufr4/3/10/077/6/011096,10,Vertical sounding sequences (satellite data),310077,v-component of the model wind vector,,011096,v-component of the model wind vector,,,,Operational
bufr4/3/10/077/7/008086,10,Vertical sounding sequences (satellite data),310077,v-component of the model wind vector,,008086,Vertical significance for NWP Final AMV quality,Set to missing (cancel),,,Operational
bufr4/3/10/077/8/102004,10,Vertical sounding sequences (satellite data),310077,v-component of the model wind vector,,102004,Replicate 2 descriptors 4 times,,,,Operational
bufr4/3/10/077/9/001044,10,Vertical sounding sequences (satellite data),310077,v-component of the model wind vector,,001044,Standard generating application,,,,Operational
bufr4/3/10/077/10/033007,10,Vertical sounding sequences (satellite data),310077,v-component of the model wind vector,,033007,Per cent confidence,,,,Operational
bufr4/3/10/077/11/008092,10,Vertical sounding sequences (satellite data),310077,v-component of the model wind vector,,008092,Measurement uncertainty expression,= 0 Standard uncertainty,,,Operational
bufr4/3/10/077/12/007004,10,Vertical sounding sequences (satellite data),310077,v-component of the model wind vector,,007004,Pressure,,,,Operational
bufr4/3/10/077/13/011003,10,Vertical sounding sequences (satellite data),310077,v-component of the model wind vector,,011003,u-component,,,,Operational
bufr4/3/10/077/14/011004,10,Vertical sounding sequences (satellite data),310077,v-component of the model wind vector,,011004,v-component,,,,Operational
bufr4/3/10/077/15/008092,10,Vertical sounding sequences (satellite data),310077,v-component of the model wind vector,,008092,Measurement uncertainty expression,Set to missing (cancel),,,Operational
bufr4/3/10/077/16/033066,10,Vertical sounding sequences (satellite data),310077,v-component of the model wind vector,,033066,AMV quality flag Cloud data and microphysics (refers to the nominal image used for height assignment),,,,Operational
bufr4/3/10/077/17/020081,10,Vertical sounding sequences (satellite data),310077,v-component of the model wind vector,,020081,Cloud amount in segment,,,,Operational
bufr4/3/10/077/18/020012,10,Vertical sounding sequences (satellite data),310077,v-component of the model wind vector,,020012,Cloud type,,,,Operational
bufr4/3/10/077/19/020056,10,Vertical sounding sequences (satellite data),310077,v-component of the model wind vector,,020056,Cloud phase,,,,Operational
bufr4/3/10/077/20/117000,10,Vertical sounding sequences (satellite data),310077,v-component of the model wind vector,,117000,Delayed replication of 17 descriptors,,,,Operational
bufr4/3/10/077/21/031001,10,Vertical sounding sequences (satellite data),310077,v-component of the model wind vector,,031001,Delayed descriptor replication factor,,,,Operational
bufr4/3/10/077/22/008023,10,Vertical sounding sequences (satellite data),310077,v-component of the model wind vector,,008023,First order statistics,,,,Operational
bufr4/3/10/077/23/020016,10,Vertical sounding sequences (satellite data),310077,v-component of the model wind vector,,020016,Pressure at the top of cloud,,,,Operational
bufr4/3/10/077/24/008092,10,Vertical sounding sequences (satellite data),310077,v-component of the model wind vector,,008092,Measurement uncertainty expression,= 0 Standard uncertainty,,,Operational
bufr4/3/10/077/25/008003,10,Vertical sounding sequences (satellite data),310077,v-component of the model wind vector,,008003,Vertical significance (satellite observations),= 2 Cloud top,,,Operational
bufr4/3/10/077/26/012001,10,Vertical sounding sequences (satellite data),310077,v-component of the model wind vector,,012001,Temperature/air temperature,,,,Operational
bufr4/3/10/077/27/008003,10,Vertical sounding sequences (satellite data),310077,v-component of the model wind vector,,008003,Vertical significance (satellite observations),Set to missing (cancel),,,Operational
bufr4/3/10/077/28/020016,10,Vertical sounding sequences (satellite data),310077,v-component of the model wind vector,,020016,Pressure at the top of cloud,,,,Operational
bufr4/3/10/077/29/008092,10,Vertical sounding sequences (satellite data),310077,v-component of the model wind vector,,008092,Measurement uncertainty expression,Set to missing (cancel),,,Operational
bufr4/3/10/077/30/025149,10,Vertical sounding sequences (satellite data),310077,v-component of the model wind vector,,025149,Optimal estimation cost,,,,Operational
bufr4/3/10/077/31/020016,10,Vertical sounding sequences (satellite data),310077,v-component of the model wind vector,,020016,Pressure at the top of cloud,,,,Operational
bufr4/3/10/077/32/020014,10,Vertical sounding sequences (satellite data),310077,v-component of the model wind vector,,020014,Height of the top of cloud,,,,Operational
bufr4/3/10/077/33/013093,10,Vertical sounding sequences (satellite data),310077,v-component of the model wind vector,,013093,Cloud optical thickness,,,,Operational
bufr4/3/10/077/34/013109,10,Vertical sounding sequences (satellite data),310077,v-component of the model wind vector,,013109,Ice/liquid water path,,,,Operational
bufr4/3/10/077/35/040038,10,Vertical sounding sequences (satellite data),310077,v-component of the model wind vector,,040038,Cloud particle size,,,,Operational
bufr4/3/10/077/36/008011,10,Vertical sounding sequences (satellite data),310077,v-component of the model wind vector,,008011,Meteorological feature,= 12 Cloud,,,Operational
bufr4/3/10/077/37/014050,10,Vertical sounding sequences (satellite data),310077,v-component of the model wind vector,,014050,Emissivity,,,,Operational
bufr4/3/10/077/38/008011,10,Vertical sounding sequences (satellite data),310077,v-component of the model wind vector,,008011,Meteorological feature,Set to missing (cancel),,,Operational
bufr4/3/10/077/39/008023,10,Vertical sounding sequences (satellite data),310077,v-component of the model wind vector,,008023,First order statistics I.2 – BUFR Table D/10 — 29,Set to missing (cancel),,,Operational
