Id,Category,CategoryOfSequences_en,FXY1,Title_en,SubTitle_en,FXY2,ElementName_en,ElementDescription_en,Note_en,noteIDs,Status
bufr4/3/09/001/1/301037,09,Vertical sounding sequences (conventional data),309001,Land station for vertical soundings,,301037,Land station for vertical soundings,"Identification, etc. (land station, high accuracy position)",,,Operational
bufr4/3/09/001/2/101000,09,Vertical sounding sequences (conventional data),309001,Land station for vertical soundings,,101000,Delayed replication of 1 descriptor,,,,Operational
bufr4/3/09/001/3/031001,09,Vertical sounding sequences (conventional data),309001,Land station for vertical soundings,,031001,Delayed descriptor replication factor,,,,Operational
bufr4/3/09/001/4/303011,09,Vertical sounding sequences (conventional data),309001,Land station for vertical soundings,,303011,Wind at height (Vertical wind profile),,,,Operational
bufr4/3/09/002/1/301038,09,Vertical sounding sequences (conventional data),309002,Land station for vertical soundings,,301038,Land station for vertical soundings,"Identification, etc. (land station, coarse accuracy position)",,,Operational
bufr4/3/09/002/2/101000,09,Vertical sounding sequences (conventional data),309002,Land station for vertical soundings,,101000,Delayed replication of 1 descriptor,,,,Operational
bufr4/3/09/002/3/031001,09,Vertical sounding sequences (conventional data),309002,Land station for vertical soundings,,031001,Delayed descriptor replication factor,,,,Operational
bufr4/3/09/002/4/303011,09,Vertical sounding sequences (conventional data),309002,Land station for vertical soundings,,303011,Wind at height (Vertical wind profile),,,,Operational
bufr4/3/09/003/1/301037,09,Vertical sounding sequences (conventional data),309003,Land station for vertical soundings,,301037,Land station for vertical soundings,"Identification, etc. (land station, high accuracy position)",,,Operational
bufr4/3/09/003/2/101000,09,Vertical sounding sequences (conventional data),309003,Land station for vertical soundings,,101000,Delayed replication of 1 descriptor,,,,Operational
bufr4/3/09/003/3/031001,09,Vertical sounding sequences (conventional data),309003,Land station for vertical soundings,,031001,Delayed descriptor replication factor,,,,Operational
bufr4/3/09/003/4/303012,09,Vertical sounding sequences (conventional data),309003,Land station for vertical soundings,,303012,Wind at pressure level (Vertical wind profile),,,,Operational
bufr4/3/09/004/1/301038,09,Vertical sounding sequences (conventional data),309004,Land station for vertical soundings,,301038,Land station for vertical soundings,"Identification, etc. (land station, coarse accuracy position)",,,Operational
bufr4/3/09/004/2/101000,09,Vertical sounding sequences (conventional data),309004,Land station for vertical soundings,,101000,Delayed replication of 1 descriptor,,,,Operational
bufr4/3/09/004/3/031001,09,Vertical sounding sequences (conventional data),309004,Land station for vertical soundings,,031001,Delayed descriptor replication factor,,,,Operational
bufr4/3/09/004/4/303012,09,Vertical sounding sequences (conventional data),309004,Land station for vertical soundings,,303012,Wind at pressure level (Vertical sounding with relative humidity),,,,Operational
bufr4/3/09/005/1/301037,09,Vertical sounding sequences (conventional data),309005,Land station for vertical soundings,,301037,Land station for vertical soundings,"Identification, etc. (land station, high accuracy position)",,,Operational
bufr4/3/09/005/2/302004,09,Vertical sounding sequences (conventional data),309005,Land station for vertical soundings,,302004,General cloud information,Significant cloud layer,,,Operational
bufr4/3/09/005/3/101000,09,Vertical sounding sequences (conventional data),309005,Land station for vertical soundings,,101000,Delayed replication of 1 descriptor,,,,Operational
bufr4/3/09/005/4/031001,09,Vertical sounding sequences (conventional data),309005,Land station for vertical soundings,,031001,Delayed descriptor replication factor,,,,Operational
bufr4/3/09/005/5/303013,09,Vertical sounding sequences (conventional data),309005,Land station for vertical soundings,,303013,"Geopotential, temperature, humidity, wind at pressure level (Vertical sounding with relative humidity)",,,,Operational
bufr4/3/09/006/1/301038,09,Vertical sounding sequences (conventional data),309006,Land station for vertical soundings,,301038,Land station for vertical soundings,"Identification, etc. (land station, coarse accuracy position)",,,Operational
bufr4/3/09/006/2/302004,09,Vertical sounding sequences (conventional data),309006,Land station for vertical soundings,,302004,General cloud information,Significant cloud layer,,,Operational
bufr4/3/09/006/3/101000,09,Vertical sounding sequences (conventional data),309006,Land station for vertical soundings,,101000,Delayed replication of 1 descriptor,,,,Operational
bufr4/3/09/006/4/031001,09,Vertical sounding sequences (conventional data),309006,Land station for vertical soundings,,031001,Delayed descriptor replication factor,,,,Operational
bufr4/3/09/006/5/303013,09,Vertical sounding sequences (conventional data),309006,Land station for vertical soundings,,303013,"Geopotential, temperature, humidity, wind at pressure level I.2",(continued) – BUFR Table D/09 — 1,,,Operational
bufr4/3/09/007/1/301037,09,Vertical sounding sequences (conventional data),309007,Land station for vertical soundings,,301037,Land station for vertical soundings,"Identification, etc. (land station, high accuracy position)",,,Operational
bufr4/3/09/007/2/302004,09,Vertical sounding sequences (conventional data),309007,Land station for vertical soundings,,302004,General cloud information,Significant cloud layer,,,Operational
bufr4/3/09/007/3/101000,09,Vertical sounding sequences (conventional data),309007,Land station for vertical soundings,,101000,Delayed replication of 1 descriptor,,,,Operational
bufr4/3/09/007/4/031001,09,Vertical sounding sequences (conventional data),309007,Land station for vertical soundings,,031001,Delayed descriptor replication factor,,,,Operational
bufr4/3/09/007/5/303014,09,Vertical sounding sequences (conventional data),309007,Land station for vertical soundings,,303014,"Geopotential, temperature, dewpoint temperature, wind at pressure level (Vertical sounding with dewpoint data)",,,,Operational
bufr4/3/09/008/1/301038,09,Vertical sounding sequences (conventional data),309008,Land station for vertical soundings,,301038,Land station for vertical soundings,"Identification, etc. (land station, coarse accuracy position)",,,Operational
bufr4/3/09/008/2/302004,09,Vertical sounding sequences (conventional data),309008,Land station for vertical soundings,,302004,General cloud information,Significant cloud layer,,,Operational
bufr4/3/09/008/3/101000,09,Vertical sounding sequences (conventional data),309008,Land station for vertical soundings,,101000,Delayed replication of 1 descriptor,,,,Operational
bufr4/3/09/008/4/031001,09,Vertical sounding sequences (conventional data),309008,Land station for vertical soundings,,031001,Delayed descriptor replication factor,,,,Operational
bufr4/3/09/008/5/303014,09,Vertical sounding sequences (conventional data),309008,Land station for vertical soundings,,303014,"Geopotential, temperature, dewpoint temperature, wind at pressure level (Vertical wind profile)",,,,Operational
bufr4/3/09/011/1/301039,09,Vertical sounding sequences (conventional data),309011,Ship for vertical soundings,,301039,Ship for vertical soundings,"Ship’s identification, etc.",,,Operational
bufr4/3/09/011/2/101000,09,Vertical sounding sequences (conventional data),309011,Ship for vertical soundings,,101000,Delayed replication of 1 descriptor,,,,Operational
bufr4/3/09/011/3/031001,09,Vertical sounding sequences (conventional data),309011,Ship for vertical soundings,,031001,Delayed descriptor replication factor,,,,Operational
bufr4/3/09/011/4/303011,09,Vertical sounding sequences (conventional data),309011,Ship for vertical soundings,,303011,Wind at height (Vertical wind profile),,,,Operational
bufr4/3/09/012/1/301039,09,Vertical sounding sequences (conventional data),309012,Ship for vertical soundings,,301039,Ship for vertical soundings,"Ship’s identification, etc.",,,Operational
bufr4/3/09/012/2/101000,09,Vertical sounding sequences (conventional data),309012,Ship for vertical soundings,,101000,Delayed replication of 1 descriptor,,,,Operational
bufr4/3/09/012/3/031001,09,Vertical sounding sequences (conventional data),309012,Ship for vertical soundings,,031001,Delayed descriptor replication factor,,,,Operational
bufr4/3/09/012/4/303012,09,Vertical sounding sequences (conventional data),309012,Ship for vertical soundings,,303012,Wind at pressure level (Vertical sounding with relative humidity),,,,Operational
bufr4/3/09/013/1/301039,09,Vertical sounding sequences (conventional data),309013,Ship for vertical soundings,,301039,Ship for vertical soundings,"Ship’s identification, etc.",,,Operational
bufr4/3/09/013/2/302004,09,Vertical sounding sequences (conventional data),309013,Ship for vertical soundings,,302004,General cloud information,Significant cloud layer,,,Operational
bufr4/3/09/013/3/101000,09,Vertical sounding sequences (conventional data),309013,Ship for vertical soundings,,101000,Delayed replication of 1 descriptor,,,,Operational
bufr4/3/09/013/4/031001,09,Vertical sounding sequences (conventional data),309013,Ship for vertical soundings,,031001,Delayed descriptor replication factor,,,,Operational
bufr4/3/09/013/5/303013,09,Vertical sounding sequences (conventional data),309013,Ship for vertical soundings,,303013,"Geopotential, temperature, humidity, wind at pressure level (Vertical sounding with dewpoint data)",,,,Operational
bufr4/3/09/014/1/301039,09,Vertical sounding sequences (conventional data),309014,Ship for vertical soundings,,301039,Ship for vertical soundings,"Ship’s identification, etc.",,,Operational
bufr4/3/09/014/2/302004,09,Vertical sounding sequences (conventional data),309014,Ship for vertical soundings,,302004,General cloud information,Significant cloud layer,,,Operational
bufr4/3/09/014/3/101000,09,Vertical sounding sequences (conventional data),309014,Ship for vertical soundings,,101000,Delayed replication of 1 descriptor,,,,Operational
bufr4/3/09/014/4/031001,09,Vertical sounding sequences (conventional data),309014,Ship for vertical soundings,,031001,Delayed descriptor replication factor,,,,Operational
bufr4/3/09/014/5/303014,09,Vertical sounding sequences (conventional data),309014,Ship for vertical soundings,,303014,"Geopotential, temperature, dewpoint temperature, wind at pressure level",,,,Operational
bufr4/3/09/015/1/301040,09,Vertical sounding sequences (conventional data),309015,Ship for vertical soundings,,301040,Ship for vertical soundings,"Ship’s identification, etc.",,,Operational
bufr4/3/09/015/2/101000,09,Vertical sounding sequences (conventional data),309015,Ship for vertical soundings,,101000,Delayed replication of 1 descriptor,,,,Operational
bufr4/3/09/015/3/031001,09,Vertical sounding sequences (conventional data),309015,Ship for vertical soundings,,031001,Delayed descriptor replication factor,,,,Operational
bufr4/3/09/015/4/303011,09,Vertical sounding sequences (conventional data),309015,Ship for vertical soundings,,303011,Wind at height (Vertical wind profile),,,,Operational
bufr4/3/09/016/1/301040,09,Vertical sounding sequences (conventional data),309016,Ship for vertical soundings,,301040,Ship for vertical soundings,"Ship’s identification, etc.",,,Operational
bufr4/3/09/016/2/101000,09,Vertical sounding sequences (conventional data),309016,Ship for vertical soundings,,101000,Delayed replication of 1 descriptor,,,,Operational
bufr4/3/09/016/3/031001,09,Vertical sounding sequences (conventional data),309016,Ship for vertical soundings,,031001,Delayed descriptor replication factor,,,,Operational
bufr4/3/09/016/4/303012,09,Vertical sounding sequences (conventional data),309016,Ship for vertical soundings,,303012,Wind at pressure level (Vertical sounding with relative humidity),,,,Operational
bufr4/3/09/017/1/301040,09,Vertical sounding sequences (conventional data),309017,Ship for vertical soundings,,301040,Ship for vertical soundings,"Ship’s identification, etc.",,,Operational
bufr4/3/09/017/2/302004,09,Vertical sounding sequences (conventional data),309017,Ship for vertical soundings,,302004,General cloud information,Significant cloud layer,,,Operational
bufr4/3/09/017/3/101000,09,Vertical sounding sequences (conventional data),309017,Ship for vertical soundings,,101000,Delayed replication of 1 descriptor,,,,Operational
bufr4/3/09/017/4/031001,09,Vertical sounding sequences (conventional data),309017,Ship for vertical soundings,,031001,Delayed descriptor replication factor,,,,Operational
bufr4/3/09/017/5/303013,09,Vertical sounding sequences (conventional data),309017,Ship for vertical soundings,,303013,"Geopotential, temperature, humidity, wind at pressure level (Vertical sounding with dewpoint data)",,,,Operational
bufr4/3/09/018/1/301040,09,Vertical sounding sequences (conventional data),309018,Ship for vertical soundings,,301040,Ship for vertical soundings,"Ship’s identification, etc.",,,Operational
bufr4/3/09/018/2/302004,09,Vertical sounding sequences (conventional data),309018,Ship for vertical soundings,,302004,General cloud information,Significant cloud layer,,,Operational
bufr4/3/09/018/3/101000,09,Vertical sounding sequences (conventional data),309018,Ship for vertical soundings,,101000,Delayed replication of 1 descriptor,,,,Operational
bufr4/3/09/018/4/031001,09,Vertical sounding sequences (conventional data),309018,Ship for vertical soundings,,031001,Delayed descriptor replication factor,,,,Operational
bufr4/3/09/018/5/303014,09,Vertical sounding sequences (conventional data),309018,Ship for vertical soundings,,303014,"Geopotential, temperature, dewpoint temperature, wind at pressure level (Wind profiler – wind data sounding)",,,,Operational
bufr4/3/09/019/1/301031,09,Vertical sounding sequences (conventional data),309019,"Identification and type of station, date/time, location (high accuracy), height of station",,301031,"Identification and type of station, date/time, location (high accuracy), height of station",,,,Operational
bufr4/3/09/019/2/002003,09,Vertical sounding sequences (conventional data),309019,"Identification and type of station, date/time, location (high accuracy), height of station",,002003,Type of measuring equipment used,,,,Operational
bufr4/3/09/019/3/101000,09,Vertical sounding sequences (conventional data),309019,"Identification and type of station, date/time, location (high accuracy), height of station",,101000,Delayed replication of 1 descriptor,,,,Operational
bufr4/3/09/019/4/031001,09,Vertical sounding sequences (conventional data),309019,"Identification and type of station, date/time, location (high accuracy), height of station",,031001,Delayed descriptor replication factor,,,,Operational
bufr4/3/09/019/5/303011,09,Vertical sounding sequences (conventional data),309019,"Identification and type of station, date/time, location (high accuracy), height of station",,303011,Wind at height (Wind profiler – Cartesian coordinates),,,,Operational
bufr4/3/09/020/1/301031,09,Vertical sounding sequences (conventional data),309020,"Identification and type of station, date/time, location (high accuracy), height of station",,301031,"Identification and type of station, date/time, location (high accuracy), height of station",,,,Operational
bufr4/3/09/020/2/002003,09,Vertical sounding sequences (conventional data),309020,"Identification and type of station, date/time, location (high accuracy), height of station",,002003,Type of measuring equipment used,,,,Operational
bufr4/3/09/020/3/104000,09,Vertical sounding sequences (conventional data),309020,"Identification and type of station, date/time, location (high accuracy), height of station",,104000,Delayed replication of 4 descriptors,,,,Operational
bufr4/3/09/020/4/031001,09,Vertical sounding sequences (conventional data),309020,"Identification and type of station, date/time, location (high accuracy), height of station",,031001,Delayed descriptor replication factor,,,,Operational
bufr4/3/09/020/5/007003,09,Vertical sounding sequences (conventional data),309020,"Identification and type of station, date/time, location (high accuracy), height of station",,007003,Geopotential,,,,Operational
bufr4/3/09/020/6/011003,09,Vertical sounding sequences (conventional data),309020,"Identification and type of station, date/time, location (high accuracy), height of station",,011003,u-component,,,,Operational
bufr4/3/09/020/7/011004,09,Vertical sounding sequences (conventional data),309020,"Identification and type of station, date/time, location (high accuracy), height of station",,011004,v-component,,,,Operational
bufr4/3/09/020/8/011005,09,Vertical sounding sequences (conventional data),309020,"Identification and type of station, date/time, location (high accuracy), height of station",,011005,w-component I.2,(continued) – BUFR Table D/09 — 3,,,Operational
bufr4/3/09/021/1/301001,09,Vertical sounding sequences (conventional data),309021,WMO block and station numbers,,301001,WMO block and station numbers,,,,Operational
bufr4/3/09/021/2/005001,09,Vertical sounding sequences (conventional data),309021,WMO block and station numbers,,005001,Latitude (high accuracy),,,,Operational
bufr4/3/09/021/3/006001,09,Vertical sounding sequences (conventional data),309021,WMO block and station numbers,,006001,Longitude (high accuracy),,,,Operational
bufr4/3/09/021/4/007030,09,Vertical sounding sequences (conventional data),309021,WMO block and station numbers,,007030,Height of station ground above mean sea level,,,,Operational
bufr4/3/09/021/5/301014,09,Vertical sounding sequences (conventional data),309021,WMO block and station numbers,,301014,Time period,,,,Operational
bufr4/3/09/021/6/002003,09,Vertical sounding sequences (conventional data),309021,WMO block and station numbers,,002003,Type of measuring equipment used,,,,Operational
bufr4/3/09/021/7/002121,09,Vertical sounding sequences (conventional data),309021,WMO block and station numbers,,002121,Mean frequency,,,,Operational
bufr4/3/09/021/8/112000,09,Vertical sounding sequences (conventional data),309021,WMO block and station numbers,,112000,Delayed replication of 12 descriptors,,,,Operational
bufr4/3/09/021/9/031001,09,Vertical sounding sequences (conventional data),309021,WMO block and station numbers,,031001,Delayed descriptor replication factor,,,,Operational
bufr4/3/09/021/10/007007,09,Vertical sounding sequences (conventional data),309021,WMO block and station numbers,,007007,Height,,,,Operational
bufr4/3/09/021/11/301021,09,Vertical sounding sequences (conventional data),309021,WMO block and station numbers,,301021,Latitude/longitude (high accuracy),,,,Operational
bufr4/3/09/021/12/011003,09,Vertical sounding sequences (conventional data),309021,WMO block and station numbers,,011003,u-component,,,,Operational
bufr4/3/09/021/13/011110,09,Vertical sounding sequences (conventional data),309021,WMO block and station numbers,,011110,Uncertainty in u-component,,,,Operational
bufr4/3/09/021/14/011004,09,Vertical sounding sequences (conventional data),309021,WMO block and station numbers,,011004,v-component,,,,Operational
bufr4/3/09/021/15/011111,09,Vertical sounding sequences (conventional data),309021,WMO block and station numbers,,011111,Uncertainty in v-component,,,,Operational
bufr4/3/09/021/16/033002,09,Vertical sounding sequences (conventional data),309021,WMO block and station numbers,,033002,Quality information,,,,Operational
bufr4/3/09/021/17/011006,09,Vertical sounding sequences (conventional data),309021,WMO block and station numbers,,011006,w-component,,,,Operational
bufr4/3/09/021/18/011112,09,Vertical sounding sequences (conventional data),309021,WMO block and station numbers,,011112,Uncertainty in w-component,,,,Operational
bufr4/3/09/021/19/033002,09,Vertical sounding sequences (conventional data),309021,WMO block and station numbers,,033002,Quality information,,,,Operational
bufr4/3/09/021/20/010071,09,Vertical sounding sequences (conventional data),309021,WMO block and station numbers,,010071,Vertical resolution,,,,Operational
bufr4/3/09/021/21/027079,09,Vertical sounding sequences (conventional data),309021,WMO block and station numbers,,027079,Horizontal width of sampled volume (RASS virtual temperature (product data)),,,,Operational
bufr4/3/09/022/1/301001,09,Vertical sounding sequences (conventional data),309022,WMO block and station numbers,,301001,WMO block and station numbers,,,,Operational
bufr4/3/09/022/2/005001,09,Vertical sounding sequences (conventional data),309022,WMO block and station numbers,,005001,Latitude (high accuracy),,,,Operational
bufr4/3/09/022/3/006001,09,Vertical sounding sequences (conventional data),309022,WMO block and station numbers,,006001,Longitude (high accuracy),,,,Operational
bufr4/3/09/022/4/007030,09,Vertical sounding sequences (conventional data),309022,WMO block and station numbers,,007030,Height of station ground above mean sea level,,,,Operational
bufr4/3/09/022/5/301014,09,Vertical sounding sequences (conventional data),309022,WMO block and station numbers,,301014,Time period,,,,Operational
bufr4/3/09/022/6/002003,09,Vertical sounding sequences (conventional data),309022,WMO block and station numbers,,002003,Type of measuring equipment used,,,,Operational
bufr4/3/09/022/7/002121,09,Vertical sounding sequences (conventional data),309022,WMO block and station numbers,,002121,Mean frequency,,,,Operational
bufr4/3/09/022/8/110000,09,Vertical sounding sequences (conventional data),309022,WMO block and station numbers,,110000,Delayed replication of 10 descriptors,,,,Operational
bufr4/3/09/022/9/031001,09,Vertical sounding sequences (conventional data),309022,WMO block and station numbers,,031001,Delayed descriptor replication factor,,,,Operational
bufr4/3/09/022/10/007007,09,Vertical sounding sequences (conventional data),309022,WMO block and station numbers,,007007,Height,,,,Operational
bufr4/3/09/022/11/301021,09,Vertical sounding sequences (conventional data),309022,WMO block and station numbers,,301021,Latitude/longitude (high accuracy),,,,Operational
bufr4/3/09/022/12/012007,09,Vertical sounding sequences (conventional data),309022,WMO block and station numbers,,012007,Virtual temperature,,,,Operational
bufr4/3/09/022/13/012008,09,Vertical sounding sequences (conventional data),309022,WMO block and station numbers,,012008,Uncertainty in virtual temperature,,,,Operational
bufr4/3/09/022/14/033002,09,Vertical sounding sequences (conventional data),309022,WMO block and station numbers,,033002,Quality information,,,,Operational
bufr4/3/09/022/15/011006,09,Vertical sounding sequences (conventional data),309022,WMO block and station numbers,,011006,w-component,,,,Operational
bufr4/3/09/022/16/011112,09,Vertical sounding sequences (conventional data),309022,WMO block and station numbers,,011112,Uncertainty in w-component,,,,Operational
bufr4/3/09/022/17/033002,09,Vertical sounding sequences (conventional data),309022,WMO block and station numbers,,033002,Quality information,,,,Operational
bufr4/3/09/022/18/010071,09,Vertical sounding sequences (conventional data),309022,WMO block and station numbers,,010071,Vertical resolution,,,,Operational
bufr4/3/09/022/19/027079,09,Vertical sounding sequences (conventional data),309022,WMO block and station numbers,,027079,Horizontal width of sampled volume,,,,Operational
bufr4/3/09/023/1/301001,09,Vertical sounding sequences (conventional data),309023,Header section,,301001,WMO block and station numbers,,,,Operational
bufr4/3/09/023/2/005001,09,Vertical sounding sequences (conventional data),309023,Header section,,005001,Latitude (high accuracy),,,,Operational
bufr4/3/09/023/3/006001,09,Vertical sounding sequences (conventional data),309023,Header section,,006001,Longitude (high accuracy),,,,Operational
bufr4/3/09/023/4/007030,09,Vertical sounding sequences (conventional data),309023,Header section,,007030,Height of station ground above mean sea level,,,,Operational
bufr4/3/09/023/5/301014,09,Vertical sounding sequences (conventional data),309023,Header section,,301014,Time period,,,,Operational
bufr4/3/09/023/6/002003,09,Vertical sounding sequences (conventional data),309023,Header section,,002003,Type of measuring equipment used Cloud data section,,,,Operational
bufr4/3/09/023/7/302004,09,Vertical sounding sequences (conventional data),309023,Header section,,302004,General cloud information,,,,Operational
bufr4/3/09/023/8/302005,09,Vertical sounding sequences (conventional data),309023,Header section,,302005,Cloud layer Backscatter data section,,,,Operational
bufr4/3/09/023/9/114000,09,Vertical sounding sequences (conventional data),309023,Header section,,114000,Delayed replication of 14 descriptors,,,,Operational
bufr4/3/09/023/10/031001,09,Vertical sounding sequences (conventional data),309023,Header section,,031001,Delayed descriptor replication factor,,,,Operational
bufr4/3/09/023/11/007007,09,Vertical sounding sequences (conventional data),309023,Header section,,007007,Height,,,,Operational
bufr4/3/09/023/12/301021,09,Vertical sounding sequences (conventional data),309023,Header section,,301021,Latitude/longitude (high accuracy),,,,Operational
bufr4/3/09/023/13/101000,09,Vertical sounding sequences (conventional data),309023,Header section,,101000,Delayed replication of 1 descriptor,,,,Operational
bufr4/3/09/023/14/031001,09,Vertical sounding sequences (conventional data),309023,Header section,,031001,Delayed descriptor replication factor,Number of wavelength measurements present in the data,,,Operational
bufr4/3/09/023/15/002121,09,Vertical sounding sequences (conventional data),309023,Header section,,002121,Mean frequency,,,,Operational
bufr4/3/09/023/16/015063,09,Vertical sounding sequences (conventional data),309023,Header section,,015063,Attenuated backscatter,,,,Operational
bufr4/3/09/023/17/015064,09,Vertical sounding sequences (conventional data),309023,Header section,,015064,Uncertainty in attenuated backscatter,,,,Operational
bufr4/3/09/023/18/015065,09,Vertical sounding sequences (conventional data),309023,Header section,,015065,Particle backscatter coefficient,,,,Operational
bufr4/3/09/023/19/015066,09,Vertical sounding sequences (conventional data),309023,Header section,,015066,Uncertainty in particle backscatter coefficient,,,,Operational
bufr4/3/09/023/20/015067,09,Vertical sounding sequences (conventional data),309023,Header section,,015067,Particle extinction coefficient,,,,Operational
bufr4/3/09/023/21/015068,09,Vertical sounding sequences (conventional data),309023,Header section,,015068,Uncertainty in particle extinction coefficient,,,,Operational
bufr4/3/09/023/22/015069,09,Vertical sounding sequences (conventional data),309023,Header section,,015069,Particle lidar ratio,,,,Operational
bufr4/3/09/023/23/015070,09,Vertical sounding sequences (conventional data),309023,Header section,,015070,Uncertainty in lidar ratio,,,,Operational
bufr4/3/09/023/24/015071,09,Vertical sounding sequences (conventional data),309023,Header section,,015071,Particle depolarization ratio,,,,Operational
bufr4/3/09/023/25/015072,09,Vertical sounding sequences (conventional data),309023,Header section,,015072,Uncertainty in depolarization ratio,,,,Operational
bufr4/3/09/023/26/033002,09,Vertical sounding sequences (conventional data),309023,Header section,,033002,Quality information,,,,Operational
bufr4/3/09/023/27/010071,09,Vertical sounding sequences (conventional data),309023,Header section,,010071,Vertical resolution,,,,Operational
bufr4/3/09/023/28/027079,09,Vertical sounding sequences (conventional data),309023,Header section,,027079,Horizontal width of sampled volume I.2,(continued) – BUFR Table D/09 — 5,,,Operational
bufr4/3/09/030/1/015004,09,Vertical sounding sequences (conventional data),309030,Ozone sounding correction factor (CF),,015004,Ozone sounding correction factor (CF),,,,Operational
bufr4/3/09/030/2/015005,09,Vertical sounding sequences (conventional data),309030,Ozone sounding correction factor (CF),,015005,Ozone p,,,,Operational
bufr4/3/09/030/3/104000,09,Vertical sounding sequences (conventional data),309030,Ozone sounding correction factor (CF),,104000,Delayed replication of 4 descriptors,,,,Operational
bufr4/3/09/030/4/031001,09,Vertical sounding sequences (conventional data),309030,Ozone sounding correction factor (CF),,031001,Delayed descriptor replication factor,,,,Operational
bufr4/3/09/030/5/004015,09,Vertical sounding sequences (conventional data),309030,Ozone sounding correction factor (CF),,004015,Time increment,"Since launch time, if needed, in minutes",,,Operational
bufr4/3/09/030/6/008006,09,Vertical sounding sequences (conventional data),309030,Ozone sounding correction factor (CF),,008006,Ozone vertical sounding significance,,,,Operational
bufr4/3/09/030/7/007004,09,Vertical sounding sequences (conventional data),309030,Ozone sounding correction factor (CF),,007004,Pressure,,,,Operational
bufr4/3/09/030/8/015003,09,Vertical sounding sequences (conventional data),309030,Ozone sounding correction factor (CF),,015003,Measured ozone partial pressure (sounding) (Ozone sonde flight data),,,,Operational
bufr4/3/09/031/1/015004,09,Vertical sounding sequences (conventional data),309031,Ozone sounding correction factor (CF),,015004,Ozone sounding correction factor (CF),,,,Operational
bufr4/3/09/031/2/015005,09,Vertical sounding sequences (conventional data),309031,Ozone sounding correction factor (CF),,015005,Ozone p,,,,Operational
bufr4/3/09/031/3/104000,09,Vertical sounding sequences (conventional data),309031,Ozone sounding correction factor (CF),,104000,Delayed replication of 4 descriptors,,,,Operational
bufr4/3/09/031/4/031001,09,Vertical sounding sequences (conventional data),309031,Ozone sounding correction factor (CF),,031001,Delayed descriptor replication factor,,,,Operational
bufr4/3/09/031/5/004025,09,Vertical sounding sequences (conventional data),309031,Ozone sounding correction factor (CF),,004025,Time period or displacement,Since launch time in minutes,,,Operational
bufr4/3/09/031/6/008006,09,Vertical sounding sequences (conventional data),309031,Ozone sounding correction factor (CF),,008006,Ozone vertical sounding significance,,,,Operational
bufr4/3/09/031/7/007004,09,Vertical sounding sequences (conventional data),309031,Ozone sounding correction factor (CF),,007004,Pressure,,,,Operational
bufr4/3/09/031/8/015003,09,Vertical sounding sequences (conventional data),309031,Ozone sounding correction factor (CF),,015003,Measured ozone partial pressure (sounding) (Ozone sounding not coupled to a ground-based spectrophotometer) (see Note 2),,,,Operational
bufr4/3/09/040/1/301075,09,Vertical sounding sequences (conventional data),309040,Sounding identification,,301075,Sounding identification,,,,Operational
bufr4/3/09/040/2/301076,09,Vertical sounding sequences (conventional data),309040,Sounding identification,,301076,Ozone sounding instrumentation,,,,Operational
bufr4/3/09/040/3/309030,09,Vertical sounding sequences (conventional data),309040,Sounding identification,,309030,Ozone sonde flight data (Ozone sounding coupled to measurements from a Brewer ground-based spectrophotometer; the total ozone obtained from the Brewer is a single value) (see Note 2),,,,Operational
bufr4/3/09/041/1/307041,09,Vertical sounding sequences (conventional data),309041,Total ozone measurement from a Brewer ground-based spectrophotometer obtained from a single observation,,307041,Total ozone measurement from a Brewer ground-based spectrophotometer obtained from a single observation,Description of the ground-based part,,,Operational
bufr4/3/09/041/2/301075,09,Vertical sounding sequences (conventional data),309041,Total ozone measurement from a Brewer ground-based spectrophotometer obtained from a single observation,,301075,Sounding identification,Identification of the ozone sounding part,,,Operational
bufr4/3/09/041/3/301076,09,Vertical sounding sequences (conventional data),309041,Total ozone measurement from a Brewer ground-based spectrophotometer obtained from a single observation,,301076,Ozone sounding instrumentation,,,,Operational
bufr4/3/09/041/4/309030,09,Vertical sounding sequences (conventional data),309041,Total ozone measurement from a Brewer ground-based spectrophotometer obtained from a single observation,,309030,Ozone sonde flight data (Ozone sounding coupled to measurements from a Brewer ground-based spectrophotometer; the total ozone obtained from the Brewer is an averaged value) (see Note 2),,,,Operational
bufr4/3/09/042/1/307042,09,Vertical sounding sequences (conventional data),309042,Total ozone measurement from a Brewer ground-based spectrophotometer obtained from averaged observations,,307042,Total ozone measurement from a Brewer ground-based spectrophotometer obtained from averaged observations,Description of the ground-based part,,,Operational
bufr4/3/09/042/2/301075,09,Vertical sounding sequences (conventional data),309042,Total ozone measurement from a Brewer ground-based spectrophotometer obtained from averaged observations,,301075,Sounding identification,Identification of the ozone sounding part,,,Operational
bufr4/3/09/042/3/301076,09,Vertical sounding sequences (conventional data),309042,Total ozone measurement from a Brewer ground-based spectrophotometer obtained from averaged observations,,301076,Ozone sounding instrumentation,,,,Operational
bufr4/3/09/042/4/309030,09,Vertical sounding sequences (conventional data),309042,Total ozone measurement from a Brewer ground-based spectrophotometer obtained from averaged observations,,309030,Ozone sonde flight data,,,,Operational
bufr4/3/09/043/1/307043,09,Vertical sounding sequences (conventional data),309043,Total ozone measurement from a Dobson ground-based spectrophotometer obtained from a single observation,,307043,Total ozone measurement from a Dobson ground-based spectrophotometer obtained from a single observation,Description of the ground-based part,,,Operational
bufr4/3/09/043/2/301075,09,Vertical sounding sequences (conventional data),309043,Total ozone measurement from a Dobson ground-based spectrophotometer obtained from a single observation,,301075,Sounding identification,Identification of the ozone sounding part,,,Operational
bufr4/3/09/043/3/301076,09,Vertical sounding sequences (conventional data),309043,Total ozone measurement from a Dobson ground-based spectrophotometer obtained from a single observation,,301076,Ozone sounding instrumentation,,,,Operational
bufr4/3/09/043/4/309030,09,Vertical sounding sequences (conventional data),309043,Total ozone measurement from a Dobson ground-based spectrophotometer obtained from a single observation,,309030,Ozone sonde flight data (Ozone sounding coupled to measurements from a Dobson ground-based spectrophotometer; the total ozone obtained from the Dobson is an averaged value) (see Note 2),,,,Operational
bufr4/3/09/044/1/307044,09,Vertical sounding sequences (conventional data),309044,Total ozone measurement from a Dobson ground-based spectrophotometer obtained from averaged observations,,307044,Total ozone measurement from a Dobson ground-based spectrophotometer obtained from averaged observations,Description of the ground-based part,,,Operational
bufr4/3/09/044/2/301075,09,Vertical sounding sequences (conventional data),309044,Total ozone measurement from a Dobson ground-based spectrophotometer obtained from averaged observations,,301075,Sounding identification,Identification of the ozone sounding part,,,Operational
bufr4/3/09/044/3/301076,09,Vertical sounding sequences (conventional data),309044,Total ozone measurement from a Dobson ground-based spectrophotometer obtained from averaged observations,,301076,Ozone sounding instrumentation,,,,Operational
bufr4/3/09/044/4/309030,09,Vertical sounding sequences (conventional data),309044,Total ozone measurement from a Dobson ground-based spectrophotometer obtained from averaged observations,,309030,Ozone sonde flight data (Ozone sounding not coupled to a ground-based spectrophotometer),,,,Operational
bufr4/3/09/045/1/301075,09,Vertical sounding sequences (conventional data),309045,Sounding identification,,301075,Sounding identification,,,,Operational
bufr4/3/09/045/2/301076,09,Vertical sounding sequences (conventional data),309045,Sounding identification,,301076,Ozone sounding instrumentation,,,,Operational
bufr4/3/09/045/3/309031,09,Vertical sounding sequences (conventional data),309045,Sounding identification,,309031,Ozone sonde flight data (Ozone sounding coupled to measurements from a Brewer ground-based spectrophotometer; the total ozone obtained from the Brewer is a single value),,,,Operational
bufr4/3/09/046/1/307041,09,Vertical sounding sequences (conventional data),309046,Total ozone measurement from a Brewer ground-based spectrophotometer obtained from a single observation,,307041,Total ozone measurement from a Brewer ground-based spectrophotometer obtained from a single observation,Description of the ground-based part,,,Operational
bufr4/3/09/046/2/301075,09,Vertical sounding sequences (conventional data),309046,Total ozone measurement from a Brewer ground-based spectrophotometer obtained from a single observation,,301075,Sounding identification,Identification of the ozone sounding part,,,Operational
bufr4/3/09/046/3/301076,09,Vertical sounding sequences (conventional data),309046,Total ozone measurement from a Brewer ground-based spectrophotometer obtained from a single observation,,301076,Ozone sounding instrumentation,,,,Operational
bufr4/3/09/046/4/309031,09,Vertical sounding sequences (conventional data),309046,Total ozone measurement from a Brewer ground-based spectrophotometer obtained from a single observation,,309031,Ozone sonde flight data (Ozone sounding coupled to measurements from a Brewer ground-based spectrophotometer; the total ozone obtained from the Brewer is an averaged value),,,,Operational
bufr4/3/09/047/1/307042,09,Vertical sounding sequences (conventional data),309047,Total ozone measurement from a Brewer ground-based spectrophotometer obtained from averaged observations,,307042,Total ozone measurement from a Brewer ground-based spectrophotometer obtained from averaged observations,Description of the ground-based part,,,Operational
bufr4/3/09/047/2/301075,09,Vertical sounding sequences (conventional data),309047,Total ozone measurement from a Brewer ground-based spectrophotometer obtained from averaged observations,,301075,Sounding identification,Identification of the ozone sounding part,,,Operational
bufr4/3/09/047/3/301076,09,Vertical sounding sequences (conventional data),309047,Total ozone measurement from a Brewer ground-based spectrophotometer obtained from averaged observations,,301076,Ozone sounding instrumentation,,,,Operational
bufr4/3/09/047/4/309031,09,Vertical sounding sequences (conventional data),309047,Total ozone measurement from a Brewer ground-based spectrophotometer obtained from averaged observations,,309031,Ozone sonde flight data I.2,(continued) – BUFR Table D/09 — 7,,,Operational
bufr4/3/09/048/1/307043,09,Vertical sounding sequences (conventional data),309048,Total ozone measurement from a Dobson ground-based spectrophotometer obtained from a single observation,,307043,Total ozone measurement from a Dobson ground-based spectrophotometer obtained from a single observation,Description of the ground-based part,,,Operational
bufr4/3/09/048/2/301075,09,Vertical sounding sequences (conventional data),309048,Total ozone measurement from a Dobson ground-based spectrophotometer obtained from a single observation,,301075,Sounding identification,Identification of the ozone sounding part,,,Operational
bufr4/3/09/048/3/301076,09,Vertical sounding sequences (conventional data),309048,Total ozone measurement from a Dobson ground-based spectrophotometer obtained from a single observation,,301076,Ozone sounding instrumentation,,,,Operational
bufr4/3/09/048/4/309031,09,Vertical sounding sequences (conventional data),309048,Total ozone measurement from a Dobson ground-based spectrophotometer obtained from a single observation,,309031,Ozone sonde flight data (Ozone sounding coupled to measurements from a Dobson ground-based spectrophotometer; the total ozone obtained from the Dobson is an averaged value),,,,Operational
bufr4/3/09/049/1/307044,09,Vertical sounding sequences (conventional data),309049,Total ozone measurement from a Dobson ground-based spectrophotometer obtained from averaged observations,,307044,Total ozone measurement from a Dobson ground-based spectrophotometer obtained from averaged observations,Description of the ground-based part,,,Operational
bufr4/3/09/049/2/301075,09,Vertical sounding sequences (conventional data),309049,Total ozone measurement from a Dobson ground-based spectrophotometer obtained from averaged observations,,301075,Sounding identification,Identification of the ozone sounding part,,,Operational
bufr4/3/09/049/3/301076,09,Vertical sounding sequences (conventional data),309049,Total ozone measurement from a Dobson ground-based spectrophotometer obtained from averaged observations,,301076,Ozone sounding instrumentation,,,,Operational
bufr4/3/09/049/4/309031,09,Vertical sounding sequences (conventional data),309049,Total ozone measurement from a Dobson ground-based spectrophotometer obtained from averaged observations,,309031,"Ozone sonde flight data (Sequence for representation of PILOT, PILOT SHIP and PILOT MOBIL observation type data with pressure as the vertical coordinate)",,,,Operational
bufr4/3/09/050/1/301110,09,Vertical sounding sequences (conventional data),309050,Identification of launch site and instrumentation for wind measurements,,301110,Identification of launch site and instrumentation for wind measurements,,,,Operational
bufr4/3/09/050/2/301113,09,Vertical sounding sequences (conventional data),309050,Identification of launch site and instrumentation for wind measurements,,301113,Date/time of launch,,,,Operational
bufr4/3/09/050/3/301114,09,Vertical sounding sequences (conventional data),309050,Identification of launch site and instrumentation for wind measurements,,301114,Horizontal and vertical coordinates of launch site,,,,Operational
bufr4/3/09/050/4/101000,09,Vertical sounding sequences (conventional data),309050,Identification of launch site and instrumentation for wind measurements,,101000,Delayed replication of 1 descriptor,,,,Operational
bufr4/3/09/050/5/031002,09,Vertical sounding sequences (conventional data),309050,Identification of launch site and instrumentation for wind measurements,,031002,Extended delayed descriptor replication factor,,,,Operational
bufr4/3/09/050/6/303050,09,Vertical sounding sequences (conventional data),309050,Identification of launch site and instrumentation for wind measurements,,303050,Wind data at a pressure level with radiosonde position,,,,Operational
bufr4/3/09/050/7/101000,09,Vertical sounding sequences (conventional data),309050,Identification of launch site and instrumentation for wind measurements,,101000,Delayed replication of 1 descriptor,,,,Operational
bufr4/3/09/050/8/031001,09,Vertical sounding sequences (conventional data),309050,Identification of launch site and instrumentation for wind measurements,,031001,Delayed descriptor replication factor,,,,Operational
bufr4/3/09/050/9/303051,09,Vertical sounding sequences (conventional data),309050,Identification of launch site and instrumentation for wind measurements,,303051,"Wind shear data at a pressure level with radiosonde position (Sequence for representation of PILOT, PILOT SHIP and PILOT MOBIL observation type data with height as the vertical coordinate)",,,,Operational
bufr4/3/09/051/1/301110,09,Vertical sounding sequences (conventional data),309051,Identification of launch site and instrumentation for wind measurements,,301110,Identification of launch site and instrumentation for wind measurements,,,,Operational
bufr4/3/09/051/2/301113,09,Vertical sounding sequences (conventional data),309051,Identification of launch site and instrumentation for wind measurements,,301113,Date/time of launch,,,,Operational
bufr4/3/09/051/3/301114,09,Vertical sounding sequences (conventional data),309051,Identification of launch site and instrumentation for wind measurements,,301114,Horizontal and vertical coordinates of launch site,,,,Operational
bufr4/3/09/051/4/101000,09,Vertical sounding sequences (conventional data),309051,Identification of launch site and instrumentation for wind measurements,,101000,Delayed replication of 1 descriptor,,,,Operational
bufr4/3/09/051/5/031002,09,Vertical sounding sequences (conventional data),309051,Identification of launch site and instrumentation for wind measurements,,031002,Extended delayed descriptor replication factor,,,,Operational
bufr4/3/09/051/6/303052,09,Vertical sounding sequences (conventional data),309051,Identification of launch site and instrumentation for wind measurements,,303052,Wind data at a height level with radiosonde position,,,,Operational
bufr4/3/09/051/7/101000,09,Vertical sounding sequences (conventional data),309051,Identification of launch site and instrumentation for wind measurements,,101000,Delayed replication of 1 descriptor,,,,Operational
bufr4/3/09/051/8/031001,09,Vertical sounding sequences (conventional data),309051,Identification of launch site and instrumentation for wind measurements,,031001,Delayed descriptor replication factor,,,,Operational
bufr4/3/09/051/9/303053,09,Vertical sounding sequences (conventional data),309051,Identification of launch site and instrumentation for wind measurements,,303053,Wind shear data at a height level with radiosonde position,,,,Operational
bufr4/3/09/052/1/301111,09,Vertical sounding sequences (conventional data),309052,"Identification of launch site and instrumentation for P, T, U and wind measurements",,301111,"Identification of launch site and instrumentation for P, T, U and wind measurements",,,,Operational
bufr4/3/09/052/2/301113,09,Vertical sounding sequences (conventional data),309052,"Identification of launch site and instrumentation for P, T, U and wind measurements",,301113,Date/time of launch,,,,Operational
bufr4/3/09/052/3/301114,09,Vertical sounding sequences (conventional data),309052,"Identification of launch site and instrumentation for P, T, U and wind measurements",,301114,Horizontal and vertical coordinates of launch site,,,,Operational
bufr4/3/09/052/4/302049,09,Vertical sounding sequences (conventional data),309052,"Identification of launch site and instrumentation for P, T, U and wind measurements",,302049,Cloud information reported with vertical soundings,,,,Operational
bufr4/3/09/052/5/022043,09,Vertical sounding sequences (conventional data),309052,"Identification of launch site and instrumentation for P, T, U and wind measurements",,022043,Sea/water temperature,,,,Operational
bufr4/3/09/052/6/101000,09,Vertical sounding sequences (conventional data),309052,"Identification of launch site and instrumentation for P, T, U and wind measurements",,101000,Delayed replication of 1 descriptor,,,,Operational
bufr4/3/09/052/7/031002,09,Vertical sounding sequences (conventional data),309052,"Identification of launch site and instrumentation for P, T, U and wind measurements",,031002,Extended delayed descriptor replication factor,,,,Operational
bufr4/3/09/052/8/303054,09,Vertical sounding sequences (conventional data),309052,"Identification of launch site and instrumentation for P, T, U and wind measurements",,303054,"Temperature, dewpoint and wind data at a pressure level with radiosonde position",,,,Operational
bufr4/3/09/052/9/101000,09,Vertical sounding sequences (conventional data),309052,"Identification of launch site and instrumentation for P, T, U and wind measurements",,101000,Delayed replication of 1 descriptor,,,,Operational
bufr4/3/09/052/10/031001,09,Vertical sounding sequences (conventional data),309052,"Identification of launch site and instrumentation for P, T, U and wind measurements",,031001,Delayed descriptor replication factor,,,,Operational
bufr4/3/09/052/11/303051,09,Vertical sounding sequences (conventional data),309052,"Identification of launch site and instrumentation for P, T, U and wind measurements",,303051,Wind shear data at a pressure level with radiosonde position (Sequence for representation of TEMP DROP observation type data),,,,Operational
bufr4/3/09/053/1/301112,09,Vertical sounding sequences (conventional data),309053,Identification of launch point and instrumentation of dropsonde,,301112,Identification of launch point and instrumentation of dropsonde,,,,Operational
bufr4/3/09/053/2/301113,09,Vertical sounding sequences (conventional data),309053,Identification of launch point and instrumentation of dropsonde,,301113,Date/time of launch,,,,Operational
bufr4/3/09/053/3/301114,09,Vertical sounding sequences (conventional data),309053,Identification of launch point and instrumentation of dropsonde,,301114,Horizontal and vertical coordinates of launch site,,,,Operational
bufr4/3/09/053/4/101000,09,Vertical sounding sequences (conventional data),309053,Identification of launch point and instrumentation of dropsonde,,101000,Delayed replication of 1 descriptor,,,,Operational
bufr4/3/09/053/5/031002,09,Vertical sounding sequences (conventional data),309053,Identification of launch point and instrumentation of dropsonde,,031002,Extended delayed descriptor replication factor,,,,Operational
bufr4/3/09/053/6/303054,09,Vertical sounding sequences (conventional data),309053,Identification of launch point and instrumentation of dropsonde,,303054,"Temperature, dewpoint and wind data at a pressure level with radiosonde position",,,,Operational
bufr4/3/09/053/7/101000,09,Vertical sounding sequences (conventional data),309053,Identification of launch point and instrumentation of dropsonde,,101000,Delayed replication of 1 descriptor,,,,Operational
bufr4/3/09/053/8/031001,09,Vertical sounding sequences (conventional data),309053,Identification of launch point and instrumentation of dropsonde,,031001,Delayed descriptor replication factor,,,,Operational
bufr4/3/09/053/9/303051,09,Vertical sounding sequences (conventional data),309053,Identification of launch point and instrumentation of dropsonde,,303051,Wind shear data at a pressure level with radiosonde position (Sequence for representation of CLIMAT TEMP and CLIMAT TEMP SHIP data),,,,Operational
bufr4/3/09/054/1/301001,09,Vertical sounding sequences (conventional data),309054,WMO block and station numbers,,301001,WMO block and station numbers,Identification of launch site,,,Operational
bufr4/3/09/054/2/001011,09,Vertical sounding sequences (conventional data),309054,WMO block and station numbers,,001011,Ship or mobile land station identifier,Ship’s call sign,,,Operational
bufr4/3/09/054/3/301011,09,Vertical sounding sequences (conventional data),309054,WMO block and station numbers,,301011,"Year, month, day",,,,Operational
bufr4/3/09/054/4/301012,09,Vertical sounding sequences (conventional data),309054,WMO block and station numbers,,301012,"Hour, minute",,,,Operational
bufr4/3/09/054/5/301021,09,Vertical sounding sequences (conventional data),309054,WMO block and station numbers,,301021,Latitude/longitude (high accuracy),,,,Operational
bufr4/3/09/054/6/007030,09,Vertical sounding sequences (conventional data),309054,WMO block and station numbers,,007030,Height of station ground above mean sea level,,,,Operational
bufr4/3/09/054/7/007031,09,Vertical sounding sequences (conventional data),309054,WMO block and station numbers,,007031,Height of barometer above mean sea level,,,,Operational
bufr4/3/09/054/8/007007,09,Vertical sounding sequences (conventional data),309054,WMO block and station numbers,,007007,Height Monthly mean data,Release of sonde above mean sea level,,,Operational
bufr4/3/09/054/9/004023,09,Vertical sounding sequences (conventional data),309054,WMO block and station numbers,,004023,Time period or displacement,Number of days in the month,,,Operational
bufr4/3/09/054/10/004059,09,Vertical sounding sequences (conventional data),309054,WMO block and station numbers,,004059,Times of observation used to compute the reported mean values,,,,Operational
bufr4/3/09/054/11/115000,09,Vertical sounding sequences (conventional data),309054,WMO block and station numbers,,115000,Delayed replication of 15 descriptors,,,,Operational
bufr4/3/09/054/12/031001,09,Vertical sounding sequences (conventional data),309054,WMO block and station numbers,,031001,Delayed descriptor replication factor I.2,(continued) – BUFR Table D/09 — 9,,,Operational
bufr4/3/09/054/1/008001,09,Vertical sounding sequences (conventional data),309054,Vertical sounding significance,,008001,Vertical sounding significance,,,,Operational
bufr4/3/09/054/2/008023,09,Vertical sounding sequences (conventional data),309054,Vertical sounding significance,,008023,First-order statistics,= 4 Mean value,,,Operational
bufr4/3/09/054/3/007004,09,Vertical sounding sequences (conventional data),309054,Vertical sounding significance,,007004,Pressure,,,,Operational
bufr4/3/09/054/4/010009,09,Vertical sounding sequences (conventional data),309054,Vertical sounding significance,,010009,Geopotential height,,,,Operational
bufr4/3/09/054/5/012101,09,Vertical sounding sequences (conventional data),309054,Vertical sounding significance,,012101,Temperature/air temperature,,,,Operational
bufr4/3/09/054/6/012103,09,Vertical sounding sequences (conventional data),309054,Vertical sounding significance,,012103,Dewpoint temperature,,,,Operational
bufr4/3/09/054/7/008023,09,Vertical sounding sequences (conventional data),309054,Vertical sounding significance,,008023,First-order statistics,= 32 Vector mean,,,Operational
bufr4/3/09/054/8/011001,09,Vertical sounding sequences (conventional data),309054,Vertical sounding significance,,011001,Wind direction,,,,Operational
bufr4/3/09/054/9/011002,09,Vertical sounding sequences (conventional data),309054,Vertical sounding significance,,011002,Wind speed,,,,Operational
bufr4/3/09/054/10/008023,09,Vertical sounding sequences (conventional data),309054,Vertical sounding significance,,008023,First-order statistics,Set to missing,,,Operational
bufr4/3/09/054/11/011019,09,Vertical sounding sequences (conventional data),309054,Vertical sounding significance,,011019,Steadiness of wind,,,,Operational
bufr4/3/09/054/12/008050,09,Vertical sounding sequences (conventional data),309054,Vertical sounding significance,,008050,Qualifier for number of missing values in calculation of statistic,= 2 Temperature,,,Operational
bufr4/3/09/054/13/008020,09,Vertical sounding sequences (conventional data),309054,Vertical sounding significance,,008020,Total number of missing entities (with respect to accumulation or average),Days,,,Operational
bufr4/3/09/054/14/008050,09,Vertical sounding sequences (conventional data),309054,Vertical sounding significance,,008050,Qualifier for number of missing values in calculation of statistic,= 9 Wind,,,Operational
bufr4/3/09/054/15/008020,09,Vertical sounding sequences (conventional data),309054,Vertical sounding significance,,008020,Total number of missing entities (with respect to accumulation or average) (Template for the representation of high resolution radiosonde data with geopotential height as the vertical coordinate),Days,,,Operational
bufr4/3/09/055/1/301111,09,Vertical sounding sequences (conventional data),309055,"Identification of launch site and instrumentation for P, T, U and wind measurements",,301111,"Identification of launch site and instrumentation for P, T, U and wind measurements",,,,Operational
bufr4/3/09/055/2/025061,09,Vertical sounding sequences (conventional data),309055,"Identification of launch site and instrumentation for P, T, U and wind measurements",,025061,Software identification and version number,,,,Operational
bufr4/3/09/055/3/001081,09,Vertical sounding sequences (conventional data),309055,"Identification of launch site and instrumentation for P, T, U and wind measurements",,001081,Radiosonde serial number,,,,Operational
bufr4/3/09/055/4/001082,09,Vertical sounding sequences (conventional data),309055,"Identification of launch site and instrumentation for P, T, U and wind measurements",,001082,Radiosonde ascension number,,,,Operational
bufr4/3/09/055/5/002067,09,Vertical sounding sequences (conventional data),309055,"Identification of launch site and instrumentation for P, T, U and wind measurements",,002067,Radiosonde operating frequency,,,,Operational
bufr4/3/09/055/6/002095,09,Vertical sounding sequences (conventional data),309055,"Identification of launch site and instrumentation for P, T, U and wind measurements",,002095,Type of pressure sensor,,,,Operational
bufr4/3/09/055/7/002096,09,Vertical sounding sequences (conventional data),309055,"Identification of launch site and instrumentation for P, T, U and wind measurements",,002096,Type of temperature sensor,,,,Operational
bufr4/3/09/055/8/002097,09,Vertical sounding sequences (conventional data),309055,"Identification of launch site and instrumentation for P, T, U and wind measurements",,002097,Type of humidity sensor,,,,Operational
bufr4/3/09/055/9/002081,09,Vertical sounding sequences (conventional data),309055,"Identification of launch site and instrumentation for P, T, U and wind measurements",,002081,Type of balloon,,,,Operational
bufr4/3/09/055/10/002082,09,Vertical sounding sequences (conventional data),309055,"Identification of launch site and instrumentation for P, T, U and wind measurements",,002082,Weight of balloon,,,,Operational
bufr4/3/09/055/11/002084,09,Vertical sounding sequences (conventional data),309055,"Identification of launch site and instrumentation for P, T, U and wind measurements",,002084,Type of gas used in balloon,,,,Operational
bufr4/3/09/055/12/002191,09,Vertical sounding sequences (conventional data),309055,"Identification of launch site and instrumentation for P, T, U and wind measurements",,002191,Geopotential height calculation,,,,Operational
bufr4/3/09/055/13/301113,09,Vertical sounding sequences (conventional data),309055,"Identification of launch site and instrumentation for P, T, U and wind measurements",,301113,Date/time of launch (see Note 3),,,,Operational
bufr4/3/09/055/14/301114,09,Vertical sounding sequences (conventional data),309055,"Identification of launch site and instrumentation for P, T, U and wind measurements",,301114,Horizontal and vertical coordinates of launch site,,,,Operational
bufr4/3/09/055/15/010004,09,Vertical sounding sequences (conventional data),309055,"Identification of launch site and instrumentation for P, T, U and wind measurements",,010004,Pressure,,,,Operational
bufr4/3/09/055/16/302032,09,Vertical sounding sequences (conventional data),309055,"Identification of launch site and instrumentation for P, T, U and wind measurements",,302032,Temperature and humidity data,,,,Operational
bufr4/3/09/055/17/007032,09,Vertical sounding sequences (conventional data),309055,"Identification of launch site and instrumentation for P, T, U and wind measurements",,007032,Height of sensor above local ground (or deck of marine platform),,,,Operational
bufr4/3/09/055/18/002002,09,Vertical sounding sequences (conventional data),309055,"Identification of launch site and instrumentation for P, T, U and wind measurements",,002002,Type of instrumentation for wind measurement,,,,Operational
bufr4/3/09/055/19/011001,09,Vertical sounding sequences (conventional data),309055,"Identification of launch site and instrumentation for P, T, U and wind measurements",,011001,Wind direction,,,,Operational
bufr4/3/09/055/20/011002,09,Vertical sounding sequences (conventional data),309055,"Identification of launch site and instrumentation for P, T, U and wind measurements",,011002,Wind speed,,,,Operational
bufr4/3/09/055/21/007032,09,Vertical sounding sequences (conventional data),309055,"Identification of launch site and instrumentation for P, T, U and wind measurements",,007032,Height of sensor above local ground (or deck of marine platform),Set to missing (cancel),,,Operational
bufr4/3/09/055/22/020003,09,Vertical sounding sequences (conventional data),309055,"Identification of launch site and instrumentation for P, T, U and wind measurements",,020003,Present weather,,,,Operational
bufr4/3/09/055/23/302049,09,Vertical sounding sequences (conventional data),309055,"Identification of launch site and instrumentation for P, T, U and wind measurements",,302049,Cloud information reported with vertical soundings,,,,Operational
bufr4/3/09/055/24/022043,09,Vertical sounding sequences (conventional data),309055,"Identification of launch site and instrumentation for P, T, U and wind measurements",,022043,Sea/water temperature,,,,Operational
bufr4/3/09/055/1/101000,09,Vertical sounding sequences (conventional data),309055,Delayed replication of 1 descriptor,,101000,Delayed replication of 1 descriptor,,,,Operational
bufr4/3/09/055/2/031002,09,Vertical sounding sequences (conventional data),309055,Delayed replication of 1 descriptor,,031002,Extended delayed descriptor replication factor,,,,Operational
bufr4/3/09/055/3/303055,09,Vertical sounding sequences (conventional data),309055,Delayed replication of 1 descriptor,,303055,"Temperature, dewpoint, relative humidity and wind data at a height level with radiosonde position (see Notes 4, 5 and 6) (Sequence for representation of radiosonde descent data)",,,,Operational
bufr4/3/09/056/1/301150,09,Vertical sounding sequences (conventional data),309056,WIGOS identifier,,301150,WIGOS identifier,,,,Operational
bufr4/3/09/056/2/301111,09,Vertical sounding sequences (conventional data),309056,WIGOS identifier,,301111,"Identification of launch site and instrumentation for P, T, U and wind measurements",,,,Operational
bufr4/3/09/056/3/301128,09,Vertical sounding sequences (conventional data),309056,WIGOS identifier,,301128,Additional information on radiosonde ascent,Valid also for decent,,,Operational
bufr4/3/09/056/4/301113,09,Vertical sounding sequences (conventional data),309056,WIGOS identifier,,301113,Date/time of launch,(see Note 10),,,Operational
bufr4/3/09/056/5/008091,09,Vertical sounding sequences (conventional data),309056,WIGOS identifier,,008091,Coordinates significance,= 2 Start of observation,,,Operational
bufr4/3/09/056/6/301021,09,Vertical sounding sequences (conventional data),309056,WIGOS identifier,,301021,Latitude/longitude (high accuracy),,,,Operational
bufr4/3/09/056/7/007007,09,Vertical sounding sequences (conventional data),309056,WIGOS identifier,,007007,Height,Begin of descending of radiosonde above mean sea level,,,Operational
bufr4/3/09/056/8/008091,09,Vertical sounding sequences (conventional data),309056,WIGOS identifier,,008091,Coordinates significance,Set to missing (cancel),,,Operational
bufr4/3/09/056/9/101000,09,Vertical sounding sequences (conventional data),309056,WIGOS identifier,,101000,Delayed replication of 1 descriptor,,,,Operational
bufr4/3/09/056/10/031002,09,Vertical sounding sequences (conventional data),309056,WIGOS identifier,,031002,Extended delayed descriptor replication factor,,,,Operational
bufr4/3/09/056/11/303056,09,Vertical sounding sequences (conventional data),309056,WIGOS identifier,,303056,"Temperature, dewpoint and wind data at a pressure level with radiosonde position and higher precision of pressure and geopotential height",(see Notes 11 and 12),,,Operational
bufr4/3/09/056/12/101000,09,Vertical sounding sequences (conventional data),309056,WIGOS identifier,,101000,Delayed replication of 1 descriptor,,,,Operational
bufr4/3/09/056/13/031001,09,Vertical sounding sequences (conventional data),309056,WIGOS identifier,,031001,Delayed descriptor replication factor,,,,Operational
bufr4/3/09/056/14/303051,09,Vertical sounding sequences (conventional data),309056,WIGOS identifier,,303051,"Wind shear data at a pressure level with radiosonde position (Sequence for representation of TEMP, TEMP SHIP and TEMP MOBIL observation type data with higher precision of pressure and geopotential height)",,,,Operational
bufr4/3/09/057/1/301150,09,Vertical sounding sequences (conventional data),309057,WIGOS identifier,,301150,WIGOS identifier,,,,Operational
bufr4/3/09/057/2/301111,09,Vertical sounding sequences (conventional data),309057,WIGOS identifier,,301111,"Identification of launch site and instrumentation for P, T, U and wind measurements",,,,Operational
bufr4/3/09/057/3/301128,09,Vertical sounding sequences (conventional data),309057,WIGOS identifier,,301128,Additional information on radiosonde ascent,,,,Operational
bufr4/3/09/057/4/301113,09,Vertical sounding sequences (conventional data),309057,WIGOS identifier,,301113,Date/time of launch,,,,Operational
bufr4/3/09/057/5/301114,09,Vertical sounding sequences (conventional data),309057,WIGOS identifier,,301114,Horizontal and vertical coordinates of launch site,,,,Operational
bufr4/3/09/057/6/302049,09,Vertical sounding sequences (conventional data),309057,WIGOS identifier,,302049,Cloud information reported with vertical soundings,,,,Operational
bufr4/3/09/057/7/022043,09,Vertical sounding sequences (conventional data),309057,WIGOS identifier,,022043,Sea/water temperature,,,,Operational
bufr4/3/09/057/8/101000,09,Vertical sounding sequences (conventional data),309057,WIGOS identifier,,101000,Delayed replication of 1 descriptor,,,,Operational
bufr4/3/09/057/9/031002,09,Vertical sounding sequences (conventional data),309057,WIGOS identifier,,031002,Extended delayed descriptor replication factor,,,,Operational
bufr4/3/09/057/10/303056,09,Vertical sounding sequences (conventional data),309057,WIGOS identifier,,303056,"Temperature, dewpoint and wind data at a pressure level with radiosonde position and higher precision of pressure and geopotential height",,,,Operational
bufr4/3/09/057/11/101000,09,Vertical sounding sequences (conventional data),309057,WIGOS identifier,,101000,Delayed replication of 1 descriptor,,,,Operational
bufr4/3/09/057/12/031001,09,Vertical sounding sequences (conventional data),309057,WIGOS identifier,,031001,Delayed descriptor replication factor,,,,Operational
bufr4/3/09/057/13/303051,09,Vertical sounding sequences (conventional data),309057,WIGOS identifier,,303051,Wind shear data at a pressure level with radiosonde position I.2 – BUFR Table D/09 — 11,,,,Operational
bufr4/3/09/060/1/301123,09,Vertical sounding sequences (conventional data),309060,Radiosonde full header information,,301123,Radiosonde full header information,,,,Operational
bufr4/3/09/060/2/301121,09,Vertical sounding sequences (conventional data),309060,Radiosonde full header information,,301121,Radiosonde launch point location,,,,Operational
bufr4/3/09/060/3/302050,09,Vertical sounding sequences (conventional data),309060,Radiosonde full header information,,302050,Radiosonde surface observation,,,,Operational
bufr4/3/09/060/4/303040,09,Vertical sounding sequences (conventional data),309060,Radiosonde full header information,,303040,Radiosonde duration of flight and termination information (Raw PTU),,,,Operational
bufr4/3/09/061/1/301120,09,Vertical sounding sequences (conventional data),309061,Radiosonde abbreviated header and launch information,,301120,Radiosonde abbreviated header and launch information,,,,Operational
bufr4/3/09/061/2/008041,09,Vertical sounding sequences (conventional data),309061,Radiosonde abbreviated header and launch information,,008041,Data significance,= 6 Flight level observation,,,Operational
bufr4/3/09/061/3/301122,09,Vertical sounding sequences (conventional data),309061,Radiosonde abbreviated header and launch information,,301122,Date/time (to hundredths of second),,,,Operational
bufr4/3/09/061/4/201131,09,Vertical sounding sequences (conventional data),309061,Radiosonde abbreviated header and launch information,,201131,Change data width,,,,Operational
bufr4/3/09/061/5/202129,09,Vertical sounding sequences (conventional data),309061,Radiosonde abbreviated header and launch information,,202129,Change scale,,,,Operational
bufr4/3/09/061/6/025069,09,Vertical sounding sequences (conventional data),309061,Radiosonde abbreviated header and launch information,,025069,Flight level pressure corrections,,,,Operational
bufr4/3/09/061/7/007004,09,Vertical sounding sequences (conventional data),309061,Radiosonde abbreviated header and launch information,,007004,Pressure,,,,Operational
bufr4/3/09/061/8/202000,09,Vertical sounding sequences (conventional data),309061,Radiosonde abbreviated header and launch information,,202000,Change scale,Cancel,,,Operational
bufr4/3/09/061/9/201000,09,Vertical sounding sequences (conventional data),309061,Radiosonde abbreviated header and launch information,,201000,Change data width,Cancel,,,Operational
bufr4/3/09/061/10/033007,09,Vertical sounding sequences (conventional data),309061,Radiosonde abbreviated header and launch information,,033007,Per cent confidence,Pressure,,,Operational
bufr4/3/09/061/11/033035,09,Vertical sounding sequences (conventional data),309061,Radiosonde abbreviated header and launch information,,033035,Manual/automatic quality control,Pressure,,,Operational
bufr4/3/09/061/12/033015,09,Vertical sounding sequences (conventional data),309061,Radiosonde abbreviated header and launch information,,033015,Data quality check indicator,Pressure,,,Operational
bufr4/3/09/061/13/013009,09,Vertical sounding sequences (conventional data),309061,Radiosonde abbreviated header and launch information,,013009,Relative humidity,,,,Operational
bufr4/3/09/061/14/033007,09,Vertical sounding sequences (conventional data),309061,Radiosonde abbreviated header and launch information,,033007,Per cent confidence,Relative humidity,,,Operational
bufr4/3/09/061/15/033035,09,Vertical sounding sequences (conventional data),309061,Radiosonde abbreviated header and launch information,,033035,Manual/automatic quality control,Relative humidity,,,Operational
bufr4/3/09/061/16/033015,09,Vertical sounding sequences (conventional data),309061,Radiosonde abbreviated header and launch information,,033015,Data quality check indicator,Relative humidity,,,Operational
bufr4/3/09/061/17/002013,09,Vertical sounding sequences (conventional data),309061,Radiosonde abbreviated header and launch information,,002013,Solar and infrared radiation correction,,,,Operational
bufr4/3/09/061/18/012101,09,Vertical sounding sequences (conventional data),309061,Radiosonde abbreviated header and launch information,,012101,Temperature/air temperature,,,,Operational
bufr4/3/09/061/19/033007,09,Vertical sounding sequences (conventional data),309061,Radiosonde abbreviated header and launch information,,033007,Per cent confidence,Temperature,,,Operational
bufr4/3/09/061/20/033035,09,Vertical sounding sequences (conventional data),309061,Radiosonde abbreviated header and launch information,,033035,Manual/automatic quality control,Temperature,,,Operational
bufr4/3/09/061/21/033015,09,Vertical sounding sequences (conventional data),309061,Radiosonde abbreviated header and launch information,,033015,Data quality check indicator (Raw GPS unsmoothed wind),Temperature,,,Operational
bufr4/3/09/062/1/301120,09,Vertical sounding sequences (conventional data),309062,Radiosonde abbreviated header and launch information,,301120,Radiosonde abbreviated header and launch information,,,,Operational
bufr4/3/09/062/2/008041,09,Vertical sounding sequences (conventional data),309062,Radiosonde abbreviated header and launch information,,008041,Data significance,= 6 Flight level observation,,,Operational
bufr4/3/09/062/3/301122,09,Vertical sounding sequences (conventional data),309062,Radiosonde abbreviated header and launch information,,301122,Date/time (to hundredths of second),,,,Operational
bufr4/3/09/062/4/005001,09,Vertical sounding sequences (conventional data),309062,Radiosonde abbreviated header and launch information,,005001,Latitude (high accuracy),,,,Operational
bufr4/3/09/062/5/033035,09,Vertical sounding sequences (conventional data),309062,Radiosonde abbreviated header and launch information,,033035,Manual/automatic quality control,Latitude,,,Operational
bufr4/3/09/062/6/033015,09,Vertical sounding sequences (conventional data),309062,Radiosonde abbreviated header and launch information,,033015,Data quality check indicator,Latitude,,,Operational
bufr4/3/09/062/7/006001,09,Vertical sounding sequences (conventional data),309062,Radiosonde abbreviated header and launch information,,006001,Longitude (high accuracy),,,,Operational
bufr4/3/09/062/8/033035,09,Vertical sounding sequences (conventional data),309062,Radiosonde abbreviated header and launch information,,033035,Manual/automatic quality control,Longitude,,,Operational
bufr4/3/09/062/1/033015,09,Vertical sounding sequences (conventional data),309062,Data quality check indicator,,033015,Data quality check indicator,Longitude,,,Operational
bufr4/3/09/062/2/007007,09,Vertical sounding sequences (conventional data),309062,Data quality check indicator,,007007,Height,,,,Operational
bufr4/3/09/062/3/033035,09,Vertical sounding sequences (conventional data),309062,Data quality check indicator,,033035,Manual/automatic quality control,Height,,,Operational
bufr4/3/09/062/4/033015,09,Vertical sounding sequences (conventional data),309062,Data quality check indicator,,033015,Data quality check indicator,Height,,,Operational
bufr4/3/09/062/5/011003,09,Vertical sounding sequences (conventional data),309062,Data quality check indicator,,011003,u-component,,,,Operational
bufr4/3/09/062/6/033035,09,Vertical sounding sequences (conventional data),309062,Data quality check indicator,,033035,Manual/automatic quality control,u-component,,,Operational
bufr4/3/09/062/7/033015,09,Vertical sounding sequences (conventional data),309062,Data quality check indicator,,033015,Data quality check indicator,u-component,,,Operational
bufr4/3/09/062/8/011004,09,Vertical sounding sequences (conventional data),309062,Data quality check indicator,,011004,v-component,,,,Operational
bufr4/3/09/062/9/033035,09,Vertical sounding sequences (conventional data),309062,Data quality check indicator,,033035,Manual/automatic quality control,v-component,,,Operational
bufr4/3/09/062/10/033015,09,Vertical sounding sequences (conventional data),309062,Data quality check indicator,,033015,Data quality check indicator,v-component,,,Operational
bufr4/3/09/062/11/033007,09,Vertical sounding sequences (conventional data),309062,Data quality check indicator,,033007,Per cent confidence (Raw GPS smoothed wind),Raw GPS unsmoothed wind,,,Operational
bufr4/3/09/063/1/301120,09,Vertical sounding sequences (conventional data),309063,Radiosonde abbreviated header and launch information,,301120,Radiosonde abbreviated header and launch information,,,,Operational
bufr4/3/09/063/2/008041,09,Vertical sounding sequences (conventional data),309063,Radiosonde abbreviated header and launch information,,008041,Data significance,= 6 Flight level observation,,,Operational
bufr4/3/09/063/3/301122,09,Vertical sounding sequences (conventional data),309063,Radiosonde abbreviated header and launch information,,301122,Date/time (to hundredths of second),,,,Operational
bufr4/3/09/063/4/005001,09,Vertical sounding sequences (conventional data),309063,Radiosonde abbreviated header and launch information,,005001,Latitude (high accuracy),,,,Operational
bufr4/3/09/063/5/033035,09,Vertical sounding sequences (conventional data),309063,Radiosonde abbreviated header and launch information,,033035,Manual/automatic quality control,Latitude,,,Operational
bufr4/3/09/063/6/033015,09,Vertical sounding sequences (conventional data),309063,Radiosonde abbreviated header and launch information,,033015,Data quality check indicator,Latitude,,,Operational
bufr4/3/09/063/7/006001,09,Vertical sounding sequences (conventional data),309063,Radiosonde abbreviated header and launch information,,006001,Longitude (high accuracy),,,,Operational
bufr4/3/09/063/8/033035,09,Vertical sounding sequences (conventional data),309063,Radiosonde abbreviated header and launch information,,033035,Manual/automatic quality control,Longitude,,,Operational
bufr4/3/09/063/9/033015,09,Vertical sounding sequences (conventional data),309063,Radiosonde abbreviated header and launch information,,033015,Data quality check indicator,Longitude,,,Operational
bufr4/3/09/063/10/007007,09,Vertical sounding sequences (conventional data),309063,Radiosonde abbreviated header and launch information,,007007,Height,,,,Operational
bufr4/3/09/063/11/033035,09,Vertical sounding sequences (conventional data),309063,Radiosonde abbreviated header and launch information,,033035,Manual/automatic quality control,Height,,,Operational
bufr4/3/09/063/12/033015,09,Vertical sounding sequences (conventional data),309063,Radiosonde abbreviated header and launch information,,033015,Data quality check indicator,Height,,,Operational
bufr4/3/09/063/13/011003,09,Vertical sounding sequences (conventional data),309063,Radiosonde abbreviated header and launch information,,011003,u-component,,,,Operational
bufr4/3/09/063/14/033035,09,Vertical sounding sequences (conventional data),309063,Radiosonde abbreviated header and launch information,,033035,Manual/automatic quality control,u-component,,,Operational
bufr4/3/09/063/15/033015,09,Vertical sounding sequences (conventional data),309063,Radiosonde abbreviated header and launch information,,033015,Data quality check indicator,u-component,,,Operational
bufr4/3/09/063/16/011004,09,Vertical sounding sequences (conventional data),309063,Radiosonde abbreviated header and launch information,,011004,v-component,,,,Operational
bufr4/3/09/063/17/033035,09,Vertical sounding sequences (conventional data),309063,Radiosonde abbreviated header and launch information,,033035,Manual/automatic quality control,v-component,,,Operational
bufr4/3/09/063/18/033015,09,Vertical sounding sequences (conventional data),309063,Radiosonde abbreviated header and launch information,,033015,Data quality check indicator,v-component,,,Operational
bufr4/3/09/063/19/033007,09,Vertical sounding sequences (conventional data),309063,Radiosonde abbreviated header and launch information,,033007,Per cent confidence (Processed PTU),Raw GPS smoothed wind,,,Operational
bufr4/3/09/064/1/301120,09,Vertical sounding sequences (conventional data),309064,Radiosonde abbreviated header and launch information,,301120,Radiosonde abbreviated header and launch information,,,,Operational
bufr4/3/09/064/2/008041,09,Vertical sounding sequences (conventional data),309064,Radiosonde abbreviated header and launch information,,008041,Data significance,= 6 Flight level observation,,,Operational
bufr4/3/09/064/3/301122,09,Vertical sounding sequences (conventional data),309064,Radiosonde abbreviated header and launch information,,301122,Date/time (to hundredths of second),,,,Operational
bufr4/3/09/064/4/201131,09,Vertical sounding sequences (conventional data),309064,Radiosonde abbreviated header and launch information,,201131,Change data width,,,,Operational
bufr4/3/09/064/5/202129,09,Vertical sounding sequences (conventional data),309064,Radiosonde abbreviated header and launch information,,202129,Change scale,,,,Operational
bufr4/3/09/064/6/104002,09,Vertical sounding sequences (conventional data),309064,Radiosonde abbreviated header and launch information,,104002,Replicate 4 descriptors 2 times,,,,Operational
bufr4/3/09/064/7/025069,09,Vertical sounding sequences (conventional data),309064,Radiosonde abbreviated header and launch information,,025069,Flight level pressure corrections,,,,Operational
bufr4/3/09/064/8/007004,09,Vertical sounding sequences (conventional data),309064,Radiosonde abbreviated header and launch information,,007004,Pressure,,,,Operational
bufr4/3/09/064/9/033035,09,Vertical sounding sequences (conventional data),309064,Radiosonde abbreviated header and launch information,,033035,Manual/automatic quality control,Pressure,,,Operational
bufr4/3/09/064/10/033015,09,Vertical sounding sequences (conventional data),309064,Radiosonde abbreviated header and launch information,,033015,Data quality check indicator I.2 – BUFR Table D/09 — 13,Pressure,,,Operational
bufr4/3/09/064/1/013003,09,Vertical sounding sequences (conventional data),309064,Relative humidity,,013003,Relative humidity,,,,Operational
bufr4/3/09/064/2/033035,09,Vertical sounding sequences (conventional data),309064,Relative humidity,,033035,Manual/automatic quality control,Relative humidity,,,Operational
bufr4/3/09/064/3/033015,09,Vertical sounding sequences (conventional data),309064,Relative humidity,,033015,Data quality check indicator,Relative humidity,,,Operational
bufr4/3/09/064/4/202000,09,Vertical sounding sequences (conventional data),309064,Relative humidity,,202000,Change scale,Cancel,,,Operational
bufr4/3/09/064/5/201000,09,Vertical sounding sequences (conventional data),309064,Relative humidity,,201000,Change data width,Cancel,,,Operational
bufr4/3/09/064/6/104002,09,Vertical sounding sequences (conventional data),309064,Relative humidity,,104002,Replicate 4 descriptors 2 times,,,,Operational
bufr4/3/09/064/7/002013,09,Vertical sounding sequences (conventional data),309064,Relative humidity,,002013,Solar and infrared radiation correction,,,,Operational
bufr4/3/09/064/8/012101,09,Vertical sounding sequences (conventional data),309064,Relative humidity,,012101,Temperature/air temperature,,,,Operational
bufr4/3/09/064/9/033035,09,Vertical sounding sequences (conventional data),309064,Relative humidity,,033035,Manual/automatic quality control,Temperature,,,Operational
bufr4/3/09/064/10/033015,09,Vertical sounding sequences (conventional data),309064,Relative humidity,,033015,Data quality check indicator,Temperature,,,Operational
bufr4/3/09/064/11/012103,09,Vertical sounding sequences (conventional data),309064,Relative humidity,,012103,Dewpoint temperature,,,,Operational
bufr4/3/09/064/12/033035,09,Vertical sounding sequences (conventional data),309064,Relative humidity,,033035,Manual/automatic quality control,Dewpoint temperature,,,Operational
bufr4/3/09/064/13/033015,09,Vertical sounding sequences (conventional data),309064,Relative humidity,,033015,Data quality check indicator,Dewpoint temperature,,,Operational
bufr4/3/09/064/14/010009,09,Vertical sounding sequences (conventional data),309064,Relative humidity,,010009,Geopotential height,,,,Operational
bufr4/3/09/064/15/033035,09,Vertical sounding sequences (conventional data),309064,Relative humidity,,033035,Manual/automatic quality control,Geopotential height,,,Operational
bufr4/3/09/064/16/033015,09,Vertical sounding sequences (conventional data),309064,Relative humidity,,033015,Data quality check indicator (Processed GPS),Geopotential height,,,Operational
bufr4/3/09/065/1/301120,09,Vertical sounding sequences (conventional data),309065,Radiosonde abbreviated header and launch information,,301120,Radiosonde abbreviated header and launch information,,,,Operational
bufr4/3/09/065/2/008041,09,Vertical sounding sequences (conventional data),309065,Radiosonde abbreviated header and launch information,,008041,Data significance,= 6 Flight level observation,,,Operational
bufr4/3/09/065/3/301122,09,Vertical sounding sequences (conventional data),309065,Radiosonde abbreviated header and launch information,,301122,Date/time (to hundredths of second),,,,Operational
bufr4/3/09/065/4/005001,09,Vertical sounding sequences (conventional data),309065,Radiosonde abbreviated header and launch information,,005001,Latitude (high accuracy),,,,Operational
bufr4/3/09/065/5/033035,09,Vertical sounding sequences (conventional data),309065,Radiosonde abbreviated header and launch information,,033035,Manual/automatic quality control,Latitude,,,Operational
bufr4/3/09/065/6/033015,09,Vertical sounding sequences (conventional data),309065,Radiosonde abbreviated header and launch information,,033015,Data quality check indicator,Latitude,,,Operational
bufr4/3/09/065/7/006001,09,Vertical sounding sequences (conventional data),309065,Radiosonde abbreviated header and launch information,,006001,Longitude (high accuracy),,,,Operational
bufr4/3/09/065/8/033035,09,Vertical sounding sequences (conventional data),309065,Radiosonde abbreviated header and launch information,,033035,Manual/automatic quality control,Longitude,,,Operational
bufr4/3/09/065/9/033015,09,Vertical sounding sequences (conventional data),309065,Radiosonde abbreviated header and launch information,,033015,Data quality check indicator,Longitude,,,Operational
bufr4/3/09/065/10/007007,09,Vertical sounding sequences (conventional data),309065,Radiosonde abbreviated header and launch information,,007007,Height,,,,Operational
bufr4/3/09/065/11/033035,09,Vertical sounding sequences (conventional data),309065,Radiosonde abbreviated header and launch information,,033035,Manual/automatic quality control,Height,,,Operational
bufr4/3/09/065/12/033015,09,Vertical sounding sequences (conventional data),309065,Radiosonde abbreviated header and launch information,,033015,Data quality check indicator,Height,,,Operational
bufr4/3/09/065/13/011003,09,Vertical sounding sequences (conventional data),309065,Radiosonde abbreviated header and launch information,,011003,u-component,,,,Operational
bufr4/3/09/065/14/033035,09,Vertical sounding sequences (conventional data),309065,Radiosonde abbreviated header and launch information,,033035,Manual/automatic quality control,u-component,,,Operational
bufr4/3/09/065/15/033015,09,Vertical sounding sequences (conventional data),309065,Radiosonde abbreviated header and launch information,,033015,Data quality check indicator,u-component,,,Operational
bufr4/3/09/065/16/011004,09,Vertical sounding sequences (conventional data),309065,Radiosonde abbreviated header and launch information,,011004,v-component,,,,Operational
bufr4/3/09/065/17/033035,09,Vertical sounding sequences (conventional data),309065,Radiosonde abbreviated header and launch information,,033035,Manual/automatic quality control,v-component,,,Operational
bufr4/3/09/065/18/033015,09,Vertical sounding sequences (conventional data),309065,Radiosonde abbreviated header and launch information,,033015,Data quality check indicator (Standard and significant levels),v-component,,,Operational
bufr4/3/09/066/1/301120,09,Vertical sounding sequences (conventional data),309066,Radiosonde abbreviated header and launch information,,301120,Radiosonde abbreviated header and launch information,,,,Operational
bufr4/3/09/066/2/008041,09,Vertical sounding sequences (conventional data),309066,Radiosonde abbreviated header and launch information,,008041,Data significance,= 6 Flight level observation,,,Operational
bufr4/3/09/066/3/301122,09,Vertical sounding sequences (conventional data),309066,Radiosonde abbreviated header and launch information,,301122,Date/time (to hundredths of second),,,,Operational
bufr4/3/09/066/4/008040,09,Vertical sounding sequences (conventional data),309066,Radiosonde abbreviated header and launch information,,008040,Flight level significance,,,,Operational
bufr4/3/09/066/5/201131,09,Vertical sounding sequences (conventional data),309066,Radiosonde abbreviated header and launch information,,201131,Change data width,,,,Operational
bufr4/3/09/066/6/202129,09,Vertical sounding sequences (conventional data),309066,Radiosonde abbreviated header and launch information,,202129,Change scale,,,,Operational
bufr4/3/09/066/7/025069,09,Vertical sounding sequences (conventional data),309066,Radiosonde abbreviated header and launch information,,025069,Flight level pressure corrections,,,,Operational
bufr4/3/09/066/1/007004,09,Vertical sounding sequences (conventional data),309066,Pressure,,007004,Pressure,,,,Operational
bufr4/3/09/066/2/013003,09,Vertical sounding sequences (conventional data),309066,Pressure,,013003,Relative humidity,,,,Operational
bufr4/3/09/066/3/202000,09,Vertical sounding sequences (conventional data),309066,Pressure,,202000,Change scale,Cancel,,,Operational
bufr4/3/09/066/4/201000,09,Vertical sounding sequences (conventional data),309066,Pressure,,201000,Change data width,Cancel,,,Operational
bufr4/3/09/066/5/002013,09,Vertical sounding sequences (conventional data),309066,Pressure,,002013,Solar and infrared radiation correction,,,,Operational
bufr4/3/09/066/6/012101,09,Vertical sounding sequences (conventional data),309066,Pressure,,012101,Temperature/air temperature,,,,Operational
bufr4/3/09/066/7/012103,09,Vertical sounding sequences (conventional data),309066,Pressure,,012103,Dewpoint temperature,,,,Operational
bufr4/3/09/066/8/010009,09,Vertical sounding sequences (conventional data),309066,Pressure,,010009,Geopotential height,,,,Operational
bufr4/3/09/066/9/010007,09,Vertical sounding sequences (conventional data),309066,Pressure,,010007,Height,,,,Operational
bufr4/3/09/066/10/011002,09,Vertical sounding sequences (conventional data),309066,Pressure,,011002,Wind speed,,,,Operational
bufr4/3/09/066/11/011001,09,Vertical sounding sequences (conventional data),309066,Pressure,,011001,Wind direction (Vertical profile for numerical weather prediction data) Identification,,,,Operational
bufr4/3/09/070/1/001035,09,Vertical sounding sequences (conventional data),309070,Originating centre,,001035,Originating centre,,,,Operational
bufr4/3/09/070/2/001032,09,Vertical sounding sequences (conventional data),309070,Originating centre,,001032,Generating application,,,,Operational
bufr4/3/09/070/3/001015,09,Vertical sounding sequences (conventional data),309070,Originating centre,,001015,Station or site name,,,,Operational
bufr4/3/09/070/4/001063,09,Vertical sounding sequences (conventional data),309070,Originating centre,,001063,ICAO location indicator,,,,Operational
bufr4/3/09/070/5/301001,09,Vertical sounding sequences (conventional data),309070,Originating centre,,301001,WMO block and station numbers Location and reference time,,,,Operational
bufr4/3/09/070/6/301011,09,Vertical sounding sequences (conventional data),309070,Originating centre,,301011,"Year, month, day",,,,Operational
bufr4/3/09/070/7/301012,09,Vertical sounding sequences (conventional data),309070,Originating centre,,301012,"Hour, minute",Reference time of the forecast (T-zero),,,Operational
bufr4/3/09/070/8/301021,09,Vertical sounding sequences (conventional data),309070,Originating centre,,301021,Latitude/longitude (high accuracy),,,,Operational
bufr4/3/09/070/9/207001,09,Vertical sounding sequences (conventional data),309070,Originating centre,,207001,"Increase scale, reference value and data width Increase scale factor by 1; reference value and data width are recalculated in accordance with the Table C specification of operator 2 07 YYY",/see left column,,,Operational
bufr4/3/09/070/10/010001,09,Vertical sounding sequences (conventional data),309070,Originating centre,,010001,Height of land surface (see Note 7),Station elevation (non coordinate),,,Operational
bufr4/3/09/070/11/207000,09,Vertical sounding sequences (conventional data),309070,Originating centre,,207000,"Increase scale, reference value and data width",Cancel,,,Operational
bufr4/3/09/070/12/008086,09,Vertical sounding sequences (conventional data),309070,Originating centre,,008086,Vertical significance for NWP,Bit 9 set to 1 Virtual station height,,,Operational
bufr4/3/09/070/13/007030,09,Vertical sounding sequences (conventional data),309070,Originating centre,,007030,"Height of station ground above mean sea level Elevation of model terrain at the latitude/longitude of station. As qualified by 0 08 086, this value is both station and model specific. Vertical profile metadata",/see left column,,,Operational
bufr4/3/09/070/14/025031,09,Vertical sounding sequences (conventional data),309070,Originating centre,,025031,NWP-generated vertical profile thinning method (see Note 8),,,,Operational
bufr4/3/09/070/15/008021,09,Vertical sounding sequences (conventional data),309070,Originating centre,,008021,Time significance,"= 4 Forecast, = 16 Analysis, = 27 First guess",,,Operational
bufr4/3/09/070/16/004014,09,Vertical sounding sequences (conventional data),309070,Originating centre,,004014,"Time increment Validity time of the forecast expressed as a Delta T from reference time. In the case of an analysis or 00 hour forecast, the value is set to zero Point data at station height (including column-integrated data)",/see left column,,,Operational
bufr4/3/09/070/17/010004,09,Vertical sounding sequences (conventional data),309070,Originating centre,,010004,Pressure,,,,Operational
bufr4/3/09/070/18/010051,09,Vertical sounding sequences (conventional data),309070,Originating centre,,010051,Pressure reduced to mean sea level I.2 – BUFR Table D/09 — 15,,,,Operational
bufr4/3/09/070/1/010009,09,Vertical sounding sequences (conventional data),309070,Geopotential height,,010009,Geopotential height,,,,Operational
bufr4/3/09/070/2/020010,09,Vertical sounding sequences (conventional data),309070,Geopotential height,,020010,Cloud cover (total),,,,Operational
bufr4/3/09/070/3/013095,09,Vertical sounding sequences (conventional data),309070,Geopotential height,,013095,Total column water vapour Replication loop for levels,,,,Operational
bufr4/3/09/070/4/128000,09,Vertical sounding sequences (conventional data),309070,Geopotential height,,128000,Delayed replication of 28 descriptors,,,,Operational
bufr4/3/09/070/5/031002,09,Vertical sounding sequences (conventional data),309070,Geopotential height,,031002,Extended delayed descriptor replication factor The number of levels used in the vertical profile is determined by this replication. The number of levels is discretionary and comprises all agl levels and pressure levels Data on pressure coordinates,/see left column,,,Operational
bufr4/3/09/070/6/113000,09,Vertical sounding sequences (conventional data),309070,Geopotential height,,113000,Delayed replication of 13 descriptors,,,,Operational
bufr4/3/09/070/7/031000,09,Vertical sounding sequences (conventional data),309070,Geopotential height,,031000,Short delayed descriptor replication factor,"= 1 Vertical coordinate is pressure, = 0 Otherwise",,,Operational
bufr4/3/09/070/8/008086,09,Vertical sounding sequences (conventional data),309070,Geopotential height,,008086,Vertical significance for NWP,Bit 1 set to 0 and other bits as appropriate,,,Operational
bufr4/3/09/070/9/007004,09,Vertical sounding sequences (conventional data),309070,Geopotential height,,007004,Pressure (see Note 9),,,,Operational
bufr4/3/09/070/10/011001,09,Vertical sounding sequences (conventional data),309070,Geopotential height,,011001,Wind direction,Degrees true,,,Operational
bufr4/3/09/070/11/011002,09,Vertical sounding sequences (conventional data),309070,Geopotential height,,011002,Wind speed,m/s,,,Operational
bufr4/3/09/070/12/012101,09,Vertical sounding sequences (conventional data),309070,Geopotential height,,012101,Temperature/air temperature,,,,Operational
bufr4/3/09/070/13/012102,09,Vertical sounding sequences (conventional data),309070,Geopotential height,,012102,Wet-bulb temperature,,,,Operational
bufr4/3/09/070/14/012103,09,Vertical sounding sequences (conventional data),309070,Geopotential height,,012103,Dewpoint temperature,,,,Operational
bufr4/3/09/070/15/010009,09,Vertical sounding sequences (conventional data),309070,Geopotential height,,010009,Geopotential height,,,,Operational
bufr4/3/09/070/16/103000,09,Vertical sounding sequences (conventional data),309070,Geopotential height,,103000,Delayed replication of 3 descriptors,,,,Operational
bufr4/3/09/070/17/031000,09,Vertical sounding sequences (conventional data),309070,Geopotential height,,031000,Short delayed descriptor replication factor,= 1 Optional enhanced model data is to be included,,,Operational
bufr4/3/09/070/18/011021,09,Vertical sounding sequences (conventional data),309070,Geopotential height,,011021,Relative vorticity,,,,Operational
bufr4/3/09/070/19/011022,09,Vertical sounding sequences (conventional data),309070,Geopotential height,,011022,Divergence,,,,Operational
bufr4/3/09/070/20/011005,09,Vertical sounding sequences (conventional data),309070,Geopotential height,,011005,w-component Data at 10 metres above ground level,Vertical motion,,,Operational
bufr4/3/09/070/21/104000,09,Vertical sounding sequences (conventional data),309070,Geopotential height,,104000,Delayed replication of 4 descriptors,,,,Operational
bufr4/3/09/070/22/031000,09,Vertical sounding sequences (conventional data),309070,Geopotential height,,031000,Short delayed descriptor replication factor,"= 1 Vertical coordinate is 10 metres above ground level, = 0 Otherwise",,,Operational
bufr4/3/09/070/23/008086,09,Vertical sounding sequences (conventional data),309070,Geopotential height,,008086,Vertical significance for NWP,"Bit 1 set to 1, bit 8 set to 1",,,Operational
bufr4/3/09/070/24/007006,09,Vertical sounding sequences (conventional data),309070,Geopotential height,,007006,Height above station,= 10 m,,,Operational
bufr4/3/09/070/25/011001,09,Vertical sounding sequences (conventional data),309070,Geopotential height,,011001,Wind direction,Degrees true,,,Operational
bufr4/3/09/070/26/011002,09,Vertical sounding sequences (conventional data),309070,Geopotential height,,011002,Wind speed Data at 2 metres above ground level,m/s,,,Operational
bufr4/3/09/070/27/105000,09,Vertical sounding sequences (conventional data),309070,Geopotential height,,105000,Delayed replication of 5 descriptors,,,,Operational
bufr4/3/09/070/28/031000,09,Vertical sounding sequences (conventional data),309070,Geopotential height,,031000,Short delayed descriptor replication factor,"= 1 Vertical coordinate is 2 metres above ground level, = 0 Otherwise",,,Operational
bufr4/3/09/070/29/008086,09,Vertical sounding sequences (conventional data),309070,Geopotential height,,008086,Vertical significance for NWP,,,,Operational
bufr4/3/09/070/30/007006,09,Vertical sounding sequences (conventional data),309070,Geopotential height,,007006,Height above station,= 2 m,,,Operational
bufr4/3/09/070/1/012101,09,Vertical sounding sequences (conventional data),309070,Temperature/air temperature,,012101,Temperature/air temperature,,,,Operational
bufr4/3/09/070/2/012102,09,Vertical sounding sequences (conventional data),309070,Temperature/air temperature,,012102,Wet-bulb temperature,,,,Operational
bufr4/3/09/070/3/012103,09,Vertical sounding sequences (conventional data),309070,Temperature/air temperature,,012103,Dewpoint temperature (Sequence for representation of PILOT in the area of ASECNA),,,,Operational
bufr4/3/09/071/1/301001,09,Vertical sounding sequences (conventional data),309071,WMO block and station numbers,,301001,WMO block and station numbers,,,,Operational
bufr4/3/09/071/2/002014,09,Vertical sounding sequences (conventional data),309071,WMO block and station numbers,,002014,Tracking technique/status of system used,,,,Operational
bufr4/3/09/071/3/002003,09,Vertical sounding sequences (conventional data),309071,WMO block and station numbers,,002003,Type of measuring equipment used,,,,Operational
bufr4/3/09/071/4/301113,09,Vertical sounding sequences (conventional data),309071,WMO block and station numbers,,301113,Date/time of launch,,,,Operational
bufr4/3/09/071/5/301114,09,Vertical sounding sequences (conventional data),309071,WMO block and station numbers,,301114,Horizontal and vertical coordinates of launch site,,,,Operational
bufr4/3/09/071/6/301023,09,Vertical sounding sequences (conventional data),309071,WMO block and station numbers,,301023,Latitude/longitude (coarse accuracy),,,,Operational
bufr4/3/09/071/7/007030,09,Vertical sounding sequences (conventional data),309071,WMO block and station numbers,,007030,Height of station ground above mean sea level,,,,Operational
bufr4/3/09/071/8/007007,09,Vertical sounding sequences (conventional data),309071,WMO block and station numbers,,007007,Height,Release of balloon,,,Operational
bufr4/3/09/071/9/103000,09,Vertical sounding sequences (conventional data),309071,WMO block and station numbers,,103000,Delayed replication of 3 descriptors,,,,Operational
bufr4/3/09/071/10/031001,09,Vertical sounding sequences (conventional data),309071,WMO block and station numbers,,031001,Delayed descriptor replication factor,,,,Operational
bufr4/3/09/071/11/007009,09,Vertical sounding sequences (conventional data),309071,WMO block and station numbers,,007009,Geopotential height,,,,Operational
bufr4/3/09/071/12/011001,09,Vertical sounding sequences (conventional data),309071,WMO block and station numbers,,011001,Wind direction,,,,Operational
bufr4/3/09/071/13/011002,09,Vertical sounding sequences (conventional data),309071,WMO block and station numbers,,011002,Wind speed I.2 – BUFR Table D/09 — 17,,,,Operational
