Id,Category,CategoryOfSequences_en,FXY1,Title_en,SubTitle_en,FXY2,ElementName_en,ElementDescription_en,Note_en,noteIDs,Status
bufr4/3/07/001/1/301031,07,Surface report sequences (land),307001,"Identification and type of station, date/time, location (high accuracy), height of station",,301031,"Identification and type of station, date/time, location (high accuracy), height of station",,,,Operational
bufr4/3/07/001/2/302011,07,Surface report sequences (land),307001,"Identification and type of station, date/time, location (high accuracy), height of station",,302011,Low altitude station (Low altitude station),Basic surface report,,,Operational
bufr4/3/07/002/1/301032,07,Surface report sequences (land),307002,"Identification and type of station, date/time, location (coarse accuracy), height of station",,301032,"Identification and type of station, date/time, location (coarse accuracy), height of station",,,,Operational
bufr4/3/07/002/2/302011,07,Surface report sequences (land),307002,"Identification and type of station, date/time, location (coarse accuracy), height of station",,302011,Low altitude station (Low altitude station),Basic surface report,,,Operational
bufr4/3/07/003/1/307001,07,Surface report sequences (land),307003,Low altitude station,,307001,Low altitude station,Location (high accuracy) and basic report,,,Operational
bufr4/3/07/003/2/101000,07,Surface report sequences (land),307003,Low altitude station,,101000,Delayed replication of 1 descriptor,,,,Operational
bufr4/3/07/003/3/031001,07,Surface report sequences (land),307003,Low altitude station,,031001,Delayed descriptor replication factor,,,,Operational
bufr4/3/07/003/4/302005,07,Surface report sequences (land),307003,Low altitude station,,302005,Cloud layer (Low altitude station),,,,Operational
bufr4/3/07/004/1/307002,07,Surface report sequences (land),307004,Low altitude station,,307002,Low altitude station,Location (coarse accuracy) and basic report,,,Operational
bufr4/3/07/004/2/101000,07,Surface report sequences (land),307004,Low altitude station,,101000,Delayed replication of 1 descriptor,,,,Operational
bufr4/3/07/004/3/031001,07,Surface report sequences (land),307004,Low altitude station,,031001,Delayed descriptor replication factor,,,,Operational
bufr4/3/07/004/4/302005,07,Surface report sequences (land),307004,Low altitude station,,302005,Cloud layer (Low altitude station),,,,Operational
bufr4/3/07/005/1/307001,07,Surface report sequences (land),307005,Low altitude station,,307001,Low altitude station,Location (high accuracy) and basic report,,,Operational
bufr4/3/07/005/2/101004,07,Surface report sequences (land),307005,Low altitude station,,101004,Replicate 1 descriptor 4 times,,,,Operational
bufr4/3/07/005/3/302005,07,Surface report sequences (land),307005,Low altitude station,,302005,Cloud layer (Low altitude station),4 layers,,,Operational
bufr4/3/07/006/1/307002,07,Surface report sequences (land),307006,Low altitude station,,307002,Low altitude station,Location (coarse accuracy) and basic report,,,Operational
bufr4/3/07/006/2/101004,07,Surface report sequences (land),307006,Low altitude station,,101004,Replicate 1 descriptor 4 times,,,,Operational
bufr4/3/07/006/3/302005,07,Surface report sequences (land),307006,Low altitude station,,302005,Cloud layer (High altitude station),4 layers,,,Operational
bufr4/3/07/007/1/301031,07,Surface report sequences (land),307007,"Identification and type of station, date/time, location (high accuracy), height of station",,301031,"Identification and type of station, date/time, location (high accuracy), height of station",,,,Operational
bufr4/3/07/007/2/302012,07,Surface report sequences (land),307007,"Identification and type of station, date/time, location (high accuracy), height of station",,302012,High altitude station (High altitude station),Basic surface report,,,Operational
bufr4/3/07/008/1/301032,07,Surface report sequences (land),307008,"Identification and type of station, date/time, location (coarse accuracy), height of station",,301032,"Identification and type of station, date/time, location (coarse accuracy), height of station",,,,Operational
bufr4/3/07/008/2/302012,07,Surface report sequences (land),307008,"Identification and type of station, date/time, location (coarse accuracy), height of station",,302012,High altitude station I.2,Basic surface report (continued) – BUFR Table D/07 — 1,,,Operational
bufr4/3/07/009/1/301031,07,Surface report sequences (land),307009,"Identification and type of station, date/time, location (high accuracy), height of station",,301031,"Identification and type of station, date/time, location (high accuracy), height of station",,,,Operational
bufr4/3/07/009/2/302013,07,Surface report sequences (land),307009,"Identification and type of station, date/time, location (high accuracy), height of station",,302013,Basic surface report (Main part of data for representation of METAR/SPECI code in BUFR),,,,Operational
bufr4/3/07/011/1/001063,07,Surface report sequences (land),307011,ICAO location indicator,,001063,ICAO location indicator,,,,Operational
bufr4/3/07/011/2/002001,07,Surface report sequences (land),307011,ICAO location indicator,,002001,Type of station,,,,Operational
bufr4/3/07/011/3/301011,07,Surface report sequences (land),307011,ICAO location indicator,,301011,"Year, month, day",YY,,,Operational
bufr4/3/07/011/4/301012,07,Surface report sequences (land),307011,ICAO location indicator,,301012,"Hour, minute","GG, gg",,,Operational
bufr4/3/07/011/5/301024,07,Surface report sequences (land),307011,ICAO location indicator,,301024,"Latitude/longitude (coarse accuracy), height of station",,,,Operational
bufr4/3/07/011/6/007006,07,Surface report sequences (land),307011,ICAO location indicator,,007006,Height above station,Height of an anemometer,,,Operational
bufr4/3/07/011/7/011001,07,Surface report sequences (land),307011,ICAO location indicator,,011001,Wind direction,,,,Operational
bufr4/3/07/011/8/011016,07,Surface report sequences (land),307011,ICAO location indicator,,011016,Extreme counterclockwise wind direction of a variable wind,,,,Operational
bufr4/3/07/011/9/011017,07,Surface report sequences (land),307011,ICAO location indicator,,011017,Extreme clockwise wind direction of a variable wind,,,,Operational
bufr4/3/07/011/10/011002,07,Surface report sequences (land),307011,ICAO location indicator,,011002,Wind speed,,,,Operational
bufr4/3/07/011/11/011041,07,Surface report sequences (land),307011,ICAO location indicator,,011041,Maximum wind gust speed,,,,Operational
bufr4/3/07/011/12/007006,07,Surface report sequences (land),307011,ICAO location indicator,,007006,Height above station,Height of a thermometer,,,Operational
bufr4/3/07/011/13/012001,07,Surface report sequences (land),307011,ICAO location indicator,,012001,Temperature/air temperature,,,,Operational
bufr4/3/07/011/14/012003,07,Surface report sequences (land),307011,ICAO location indicator,,012003,Dewpoint temperature,,,,Operational
bufr4/3/07/011/15/010052,07,Surface report sequences (land),307011,ICAO location indicator,,010052,Altimeter setting (QNH),,,,Operational
bufr4/3/07/011/16/020009,07,Surface report sequences (land),307011,ICAO location indicator,,020009,General weather indicator (TAF/METAR) (Horizontal visibility),,,,Operational
bufr4/3/07/012/1/103000,07,Surface report sequences (land),307012,Delayed replication of 3 descriptors,,103000,Delayed replication of 3 descriptors,,,,Operational
bufr4/3/07/012/2/031001,07,Surface report sequences (land),307012,Delayed replication of 3 descriptors,,031001,Delayed descriptor replication factor,Up to 3,,,Operational
bufr4/3/07/012/3/008023,07,Surface report sequences (land),307012,Delayed replication of 3 descriptors,,008023,First-order statistics,,,,Operational
bufr4/3/07/012/4/005021,07,Surface report sequences (land),307012,Delayed replication of 3 descriptors,,005021,Bearing or azimuth,Direction of visibility observed,,,Operational
bufr4/3/07/012/5/020001,07,Surface report sequences (land),307012,Delayed replication of 3 descriptors,,020001,Horizontal visibility (Runway visual range),,,,Operational
bufr4/3/07/013/1/106000,07,Surface report sequences (land),307013,Delayed replication of 6 descriptors,,106000,Delayed replication of 6 descriptors,,,,Operational
bufr4/3/07/013/2/031001,07,Surface report sequences (land),307013,Delayed replication of 6 descriptors,,031001,Delayed descriptor replication factor,Up to 4,,,Operational
bufr4/3/07/013/3/001064,07,Surface report sequences (land),307013,Delayed replication of 6 descriptors,,001064,Runway designator,,,,Operational
bufr4/3/07/013/4/008014,07,Surface report sequences (land),307013,Delayed replication of 6 descriptors,,008014,Qualifier for runway visual range,,,,Operational
bufr4/3/07/013/5/020061,07,Surface report sequences (land),307013,Delayed replication of 6 descriptors,,020061,Runway visual range (RVR),,,,Operational
bufr4/3/07/013/6/008014,07,Surface report sequences (land),307013,Delayed replication of 6 descriptors,,008014,Qualifier for runway visual range,,,,Operational
bufr4/3/07/013/7/020061,07,Surface report sequences (land),307013,Delayed replication of 6 descriptors,,020061,Runway visual range (RVR),,,,Operational
bufr4/3/07/013/8/020018,07,Surface report sequences (land),307013,Delayed replication of 6 descriptors,,020018,Tendency of runway visual range (Significant present or forecast weather),,,,Operational
bufr4/3/07/014/1/101000,07,Surface report sequences (land),307014,Delayed replication of 1 descriptor,,101000,Delayed replication of 1 descriptor,,,,Operational
bufr4/3/07/014/2/031001,07,Surface report sequences (land),307014,Delayed replication of 1 descriptor,,031001,Delayed descriptor replication factor,Up to 3,,,Operational
bufr4/3/07/014/3/020019,07,Surface report sequences (land),307014,Delayed replication of 1 descriptor,,020019,Significant present or forecast weather,,,,Operational
bufr4/3/07/015/1/101000,07,Surface report sequences (land),307015,Delayed replication of 1 descriptor,,101000,Delayed replication of 1 descriptor,,,,Operational
bufr4/3/07/015/2/031001,07,Surface report sequences (land),307015,Delayed replication of 1 descriptor,,031001,Delayed descriptor replication factor,,,,Operational
bufr4/3/07/015/3/302005,07,Surface report sequences (land),307015,Delayed replication of 1 descriptor,,302005,Cloud layer,"N N N , CC, h h h s s s s s s",,,Operational
bufr4/3/07/015/4/020002,07,Surface report sequences (land),307015,Delayed replication of 1 descriptor,,020002,Vertical visibility (Significant recent weather phenomena),,,,Operational
bufr4/3/07/016/1/101000,07,Surface report sequences (land),307016,Delayed replication of 1 descriptor,,101000,Delayed replication of 1 descriptor,,,,Operational
bufr4/3/07/016/2/031001,07,Surface report sequences (land),307016,Delayed replication of 1 descriptor,,031001,Delayed descriptor replication factor,Up to 3,,,Operational
bufr4/3/07/016/3/020020,07,Surface report sequences (land),307016,Delayed replication of 1 descriptor,,020020,Significant recent weather phenomena (Wind shear on runway(s)),,,,Operational
bufr4/3/07/017/1/101000,07,Surface report sequences (land),307017,Delayed replication of 1 descriptor,,101000,Delayed replication of 1 descriptor,,,,Operational
bufr4/3/07/017/2/031001,07,Surface report sequences (land),307017,Delayed replication of 1 descriptor,,031001,Delayed descriptor replication factor,,,,Operational
bufr4/3/07/017/3/011070,07,Surface report sequences (land),307017,Delayed replication of 1 descriptor,,011070,Designator of the runway affected by wind shear (including ALL) (Trend-type landing forecast),,,,Operational
bufr4/3/07/018/1/008016,07,Surface report sequences (land),307018,Change qualifier of a trend-type forecast or an aerodrome forecast,,008016,Change qualifier of a trend-type forecast or an aerodrome forecast,,,,Operational
bufr4/3/07/018/2/102000,07,Surface report sequences (land),307018,Change qualifier of a trend-type forecast or an aerodrome forecast,,102000,Delayed replication of 2 descriptors,,,,Operational
bufr4/3/07/018/3/031001,07,Surface report sequences (land),307018,Change qualifier of a trend-type forecast or an aerodrome forecast,,031001,Delayed descriptor replication factor,Up to 2,,,Operational
bufr4/3/07/018/4/008017,07,Surface report sequences (land),307018,Change qualifier of a trend-type forecast or an aerodrome forecast,,008017,Qualifier of the time when the forecast change is expected,"FM, TL, AT",,,Operational
bufr4/3/07/018/5/301012,07,Surface report sequences (land),307018,Change qualifier of a trend-type forecast or an aerodrome forecast,,301012,"Hour, minute","GG, gg",,,Operational
bufr4/3/07/018/6/104000,07,Surface report sequences (land),307018,Change qualifier of a trend-type forecast or an aerodrome forecast,,104000,Delayed replication of 4 descriptors,,,,Operational
bufr4/3/07/018/7/031001,07,Surface report sequences (land),307018,Change qualifier of a trend-type forecast or an aerodrome forecast,,031001,Delayed descriptor replication factor,Up to 1,,,Operational
bufr4/3/07/018/8/007006,07,Surface report sequences (land),307018,Change qualifier of a trend-type forecast or an aerodrome forecast,,007006,Height above station,,,,Operational
bufr4/3/07/018/9/011001,07,Surface report sequences (land),307018,Change qualifier of a trend-type forecast or an aerodrome forecast,,011001,Wind direction,,,,Operational
bufr4/3/07/018/10/011002,07,Surface report sequences (land),307018,Change qualifier of a trend-type forecast or an aerodrome forecast,,011002,Wind speed,,,,Operational
bufr4/3/07/018/11/011041,07,Surface report sequences (land),307018,Change qualifier of a trend-type forecast or an aerodrome forecast,,011041,Maximum wind gust speed,,,,Operational
bufr4/3/07/018/12/020009,07,Surface report sequences (land),307018,Change qualifier of a trend-type forecast or an aerodrome forecast,,020009,General weather indicator (TAF/METAR),,,,Operational
bufr4/3/07/018/13/101000,07,Surface report sequences (land),307018,Change qualifier of a trend-type forecast or an aerodrome forecast,,101000,Delayed replication of 1 descriptor,,,,Operational
bufr4/3/07/018/14/031001,07,Surface report sequences (land),307018,Change qualifier of a trend-type forecast or an aerodrome forecast,,031001,Delayed descriptor replication factor,Up to 1,,,Operational
bufr4/3/07/018/15/020001,07,Surface report sequences (land),307018,Change qualifier of a trend-type forecast or an aerodrome forecast,,020001,Horizontal visibility,,,,Operational
bufr4/3/07/018/16/307014,07,Surface report sequences (land),307018,Change qualifier of a trend-type forecast or an aerodrome forecast,,307014,Significant present or forecast weather (Short METAR/SPECI),w´w´,,,Operational
bufr4/3/07/020/1/307011,07,Surface report sequences (land),307020,Main part of data for representation of METAR/SPECI code in BUFR,,307011,Main part of data for representation of METAR/SPECI code in BUFR,,,,Operational
bufr4/3/07/020/2/307014,07,Surface report sequences (land),307020,Main part of data for representation of METAR/SPECI code in BUFR,,307014,Significant present or forecast weather,w´w´,,,Operational
bufr4/3/07/020/3/307016,07,Surface report sequences (land),307020,Main part of data for representation of METAR/SPECI code in BUFR,,307016,Significant recent weather phenomena (Total sequence for representation of METAR/SPECI code in BUFR),REw´w´,,,Operational
bufr4/3/07/021/1/307011,07,Surface report sequences (land),307021,Main part of data for representation of METAR/SPECI code in BUFR,,307011,Main part of data for representation of METAR/SPECI code in BUFR,,,,Operational
bufr4/3/07/021/2/307012,07,Surface report sequences (land),307021,Main part of data for representation of METAR/SPECI code in BUFR,,307012,Horizontal visibility,D VVVV v,,,Operational
bufr4/3/07/021/3/307013,07,Surface report sequences (land),307021,Main part of data for representation of METAR/SPECI code in BUFR,,307013,Runway visual range I.2,D D /V V V V R R R R R R (continued) – BUFR Table D/07 — 3,,,Operational
bufr4/3/07/021/1/307014,07,Surface report sequences (land),307021,Significant present or forecast weather,,307014,Significant present or forecast weather,w´w´,,,Operational
bufr4/3/07/021/2/307015,07,Surface report sequences (land),307021,Significant present or forecast weather,,307015,Clouds group(s),,,,Operational
bufr4/3/07/021/3/307016,07,Surface report sequences (land),307021,Significant present or forecast weather,,307016,Significant recent weather phenomena,REw´w´,,,Operational
bufr4/3/07/021/4/307017,07,Surface report sequences (land),307021,Significant present or forecast weather,,307017,Wind shear on runway(s),,,,Operational
bufr4/3/07/021/5/307018,07,Surface report sequences (land),307021,Significant present or forecast weather,,307018,Trend-type landing forecast,,,,Operational
bufr4/3/07/021/6/307015,07,Surface report sequences (land),307021,Significant present or forecast weather,,307015,Clouds group(s) (Ground-based GNSS data),,,,Operational
bufr4/3/07/022/1/001015,07,Surface report sequences (land),307022,Station or site name,,001015,Station or site name,,,,Operational
bufr4/3/07/022/2/301011,07,Surface report sequences (land),307022,Station or site name,,301011,"Year, month, day",,,,Operational
bufr4/3/07/022/3/301012,07,Surface report sequences (land),307022,Station or site name,,301012,"Hour, minute",,,,Operational
bufr4/3/07/022/4/301022,07,Surface report sequences (land),307022,Station or site name,,301022,"Latitude/longitude (high accuracy), height of station",,,,Operational
bufr4/3/07/022/5/008021,07,Surface report sequences (land),307022,Station or site name,,008021,Time significance,= 23 Monitoring period,,,Operational
bufr4/3/07/022/6/004025,07,Surface report sequences (land),307022,Station or site name,,004025,Time period or displacement,,,,Operational
bufr4/3/07/022/7/010004,07,Surface report sequences (land),307022,Station or site name,,010004,Pressure,,,,Operational
bufr4/3/07/022/8/012001,07,Surface report sequences (land),307022,Station or site name,,012001,Temperature/air temperature,,,,Operational
bufr4/3/07/022/9/013003,07,Surface report sequences (land),307022,Station or site name,,013003,Relative humidity,,,,Operational
bufr4/3/07/022/10/033038,07,Surface report sequences (land),307022,Station or site name,,033038,Quality flags for ground-based GNSS data,,,,Operational
bufr4/3/07/022/11/008022,07,Surface report sequences (land),307022,Station or site name,,008022,Total number (with respect to accumulation or average),Number of GNSS satellites used,,,Operational
bufr4/3/07/022/12/106025,07,Surface report sequences (land),307022,Station or site name,,106025,Replicate 6 descriptors 25 times,,,,Operational
bufr4/3/07/022/13/002020,07,Surface report sequences (land),307022,Station or site name,,002020,Satellite classification,,,,Operational
bufr4/3/07/022/14/001050,07,Surface report sequences (land),307022,Station or site name,,001050,Platform transmitter ID number,,,,Operational
bufr4/3/07/022/15/005021,07,Surface report sequences (land),307022,Station or site name,,005021,Bearing or azimuth,,,,Operational
bufr4/3/07/022/16/007021,07,Surface report sequences (land),307022,Station or site name,,007021,Elevation,,,,Operational
bufr4/3/07/022/17/015031,07,Surface report sequences (land),307022,Station or site name,,015031,Atmospheric path delay in satellite signal,,,,Operational
bufr4/3/07/022/18/015032,07,Surface report sequences (land),307022,Station or site name,,015032,Estimated error in atmospheric path delay,,,,Operational
bufr4/3/07/022/19/008060,07,Surface report sequences (land),307022,Station or site name,,008060,Sample scanning mode significance,= 5 North/South,,,Operational
bufr4/3/07/022/20/015033,07,Surface report sequences (land),307022,Station or site name,,015033,Difference in path delays for limb views at extremes of scan,,,,Operational
bufr4/3/07/022/21/015034,07,Surface report sequences (land),307022,Station or site name,,015034,Estimated error in path delay difference,,,,Operational
bufr4/3/07/022/22/008060,07,Surface report sequences (land),307022,Station or site name,,008060,Sample scanning mode significance,= 6 East/West,,,Operational
bufr4/3/07/022/23/015033,07,Surface report sequences (land),307022,Station or site name,,015033,Difference in path delays for limb views at extremes of scan,,,,Operational
bufr4/3/07/022/24/015034,07,Surface report sequences (land),307022,Station or site name,,015034,Estimated error in path delay difference,,,,Operational
bufr4/3/07/022/25/015035,07,Surface report sequences (land),307022,Station or site name,,015035,Component of zenith path delay due to water vapour,,,,Operational
bufr4/3/07/022/26/201131,07,Surface report sequences (land),307022,Station or site name,,201131,Change data width,,,,Operational
bufr4/3/07/022/27/202129,07,Surface report sequences (land),307022,Station or site name,,202129,Change scale,,,,Operational
bufr4/3/07/022/28/013016,07,Surface report sequences (land),307022,Station or site name,,013016,Precipitable water,,,,Operational
bufr4/3/07/022/29/202000,07,Surface report sequences (land),307022,Station or site name,,202000,Change scale,Cancel,,,Operational
bufr4/3/07/022/30/201000,07,Surface report sequences (land),307022,Station or site name,,201000,Change data width,Cancel,,,Operational
bufr4/3/07/022/31/015011,07,Surface report sequences (land),307022,Station or site name,,015011,Log of integrated electron density 10 (Ozone data – single observation),,,,Operational
bufr4/3/07/030/1/015001,07,Surface report sequences (land),307030,Total ozone,,015001,Total ozone,,,,Operational
bufr4/3/07/030/2/015002,07,Surface report sequences (land),307030,Total ozone,,015002,Air mass (slant path at 22 km),,,,Operational
bufr4/3/07/031/1/008022,07,Surface report sequences (land),307031,Total number (with respect to accumulation or average),,008022,Total number (with respect to accumulation or average),Number of measurements,,,Operational
bufr4/3/07/031/2/008023,07,Surface report sequences (land),307031,Total number (with respect to accumulation or average),,008023,First-order statistics,= 4 Mean value,,,Operational
bufr4/3/07/031/3/015001,07,Surface report sequences (land),307031,Total number (with respect to accumulation or average),,015001,Total ozone,Average value of ozone measurement,,,Operational
bufr4/3/07/031/4/008023,07,Surface report sequences (land),307031,Total number (with respect to accumulation or average),,008023,First-order statistics,= 9 Best estimate of standard deviation,,,Operational
bufr4/3/07/031/5/015001,07,Surface report sequences (land),307031,Total number (with respect to accumulation or average),,015001,Total ozone,Best estimate of standard deviation of the ozone measurement,,,Operational
bufr4/3/07/031/6/008023,07,Surface report sequences (land),307031,Total number (with respect to accumulation or average),,008023,First-order statistics,= 11 Harmonic mean,,,Operational
bufr4/3/07/031/7/015002,07,Surface report sequences (land),307031,Total number (with respect to accumulation or average),,015002,Air mass (slant path at 22 km) (Total ozone measurement from a Brewer ground-based spectrophotometer obtained from a single observation),Harmonic mean value of the air-mass,,,Operational
bufr4/3/07/041/1/301001,07,Surface report sequences (land),307041,WMO block and station numbers,,301001,WMO block and station numbers,,,,Operational
bufr4/3/07/041/2/001015,07,Surface report sequences (land),307041,WMO block and station numbers,,001015,Station or site name,,,,Operational
bufr4/3/07/041/3/301024,07,Surface report sequences (land),307041,WMO block and station numbers,,301024,"Latitude/longitude (coarse accuracy), height of station",,,,Operational
bufr4/3/07/041/4/301011,07,Surface report sequences (land),307041,WMO block and station numbers,,301011,"Year, month, day",Ozone measurement,,,Operational
bufr4/3/07/041/5/301012,07,Surface report sequences (land),307041,WMO block and station numbers,,301012,"Hour, minute",Ozone measurement,,,Operational
bufr4/3/07/041/6/301070,07,Surface report sequences (land),307041,WMO block and station numbers,,301070,Ozone instrumentation – Brewer spectrophotometer,,,,Operational
bufr4/3/07/041/7/307030,07,Surface report sequences (land),307041,WMO block and station numbers,,307030,Ozone data – single observation (Total ozone measurement from a Brewer ground-based spectrophotometer obtained from averaged observations),,,,Operational
bufr4/3/07/042/1/301001,07,Surface report sequences (land),307042,WMO block and station numbers,,301001,WMO block and station numbers,,,,Operational
bufr4/3/07/042/2/001015,07,Surface report sequences (land),307042,WMO block and station numbers,,001015,Station or site name,,,,Operational
bufr4/3/07/042/3/301024,07,Surface report sequences (land),307042,WMO block and station numbers,,301024,"Latitude/longitude (coarse accuracy), height of station",,,,Operational
bufr4/3/07/042/4/301011,07,Surface report sequences (land),307042,WMO block and station numbers,,301011,"Year, month, day",Ozone measurement,,,Operational
bufr4/3/07/042/5/301012,07,Surface report sequences (land),307042,WMO block and station numbers,,301012,"Hour, minute",Ozone measurement,,,Operational
bufr4/3/07/042/6/008021,07,Surface report sequences (land),307042,WMO block and station numbers,,008021,Time significance,= 8 Ensemble mean,,,Operational
bufr4/3/07/042/7/004025,07,Surface report sequences (land),307042,WMO block and station numbers,,004025,Time period or displacement,Time period (minutes) for the computation of the average,,,Operational
bufr4/3/07/042/8/301070,07,Surface report sequences (land),307042,WMO block and station numbers,,301070,Ozone instrumentation – Brewer spectrophotometer,,,,Operational
bufr4/3/07/042/9/307031,07,Surface report sequences (land),307042,WMO block and station numbers,,307031,Ozone data – averaged observations (Total ozone measurement from a Dobson ground-based spectrophotometer obtained from a single observation),,,,Operational
bufr4/3/07/043/1/301001,07,Surface report sequences (land),307043,WMO block and station numbers,,301001,WMO block and station numbers,,,,Operational
bufr4/3/07/043/2/001015,07,Surface report sequences (land),307043,WMO block and station numbers,,001015,Station or site name,,,,Operational
bufr4/3/07/043/3/301024,07,Surface report sequences (land),307043,WMO block and station numbers,,301024,"Latitude/longitude (coarse accuracy), height of station",,,,Operational
bufr4/3/07/043/4/301011,07,Surface report sequences (land),307043,WMO block and station numbers,,301011,"Year, month, day",Ozone measurement,,,Operational
bufr4/3/07/043/5/301012,07,Surface report sequences (land),307043,WMO block and station numbers,,301012,"Hour, minute",Ozone measurement,,,Operational
bufr4/3/07/043/6/301074,07,Surface report sequences (land),307043,WMO block and station numbers,,301074,Ozone instrumentation – Dobson spectrophotometer,,,,Operational
bufr4/3/07/043/7/307030,07,Surface report sequences (land),307043,WMO block and station numbers,,307030,Ozone data – single observation I.2,(continued) – BUFR Table D/07 — 5,,,Operational
bufr4/3/07/044/1/301001,07,Surface report sequences (land),307044,WMO block and station numbers,,301001,WMO block and station numbers,,,,Operational
bufr4/3/07/044/2/001015,07,Surface report sequences (land),307044,WMO block and station numbers,,001015,Station or site name,,,,Operational
bufr4/3/07/044/3/301024,07,Surface report sequences (land),307044,WMO block and station numbers,,301024,"Latitude/longitude (coarse accuracy), height of station",,,,Operational
bufr4/3/07/044/4/301011,07,Surface report sequences (land),307044,WMO block and station numbers,,301011,"Year, month, day",Ozone measurement,,,Operational
bufr4/3/07/044/5/301012,07,Surface report sequences (land),307044,WMO block and station numbers,,301012,"Hour, minute",Ozone measurement,,,Operational
bufr4/3/07/044/6/008021,07,Surface report sequences (land),307044,WMO block and station numbers,,008021,Time significance,= 8 Ensemble mean,,,Operational
bufr4/3/07/044/7/004025,07,Surface report sequences (land),307044,WMO block and station numbers,,004025,Time period or displacement,Time period (minutes) for the computation of the average,,,Operational
bufr4/3/07/044/8/301074,07,Surface report sequences (land),307044,WMO block and station numbers,,301074,Ozone instrumentation – Dobson spectrophotometer,,,,Operational
bufr4/3/07/044/9/307031,07,Surface report sequences (land),307044,WMO block and station numbers,,307031,"Ozone data – averaged observations (Main part of METAR/SPECI), replacing 3 07 011",,,,Operational
bufr4/3/07/045/1/001063,07,Surface report sequences (land),307045,ICAO location indicator,,001063,ICAO location indicator,CCCC,,,Operational
bufr4/3/07/045/2/008079,07,Surface report sequences (land),307045,ICAO location indicator,,008079,Product status,METAR SPECI COR,,,Operational
bufr4/3/07/045/3/002001,07,Surface report sequences (land),307045,ICAO location indicator,,002001,Type of station,AUTO,,,Operational
bufr4/3/07/045/4/301011,07,Surface report sequences (land),307045,ICAO location indicator,,301011,"Year, month, day",YY,,,Operational
bufr4/3/07/045/5/301012,07,Surface report sequences (land),307045,ICAO location indicator,,301012,"Hour, minute",GGgg,,,Operational
bufr4/3/07/045/6/301023,07,Surface report sequences (land),307045,ICAO location indicator,,301023,Latitude/longitude (coarse accuracy),,,,Operational
bufr4/3/07/045/7/007030,07,Surface report sequences (land),307045,ICAO location indicator,,007030,Height of station ground above mean sea level,,,,Operational
bufr4/3/07/045/8/007031,07,Surface report sequences (land),307045,ICAO location indicator,,007031,Height of barometer above mean sea level,,,,Operational
bufr4/3/07/045/9/007032,07,Surface report sequences (land),307045,ICAO location indicator,,007032,Height of sensor above local ground (or deck of marine platform),= 10 m (if the actual value is not available),,,Operational
bufr4/3/07/045/10/011001,07,Surface report sequences (land),307045,ICAO location indicator,,011001,Wind direction,ddd,,,Operational
bufr4/3/07/045/11/011016,07,Surface report sequences (land),307045,ICAO location indicator,,011016,Extreme counterclockwise wind direction of a variable wind,d d d n n n,,,Operational
bufr4/3/07/045/12/011017,07,Surface report sequences (land),307045,ICAO location indicator,,011017,Extreme clockwise wind direction of a variable wind,d d d x x x,,,Operational
bufr4/3/07/045/13/008054,07,Surface report sequences (land),307045,ICAO location indicator,,008054,Qualifier for wind speed or wind gusts,P,,,Operational
bufr4/3/07/045/14/011083,07,Surface report sequences (land),307045,ICAO location indicator,,011083,Wind speed (see Note 1),ff – km/h,,,Operational
bufr4/3/07/045/15/011084,07,Surface report sequences (land),307045,ICAO location indicator,,011084,Wind speed (see Note 1),ff – kt,,,Operational
bufr4/3/07/045/16/011002,07,Surface report sequences (land),307045,ICAO location indicator,,011002,Wind speed (see Note 1),ff – m/s,,,Operational
bufr4/3/07/045/17/008054,07,Surface report sequences (land),307045,ICAO location indicator,,008054,Qualifier for wind speed or wind gusts,P,,,Operational
bufr4/3/07/045/18/011085,07,Surface report sequences (land),307045,ICAO location indicator,,011085,Maximum wind gust speed (see Note 2),f f – km/h m m,,,Operational
bufr4/3/07/045/19/011086,07,Surface report sequences (land),307045,ICAO location indicator,,011086,Maximum wind gust speed (see Note 2),– kt f f m m,,,Operational
bufr4/3/07/045/20/011041,07,Surface report sequences (land),307045,ICAO location indicator,,011041,Maximum wind gust speed (see Note 2),– m/s f f m m,,,Operational
bufr4/3/07/045/21/008054,07,Surface report sequences (land),307045,ICAO location indicator,,008054,Qualifier for wind speed or wind gusts,Set to missing (cancel),,,Operational
bufr4/3/07/045/22/007032,07,Surface report sequences (land),307045,ICAO location indicator,,007032,Height of sensor above local ground (or deck of marine platform),= 2 m (if the actual value is not available),,,Operational
bufr4/3/07/045/23/012023,07,Surface report sequences (land),307045,ICAO location indicator,,012023,Temperature,T´T´ – Celsius,,,Operational
bufr4/3/07/045/24/012024,07,Surface report sequences (land),307045,ICAO location indicator,,012024,Dewpoint temperature,T´ T´ – Celsius d d,,,Operational
bufr4/3/07/045/25/007032,07,Surface report sequences (land),307045,ICAO location indicator,,007032,Height of sensor above local ground (or deck of marine platform),Set to missing (cancel),,,Operational
bufr4/3/07/045/26/010052,07,Surface report sequences (land),307045,ICAO location indicator,,010052,Altimeter setting (QNH),QP P P P H H H H,,,Operational
bufr4/3/07/045/27/020009,07,Surface report sequences (land),307045,ICAO location indicator,,020009,General weather indicator (TAF/METAR),CAVOK,,,Operational
bufr4/3/07/046/1/020060,07,Surface report sequences (land),307046,Prevailing horizontal visibility,,020060,Prevailing horizontal visibility,VVVV or VVVVNDV,,,Operational
bufr4/3/07/046/2/102000,07,Surface report sequences (land),307046,Prevailing horizontal visibility,,102000,Delayed replication of 2 descriptors,,,,Operational
bufr4/3/07/046/3/031001,07,Surface report sequences (land),307046,Prevailing horizontal visibility,,031001,Delayed descriptor replication factor,Up to 2,,,Operational
bufr4/3/07/046/4/005021,07,Surface report sequences (land),307046,Prevailing horizontal visibility,,005021,Bearing or azimuth,Direction of minimum visibility observed D v,,,Operational
bufr4/3/07/046/5/020059,07,Surface report sequences (land),307046,Prevailing horizontal visibility,,020059,"Minimum horizontal visibility (METAR/SPECI/TAF clouds), replacing 3 07 015",V V V V N N N N,,,Operational
bufr4/3/07/047/1/105000,07,Surface report sequences (land),307047,Delayed replication of 5 descriptors,,105000,Delayed replication of 5 descriptors,,,,Operational
bufr4/3/07/047/2/031001,07,Surface report sequences (land),307047,Delayed replication of 5 descriptors,,031001,Delayed descriptor replication factor,,,,Operational
bufr4/3/07/047/3/008002,07,Surface report sequences (land),307047,Delayed replication of 5 descriptors,,008002,Vertical significance (surface observations),,,,Operational
bufr4/3/07/047/4/020011,07,Surface report sequences (land),307047,Delayed replication of 5 descriptors,,020011,Cloud amount,N N N s s s,,,Operational
bufr4/3/07/047/5/020012,07,Surface report sequences (land),307047,Delayed replication of 5 descriptors,,020012,Cloud type,CC,,,Operational
bufr4/3/07/047/6/020013,07,Surface report sequences (land),307047,Delayed replication of 5 descriptors,,020013,Height of base of cloud,h h h – m s s s,,,Operational
bufr4/3/07/047/7/020092,07,Surface report sequences (land),307047,Delayed replication of 5 descriptors,,020092,Height of base of cloud,h h h – ft s s s,,,Operational
bufr4/3/07/047/8/020002,07,Surface report sequences (land),307047,Delayed replication of 5 descriptors,,020002,Vertical visibility,VVh h h – m s s s,,,Operational
bufr4/3/07/047/9/020091,07,Surface report sequences (land),307047,Delayed replication of 5 descriptors,,020091,"Vertical visibility (Trend type forecast), replacing 3 07 018",VVh h h – ft s s s,,,Operational
bufr4/3/07/048/1/008016,07,Surface report sequences (land),307048,Change qualifier of a trend-type forecast or an aerodrome forecast,,008016,Change qualifier of a trend-type forecast or an aerodrome forecast,TTTTT NOSIG,,,Operational
bufr4/3/07/048/2/102000,07,Surface report sequences (land),307048,Change qualifier of a trend-type forecast or an aerodrome forecast,,102000,Delayed replication of 2 descriptors,,,,Operational
bufr4/3/07/048/3/031001,07,Surface report sequences (land),307048,Change qualifier of a trend-type forecast or an aerodrome forecast,,031001,Delayed descriptor replication factor,"= 0, 1 or 2",,,Operational
bufr4/3/07/048/4/008017,07,Surface report sequences (land),307048,Change qualifier of a trend-type forecast or an aerodrome forecast,,008017,Qualifier of the time when the forecast change is expected,TT,,,Operational
bufr4/3/07/048/5/301012,07,Surface report sequences (land),307048,Change qualifier of a trend-type forecast or an aerodrome forecast,,301012,"Hour, minute",GGgg,,,Operational
bufr4/3/07/048/6/112000,07,Surface report sequences (land),307048,Change qualifier of a trend-type forecast or an aerodrome forecast,,112000,Delayed replication of 12 descriptors,,,,Operational
bufr4/3/07/048/7/031000,07,Surface report sequences (land),307048,Change qualifier of a trend-type forecast or an aerodrome forecast,,031000,Short delayed descriptor replication factor,= 0 or 1,,,Operational
bufr4/3/07/048/8/007032,07,Surface report sequences (land),307048,Change qualifier of a trend-type forecast or an aerodrome forecast,,007032,Height of sensor above local ground (or deck of marine platform),= 10 m (if the actual value is not available),,,Operational
bufr4/3/07/048/9/011001,07,Surface report sequences (land),307048,Change qualifier of a trend-type forecast or an aerodrome forecast,,011001,Wind direction,ddd,,,Operational
bufr4/3/07/048/10/008054,07,Surface report sequences (land),307048,Change qualifier of a trend-type forecast or an aerodrome forecast,,008054,Qualifier for wind speed or wind gusts,P,,,Operational
bufr4/3/07/048/11/011083,07,Surface report sequences (land),307048,Change qualifier of a trend-type forecast or an aerodrome forecast,,011083,Wind speed (see Note 1),ff – km/h,,,Operational
bufr4/3/07/048/12/011084,07,Surface report sequences (land),307048,Change qualifier of a trend-type forecast or an aerodrome forecast,,011084,Wind speed (see Note 1),ff – kt,,,Operational
bufr4/3/07/048/13/011002,07,Surface report sequences (land),307048,Change qualifier of a trend-type forecast or an aerodrome forecast,,011002,Wind speed (see Note 1),ff – m/s,,,Operational
bufr4/3/07/048/14/008054,07,Surface report sequences (land),307048,Change qualifier of a trend-type forecast or an aerodrome forecast,,008054,Qualifier for wind speed or wind gusts,P,,,Operational
bufr4/3/07/048/15/011085,07,Surface report sequences (land),307048,Change qualifier of a trend-type forecast or an aerodrome forecast,,011085,Maximum wind gust speed (see Note 2),f f – km/h m m,,,Operational
bufr4/3/07/048/16/011086,07,Surface report sequences (land),307048,Change qualifier of a trend-type forecast or an aerodrome forecast,,011086,Maximum wind gust speed (see Note 2),f f – kt m m,,,Operational
bufr4/3/07/048/17/011041,07,Surface report sequences (land),307048,Change qualifier of a trend-type forecast or an aerodrome forecast,,011041,Maximum wind gust speed (see Note 2),f f – m/s m m,,,Operational
bufr4/3/07/048/18/008054,07,Surface report sequences (land),307048,Change qualifier of a trend-type forecast or an aerodrome forecast,,008054,Qualifier for wind speed or wind gusts,Set to missing (cancel),,,Operational
bufr4/3/07/048/19/007032,07,Surface report sequences (land),307048,Change qualifier of a trend-type forecast or an aerodrome forecast,,007032,Height of sensor above local ground (or deck of marine platform),Set to missing (cancel),,,Operational
bufr4/3/07/048/20/020009,07,Surface report sequences (land),307048,Change qualifier of a trend-type forecast or an aerodrome forecast,,020009,General weather indicator (TAF/METAR),CAVOK NSW NSC,,,Operational
bufr4/3/07/048/21/101000,07,Surface report sequences (land),307048,Change qualifier of a trend-type forecast or an aerodrome forecast,,101000,Delayed replication of 1 descriptor,,,,Operational
bufr4/3/07/048/22/031000,07,Surface report sequences (land),307048,Change qualifier of a trend-type forecast or an aerodrome forecast,,031000,Short delayed descriptor replication factor,= 0 or 1,,,Operational
bufr4/3/07/048/23/020060,07,Surface report sequences (land),307048,Change qualifier of a trend-type forecast or an aerodrome forecast,,020060,Prevailing horizontal visibility,VVVV,,,Operational
bufr4/3/07/048/24/307014,07,Surface report sequences (land),307048,Change qualifier of a trend-type forecast or an aerodrome forecast,,307014,Significant present and forecast weather,Weather intensity and phenomena w´w´,,,Operational
bufr4/3/07/048/25/307047,07,Surface report sequences (land),307048,Change qualifier of a trend-type forecast or an aerodrome forecast,,307047,"METAR/SPECI/TAF clouds, replacing 3 07 015 I.2",N N N h h h s s s s s s (continued) – BUFR Table D/07 — 7,,,Operational
bufr4/3/07/049/1/102000,07,Surface report sequences (land),307049,Delayed replication of 2 descriptors,,102000,Delayed replication of 2 descriptors,,,,Operational
bufr4/3/07/049/2/031000,07,Surface report sequences (land),307049,Delayed replication of 2 descriptors,,031000,Short delayed descriptor replication factor,= 0 or 1,,,Operational
bufr4/3/07/049/3/022043,07,Surface report sequences (land),307049,Delayed replication of 2 descriptors,,022043,Sea/water temperature,T T s s,,,Operational
bufr4/3/07/049/4/022021,07,Surface report sequences (land),307049,Delayed replication of 2 descriptors,,022021,Height of waves (Runway state),S´,,,Operational
bufr4/3/07/050/1/101000,07,Surface report sequences (land),307050,Delayed replication of 1 descriptor,,101000,Delayed replication of 1 descriptor,,,,Operational
bufr4/3/07/050/2/031000,07,Surface report sequences (land),307050,Delayed replication of 1 descriptor,,031000,Short delayed descriptor replication factor,= 0 or 1,,,Operational
bufr4/3/07/050/3/020085,07,Surface report sequences (land),307050,Delayed replication of 1 descriptor,,020085,General condition of runway,SNOCLO,,,Operational
bufr4/3/07/050/4/102000,07,Surface report sequences (land),307050,Delayed replication of 1 descriptor,,102000,Delayed replication of 2 descriptors,,,,Operational
bufr4/3/07/050/5/031001,07,Surface report sequences (land),307050,Delayed replication of 1 descriptor,,031001,Delayed descriptor replication factor,,,,Operational
bufr4/3/07/050/6/001064,07,Surface report sequences (land),307050,Delayed replication of 1 descriptor,,001064,Runway designator,D D R R,,,Operational
bufr4/3/07/050/7/020085,07,Surface report sequences (land),307050,Delayed replication of 1 descriptor,,020085,General condition of runway,CLRD//,,,Operational
bufr4/3/07/050/8/105000,07,Surface report sequences (land),307050,Delayed replication of 1 descriptor,,105000,Delayed replication of 5 descriptors,,,,Operational
bufr4/3/07/050/9/031001,07,Surface report sequences (land),307050,Delayed replication of 1 descriptor,,031001,Delayed descriptor replication factor,,,,Operational
bufr4/3/07/050/10/001064,07,Surface report sequences (land),307050,Delayed replication of 1 descriptor,,001064,Runway designator,D D R R,,,Operational
bufr4/3/07/050/11/020086,07,Surface report sequences (land),307050,Delayed replication of 1 descriptor,,020086,Runway deposits,E R,,,Operational
bufr4/3/07/050/12/020087,07,Surface report sequences (land),307050,Delayed replication of 1 descriptor,,020087,Runway contamination,C R,,,Operational
bufr4/3/07/050/13/020088,07,Surface report sequences (land),307050,Delayed replication of 1 descriptor,,020088,Depth of runway deposits,e e R R,,,Operational
bufr4/3/07/050/14/020089,07,Surface report sequences (land),307050,Delayed replication of 1 descriptor,,020089,"Runway friction coefficient (Full METAR/SPECI), replacing 3 07 021",B B R R,,,Operational
bufr4/3/07/051/1/307045,07,Surface report sequences (land),307051,"Main part of METAR/SPECI, replacing 3 07 011",,307045,"Main part of METAR/SPECI, replacing 3 07 011",,,,Operational
bufr4/3/07/051/2/307046,07,Surface report sequences (land),307051,"Main part of METAR/SPECI, replacing 3 07 011",,307046,METAR/SPECI visibility,VVVV or VVVVNDV V V V V D N N N N V,,,Operational
bufr4/3/07/051/3/307013,07,Surface report sequences (land),307051,"Main part of METAR/SPECI, replacing 3 07 011",,307013,Runway visual range,RD D /V V V V R R R R R R,,,Operational
bufr4/3/07/051/4/307014,07,Surface report sequences (land),307051,"Main part of METAR/SPECI, replacing 3 07 011",,307014,Significant present and forecast weather,Weather intensity and phenomena w´w´,,,Operational
bufr4/3/07/051/5/307047,07,Surface report sequences (land),307051,"Main part of METAR/SPECI, replacing 3 07 011",,307047,"METAR/SPECI/TAF clouds, replacing 3 07 015",N N N h h h s s s s s s,,,Operational
bufr4/3/07/051/6/307016,07,Surface report sequences (land),307051,"Main part of METAR/SPECI, replacing 3 07 011",,307016,Significant recent weather phenomena,REw´w´,,,Operational
bufr4/3/07/051/7/307017,07,Surface report sequences (land),307051,"Main part of METAR/SPECI, replacing 3 07 011",,307017,Wind shear on runway(s),WS RD D R R,,,Operational
bufr4/3/07/051/8/307049,07,Surface report sequences (land),307051,"Main part of METAR/SPECI, replacing 3 07 011",,307049,Sea conditions,WT T /SS´ s s,,,Operational
bufr4/3/07/051/9/307050,07,Surface report sequences (land),307051,"Main part of METAR/SPECI, replacing 3 07 011",,307050,Runway state,RD D /E C e e B B R R R R R R R R,,,Operational
bufr4/3/07/051/10/101000,07,Surface report sequences (land),307051,"Main part of METAR/SPECI, replacing 3 07 011",,101000,Delayed replication of 1 descriptor,,,,Operational
bufr4/3/07/051/11/031001,07,Surface report sequences (land),307051,"Main part of METAR/SPECI, replacing 3 07 011",,031001,Delayed descriptor replication factor,= 0 to 3 normally,,,Operational
bufr4/3/07/051/12/307048,07,Surface report sequences (land),307051,"Main part of METAR/SPECI, replacing 3 07 011",,307048,"Trend type forecast, replacing 3 07 018 (Aerodrome forecast identification and time interval)",,,,Operational
bufr4/3/07/052/1/001063,07,Surface report sequences (land),307052,ICAO location indicator,,001063,ICAO location indicator,CCCC,,,Operational
bufr4/3/07/052/2/008039,07,Surface report sequences (land),307052,ICAO location indicator,,008039,Time significance (aviation forecast),= 0 Issue time of forecast,,,Operational
bufr4/3/07/052/3/301011,07,Surface report sequences (land),307052,ICAO location indicator,,301011,"Year, month, day",YY,,,Operational
bufr4/3/07/052/4/301012,07,Surface report sequences (land),307052,ICAO location indicator,,301012,"Hour, minute",GGgg,,,Operational
bufr4/3/07/052/5/008079,07,Surface report sequences (land),307052,ICAO location indicator,,008079,Product status,COR CNL AMD NIL,,,Operational
bufr4/3/07/052/1/008039,07,Surface report sequences (land),307052,Time significance (aviation forecast),,008039,Time significance (aviation forecast),= 1 Time of commencement of period of the forecast,,,Operational
bufr4/3/07/052/2/301011,07,Surface report sequences (land),307052,Time significance (aviation forecast),,301011,"Year, month, day",Y Y 1 1,,,Operational
bufr4/3/07/052/3/301012,07,Surface report sequences (land),307052,Time significance (aviation forecast),,301012,"Hour, minute",G G 1 1,,,Operational
bufr4/3/07/052/4/008039,07,Surface report sequences (land),307052,Time significance (aviation forecast),,008039,Time significance (aviation forecast),= 2 Time of ending of period of the forecast,,,Operational
bufr4/3/07/052/5/301011,07,Surface report sequences (land),307052,Time significance (aviation forecast),,301011,"Year, month, day",Y Y 2 2,,,Operational
bufr4/3/07/052/6/301012,07,Surface report sequences (land),307052,Time significance (aviation forecast),,301012,"Hour, minute",G G 2 2,,,Operational
bufr4/3/07/052/7/301023,07,Surface report sequences (land),307052,Time significance (aviation forecast),,301023,Latitude/longitude (coarse accuracy),,,,Operational
bufr4/3/07/052/8/007030,07,Surface report sequences (land),307052,Time significance (aviation forecast),,007030,Height of station ground above mean sea level,,,,Operational
bufr4/3/07/052/9/007031,07,Surface report sequences (land),307052,Time significance (aviation forecast),,007031,Height of barometer above mean sea level (Forecast weather at an aerodrome),,,,Operational
bufr4/3/07/053/1/007032,07,Surface report sequences (land),307053,Height of sensor above local ground (or deck of marine platform),,007032,Height of sensor above local ground (or deck of marine platform),= 10 m (if the actual value is not available),,,Operational
bufr4/3/07/053/2/011001,07,Surface report sequences (land),307053,Height of sensor above local ground (or deck of marine platform),,011001,Wind direction,ddd,,,Operational
bufr4/3/07/053/3/008054,07,Surface report sequences (land),307053,Height of sensor above local ground (or deck of marine platform),,008054,Qualifier for wind speed or wind gusts,P,,,Operational
bufr4/3/07/053/4/011083,07,Surface report sequences (land),307053,Height of sensor above local ground (or deck of marine platform),,011083,Wind speed (see Note 1),ff – km/h,,,Operational
bufr4/3/07/053/5/011084,07,Surface report sequences (land),307053,Height of sensor above local ground (or deck of marine platform),,011084,Wind speed (see Note 1),ff – kt,,,Operational
bufr4/3/07/053/6/011002,07,Surface report sequences (land),307053,Height of sensor above local ground (or deck of marine platform),,011002,Wind speed (see Note 1),ff – m/s,,,Operational
bufr4/3/07/053/7/008054,07,Surface report sequences (land),307053,Height of sensor above local ground (or deck of marine platform),,008054,Qualifier for wind speed or wind gusts,P,,,Operational
bufr4/3/07/053/8/011085,07,Surface report sequences (land),307053,Height of sensor above local ground (or deck of marine platform),,011085,Maximum wind gust speed (see Note 2),f f – km/h m m,,,Operational
bufr4/3/07/053/9/011086,07,Surface report sequences (land),307053,Height of sensor above local ground (or deck of marine platform),,011086,Maximum wind gust speed (see Note 2),f f – kt m m,,,Operational
bufr4/3/07/053/10/011041,07,Surface report sequences (land),307053,Height of sensor above local ground (or deck of marine platform),,011041,Maximum wind gust speed (see Note 2),f f – m/s m m,,,Operational
bufr4/3/07/053/11/008054,07,Surface report sequences (land),307053,Height of sensor above local ground (or deck of marine platform),,008054,Qualifier for wind speed or wind gusts,Set to missing (cancel),,,Operational
bufr4/3/07/053/12/007032,07,Surface report sequences (land),307053,Height of sensor above local ground (or deck of marine platform),,007032,Height of sensor above local ground (or deck of marine platform),Set to missing (cancel),,,Operational
bufr4/3/07/053/13/020009,07,Surface report sequences (land),307053,Height of sensor above local ground (or deck of marine platform),,020009,General weather indicator (TAF/METAR),CAVOK NSW NSC,,,Operational
bufr4/3/07/053/14/020060,07,Surface report sequences (land),307053,Height of sensor above local ground (or deck of marine platform),,020060,Prevailing horizontal visibility,VVVV,,,Operational
bufr4/3/07/053/15/307014,07,Surface report sequences (land),307053,Height of sensor above local ground (or deck of marine platform),,307014,Significant present and forecast weather,w´w´,,,Operational
bufr4/3/07/053/16/307047,07,Surface report sequences (land),307053,Height of sensor above local ground (or deck of marine platform),,307047,"METAR/SPECI/TAF clouds, replacing 3 07 015 (Forecast of extreme temperatures)",N N N h h h s s s s s s,,,Operational
bufr4/3/07/054/1/007032,07,Surface report sequences (land),307054,Height of sensor above local ground (or deck of marine platform),,007032,Height of sensor above local ground (or deck of marine platform),= 2 m (if the actual value is not available),,,Operational
bufr4/3/07/054/2/008039,07,Surface report sequences (land),307054,Height of sensor above local ground (or deck of marine platform),,008039,Time significance (aviation forecast),= 3 Forecast time of maximum temperature,,,Operational
bufr4/3/07/054/3/004003,07,Surface report sequences (land),307054,Height of sensor above local ground (or deck of marine platform),,004003,Day,,,,Operational
bufr4/3/07/054/4/004004,07,Surface report sequences (land),307054,Height of sensor above local ground (or deck of marine platform),,004004,Hour,G G F F,,,Operational
bufr4/3/07/054/5/008023,07,Surface report sequences (land),307054,Height of sensor above local ground (or deck of marine platform),,008023,First-order statistics,= 3 Minimum,,,Operational
bufr4/3/07/054/6/012023,07,Surface report sequences (land),307054,Height of sensor above local ground (or deck of marine platform),,012023,Temperature,T T – Celsius F F,,,Operational
bufr4/3/07/054/7/008039,07,Surface report sequences (land),307054,Height of sensor above local ground (or deck of marine platform),,008039,Time significance (aviation forecast),= 4 Forecast time of minimum temperature,,,Operational
bufr4/3/07/054/8/004003,07,Surface report sequences (land),307054,Height of sensor above local ground (or deck of marine platform),,004003,Day,,,,Operational
bufr4/3/07/054/9/004004,07,Surface report sequences (land),307054,Height of sensor above local ground (or deck of marine platform),,004004,Hour,G G F F,,,Operational
bufr4/3/07/054/10/008023,07,Surface report sequences (land),307054,Height of sensor above local ground (or deck of marine platform),,008023,First-order statistics I.2,= 2 Maximum (continued) – BUFR Table D/07 — 9,,,Operational
bufr4/3/07/054/1/012023,07,Surface report sequences (land),307054,Temperature,,012023,Temperature,T T – Celsius F F,,,Operational
bufr4/3/07/054/2/008023,07,Surface report sequences (land),307054,Temperature,,008023,First-order statistics,Set to missing (cancel),,,Operational
bufr4/3/07/054/3/007032,07,Surface report sequences (land),307054,Temperature,,007032,Height of sensor above local ground (or deck of marine platform) (Change indicator and forecast changes),Set to missing (cancel),,,Operational
bufr4/3/07/055/1/033045,07,Surface report sequences (land),307055,Probability of following event,,033045,Probability of following event,C C 2 2,,,Operational
bufr4/3/07/055/2/008016,07,Surface report sequences (land),307055,Probability of following event,,008016,Change qualifier of a trend-type forecast or an aerodrome forecast,TTTTTT,,,Operational
bufr4/3/07/055/3/008039,07,Surface report sequences (land),307055,Probability of following event,,008039,Time significance (aviation forecast),= 5 Time of beginning of the forecast change,,,Operational
bufr4/3/07/055/4/004003,07,Surface report sequences (land),307055,Probability of following event,,004003,Day,,,,Operational
bufr4/3/07/055/5/301012,07,Surface report sequences (land),307055,Probability of following event,,301012,"Hour, minute",GGgg,,,Operational
bufr4/3/07/055/6/008039,07,Surface report sequences (land),307055,Probability of following event,,008039,Time significance (aviation forecast),= 6 Time of ending of the forecast change,,,Operational
bufr4/3/07/055/7/004003,07,Surface report sequences (land),307055,Probability of following event,,004003,Day,,,,Operational
bufr4/3/07/055/8/301012,07,Surface report sequences (land),307055,Probability of following event,,301012,"Hour, minute",G G e e,,,Operational
bufr4/3/07/055/9/307053,07,Surface report sequences (land),307055,Probability of following event,,307053,Forecast weather at an aerodrome (Aerodrome forecast – full TAF),During or after change,,,Operational
bufr4/3/07/056/1/307052,07,Surface report sequences (land),307056,Aerodrome forecast identification and time interval,,307052,Aerodrome forecast identification and time interval,,,,Operational
bufr4/3/07/056/2/307053,07,Surface report sequences (land),307056,Aerodrome forecast identification and time interval,,307053,Forecast weather at an aerodrome,,,,Operational
bufr4/3/07/056/3/307054,07,Surface report sequences (land),307056,Aerodrome forecast identification and time interval,,307054,Forecast of extreme temperatures,,,,Operational
bufr4/3/07/056/4/101000,07,Surface report sequences (land),307056,Aerodrome forecast identification and time interval,,101000,Delayed replication of 1 descriptor,,,,Operational
bufr4/3/07/056/5/031001,07,Surface report sequences (land),307056,Aerodrome forecast identification and time interval,,031001,Delayed descriptor replication factor,,,,Operational
bufr4/3/07/056/6/307055,07,Surface report sequences (land),307056,Aerodrome forecast identification and time interval,,307055,Change indicator and forecast changes (Soil temperature below land surface),,,,Operational
bufr4/3/07/060/1/007061,07,Surface report sequences (land),307060,Depth below land surface,,007061,Depth below land surface,,,,Operational
bufr4/3/07/060/2/012030,07,Surface report sequences (land),307060,Depth below land surface,,012030,Soil temperature (Soil temperature data at number of depths not exceeding five – high accuracy position),,,,Operational
bufr4/3/07/061/1/301031,07,Surface report sequences (land),307061,"Identification and type of station, date/time, location (high accuracy), height of station",,301031,"Identification and type of station, date/time, location (high accuracy), height of station",,,,Operational
bufr4/3/07/061/2/101005,07,Surface report sequences (land),307061,"Identification and type of station, date/time, location (high accuracy), height of station",,101005,Replicate 1 descriptor 5 times,,,,Operational
bufr4/3/07/061/3/307060,07,Surface report sequences (land),307061,"Identification and type of station, date/time, location (high accuracy), height of station",,307060,Soil temperature below land surface (Soil temperature data at number of depths not exceeding five – coarse accuracy position),,,,Operational
bufr4/3/07/062/1/301032,07,Surface report sequences (land),307062,"Identification and type of station, date/time, location (coarse accuracy), height of station",,301032,"Identification and type of station, date/time, location (coarse accuracy), height of station",,,,Operational
bufr4/3/07/062/2/101005,07,Surface report sequences (land),307062,"Identification and type of station, date/time, location (coarse accuracy), height of station",,101005,Replicate 1 descriptor 5 times,,,,Operational
bufr4/3/07/062/3/307060,07,Surface report sequences (land),307062,"Identification and type of station, date/time, location (coarse accuracy), height of station",,307060,Soil temperature below land surface (Depth below land surface and soil temperature),,,,Operational
bufr4/3/07/063/1/007061,07,Surface report sequences (land),307063,Depth below land surface,,007061,Depth below land surface,,,,Operational
bufr4/3/07/063/2/012130,07,Surface report sequences (land),307063,Depth below land surface,,012130,Soil temperature,Scale: 2,,,Operational
bufr4/3/07/071/1/301090,07,Surface report sequences (land),307071,"Surface station identification; time, horizontal and vertical coordinates (see Note 3)",,301090,"Surface station identification; time, horizontal and vertical coordinates (see Note 3)",,,,Operational
bufr4/3/07/071/2/004074,07,Surface report sequences (land),307071,"Surface station identification; time, horizontal and vertical coordinates (see Note 3)",,004074,Short time period or displacement (see Note 3),= UTC – LT,,,Operational
bufr4/3/07/071/3/004023,07,Surface report sequences (land),307071,"Surface station identification; time, horizontal and vertical coordinates (see Note 3)",,004023,"Time period or displacement Monthly mean values of pressure, temperature, extreme temperatures and vapour pressure",Number of days in the month,,,Operational
bufr4/3/07/071/4/008023,07,Surface report sequences (land),307071,"Surface station identification; time, horizontal and vertical coordinates (see Note 3)",,008023,First-order statistics,= 4 Mean value,,,Operational
bufr4/3/07/071/5/010004,07,Surface report sequences (land),307071,"Surface station identification; time, horizontal and vertical coordinates (see Note 3)",,010004,Pressure,,,,Operational
bufr4/3/07/071/6/010051,07,Surface report sequences (land),307071,"Surface station identification; time, horizontal and vertical coordinates (see Note 3)",,010051,Pressure reduced to mean sea level,,,,Operational
bufr4/3/07/071/7/007004,07,Surface report sequences (land),307071,"Surface station identification; time, horizontal and vertical coordinates (see Note 3)",,007004,Pressure,Standard level | Set to missing for lowland stations,,,Operational
bufr4/3/07/071/8/010009,07,Surface report sequences (land),307071,"Surface station identification; time, horizontal and vertical coordinates (see Note 3)",,010009,Geopotential height,Standard level | Set to missing for lowland stations,,,Operational
bufr4/3/07/071/9/007032,07,Surface report sequences (land),307071,"Surface station identification; time, horizontal and vertical coordinates (see Note 3)",,007032,Height of sensor above local ground (or deck of marine platform) (see Note 4),,,,Operational
bufr4/3/07/071/10/012101,07,Surface report sequences (land),307071,"Surface station identification; time, horizontal and vertical coordinates (see Note 3)",,012101,Temperature/air temperature,,,,Operational
bufr4/3/07/071/11/002051,07,Surface report sequences (land),307071,"Surface station identification; time, horizontal and vertical coordinates (see Note 3)",,002051,Indicator to specify observing method for extreme temperatures,,,,Operational
bufr4/3/07/071/12/004051,07,Surface report sequences (land),307071,"Surface station identification; time, horizontal and vertical coordinates (see Note 3)",,004051,Principal time of daily reading of maximum temperature,,,,Operational
bufr4/3/07/071/13/012118,07,Surface report sequences (land),307071,"Surface station identification; time, horizontal and vertical coordinates (see Note 3)",,012118,"Maximum temperature at height specified, past 24 hours",,,,Operational
bufr4/3/07/071/14/004052,07,Surface report sequences (land),307071,"Surface station identification; time, horizontal and vertical coordinates (see Note 3)",,004052,Principal time of daily reading of minimum temperature,,,,Operational
bufr4/3/07/071/15/012119,07,Surface report sequences (land),307071,"Surface station identification; time, horizontal and vertical coordinates (see Note 3)",,012119,"Minimum temperature at height specified, past 24 hours",,,,Operational
bufr4/3/07/071/16/013004,07,Surface report sequences (land),307071,"Surface station identification; time, horizontal and vertical coordinates (see Note 3)",,013004,Vapour pressure,,,,Operational
bufr4/3/07/071/17/008023,07,Surface report sequences (land),307071,"Surface station identification; time, horizontal and vertical coordinates (see Note 3)",,008023,First-order statistics,Set to missing,,,Operational
bufr4/3/07/071/18/012151,07,Surface report sequences (land),307071,"Surface station identification; time, horizontal and vertical coordinates (see Note 3)",,012151,Standard deviation of daily mean temperature,,,,Operational
bufr4/3/07/071/19/007032,07,Surface report sequences (land),307071,"Surface station identification; time, horizontal and vertical coordinates (see Note 3)",,007032,Height of sensor above local ground (or deck of marine platform),Set to missing (cancel),,,Operational
bufr4/3/07/071/20/102005,07,Surface report sequences (land),307071,"Surface station identification; time, horizontal and vertical coordinates (see Note 3)",,102005,Replicate 2 descriptors 5 times,,,,Operational
bufr4/3/07/071/21/008050,07,Surface report sequences (land),307071,"Surface station identification; time, horizontal and vertical coordinates (see Note 3)",,008050,"Qualifier for number of missing values in calculation of statistic = 1 Pressure, = 2 Temperature, = 4 Vapour pressure, = 7 Maximum temperature, = 8 Minimum temperature",/see left column,,,Operational
bufr4/3/07/071/22/008020,07,Surface report sequences (land),307071,"Surface station identification; time, horizontal and vertical coordinates (see Note 3)",,008020,Total number of missing entities (with respect to accumulation or average) Sunshine duration,Days,,,Operational
bufr4/3/07/071/23/014032,07,Surface report sequences (land),307071,"Surface station identification; time, horizontal and vertical coordinates (see Note 3)",,014032,Total sunshine,,,,Operational
bufr4/3/07/071/24/014033,07,Surface report sequences (land),307071,"Surface station identification; time, horizontal and vertical coordinates (see Note 3)",,014033,Total sunshine,,,,Operational
bufr4/3/07/071/25/008050,07,Surface report sequences (land),307071,"Surface station identification; time, horizontal and vertical coordinates (see Note 3)",,008050,Qualifier for number of missing values in calculation of statistic,= 6 Sunshine duration,,,Operational
bufr4/3/07/071/26/008020,07,Surface report sequences (land),307071,"Surface station identification; time, horizontal and vertical coordinates (see Note 3)",,008020,Total number of missing entities (with respect to accumulation or average) I.2 – BUFR Table D/07 — 11,Days,,,Operational
bufr4/3/07/071/1/102018,07,Surface report sequences (land),307071,Number of days of occurrence,,102018,Replicate 2 descriptors 18 times,,,,Operational
bufr4/3/07/071/2/008052,07,Surface report sequences (land),307071,Number of days of occurrence,,008052,Condition for which number of days of occurrence follows,,,,Operational
bufr4/3/07/071/3/008022,07,Surface report sequences (land),307071,Number of days of occurrence,,008022,Total number (with respect to accumulation or average) Occurrence of extreme values of temperature and wind speed,Days,,,Operational
bufr4/3/07/071/4/007032,07,Surface report sequences (land),307071,Number of days of occurrence,,007032,Height of sensor above local ground (or deck of marine platform) (see Note 4),,,,Operational
bufr4/3/07/071/5/008053,07,Surface report sequences (land),307071,Number of days of occurrence,,008053,Day of occurrence qualifier,"= 0 On 1 day only, = 1 On 2 or more days",,,Operational
bufr4/3/07/071/6/004003,07,Surface report sequences (land),307071,Number of days of occurrence,,004003,Day,,,,Operational
bufr4/3/07/071/7/012152,07,Surface report sequences (land),307071,Number of days of occurrence,,012152,Highest daily mean temperature,,,,Operational
bufr4/3/07/071/8/008053,07,Surface report sequences (land),307071,Number of days of occurrence,,008053,Day of occurrence qualifier,"= 0 On 1 day only, = 1 On 2 or more days",,,Operational
bufr4/3/07/071/9/004003,07,Surface report sequences (land),307071,Number of days of occurrence,,004003,Day,,,,Operational
bufr4/3/07/071/10/012153,07,Surface report sequences (land),307071,Number of days of occurrence,,012153,Lowest daily mean temperature,,,,Operational
bufr4/3/07/071/11/008053,07,Surface report sequences (land),307071,Number of days of occurrence,,008053,Day of occurrence qualifier,"= 0 On 1 day only, = 1 On 2 or more days",,,Operational
bufr4/3/07/071/12/004003,07,Surface report sequences (land),307071,Number of days of occurrence,,004003,Day,,,,Operational
bufr4/3/07/071/13/008023,07,Surface report sequences (land),307071,Number of days of occurrence,,008023,First-order statistics,= 2 Maximum value,,,Operational
bufr4/3/07/071/14/012101,07,Surface report sequences (land),307071,Number of days of occurrence,,012101,Temperature/air temperature,,,,Operational
bufr4/3/07/071/15/008053,07,Surface report sequences (land),307071,Number of days of occurrence,,008053,Day of occurrence qualifier,"= 0 On 1 day only, = 1 On 2 or more days",,,Operational
bufr4/3/07/071/16/004003,07,Surface report sequences (land),307071,Number of days of occurrence,,004003,Day,,,,Operational
bufr4/3/07/071/17/008023,07,Surface report sequences (land),307071,Number of days of occurrence,,008023,First-order statistics,= 3 Minimum value,,,Operational
bufr4/3/07/071/18/012101,07,Surface report sequences (land),307071,Number of days of occurrence,,012101,Temperature/air temperature,,,,Operational
bufr4/3/07/071/19/008023,07,Surface report sequences (land),307071,Number of days of occurrence,,008023,First-order statistics,Set to missing,,,Operational
bufr4/3/07/071/20/007032,07,Surface report sequences (land),307071,Number of days of occurrence,,007032,Height of sensor above local ground (or deck of marine platform) (see Note 4),,,,Operational
bufr4/3/07/071/21/002002,07,Surface report sequences (land),307071,Number of days of occurrence,,002002,Type of instrumentation for wind measurement,,,,Operational
bufr4/3/07/071/22/008053,07,Surface report sequences (land),307071,Number of days of occurrence,,008053,Day of occurrence qualifier,"= 0 On 1 day only, = 1 On 2 or more days",,,Operational
bufr4/3/07/071/23/004003,07,Surface report sequences (land),307071,Number of days of occurrence,,004003,Day,,,,Operational
bufr4/3/07/071/24/011046,07,Surface report sequences (land),307071,Number of days of occurrence,,011046,Maximum instantaneous wind speed,,,,Operational
bufr4/3/07/071/25/008053,07,Surface report sequences (land),307071,Number of days of occurrence,,008053,Day of occurrence qualifier Precipitation,Set to missing (cancel),,,Operational
bufr4/3/07/071/26/004003,07,Surface report sequences (land),307071,Number of days of occurrence,,004003,Day (see Note 5),= 1,,,Operational
bufr4/3/07/071/27/004004,07,Surface report sequences (land),307071,Number of days of occurrence,,004004,Hour (see Note 5),= 6,,,Operational
bufr4/3/07/071/28/004023,07,Surface report sequences (land),307071,Number of days of occurrence,,004023,Time period or displacement (see Note 5),Number of days in the month,,,Operational
bufr4/3/07/071/29/007032,07,Surface report sequences (land),307071,Number of days of occurrence,,007032,Height of sensor above local ground (or deck of marine platform) (see Note 4),,,,Operational
bufr4/3/07/071/30/013060,07,Surface report sequences (land),307071,Number of days of occurrence,,013060,Total accumulated precipitation,,,,Operational
bufr4/3/07/071/31/013051,07,Surface report sequences (land),307071,Number of days of occurrence,,013051,"Frequency group, precipitation",,,,Operational
bufr4/3/07/071/32/004053,07,Surface report sequences (land),307071,Number of days of occurrence,,004053,Number of days with precipitation equal to or more than 1 mm,,,,Operational
bufr4/3/07/071/33/008050,07,Surface report sequences (land),307071,Number of days of occurrence,,008050,Qualifier for number of missing values in calculation of statistic,= 5 Precipitation,,,Operational
bufr4/3/07/071/1/008020,07,Surface report sequences (land),307071,Total number of missing entities (with respect to accumulation or average) Number of days of occurrence,,008020,Total number of missing entities (with respect to accumulation or average) Number of days of occurrence,Days,,,Operational
bufr4/3/07/071/2/102006,07,Surface report sequences (land),307071,Total number of missing entities (with respect to accumulation or average) Number of days of occurrence,,102006,Replicate 2 descriptors 6 times,,,,Operational
bufr4/3/07/071/3/008052,07,Surface report sequences (land),307071,Total number of missing entities (with respect to accumulation or average) Number of days of occurrence,,008052,Condition for which number of days of occurrence follows,,,,Operational
bufr4/3/07/071/4/008022,07,Surface report sequences (land),307071,Total number of missing entities (with respect to accumulation or average) Number of days of occurrence,,008022,Total number (with respect to accumulation or average) Occurrence of extreme precipitation,Days,,,Operational
bufr4/3/07/071/5/008053,07,Surface report sequences (land),307071,Total number of missing entities (with respect to accumulation or average) Number of days of occurrence,,008053,Day of occurrence qualifier,"= 0 On 1 day only, = 1 On 2 or more days",,,Operational
bufr4/3/07/071/6/004003,07,Surface report sequences (land),307071,Total number of missing entities (with respect to accumulation or average) Number of days of occurrence,,004003,Day,,,,Operational
bufr4/3/07/071/7/013052,07,Surface report sequences (land),307071,Total number of missing entities (with respect to accumulation or average) Number of days of occurrence,,013052,Highest daily amount of precipitation,,,,Operational
bufr4/3/07/071/8/007032,07,Surface report sequences (land),307071,Total number of missing entities (with respect to accumulation or average) Number of days of occurrence,,007032,Height of sensor above local ground (or deck of marine platform) (Monthly normals for a land station),Set to missing (cancel),,,Operational
bufr4/3/07/072/1/004001,07,Surface report sequences (land),307072,Year,,004001,Year,Beginning of the reference period,,,Operational
bufr4/3/07/072/2/004001,07,Surface report sequences (land),307072,Year,,004001,Year,Ending of the reference period,,,Operational
bufr4/3/07/072/3/004002,07,Surface report sequences (land),307072,Year,,004002,Month,,,,Operational
bufr4/3/07/072/4/004003,07,Surface report sequences (land),307072,Year,,004003,Day (see Note 3),= 1,,,Operational
bufr4/3/07/072/5/004004,07,Surface report sequences (land),307072,Year,,004004,Hour (see Note 3),= 0,,,Operational
bufr4/3/07/072/6/004074,07,Surface report sequences (land),307072,Year,,004074,Short time period or displacement (see Note 3),= UTC – LT,,,Operational
bufr4/3/07/072/7/004022,07,Surface report sequences (land),307072,Year,,004022,"Time period or displacement Normals of monthly mean pressure, temperature, vapour pressure and of standard deviation",= 1,,,Operational
bufr4/3/07/072/8/008023,07,Surface report sequences (land),307072,Year,,008023,First-order statistics,= 4 Mean value,,,Operational
bufr4/3/07/072/9/010004,07,Surface report sequences (land),307072,Year,,010004,Pressure,,,,Operational
bufr4/3/07/072/10/010051,07,Surface report sequences (land),307072,Year,,010051,Pressure reduced to mean sea level,,,,Operational
bufr4/3/07/072/11/007004,07,Surface report sequences (land),307072,Year,,007004,Pressure,Standard level,,,Operational
bufr4/3/07/072/12/010009,07,Surface report sequences (land),307072,Year,,010009,Geopotential height,Standard level,,,Operational
bufr4/3/07/072/13/007032,07,Surface report sequences (land),307072,Year,,007032,Height of sensor above local ground (or deck of marine platform) (see Note 4),,,,Operational
bufr4/3/07/072/14/012101,07,Surface report sequences (land),307072,Year,,012101,Temperature/air temperature,,,,Operational
bufr4/3/07/072/15/002051,07,Surface report sequences (land),307072,Year,,002051,Indicator to specify observing method for extreme temperatures,= 2,,,Operational
bufr4/3/07/072/16/004051,07,Surface report sequences (land),307072,Year,,004051,Principal time of daily reading of maximum temperature,,,,Operational
bufr4/3/07/072/17/012118,07,Surface report sequences (land),307072,Year,,012118,"Maximum temperature at height specified, past 24 hours",,,,Operational
bufr4/3/07/072/18/004052,07,Surface report sequences (land),307072,Year,,004052,Principal time of daily reading of minimum temperature,,,,Operational
bufr4/3/07/072/19/012119,07,Surface report sequences (land),307072,Year,,012119,"Minimum temperature at height specified, past 24 hours",,,,Operational
bufr4/3/07/072/20/013004,07,Surface report sequences (land),307072,Year,,013004,Vapour pressure,,,,Operational
bufr4/3/07/072/21/012151,07,Surface report sequences (land),307072,Year,,012151,Standard deviation of daily mean temperature,,,,Operational
bufr4/3/07/072/22/007032,07,Surface report sequences (land),307072,Year,,007032,Height of sensor above local ground (or deck of marine platform) I.2 – BUFR Table D/07 — 13,Set to missing (cancel),,,Operational
bufr4/3/07/072/1/014032,07,Surface report sequences (land),307072,Normal of sunshine duration,,014032,Total sunshine,,,,Operational
bufr4/3/07/072/2/008023,07,Surface report sequences (land),307072,Normal of sunshine duration,,008023,First-order statistics Normals of precipitation,Set to missing,,,Operational
bufr4/3/07/072/3/004001,07,Surface report sequences (land),307072,Normal of sunshine duration,,004001,Year,Beginning of the reference period,,,Operational
bufr4/3/07/072/4/004001,07,Surface report sequences (land),307072,Normal of sunshine duration,,004001,Year,Ending of the reference period,,,Operational
bufr4/3/07/072/5/004002,07,Surface report sequences (land),307072,Normal of sunshine duration,,004002,Month,,,,Operational
bufr4/3/07/072/6/004003,07,Surface report sequences (land),307072,Normal of sunshine duration,,004003,Day (see Note 5),= 1,,,Operational
bufr4/3/07/072/7/004004,07,Surface report sequences (land),307072,Normal of sunshine duration,,004004,Hour (see Note 5),= 6,,,Operational
bufr4/3/07/072/8/004022,07,Surface report sequences (land),307072,Normal of sunshine duration,,004022,Time period or displacement,= 1,,,Operational
bufr4/3/07/072/9/007032,07,Surface report sequences (land),307072,Normal of sunshine duration,,007032,Height of sensor above local ground (or deck of marine platform) (see Note 4),,,,Operational
bufr4/3/07/072/10/008023,07,Surface report sequences (land),307072,Normal of sunshine duration,,008023,First-order statistics,= 4 Mean value,,,Operational
bufr4/3/07/072/11/013060,07,Surface report sequences (land),307072,Normal of sunshine duration,,013060,Total accumulated precipitation,,,,Operational
bufr4/3/07/072/12/004053,07,Surface report sequences (land),307072,Normal of sunshine duration,,004053,Number of days with precipitation equal to or more than 1 mm,,,,Operational
bufr4/3/07/072/13/008023,07,Surface report sequences (land),307072,Normal of sunshine duration,,008023,First-order statistics,Set to missing,,,Operational
bufr4/3/07/072/14/102008,07,Surface report sequences (land),307072,Normal of sunshine duration,,102008,Replicate 2 descriptors 8 times,,,,Operational
bufr4/3/07/072/15/008050,07,Surface report sequences (land),307072,Normal of sunshine duration,,008050,"Qualifier for number of missing values in calculation of statistic (see Note 6) = 1 Pressure, = 2 Temperature, = 3 Extreme temperature, = 4 Vapour pressure, = 5 Precipitation, = 6 Sunshine duration, = 7 Maximum temperature, = 8 Minimum temperature",/see left column,,,Operational
bufr4/3/07/072/16/008020,07,Surface report sequences (land),307072,Normal of sunshine duration,,008020,Total number of missing entities (with respect to accumulation or average) (see Note 6) (Representation of CLIMAT data of the actual month and for monthly normals),Years,,,Operational
bufr4/3/07/073/1/307071,07,Surface report sequences (land),307073,Monthly values of a land station,,307071,Monthly values of a land station,,,,Operational
bufr4/3/07/073/2/307072,07,Surface report sequences (land),307073,Monthly values of a land station,,307072,Monthly normals for a land station (Supplemental daily temperature and precipitation values for monthly climate report),,,,Operational
bufr4/3/07/074/1/301001,07,Surface report sequences (land),307074,WMO block and station numbers,,301001,WMO block and station numbers,,,,Operational
bufr4/3/07/074/2/004001,07,Surface report sequences (land),307074,WMO block and station numbers,,004001,Year,,,,Operational
bufr4/3/07/074/3/004002,07,Surface report sequences (land),307074,WMO block and station numbers,,004002,Month,,,,Operational
bufr4/3/07/074/4/301021,07,Surface report sequences (land),307074,WMO block and station numbers,,301021,Latitude/longitude (high accuracy),,,,Operational
bufr4/3/07/074/5/007030,07,Surface report sequences (land),307074,WMO block and station numbers,,007030,Height of station ground above mean sea level,,,,Operational
bufr4/3/07/074/6/007032,07,Surface report sequences (land),307074,WMO block and station numbers,,007032,Height of sensor above local ground (or deck of marine platform),,,,Operational
bufr4/3/07/074/7/112000,07,Surface report sequences (land),307074,WMO block and station numbers,,112000,Delayed replication of 12 descriptors,,,,Operational
bufr4/3/07/074/8/031001,07,Surface report sequences (land),307074,WMO block and station numbers,,031001,Delayed descriptor replication factor,Set to the number of days in the particular month for which data are being reported,,,Operational
bufr4/3/07/074/1/004003,07,Surface report sequences (land),307074,Day,,004003,Day,,,,Operational
bufr4/3/07/074/2/004004,07,Surface report sequences (land),307074,Day,,004004,Hour,,,,Operational
bufr4/3/07/074/3/004024,07,Surface report sequences (land),307074,Day,,004024,Time period or displacement,Typically set to–24 to denote the time period beginning 24 hours prior to and ending at the specified time,,,Operational
bufr4/3/07/074/4/102003,07,Surface report sequences (land),307074,Day,,102003,Replicate 2 descriptors 3 times,,,,Operational
bufr4/3/07/074/5/008023,07,Surface report sequences (land),307074,Day,,008023,"First-order statistics = 2 Daily maximum temperature, = 3 Daily minimum temperature, = 4 Daily mean temperature",/see left column,,,Operational
bufr4/3/07/074/6/012101,07,Surface report sequences (land),307074,Day,,012101,Temperature/air temperature,,,,Operational
bufr4/3/07/074/7/008023,07,Surface report sequences (land),307074,Day,,008023,First-order statistics,Set to missing (cancel),,,Operational
bufr4/3/07/074/8/004004,07,Surface report sequences (land),307074,Day,,004004,Hour,,,,Operational
bufr4/3/07/074/9/004024,07,Surface report sequences (land),307074,Day,,004024,Time period or displacement,,,,Operational
bufr4/3/07/074/10/013060,07,Surface report sequences (land),307074,Day,,013060,Total accumulated precipitation,,,,Operational
bufr4/3/07/074/11/013012,07,Surface report sequences (land),307074,Day,,013012,Depth of fresh snow,,,,Operational
bufr4/3/07/074/12/013013,07,Surface report sequences (land),307074,Day,,013013,Total snow depth (Monthly values from a land station in compliance with regional or national reporting practices),,,,Operational
bufr4/3/07/076/1/301090,07,Surface report sequences (land),307076,"Surface station identification; time, horizontal and vertical coordinates",,301090,"Surface station identification; time, horizontal and vertical coordinates",,,,Operational
bufr4/3/07/076/2/004074,07,Surface report sequences (land),307076,"Surface station identification; time, horizontal and vertical coordinates",,004074,Short time period or displacement,,,,Operational
bufr4/3/07/076/3/004023,07,Surface report sequences (land),307076,"Surface station identification; time, horizontal and vertical coordinates",,004023,"Time period or displacement Monthly mean values of pressure, temperature, extreme temperatures and vapour pressure",Number of days in the month,,,Operational
bufr4/3/07/076/4/008023,07,Surface report sequences (land),307076,"Surface station identification; time, horizontal and vertical coordinates",,008023,First-order statistics,= 4 Mean value,,,Operational
bufr4/3/07/076/5/010004,07,Surface report sequences (land),307076,"Surface station identification; time, horizontal and vertical coordinates",,010004,Pressure,,,,Operational
bufr4/3/07/076/6/010051,07,Surface report sequences (land),307076,"Surface station identification; time, horizontal and vertical coordinates",,010051,Pressure reduced to mean sea level,,,,Operational
bufr4/3/07/076/7/007004,07,Surface report sequences (land),307076,"Surface station identification; time, horizontal and vertical coordinates",,007004,Pressure,Standard level | Set to missing for lowland stations,,,Operational
bufr4/3/07/076/8/010009,07,Surface report sequences (land),307076,"Surface station identification; time, horizontal and vertical coordinates",,010009,Geopotential height,Standard level | Set to missing for lowland stations,,,Operational
bufr4/3/07/076/9/007032,07,Surface report sequences (land),307076,"Surface station identification; time, horizontal and vertical coordinates",,007032,Height of sensor above local ground (or deck of marine platform),,,,Operational
bufr4/3/07/076/10/012101,07,Surface report sequences (land),307076,"Surface station identification; time, horizontal and vertical coordinates",,012101,Temperature/air temperature,,,,Operational
bufr4/3/07/076/11/002051,07,Surface report sequences (land),307076,"Surface station identification; time, horizontal and vertical coordinates",,002051,Indicator to specify observing method for extreme temperatures,,,,Operational
bufr4/3/07/076/12/004051,07,Surface report sequences (land),307076,"Surface station identification; time, horizontal and vertical coordinates",,004051,Principal time of daily reading of maximum temperature,,,,Operational
bufr4/3/07/076/13/012118,07,Surface report sequences (land),307076,"Surface station identification; time, horizontal and vertical coordinates",,012118,"Maximum temperature at height specified, past 24 hours",,,,Operational
bufr4/3/07/076/14/004052,07,Surface report sequences (land),307076,"Surface station identification; time, horizontal and vertical coordinates",,004052,Principal time of daily reading of minimum temperature,,,,Operational
bufr4/3/07/076/15/012119,07,Surface report sequences (land),307076,"Surface station identification; time, horizontal and vertical coordinates",,012119,"Minimum temperature at height specified, past 24 hours I.2 – BUFR Table D/07 — 15",,,,Operational
bufr4/3/07/076/1/013004,07,Surface report sequences (land),307076,Vapour pressure,,013004,Vapour pressure,,,,Operational
bufr4/3/07/076/2/008023,07,Surface report sequences (land),307076,Vapour pressure,,008023,First-order statistics,Set to missing (cancel),,,Operational
bufr4/3/07/076/3/012151,07,Surface report sequences (land),307076,Vapour pressure,,012151,Standard deviation of daily mean temperature,,,,Operational
bufr4/3/07/076/4/007032,07,Surface report sequences (land),307076,Vapour pressure,,007032,Height of sensor above local ground (or deck of marine platform) Number of days for which values are missing,Set to missing (cancel),,,Operational
bufr4/3/07/076/5/102005,07,Surface report sequences (land),307076,Vapour pressure,,102005,Replicate 2 descriptors 5 times,,,,Operational
bufr4/3/07/076/6/008050,07,Surface report sequences (land),307076,Vapour pressure,,008050,"Qualifier for number of missing values in calculation of statistic = 1 Pressure, = 2 Temperature, = 4 Vapour pressure, = 7 Maximum temperature, = 8 Minimum temperature",/see left column,,,Operational
bufr4/3/07/076/7/008020,07,Surface report sequences (land),307076,Vapour pressure,,008020,Total number of missing entities (with respect to accumulation or average) Sunshine duration,Days,,,Operational
bufr4/3/07/076/8/014032,07,Surface report sequences (land),307076,Vapour pressure,,014032,Total sunshine,,,,Operational
bufr4/3/07/076/9/014033,07,Surface report sequences (land),307076,Vapour pressure,,014033,Total sunshine,,,,Operational
bufr4/3/07/076/10/008050,07,Surface report sequences (land),307076,Vapour pressure,,008050,Qualifier for number of missing values in calculation of statistic,= 6 Sunshine duration,,,Operational
bufr4/3/07/076/11/008020,07,Surface report sequences (land),307076,Vapour pressure,,008020,Total number of missing entities (with respect to accumulation or average) Number of days of occurrence,Days,,,Operational
bufr4/3/07/076/12/102018,07,Surface report sequences (land),307076,Vapour pressure,,102018,Replicate 2 descriptors 18 times,,,,Operational
bufr4/3/07/076/13/008052,07,Surface report sequences (land),307076,Vapour pressure,,008052,"Condition for which number of days of occurrence follows Wind ≥ 10 m/s, wind ≥ 20 m/s, wind ≥ 30 m/s, maximum temperature < 273.15 K, maximum temperature ≥ 298.15 K, maximum temperature ≥ 303.15 K, maximum temperature ≥ 308.15 K, maximum temperature ≥ 313.15 K, minimum temperature < 273.15 K, sss > 0.00 m, sss > 0.01 m, sss > 0.10 m, sss > 0.50 m, horizontal visibility < 50 m, horizontal visibility < 100 m, horizontal visibility < 1 000 m, hail, thunderstorm",/see left column,,,Operational
bufr4/3/07/076/14/008022,07,Surface report sequences (land),307076,Vapour pressure,,008022,Total number (with respect to accumulation or average) Occurrence of extreme values of temperature and wind speed,Days,,,Operational
bufr4/3/07/076/15/007032,07,Surface report sequences (land),307076,Vapour pressure,,007032,Height of sensor above local ground (or deck of marine platform),,,,Operational
bufr4/3/07/076/16/008053,07,Surface report sequences (land),307076,Vapour pressure,,008053,Day of occurrence qualifier,"= 0 On 1 day only, = 1 On 2 or more days",,,Operational
bufr4/3/07/076/17/004003,07,Surface report sequences (land),307076,Vapour pressure,,004003,Day,,,,Operational
bufr4/3/07/076/18/012152,07,Surface report sequences (land),307076,Vapour pressure,,012152,Highest daily mean temperature,,,,Operational
bufr4/3/07/076/19/008053,07,Surface report sequences (land),307076,Vapour pressure,,008053,Day of occurrence qualifier,"= 0 On 1 day only, = 1 On 2 or more days",,,Operational
bufr4/3/07/076/20/004003,07,Surface report sequences (land),307076,Vapour pressure,,004003,Day,,,,Operational
bufr4/3/07/076/1/012153,07,Surface report sequences (land),307076,Lowest daily mean temperature,,012153,Lowest daily mean temperature,,,,Operational
bufr4/3/07/076/2/008053,07,Surface report sequences (land),307076,Lowest daily mean temperature,,008053,Day of occurrence qualifier,"= 0 On 1 day only, = 1 On 2 or more days",,,Operational
bufr4/3/07/076/3/004003,07,Surface report sequences (land),307076,Lowest daily mean temperature,,004003,Day,,,,Operational
bufr4/3/07/076/4/008023,07,Surface report sequences (land),307076,Lowest daily mean temperature,,008023,First-order statistics,= 2 Maximum value,,,Operational
bufr4/3/07/076/5/012101,07,Surface report sequences (land),307076,Lowest daily mean temperature,,012101,Temperature/air temperature,,,,Operational
bufr4/3/07/076/6/008053,07,Surface report sequences (land),307076,Lowest daily mean temperature,,008053,Day of occurrence qualifier,"= 0 On 1 day only, = 1 On 2 or more days",,,Operational
bufr4/3/07/076/7/004003,07,Surface report sequences (land),307076,Lowest daily mean temperature,,004003,Day,,,,Operational
bufr4/3/07/076/8/008023,07,Surface report sequences (land),307076,Lowest daily mean temperature,,008023,First-order statistics,= 3 Minimum value,,,Operational
bufr4/3/07/076/9/012101,07,Surface report sequences (land),307076,Lowest daily mean temperature,,012101,Temperature/air temperature,,,,Operational
bufr4/3/07/076/10/008023,07,Surface report sequences (land),307076,Lowest daily mean temperature,,008023,First-order statistics,Set to missing (cancel),,,Operational
bufr4/3/07/076/11/007032,07,Surface report sequences (land),307076,Lowest daily mean temperature,,007032,Height of sensor above local ground (or deck of marine platform),,,,Operational
bufr4/3/07/076/12/002002,07,Surface report sequences (land),307076,Lowest daily mean temperature,,002002,Type of instrumentation for wind measurement,,,,Operational
bufr4/3/07/076/13/008053,07,Surface report sequences (land),307076,Lowest daily mean temperature,,008053,Day of occurrence qualifier,"= 0 On 1 day only, = 1 On 2 or more days",,,Operational
bufr4/3/07/076/14/004003,07,Surface report sequences (land),307076,Lowest daily mean temperature,,004003,Day,,,,Operational
bufr4/3/07/076/15/011046,07,Surface report sequences (land),307076,Lowest daily mean temperature,,011046,Maximum instantaneous wind speed,,,,Operational
bufr4/3/07/076/16/008053,07,Surface report sequences (land),307076,Lowest daily mean temperature,,008053,Day of occurrence qualifier Precipitation,Set to missing (cancel),,,Operational
bufr4/3/07/076/17/004003,07,Surface report sequences (land),307076,Lowest daily mean temperature,,004003,Day,= 1,,,Operational
bufr4/3/07/076/18/004004,07,Surface report sequences (land),307076,Lowest daily mean temperature,,004004,Hour,= 0,,,Operational
bufr4/3/07/076/19/004074,07,Surface report sequences (land),307076,Lowest daily mean temperature,,004074,Short time period or displacement,,,,Operational
bufr4/3/07/076/20/004023,07,Surface report sequences (land),307076,Lowest daily mean temperature,,004023,Time period or displacement,Number of days in the month,,,Operational
bufr4/3/07/076/21/007032,07,Surface report sequences (land),307076,Lowest daily mean temperature,,007032,Height of sensor above local ground (or deck of marine platform),,,,Operational
bufr4/3/07/076/22/013060,07,Surface report sequences (land),307076,Lowest daily mean temperature,,013060,Total accumulated precipitation,,,,Operational
bufr4/3/07/076/23/013051,07,Surface report sequences (land),307076,Lowest daily mean temperature,,013051,"Frequency group, precipitation",,,,Operational
bufr4/3/07/076/24/004053,07,Surface report sequences (land),307076,Lowest daily mean temperature,,004053,Number of days with precipitation equal to or more than 1 mm,,,,Operational
bufr4/3/07/076/25/008050,07,Surface report sequences (land),307076,Lowest daily mean temperature,,008050,Qualifier for number of missing values in calculation of statistic,= 5 Precipitation,,,Operational
bufr4/3/07/076/26/008020,07,Surface report sequences (land),307076,Lowest daily mean temperature,,008020,Total number of missing entities (with respect to accumulation or average) Number of days of occurrence,Days,,,Operational
bufr4/3/07/076/27/102006,07,Surface report sequences (land),307076,Lowest daily mean temperature,,102006,Replicate 2 descriptors 6 times,,,,Operational
bufr4/3/07/076/28/008052,07,Surface report sequences (land),307076,Lowest daily mean temperature,,008052,Condition for which number of days of occurrence follows,,,,Operational
bufr4/3/07/076/29/008022,07,Surface report sequences (land),307076,Lowest daily mean temperature,,008022,Total number (with respect to accumulation or average) Occurrence of extreme precipitation,Days,,,Operational
bufr4/3/07/076/30/008053,07,Surface report sequences (land),307076,Lowest daily mean temperature,,008053,Day of occurrence qualifier,"= 0 On 1 day only, = 1 On 2 or more days",,,Operational
bufr4/3/07/076/31/004003,07,Surface report sequences (land),307076,Lowest daily mean temperature,,004003,Day,,,,Operational
bufr4/3/07/076/32/013052,07,Surface report sequences (land),307076,Lowest daily mean temperature,,013052,Highest daily amount of precipitation,,,,Operational
bufr4/3/07/076/33/007032,07,Surface report sequences (land),307076,Lowest daily mean temperature,,007032,Height of sensor above local ground (or deck of marine platform) I.2 – BUFR Table D/07 — 17,Set to missing (cancel),,,Operational
bufr4/3/07/077/1/004001,07,Surface report sequences (land),307077,Year,,004001,Year,Beginning of the reference period,,,Operational
bufr4/3/07/077/2/004001,07,Surface report sequences (land),307077,Year,,004001,Year,Ending of the reference period,,,Operational
bufr4/3/07/077/3/004002,07,Surface report sequences (land),307077,Year,,004002,Month,,,,Operational
bufr4/3/07/077/4/004003,07,Surface report sequences (land),307077,Year,,004003,Day,= 1,,,Operational
bufr4/3/07/077/5/004004,07,Surface report sequences (land),307077,Year,,004004,Hour,= 0,,,Operational
bufr4/3/07/077/6/004074,07,Surface report sequences (land),307077,Year,,004074,Short time period or displacement,,,,Operational
bufr4/3/07/077/7/004022,07,Surface report sequences (land),307077,Year,,004022,Time period or displacement,= 1,,,Operational
bufr4/3/07/077/8/008023,07,Surface report sequences (land),307077,Year,,008023,First-order statistics,= 4 Mean value,,,Operational
bufr4/3/07/077/9/010004,07,Surface report sequences (land),307077,Year,,010004,Pressure,,,,Operational
bufr4/3/07/077/10/010051,07,Surface report sequences (land),307077,Year,,010051,Pressure reduced to mean sea level,,,,Operational
bufr4/3/07/077/11/007004,07,Surface report sequences (land),307077,Year,,007004,Pressure,Standard level,,,Operational
bufr4/3/07/077/12/010009,07,Surface report sequences (land),307077,Year,,010009,Geopotential height,Standard level,,,Operational
bufr4/3/07/077/13/007032,07,Surface report sequences (land),307077,Year,,007032,Height of sensor above local ground (or deck of marine platform),,,,Operational
bufr4/3/07/077/14/012101,07,Surface report sequences (land),307077,Year,,012101,Temperature/air temperature,,,,Operational
bufr4/3/07/077/15/002051,07,Surface report sequences (land),307077,Year,,002051,Indicator to specify observing method for extreme temperatures,,,,Operational
bufr4/3/07/077/16/004051,07,Surface report sequences (land),307077,Year,,004051,Principal time of daily reading of maximum temperature,,,,Operational
bufr4/3/07/077/17/012118,07,Surface report sequences (land),307077,Year,,012118,"Maximum temperature at height specified, past 24 hours",,,,Operational
bufr4/3/07/077/18/004052,07,Surface report sequences (land),307077,Year,,004052,Principal time of daily reading of minimum temperature,,,,Operational
bufr4/3/07/077/19/012119,07,Surface report sequences (land),307077,Year,,012119,"Minimum temperature at height specified, past 24 hours",,,,Operational
bufr4/3/07/077/20/013004,07,Surface report sequences (land),307077,Year,,013004,Vapour pressure,,,,Operational
bufr4/3/07/077/21/012151,07,Surface report sequences (land),307077,Year,,012151,Standard deviation of daily mean temperature,,,,Operational
bufr4/3/07/077/22/007032,07,Surface report sequences (land),307077,Year,,007032,Height of sensor above local ground (or deck of marine platform),Set to missing (cancel),,,Operational
bufr4/3/07/077/23/014032,07,Surface report sequences (land),307077,Year,,014032,Total sunshine,,,,Operational
bufr4/3/07/077/24/008023,07,Surface report sequences (land),307077,Year,,008023,First-order statistics Normals of precipitation,Set to missing (cancel),,,Operational
bufr4/3/07/077/25/004001,07,Surface report sequences (land),307077,Year,,004001,Year,Beginning of the reference period,,,Operational
bufr4/3/07/077/26/004001,07,Surface report sequences (land),307077,Year,,004001,Year,Ending of the reference period,,,Operational
bufr4/3/07/077/27/004002,07,Surface report sequences (land),307077,Year,,004002,Month,,,,Operational
bufr4/3/07/077/28/004003,07,Surface report sequences (land),307077,Year,,004003,Day,= 1,,,Operational
bufr4/3/07/077/29/004004,07,Surface report sequences (land),307077,Year,,004004,Hour,= 0,,,Operational
bufr4/3/07/077/30/004074,07,Surface report sequences (land),307077,Year,,004074,Short time period or displacement,,,,Operational
bufr4/3/07/077/31/004022,07,Surface report sequences (land),307077,Year,,004022,Time period or displacement,= 1,,,Operational
bufr4/3/07/077/32/007032,07,Surface report sequences (land),307077,Year,,007032,Height of sensor above local ground (or deck of marine platform),,,,Operational
bufr4/3/07/077/33/008023,07,Surface report sequences (land),307077,Year,,008023,First-order statistics,= 4 Mean value,,,Operational
bufr4/3/07/077/34/013060,07,Surface report sequences (land),307077,Year,,013060,Total accumulated precipitation,,,,Operational
bufr4/3/07/077/35/004053,07,Surface report sequences (land),307077,Year,,004053,Number of days with precipitation equal to or more than 1 mm,,,,Operational
bufr4/3/07/077/1/008023,07,Surface report sequences (land),307077,First-order statistics,,008023,First-order statistics,Set to missing (cancel),,,Operational
bufr4/3/07/077/2/102008,07,Surface report sequences (land),307077,First-order statistics,,102008,Replicate 2 descriptors 8 times,,,,Operational
bufr4/3/07/077/3/008050,07,Surface report sequences (land),307077,First-order statistics,,008050,"Qualifier for number of missing values in calculation of statistic Pressure, temperature, extreme temperatures, vapour pressure, precipitation, sunshine duration, maximum temperature, minimum temperature",/see left column,,,Operational
bufr4/3/07/077/4/008020,07,Surface report sequences (land),307077,First-order statistics,,008020,Total number of missing entities (with respect to accumulation or average) (Sequence for representation of monthly values suitable for CLIMAT data in compliance with regional or national reporting practices),Years,,,Operational
bufr4/3/07/078/1/307076,07,Surface report sequences (land),307078,Monthly values from a land station in compliance with regional or national reporting practices,,307076,Monthly values from a land station in compliance with regional or national reporting practices,,,,Operational
bufr4/3/07/078/2/307077,07,Surface report sequences (land),307078,Monthly values from a land station in compliance with regional or national reporting practices,,307077,Monthly normals for a land station in compliance with regional or national reporting practices (Sequence for representation of synoptic reports from fixed land stations suitable for SYNOP data and for maritime data from coastal stations),,,,Operational
bufr4/3/07/079/1/301090,07,Surface report sequences (land),307079,"Surface station identification; time, horizontal and vertical coordinates",,301090,"Surface station identification; time, horizontal and vertical coordinates",,,,Operational
bufr4/3/07/079/2/302031,07,Surface report sequences (land),307079,"Surface station identification; time, horizontal and vertical coordinates",,302031,Pressure information,,,,Operational
bufr4/3/07/079/3/302035,07,Surface report sequences (land),307079,"Surface station identification; time, horizontal and vertical coordinates",,302035,Basic synoptic “instantaneous” data,,,,Operational
bufr4/3/07/079/4/302036,07,Surface report sequences (land),307079,"Surface station identification; time, horizontal and vertical coordinates",,302036,Clouds with bases below station level,,,,Operational
bufr4/3/07/079/5/101000,07,Surface report sequences (land),307079,"Surface station identification; time, horizontal and vertical coordinates",,101000,Delayed replication of 1 descriptor,,,,Operational
bufr4/3/07/079/6/031000,07,Surface report sequences (land),307079,"Surface station identification; time, horizontal and vertical coordinates",,031000,Short delayed descriptor replication factor,,,,Operational
bufr4/3/07/079/7/302047,07,Surface report sequences (land),307079,"Surface station identification; time, horizontal and vertical coordinates",,302047,Direction of cloud drift,,,,Operational
bufr4/3/07/079/8/008002,07,Surface report sequences (land),307079,"Surface station identification; time, horizontal and vertical coordinates",,008002,Vertical significance (surface observations),,,,Operational
bufr4/3/07/079/9/101000,07,Surface report sequences (land),307079,"Surface station identification; time, horizontal and vertical coordinates",,101000,Delayed replication of 1 descriptor,,,,Operational
bufr4/3/07/079/10/031000,07,Surface report sequences (land),307079,"Surface station identification; time, horizontal and vertical coordinates",,031000,Short delayed descriptor replication factor,,,,Operational
bufr4/3/07/079/11/302048,07,Surface report sequences (land),307079,"Surface station identification; time, horizontal and vertical coordinates",,302048,Direction and elevation of cloud,,,,Operational
bufr4/3/07/079/12/302037,07,Surface report sequences (land),307079,"Surface station identification; time, horizontal and vertical coordinates",,302037,"State of ground, snow depth, ground minimum temperature",,,,Operational
bufr4/3/07/079/13/102000,07,Surface report sequences (land),307079,"Surface station identification; time, horizontal and vertical coordinates",,102000,Delayed replication of 2 descriptors,,,,Operational
bufr4/3/07/079/14/031000,07,Surface report sequences (land),307079,"Surface station identification; time, horizontal and vertical coordinates",,031000,Short delayed descriptor replication factor,,,,Operational
bufr4/3/07/079/15/022061,07,Surface report sequences (land),307079,"Surface station identification; time, horizontal and vertical coordinates",,022061,State of the sea,,,,Operational
bufr4/3/07/079/16/020058,07,Surface report sequences (land),307079,"Surface station identification; time, horizontal and vertical coordinates",,020058,Visibility seawards from a coastal station,,,,Operational
bufr4/3/07/079/17/101000,07,Surface report sequences (land),307079,"Surface station identification; time, horizontal and vertical coordinates",,101000,Delayed replication of 1 descriptor,,,,Operational
bufr4/3/07/079/18/031000,07,Surface report sequences (land),307079,"Surface station identification; time, horizontal and vertical coordinates",,031000,Short delayed descriptor replication factor,,,,Operational
bufr4/3/07/079/19/302056,07,Surface report sequences (land),307079,"Surface station identification; time, horizontal and vertical coordinates",,302056,Sea/water temperature,"Sea/water surface temperature, method of measurement, depth below water surface",,,Operational
bufr4/3/07/079/20/101000,07,Surface report sequences (land),307079,"Surface station identification; time, horizontal and vertical coordinates",,101000,Delayed replication of 1 descriptor,,,,Operational
bufr4/3/07/079/21/031000,07,Surface report sequences (land),307079,"Surface station identification; time, horizontal and vertical coordinates",,031000,Short delayed descriptor replication factor,,,,Operational
bufr4/3/07/079/22/302055,07,Surface report sequences (land),307079,"Surface station identification; time, horizontal and vertical coordinates",,302055,Icing and ice,,,,Operational
bufr4/3/07/079/23/302043,07,Surface report sequences (land),307079,"Surface station identification; time, horizontal and vertical coordinates",,302043,Basic synoptic “period” data,,,,Operational
bufr4/3/07/079/24/302044,07,Surface report sequences (land),307079,"Surface station identification; time, horizontal and vertical coordinates",,302044,Evaporation data I.2 – BUFR Table D/07 — 19,,,,Operational
bufr4/3/07/079/1/101000,07,Surface report sequences (land),307079,Delayed replication of 1 descriptor,,101000,Delayed replication of 1 descriptor,,,,Operational
bufr4/3/07/079/2/031001,07,Surface report sequences (land),307079,Delayed replication of 1 descriptor,,031001,Delayed descriptor replication factor,,,,Operational
bufr4/3/07/079/3/302045,07,Surface report sequences (land),307079,Delayed replication of 1 descriptor,,302045,Radiation data (from 1 hour and 24-hour period),,,,Operational
bufr4/3/07/079/4/101000,07,Surface report sequences (land),307079,Delayed replication of 1 descriptor,,101000,Delayed replication of 1 descriptor,,,,Operational
bufr4/3/07/079/5/031000,07,Surface report sequences (land),307079,Delayed replication of 1 descriptor,,031000,Short delayed descriptor replication factor,,,,Operational
bufr4/3/07/079/6/302046,07,Surface report sequences (land),307079,Delayed replication of 1 descriptor,,302046,Temperature change (Sequence for representation of synoptic reports from a fixed land station suitable for SYNOP data),,,,Operational
bufr4/3/07/080/1/301090,07,Surface report sequences (land),307080,"Surface station identification; time, horizontal and vertical coordinates",,301090,"Surface station identification; time, horizontal and vertical coordinates",,,,Operational
bufr4/3/07/080/2/302031,07,Surface report sequences (land),307080,"Surface station identification; time, horizontal and vertical coordinates",,302031,Pressure information,,,,Operational
bufr4/3/07/080/3/302035,07,Surface report sequences (land),307080,"Surface station identification; time, horizontal and vertical coordinates",,302035,Basic synoptic “instantaneous” data,,,,Operational
bufr4/3/07/080/4/302036,07,Surface report sequences (land),307080,"Surface station identification; time, horizontal and vertical coordinates",,302036,Clouds with bases below station level,,,,Operational
bufr4/3/07/080/5/302047,07,Surface report sequences (land),307080,"Surface station identification; time, horizontal and vertical coordinates",,302047,Direction of cloud drift,,,,Operational
bufr4/3/07/080/6/008002,07,Surface report sequences (land),307080,"Surface station identification; time, horizontal and vertical coordinates",,008002,Vertical significance (surface observations),,,,Operational
bufr4/3/07/080/7/302048,07,Surface report sequences (land),307080,"Surface station identification; time, horizontal and vertical coordinates",,302048,Direction and elevation of cloud,,,,Operational
bufr4/3/07/080/8/302037,07,Surface report sequences (land),307080,"Surface station identification; time, horizontal and vertical coordinates",,302037,"State of ground, snow depth, ground minimum temperature",,,,Operational
bufr4/3/07/080/9/302043,07,Surface report sequences (land),307080,"Surface station identification; time, horizontal and vertical coordinates",,302043,Basic synoptic “period” data,,,,Operational
bufr4/3/07/080/10/302044,07,Surface report sequences (land),307080,"Surface station identification; time, horizontal and vertical coordinates",,302044,Evaporation data,,,,Operational
bufr4/3/07/080/11/101002,07,Surface report sequences (land),307080,"Surface station identification; time, horizontal and vertical coordinates",,101002,Replicate 1 descriptor 2 times,,,,Operational
bufr4/3/07/080/12/302045,07,Surface report sequences (land),307080,"Surface station identification; time, horizontal and vertical coordinates",,302045,Radiation data (from 1 hour and 24-hour period),,,,Operational
bufr4/3/07/080/13/302046,07,Surface report sequences (land),307080,"Surface station identification; time, horizontal and vertical coordinates",,302046,Temperature change (Sequence for representation of synoptic reports from a fixed land station suitable for SYNOP data in compliance with reporting practices in RA I),,,,Operational
bufr4/3/07/081/1/301090,07,Surface report sequences (land),307081,"Surface station identification; time, horizontal and vertical coordinates",,301090,"Surface station identification; time, horizontal and vertical coordinates",,,,Operational
bufr4/3/07/081/2/302031,07,Surface report sequences (land),307081,"Surface station identification; time, horizontal and vertical coordinates",,302031,Pressure information,,,,Operational
bufr4/3/07/081/3/302035,07,Surface report sequences (land),307081,"Surface station identification; time, horizontal and vertical coordinates",,302035,Basic synoptic “instantaneous” data,,,,Operational
bufr4/3/07/081/4/302036,07,Surface report sequences (land),307081,"Surface station identification; time, horizontal and vertical coordinates",,302036,Clouds with bases below station level,,,,Operational
bufr4/3/07/081/5/302047,07,Surface report sequences (land),307081,"Surface station identification; time, horizontal and vertical coordinates",,302047,Direction of cloud drift,,,,Operational
bufr4/3/07/081/6/008002,07,Surface report sequences (land),307081,"Surface station identification; time, horizontal and vertical coordinates",,008002,Vertical significance (surface observations),Set to missing (cancel),,,Operational
bufr4/3/07/081/7/302048,07,Surface report sequences (land),307081,"Surface station identification; time, horizontal and vertical coordinates",,302048,Direction and elevation of cloud,,,,Operational
bufr4/3/07/081/8/302037,07,Surface report sequences (land),307081,"Surface station identification; time, horizontal and vertical coordinates",,302037,"State of ground, snow depth, ground minimum temperature",,,,Operational
bufr4/3/07/081/9/012122,07,Surface report sequences (land),307081,"Surface station identification; time, horizontal and vertical coordinates",,012122,Ground minimum temperature of the preceding night,,,,Operational
bufr4/3/07/081/10/013056,07,Surface report sequences (land),307081,"Surface station identification; time, horizontal and vertical coordinates",,013056,Character and intensity of precipitation,,,,Operational
bufr4/3/07/081/11/013057,07,Surface report sequences (land),307081,"Surface station identification; time, horizontal and vertical coordinates",,013057,Time of beginning or end of precipitation,,,,Operational
bufr4/3/07/081/12/020101,07,Surface report sequences (land),307081,"Surface station identification; time, horizontal and vertical coordinates",,020101,Locust (acridian) name,,,,Operational
bufr4/3/07/081/13/020102,07,Surface report sequences (land),307081,"Surface station identification; time, horizontal and vertical coordinates",,020102,Locust (maturity) colour,,,,Operational
bufr4/3/07/081/14/020103,07,Surface report sequences (land),307081,"Surface station identification; time, horizontal and vertical coordinates",,020103,Stage of development of locusts,,,,Operational
bufr4/3/07/081/15/020104,07,Surface report sequences (land),307081,"Surface station identification; time, horizontal and vertical coordinates",,020104,Organization state of swarm or band of locusts,,,,Operational
bufr4/3/07/081/16/020105,07,Surface report sequences (land),307081,"Surface station identification; time, horizontal and vertical coordinates",,020105,Size of swarm or band of locusts and duration of passage of swarm,,,,Operational
bufr4/3/07/081/17/020106,07,Surface report sequences (land),307081,"Surface station identification; time, horizontal and vertical coordinates",,020106,Locust population density,,,,Operational
bufr4/3/07/081/1/020107,07,Surface report sequences (land),307081,Direction of movements of locust swarm,,020107,Direction of movements of locust swarm,,,,Operational
bufr4/3/07/081/2/020108,07,Surface report sequences (land),307081,Direction of movements of locust swarm,,020108,Extent of vegetation,,,,Operational
bufr4/3/07/081/3/302043,07,Surface report sequences (land),307081,Direction of movements of locust swarm,,302043,Basic synoptic “period” data,,,,Operational
bufr4/3/07/081/4/302044,07,Surface report sequences (land),307081,Direction of movements of locust swarm,,302044,Evaporation data,,,,Operational
bufr4/3/07/081/5/101002,07,Surface report sequences (land),307081,Direction of movements of locust swarm,,101002,Replicate 1 descriptor 2 times,,,,Operational
bufr4/3/07/081/6/302045,07,Surface report sequences (land),307081,Direction of movements of locust swarm,,302045,Radiation data (from 1 hour and 24-hour period),,,,Operational
bufr4/3/07/081/7/302046,07,Surface report sequences (land),307081,Direction of movements of locust swarm,,302046,Temperature change (Sequence for representation of synoptic reports from a fixed land station suitable for SYNOP data in compliance with reporting practices in RA II) (see Note 7),,,,Operational
bufr4/3/07/082/1/301090,07,Surface report sequences (land),307082,"Surface station identification; time, horizontal and vertical coordinates",,301090,"Surface station identification; time, horizontal and vertical coordinates",,,,Operational
bufr4/3/07/082/2/302031,07,Surface report sequences (land),307082,"Surface station identification; time, horizontal and vertical coordinates",,302031,Pressure information,,,,Operational
bufr4/3/07/082/3/302035,07,Surface report sequences (land),307082,"Surface station identification; time, horizontal and vertical coordinates",,302035,Basic synoptic “instantaneous” data,,,,Operational
bufr4/3/07/082/4/302036,07,Surface report sequences (land),307082,"Surface station identification; time, horizontal and vertical coordinates",,302036,Clouds with bases below station level,,,,Operational
bufr4/3/07/082/5/302047,07,Surface report sequences (land),307082,"Surface station identification; time, horizontal and vertical coordinates",,302047,Direction of cloud drift,,,,Operational
bufr4/3/07/082/6/008002,07,Surface report sequences (land),307082,"Surface station identification; time, horizontal and vertical coordinates",,008002,Vertical significance (surface observations),Set to missing (cancel),,,Operational
bufr4/3/07/082/7/302048,07,Surface report sequences (land),307082,"Surface station identification; time, horizontal and vertical coordinates",,302048,Direction and elevation of cloud,,,,Operational
bufr4/3/07/082/8/302037,07,Surface report sequences (land),307082,"Surface station identification; time, horizontal and vertical coordinates",,302037,"State of ground, snow depth, ground minimum temperature",,,,Operational
bufr4/3/07/082/9/012121,07,Surface report sequences (land),307082,"Surface station identification; time, horizontal and vertical coordinates",,012121,Ground minimum temperature,At the time of observation,,,Operational
bufr4/3/07/082/10/012122,07,Surface report sequences (land),307082,"Surface station identification; time, horizontal and vertical coordinates",,012122,Ground minimum temperature of the preceding night,,,,Operational
bufr4/3/07/082/11/302043,07,Surface report sequences (land),307082,"Surface station identification; time, horizontal and vertical coordinates",,302043,Basic synoptic “period” data,,,,Operational
bufr4/3/07/082/12/302044,07,Surface report sequences (land),307082,"Surface station identification; time, horizontal and vertical coordinates",,302044,Evaporation data,,,,Operational
bufr4/3/07/082/13/101002,07,Surface report sequences (land),307082,"Surface station identification; time, horizontal and vertical coordinates",,101002,Replicate 1 descriptor 2 times,,,,Operational
bufr4/3/07/082/14/302045,07,Surface report sequences (land),307082,"Surface station identification; time, horizontal and vertical coordinates",,302045,Radiation data (from 1 hour and 24-hour period),,,,Operational
bufr4/3/07/082/15/302046,07,Surface report sequences (land),307082,"Surface station identification; time, horizontal and vertical coordinates",,302046,Temperature change (Sequence for representation of synoptic reports from a fixed land station suitable for SYNOP data in compliance with reporting practices in RA III),,,,Operational
bufr4/3/07/083/1/301090,07,Surface report sequences (land),307083,"Surface station identification; time, horizontal and vertical coordinates",,301090,"Surface station identification; time, horizontal and vertical coordinates",,,,Operational
bufr4/3/07/083/2/302031,07,Surface report sequences (land),307083,"Surface station identification; time, horizontal and vertical coordinates",,302031,Pressure information,,,,Operational
bufr4/3/07/083/3/302035,07,Surface report sequences (land),307083,"Surface station identification; time, horizontal and vertical coordinates",,302035,Basic synoptic “instantaneous” data,,,,Operational
bufr4/3/07/083/4/302036,07,Surface report sequences (land),307083,"Surface station identification; time, horizontal and vertical coordinates",,302036,Clouds with bases below station level,,,,Operational
bufr4/3/07/083/5/302047,07,Surface report sequences (land),307083,"Surface station identification; time, horizontal and vertical coordinates",,302047,Direction of cloud drift,,,,Operational
bufr4/3/07/083/6/008002,07,Surface report sequences (land),307083,"Surface station identification; time, horizontal and vertical coordinates",,008002,Vertical significance (surface observations),Set to missing (cancel),,,Operational
bufr4/3/07/083/7/302048,07,Surface report sequences (land),307083,"Surface station identification; time, horizontal and vertical coordinates",,302048,Direction and elevation of cloud,,,,Operational
bufr4/3/07/083/8/302037,07,Surface report sequences (land),307083,"Surface station identification; time, horizontal and vertical coordinates",,302037,"State of ground, snow depth, ground minimum temperature",,,,Operational
bufr4/3/07/083/9/012122,07,Surface report sequences (land),307083,"Surface station identification; time, horizontal and vertical coordinates",,012122,Ground minimum temperature of the preceding night,,,,Operational
bufr4/3/07/083/10/302043,07,Surface report sequences (land),307083,"Surface station identification; time, horizontal and vertical coordinates",,302043,Basic synoptic “period” data,,,,Operational
bufr4/3/07/083/11/302044,07,Surface report sequences (land),307083,"Surface station identification; time, horizontal and vertical coordinates",,302044,Evaporation data,,,,Operational
bufr4/3/07/083/12/101002,07,Surface report sequences (land),307083,"Surface station identification; time, horizontal and vertical coordinates",,101002,Replicate 1 descriptor 2 times,,,,Operational
bufr4/3/07/083/13/302045,07,Surface report sequences (land),307083,"Surface station identification; time, horizontal and vertical coordinates",,302045,Radiation data (from 1 hour and 24-hour period),,,,Operational
bufr4/3/07/083/14/302046,07,Surface report sequences (land),307083,"Surface station identification; time, horizontal and vertical coordinates",,302046,Temperature change I.2 – BUFR Table D/07 — 21,,,,Operational
bufr4/3/07/084/1/301090,07,Surface report sequences (land),307084,"Surface station identification; time, horizontal and vertical coordinates",,301090,"Surface station identification; time, horizontal and vertical coordinates",,,,Operational
bufr4/3/07/084/2/302031,07,Surface report sequences (land),307084,"Surface station identification; time, horizontal and vertical coordinates",,302031,Pressure information,,,,Operational
bufr4/3/07/084/3/302035,07,Surface report sequences (land),307084,"Surface station identification; time, horizontal and vertical coordinates",,302035,Basic synoptic “instantaneous” data,,,,Operational
bufr4/3/07/084/4/302036,07,Surface report sequences (land),307084,"Surface station identification; time, horizontal and vertical coordinates",,302036,Clouds with bases below station level,,,,Operational
bufr4/3/07/084/5/302047,07,Surface report sequences (land),307084,"Surface station identification; time, horizontal and vertical coordinates",,302047,Direction of cloud drift,,,,Operational
bufr4/3/07/084/6/008002,07,Surface report sequences (land),307084,"Surface station identification; time, horizontal and vertical coordinates",,008002,Vertical significance (surface observations),Set to missing (cancel),,,Operational
bufr4/3/07/084/7/302048,07,Surface report sequences (land),307084,"Surface station identification; time, horizontal and vertical coordinates",,302048,Direction and elevation of cloud,,,,Operational
bufr4/3/07/084/8/302037,07,Surface report sequences (land),307084,"Surface station identification; time, horizontal and vertical coordinates",,302037,"State of ground, snow depth, ground minimum temperature",,,,Operational
bufr4/3/07/084/9/020055,07,Surface report sequences (land),307084,"Surface station identification; time, horizontal and vertical coordinates",,020055,State of sky in the tropics,,,,Operational
bufr4/3/07/084/10/101000,07,Surface report sequences (land),307084,"Surface station identification; time, horizontal and vertical coordinates",,101000,Delayed replication of 1 descriptor,,,,Operational
bufr4/3/07/084/11/031001,07,Surface report sequences (land),307084,"Surface station identification; time, horizontal and vertical coordinates",,031001,Delayed descriptor replication factor,,,,Operational
bufr4/3/07/084/12/205001,07,Surface report sequences (land),307084,"Surface station identification; time, horizontal and vertical coordinates",,205001,Signify character,Character field of 1 character,,,Operational
bufr4/3/07/084/13/302043,07,Surface report sequences (land),307084,"Surface station identification; time, horizontal and vertical coordinates",,302043,Basic synoptic “period” data,,,,Operational
bufr4/3/07/084/14/302044,07,Surface report sequences (land),307084,"Surface station identification; time, horizontal and vertical coordinates",,302044,Evaporation data,,,,Operational
bufr4/3/07/084/15/101002,07,Surface report sequences (land),307084,"Surface station identification; time, horizontal and vertical coordinates",,101002,Replicate 1 descriptor 2 times,,,,Operational
bufr4/3/07/084/16/302045,07,Surface report sequences (land),307084,"Surface station identification; time, horizontal and vertical coordinates",,302045,Radiation data (from 1 hour and 24-hour period),,,,Operational
bufr4/3/07/084/17/302046,07,Surface report sequences (land),307084,"Surface station identification; time, horizontal and vertical coordinates",,302046,Temperature change (Sequence for representation of synoptic reports from a fixed land station suitable for SYNOP data in compliance with reporting practices in RA VI),,,,Operational
bufr4/3/07/086/1/301090,07,Surface report sequences (land),307086,"Surface station identification; time, horizontal and vertical coordinates",,301090,"Surface station identification; time, horizontal and vertical coordinates",,,,Operational
bufr4/3/07/086/2/302031,07,Surface report sequences (land),307086,"Surface station identification; time, horizontal and vertical coordinates",,302031,Pressure information,,,,Operational
bufr4/3/07/086/3/302035,07,Surface report sequences (land),307086,"Surface station identification; time, horizontal and vertical coordinates",,302035,Basic synoptic “instantaneous” data,,,,Operational
bufr4/3/07/086/4/302036,07,Surface report sequences (land),307086,"Surface station identification; time, horizontal and vertical coordinates",,302036,Clouds with bases below station level,,,,Operational
bufr4/3/07/086/5/008002,07,Surface report sequences (land),307086,"Surface station identification; time, horizontal and vertical coordinates",,008002,Vertical significance (surface observations),Set to missing (cancel),,,Operational
bufr4/3/07/086/6/302037,07,Surface report sequences (land),307086,"Surface station identification; time, horizontal and vertical coordinates",,302037,"State of ground, snow depth, ground minimum temperature",,,,Operational
bufr4/3/07/086/7/302066,07,Surface report sequences (land),307086,"Surface station identification; time, horizontal and vertical coordinates",,302066,Dangerous weather phenomena,,,,Operational
bufr4/3/07/086/8/302043,07,Surface report sequences (land),307086,"Surface station identification; time, horizontal and vertical coordinates",,302043,Basic synoptic “period” data,,,,Operational
bufr4/3/07/086/9/302044,07,Surface report sequences (land),307086,"Surface station identification; time, horizontal and vertical coordinates",,302044,Evaporation data,,,,Operational
bufr4/3/07/086/10/101002,07,Surface report sequences (land),307086,"Surface station identification; time, horizontal and vertical coordinates",,101002,Replicate 1 descriptor 2 times,,,,Operational
bufr4/3/07/086/11/302045,07,Surface report sequences (land),307086,"Surface station identification; time, horizontal and vertical coordinates",,302045,"Radiation data (from 1 hour and 24-hour period) (“Instantaneous” parameters of sequence 3 07 089) Surface station identification, time, horizontal and vertical coordinates",,,,Operational
bufr4/3/07/087/1/301001,07,Surface report sequences (land),307087,WMO block and station numbers,,301001,WMO block and station numbers,iii II,,,Operational
bufr4/3/07/087/2/002001,07,Surface report sequences (land),307087,WMO block and station numbers,,002001,Type of station,i x,,,Operational
bufr4/3/07/087/3/301011,07,Surface report sequences (land),307087,WMO block and station numbers,,301011,"Year, month, day",YY,,,Operational
bufr4/3/07/087/4/301012,07,Surface report sequences (land),307087,WMO block and station numbers,,301012,"Hour, minute","GG, gg",,,Operational
bufr4/3/07/087/5/301023,07,Surface report sequences (land),307087,WMO block and station numbers,,301023,Latitude/longitude (coarse accuracy),,,,Operational
bufr4/3/07/087/6/007030,07,Surface report sequences (land),307087,WMO block and station numbers,,007030,Height of station ground above mean sea level,,,,Operational
bufr4/3/07/087/1/007031,07,Surface report sequences (land),307087,Height of barometer above mean sea level Pressure data,,007031,Height of barometer above mean sea level Pressure data,,,,Operational
bufr4/3/07/087/2/302001,07,Surface report sequences (land),307087,Height of barometer above mean sea level Pressure data,,302001,Pressure and 3-hour pressure change,"P P P P , PPPP, ppp, o o o o a",,,Operational
bufr4/3/07/087/3/010062,07,Surface report sequences (land),307087,Height of barometer above mean sea level Pressure data,,010062,24-hour pressure change,p p p 24 24 24,,,Operational
bufr4/3/07/087/4/007004,07,Surface report sequences (land),307087,Height of barometer above mean sea level Pressure data,,007004,Pressure,"Standard level a 3 = 925, 850, 700, ..hPa | Set to missing for lowland stations",,,Operational
bufr4/3/07/087/5/010009,07,Surface report sequences (land),307087,Height of barometer above mean sea level Pressure data,,010009,Geopotential height Temperature and humidity,Standard level hhh | Set to missing for lowland stations,,,Operational
bufr4/3/07/087/6/007032,07,Surface report sequences (land),307087,Height of barometer above mean sea level Pressure data,,007032,Height of sensor above local ground (or deck of marine platform),Temperature measurement,,,Operational
bufr4/3/07/087/7/012101,07,Surface report sequences (land),307087,Height of barometer above mean sea level Pressure data,,012101,Temperature/air temperature,s TTT | Scale: 2 n,,,Operational
bufr4/3/07/087/8/012103,07,Surface report sequences (land),307087,Height of barometer above mean sea level Pressure data,,012103,Dewpoint temperature,s T T T | Scale: 2 n d d d,,,Operational
bufr4/3/07/087/9/013003,07,Surface report sequences (land),307087,Height of barometer above mean sea level Pressure data,,013003,Relative humidity,,,,Operational
bufr4/3/07/087/10/007032,07,Surface report sequences (land),307087,Height of barometer above mean sea level Pressure data,,007032,Height of sensor above local ground (or deck of marine platform) Visibility,Set to missing (cancel),,,Operational
bufr4/3/07/087/11/020001,07,Surface report sequences (land),307087,Height of barometer above mean sea level Pressure data,,020001,Horizontal visibility Cloud data,VV,,,Operational
bufr4/3/07/087/12/302004,07,Surface report sequences (land),307087,Height of barometer above mean sea level Pressure data,,302004,"General cloud information Cloud cover (total) N: If N = 9, then 0 20 010 = 113, if N = /, then 0 20 010 = missing | Vertical are observed, then 0 08 002 = 7 | significance: If C L Low cloud: If C are not observed and C are L M observed, then 0 08 002 = 8 | Middle cloud: are observed, 0 08 002 = 0, if N = 9, then If only C H 0 08 002 = 5, if N = 0, then 0 08 002 = 62, if N = /, then 0 08 002 = missing | Cloud amount (of : If N = 0, then 0 20 011 = low or middle clouds) N h 0, if N = 9, then 0 20 011 = 9, if N = /, then 0 20 011 = missing | Height of base of cloud h: If N = 0 or /, then 0 20 013 = missing | Cloud type : 0 20 012 = C + 30, if N = 0, then 0 (low clouds) C L L 20 012 = 30, if N = 9 or /, then 0 20 012 = 62 | : 0 20 012 = C + Cloud type (middle clouds) C M M 20, if N = 0, then 0 20 012 = 20, if N = 9 or / or C = M /, then 0 20 012 = 61 | Cloud type (high clouds) C : H + 10, if N = 0, then 0 20 012 = 10, if 0 20 012 = C H N = 9 or / or C = /, then 0 20 012 = 60 H",/see left column,,,Operational
bufr4/3/07/087/13/101000,07,Surface report sequences (land),307087,Height of barometer above mean sea level Pressure data,,101000,Delayed replication of 1 descriptor,,,,Operational
bufr4/3/07/087/14/031001,07,Surface report sequences (land),307087,Height of barometer above mean sea level Pressure data,,031001,Delayed descriptor replication factor I.2 – BUFR Table D/07 — 23,,,,Operational
bufr4/3/07/087/1/302005,07,Surface report sequences (land),307087,"Cloud layer Vertical significance: In any Cb layer, 0 08 002 = 4, else in the first replication, if N = 9, then 0 08 002 = 5, if N = /, then 0 08 002 = missing, else 0 08 002 = 1, in the other replications 0 08 002 = 2, 3, 4 | : In the first replication, if N = /, Cloud amount N s then 0 20 011 = missing, else 0 20 011 = N , in the s other replications 0 20 011 = N | Cloud type C: s If N = 9 or /, then 0 20 012 = missing, else 0 20 012 = C | Height of base of cloud h h s s (“Period” parameters of sequence 3 07 089) Present and past weather",,302005,"Cloud layer Vertical significance: In any Cb layer, 0 08 002 = 4, else in the first replication, if N = 9, then 0 08 002 = 5, if N = /, then 0 08 002 = missing, else 0 08 002 = 1, in the other replications 0 08 002 = 2, 3, 4 | : In the first replication, if N = /, Cloud amount N s then 0 20 011 = missing, else 0 20 011 = N , in the s other replications 0 20 011 = N | Cloud type C: s If N = 9 or /, then 0 20 012 = missing, else 0 20 012 = C | Height of base of cloud h h s s (“Period” parameters of sequence 3 07 089) Present and past weather",/see left column,,,Operational
bufr4/3/07/088/1/020003,07,Surface report sequences (land),307088,Present weather,,020003,Present weather,ww,,,Operational
bufr4/3/07/088/2/004024,07,Surface report sequences (land),307088,Present weather,,004024,Time period or displacement,"=–6 at 00, 06, 12, 18 UTC, =–3 at 03, 09, 15, 21 UTC",,,Operational
bufr4/3/07/088/3/020004,07,Surface report sequences (land),307088,Present weather,,020004,Past weather (1),W 1,,,Operational
bufr4/3/07/088/4/020005,07,Surface report sequences (land),307088,Present weather,,020005,Past weather (2) Evaporation,W 2,,,Operational
bufr4/3/07/088/5/004024,07,Surface report sequences (land),307088,Present weather,,004024,Time period or displacement,=–24 (hours),,,Operational
bufr4/3/07/088/6/002004,07,Surface report sequences (land),307088,Present weather,,002004,Type of instrumentation for evaporation measurement or type of crop for which evapotranspiration is reported,i E,,,Operational
bufr4/3/07/088/7/013033,07,Surface report sequences (land),307088,Present weather,,013033,Evaporation/evapotranspiration Sunshine,EEE,,,Operational
bufr4/3/07/088/8/102002,07,Surface report sequences (land),307088,Present weather,,102002,Replicate 2 descriptors 2 times,,,,Operational
bufr4/3/07/088/9/004024,07,Surface report sequences (land),307088,Present weather,,004024,Time period or displacement,"=–24 (hours) in the first replication, =–1 (hour) in the second replication",,,Operational
bufr4/3/07/088/10/014031,07,Surface report sequences (land),307088,Present weather,,014031,Total sunshine Precipitation,"SSS in the first replication, SS in the second replication",,,Operational
bufr4/3/07/088/11/102002,07,Surface report sequences (land),307088,Present weather,,102002,Replicate 2 descriptors 2 times,,,,Operational
bufr4/3/07/088/12/004024,07,Surface report sequences (land),307088,Present weather,,004024,Time period or displacement,t R,,,Operational
bufr4/3/07/088/13/013011,07,Surface report sequences (land),307088,Present weather,,013011,Total precipitation/total water equivalent Extreme temperatures,"RRR | = 0 No precipitation, =–0.1 Trace",,,Operational
bufr4/3/07/088/14/007032,07,Surface report sequences (land),307088,Present weather,,007032,Height of sensor above local ground (or deck of marine platform),Temperature measurement,,,Operational
bufr4/3/07/088/15/004024,07,Surface report sequences (land),307088,Present weather,,004024,Time period or displacement,=–12 (hours),,,Operational
bufr4/3/07/088/16/012111,07,Surface report sequences (land),307088,Present weather,,012111,"Maximum temperature, at height and over period specified",s T T T n x x x,,,Operational
bufr4/3/07/088/17/004024,07,Surface report sequences (land),307088,Present weather,,004024,Time period or displacement,=–12 (hours),,,Operational
bufr4/3/07/088/18/012112,07,Surface report sequences (land),307088,Present weather,,012112,"Minimum temperature, at height and over period specified",s T T T n n n n,,,Operational
bufr4/3/07/088/1/007032,07,Surface report sequences (land),307088,Wind data,,007032,Height of sensor above local ground (or deck of marine platform),Wind measurement,,,Operational
bufr4/3/07/088/2/002002,07,Surface report sequences (land),307088,Wind data,,002002,Type of instrumentation for wind measurement,i w,,,Operational
bufr4/3/07/088/3/008021,07,Surface report sequences (land),307088,Wind data,,008021,Time significance,= 2 Time averaged,,,Operational
bufr4/3/07/088/4/004025,07,Surface report sequences (land),307088,Wind data,,004025,Time period or displacement,"=–10 (minutes) or number of minutes after a significant change of wind, if any",,,Operational
bufr4/3/07/088/5/011001,07,Surface report sequences (land),307088,Wind data,,011001,Wind direction,"dd | If dd = 00 Calm or dd = 99 Variable, 0 11 001 = 0",,,Operational
bufr4/3/07/088/6/011002,07,Surface report sequences (land),307088,Wind data,,011002,Wind speed,ff,,,Operational
bufr4/3/07/088/7/008021,07,Surface report sequences (land),307088,Wind data,,008021,Time significance (Sequence for representation of synoptic reports from a fixed land station suitable for SYNOP data manually encoded in CREX),Set to missing (cancel),,,Operational
bufr4/3/07/089/1/307087,07,Surface report sequences (land),307089,“Instantaneous” parameters of sequence 3 07 089,,307087,“Instantaneous” parameters of sequence 3 07 089,,,,Operational
bufr4/3/07/089/2/307088,07,Surface report sequences (land),307089,“Instantaneous” parameters of sequence 3 07 089,,307088,“Period” parameters of sequence 3 07 089 (Sequence for representation of synoptic reports from a mobile land station suitable for SYNOP MOBIL data),,,,Operational
bufr4/3/07/090/1/301092,07,Surface report sequences (land),307090,"Mobile surface station identification, date/time, horizontal and vertical coordinates",,301092,"Mobile surface station identification, date/time, horizontal and vertical coordinates",,,,Operational
bufr4/3/07/090/2/302031,07,Surface report sequences (land),307090,"Mobile surface station identification, date/time, horizontal and vertical coordinates",,302031,Pressure information,,,,Operational
bufr4/3/07/090/3/302035,07,Surface report sequences (land),307090,"Mobile surface station identification, date/time, horizontal and vertical coordinates",,302035,Basic synoptic “instantaneous” data,,,,Operational
bufr4/3/07/090/4/302036,07,Surface report sequences (land),307090,"Mobile surface station identification, date/time, horizontal and vertical coordinates",,302036,Clouds with bases below station level,,,,Operational
bufr4/3/07/090/5/302047,07,Surface report sequences (land),307090,"Mobile surface station identification, date/time, horizontal and vertical coordinates",,302047,Direction of cloud drift,,,,Operational
bufr4/3/07/090/6/008002,07,Surface report sequences (land),307090,"Mobile surface station identification, date/time, horizontal and vertical coordinates",,008002,Vertical significance (surface observations),,,,Operational
bufr4/3/07/090/7/302048,07,Surface report sequences (land),307090,"Mobile surface station identification, date/time, horizontal and vertical coordinates",,302048,Direction and elevation of cloud,,,,Operational
bufr4/3/07/090/8/302037,07,Surface report sequences (land),307090,"Mobile surface station identification, date/time, horizontal and vertical coordinates",,302037,"State of ground, snow depth, ground minimum temperature",,,,Operational
bufr4/3/07/090/9/302043,07,Surface report sequences (land),307090,"Mobile surface station identification, date/time, horizontal and vertical coordinates",,302043,Basic synoptic “period” data,,,,Operational
bufr4/3/07/090/10/302044,07,Surface report sequences (land),307090,"Mobile surface station identification, date/time, horizontal and vertical coordinates",,302044,Evaporation data,,,,Operational
bufr4/3/07/090/11/101002,07,Surface report sequences (land),307090,"Mobile surface station identification, date/time, horizontal and vertical coordinates",,101002,Replicate 1 descriptor 2 times,,,,Operational
bufr4/3/07/090/12/302045,07,Surface report sequences (land),307090,"Mobile surface station identification, date/time, horizontal and vertical coordinates",,302045,Radiation data (from 1 hour and 24-hour period),,,,Operational
bufr4/3/07/090/13/302046,07,Surface report sequences (land),307090,"Mobile surface station identification, date/time, horizontal and vertical coordinates",,302046,Temperature change (BUFR template for surface observations from one-hour period with national and WMO station identification),,,,Operational
bufr4/3/07/091/1/301089,07,Surface report sequences (land),307091,National station identification,,301089,National station identification,,,,Operational
bufr4/3/07/091/2/301090,07,Surface report sequences (land),307091,National station identification,,301090,"Surface station identification; time, horizontal and vertical co-ordinates",,,,Operational
bufr4/3/07/091/3/008010,07,Surface report sequences (land),307091,National station identification,,008010,Surface qualifier (temperature data),,,,Operational
bufr4/3/07/091/4/301091,07,Surface report sequences (land),307091,National station identification,,301091,Surface station instrumentation,,,,Operational
bufr4/3/07/091/5/302001,07,Surface report sequences (land),307091,National station identification,,302001,Pressure and 3-hour pressure change,,,,Operational
bufr4/3/07/091/6/007004,07,Surface report sequences (land),307091,National station identification,,007004,Pressure,Standard level,,,Operational
bufr4/3/07/091/7/010009,07,Surface report sequences (land),307091,National station identification,,010009,Geopotential height I.2 – BUFR Table D/07 — 25,Standard level,,,Operational
bufr4/3/07/091/1/302072,07,Surface report sequences (land),307091,Temperature and humidity data,,302072,Temperature and humidity data,,,,Operational
bufr4/3/07/091/2/103000,07,Surface report sequences (land),307091,Temperature and humidity data,,103000,Delayed replication of 3 descriptors,,,,Operational
bufr4/3/07/091/3/031000,07,Surface report sequences (land),307091,Temperature and humidity data,,031000,Short delayed descriptor replication factor,,,,Operational
bufr4/3/07/091/4/101005,07,Surface report sequences (land),307091,Temperature and humidity data,,101005,Replicate 1 descriptor 5 times,,,,Operational
bufr4/3/07/091/5/307063,07,Surface report sequences (land),307091,Temperature and humidity data,,307063,Depth below land surface and soil temperature,,,,Operational
bufr4/3/07/091/6/007061,07,Surface report sequences (land),307091,Temperature and humidity data,,007061,Depth below land surface,Set to missing (cancel),,,Operational
bufr4/3/07/091/7/101000,07,Surface report sequences (land),307091,Temperature and humidity data,,101000,Delayed replication of 1 descriptor,,,,Operational
bufr4/3/07/091/8/031000,07,Surface report sequences (land),307091,Temperature and humidity data,,031000,Short delayed descriptor replication factor,,,,Operational
bufr4/3/07/091/9/302069,07,Surface report sequences (land),307091,Temperature and humidity data,,302069,Visibility data,,,,Operational
bufr4/3/07/091/10/007032,07,Surface report sequences (land),307091,Temperature and humidity data,,007032,Height of sensor above local ground (or deck of marine platform),Set to missing (cancel),,,Operational
bufr4/3/07/091/11/007033,07,Surface report sequences (land),307091,Temperature and humidity data,,007033,Height of sensor above water surface,Set to missing (cancel),,,Operational
bufr4/3/07/091/12/105000,07,Surface report sequences (land),307091,Temperature and humidity data,,105000,Delayed replication of 5 descriptors,,,,Operational
bufr4/3/07/091/13/031000,07,Surface report sequences (land),307091,Temperature and humidity data,,031000,Short delayed descriptor replication factor,,,,Operational
bufr4/3/07/091/14/020031,07,Surface report sequences (land),307091,Temperature and humidity data,,020031,Ice deposit (thickness),,,,Operational
bufr4/3/07/091/15/020032,07,Surface report sequences (land),307091,Temperature and humidity data,,020032,Rate of ice accretion (estimated),,,,Operational
bufr4/3/07/091/16/002038,07,Surface report sequences (land),307091,Temperature and humidity data,,002038,Method of water temperature and/or salinity measurement,,,,Operational
bufr4/3/07/091/17/022043,07,Surface report sequences (land),307091,Temperature and humidity data,,022043,Sea/water temperature,Scale: 2,,,Operational
bufr4/3/07/091/18/302021,07,Surface report sequences (land),307091,Temperature and humidity data,,302021,Waves,,,,Operational
bufr4/3/07/091/19/101000,07,Surface report sequences (land),307091,Temperature and humidity data,,101000,Delayed replication of 1 descriptor,,,,Operational
bufr4/3/07/091/20/031000,07,Surface report sequences (land),307091,Temperature and humidity data,,031000,Short delayed descriptor replication factor,,,,Operational
bufr4/3/07/091/21/302078,07,Surface report sequences (land),307091,Temperature and humidity data,,302078,State of ground and snow depth measurement,,,,Operational
bufr4/3/07/091/22/101000,07,Surface report sequences (land),307091,Temperature and humidity data,,101000,Delayed replication of 1 descriptor,,,,Operational
bufr4/3/07/091/23/031000,07,Surface report sequences (land),307091,Temperature and humidity data,,031000,Short delayed descriptor replication factor,,,,Operational
bufr4/3/07/091/24/302073,07,Surface report sequences (land),307091,Temperature and humidity data,,302073,Cloud data,,,,Operational
bufr4/3/07/091/25/101000,07,Surface report sequences (land),307091,Temperature and humidity data,,101000,Delayed replication of 1 descriptor,,,,Operational
bufr4/3/07/091/26/031000,07,Surface report sequences (land),307091,Temperature and humidity data,,031000,Short delayed descriptor replication factor,,,,Operational
bufr4/3/07/091/27/302074,07,Surface report sequences (land),307091,Temperature and humidity data,,302074,Present and past weather,,,,Operational
bufr4/3/07/091/28/101000,07,Surface report sequences (land),307091,Temperature and humidity data,,101000,Delayed replication of 1 descriptor,,,,Operational
bufr4/3/07/091/29/031000,07,Surface report sequences (land),307091,Temperature and humidity data,,031000,Short delayed descriptor replication factor,,,,Operational
bufr4/3/07/091/30/302175,07,Surface report sequences (land),307091,Temperature and humidity data,,302175,"Intensity of precipitation, size of precipitation element",,,,Operational
bufr4/3/07/091/31/102000,07,Surface report sequences (land),307091,Temperature and humidity data,,102000,Delayed replication of 2 descriptors,,,,Operational
bufr4/3/07/091/32/031000,07,Surface report sequences (land),307091,Temperature and humidity data,,031000,Short delayed descriptor replication factor,,,,Operational
bufr4/3/07/091/33/004025,07,Surface report sequences (land),307091,Temperature and humidity data,,004025,Time period or displacement,=–10 (minutes),,,Operational
bufr4/3/07/091/34/302076,07,Surface report sequences (land),307091,Temperature and humidity data,,302076,"Precipitation, obscuration and other phenomena",,,,Operational
bufr4/3/07/091/35/302071,07,Surface report sequences (land),307091,Temperature and humidity data,,302071,Wind data from one-hour period,,,,Operational
bufr4/3/07/091/36/302077,07,Surface report sequences (land),307091,Temperature and humidity data,,302077,Extreme temperature data,,,,Operational
bufr4/3/07/091/37/007033,07,Surface report sequences (land),307091,Temperature and humidity data,,007033,Height of sensor above water surface,Set to missing (cancel),,,Operational
bufr4/3/07/091/38/101000,07,Surface report sequences (land),307091,Temperature and humidity data,,101000,Delayed replication of 1 descriptor,,,,Operational
bufr4/3/07/091/39/031000,07,Surface report sequences (land),307091,Temperature and humidity data,,031000,Short delayed descriptor replication factor,,,,Operational
bufr4/3/07/091/40/302079,07,Surface report sequences (land),307091,Temperature and humidity data,,302079,Precipitation measurement,,,,Operational
bufr4/3/07/091/41/007032,07,Surface report sequences (land),307091,Temperature and humidity data,,007032,Height of sensor above local ground (or deck of marine platform),Set to missing (cancel),,,Operational
bufr4/3/07/091/42/101000,07,Surface report sequences (land),307091,Temperature and humidity data,,101000,Delayed replication of 1 descriptor,,,,Operational
bufr4/3/07/091/43/031000,07,Surface report sequences (land),307091,Temperature and humidity data,,031000,Short delayed descriptor replication factor,,,,Operational
bufr4/3/07/091/44/302080,07,Surface report sequences (land),307091,Temperature and humidity data,,302080,Evaporation measurement,,,,Operational
bufr4/3/07/091/45/101000,07,Surface report sequences (land),307091,Temperature and humidity data,,101000,Delayed replication of 1 descriptor,,,,Operational
bufr4/3/07/091/46/031000,07,Surface report sequences (land),307091,Temperature and humidity data,,031000,Short delayed descriptor replication factor,,,,Operational
bufr4/3/07/091/1/302081,07,Surface report sequences (land),307091,Total sunshine data,,302081,Total sunshine data,,,,Operational
bufr4/3/07/091/2/101000,07,Surface report sequences (land),307091,Total sunshine data,,101000,Delayed replication of 1 descriptor,,,,Operational
bufr4/3/07/091/3/031000,07,Surface report sequences (land),307091,Total sunshine data,,031000,Short delayed descriptor replication factor,,,,Operational
bufr4/3/07/091/4/302082,07,Surface report sequences (land),307091,Total sunshine data,,302082,Radiation data,,,,Operational
bufr4/3/07/091/5/102000,07,Surface report sequences (land),307091,Total sunshine data,,102000,Delayed replication of 2 descriptors,,,,Operational
bufr4/3/07/091/6/031000,07,Surface report sequences (land),307091,Total sunshine data,,031000,Short delayed descriptor replication factor,,,,Operational
bufr4/3/07/091/7/004025,07,Surface report sequences (land),307091,Total sunshine data,,004025,Time period or displacement,=–10 (minutes),,,Operational
bufr4/3/07/091/8/013059,07,Surface report sequences (land),307091,Total sunshine data,,013059,Number of flashes (thunderstorm),,,,Operational
bufr4/3/07/091/9/101000,07,Surface report sequences (land),307091,Total sunshine data,,101000,Delayed replication of 1 descriptor,,,,Operational
bufr4/3/07/091/10/031000,07,Surface report sequences (land),307091,Total sunshine data,,031000,Short delayed descriptor replication factor,,,,Operational
bufr4/3/07/091/11/302083,07,Surface report sequences (land),307091,Total sunshine data,,302083,"First-order statistics of P, W, T, U data",,,,Operational
bufr4/3/07/091/12/033005,07,Surface report sequences (land),307091,Total sunshine data,,033005,Quality information (AWS data),,,,Operational
bufr4/3/07/091/13/033006,07,Surface report sequences (land),307091,Total sunshine data,,033006,Internal measurement status information (AWS) (BUFR template for surface observations from n-minute period),,,,Operational
bufr4/3/07/092/1/301150,07,Surface report sequences (land),307092,WIGOS identifier,,301150,WIGOS identifier,,,,Operational
bufr4/3/07/092/2/301001,07,Surface report sequences (land),307092,WIGOS identifier,,301001,WMO block and station numbers,,,,Operational
bufr4/3/07/092/3/208040,07,Surface report sequences (land),307092,WIGOS identifier,,208040,Change width of CCITT IA5 field,,,,Operational
bufr4/3/07/092/4/001019,07,Surface report sequences (land),307092,WIGOS identifier,,001019,Long station or site name,40 characters,,,Operational
bufr4/3/07/092/5/208000,07,Surface report sequences (land),307092,WIGOS identifier,,208000,Change width of CCITT IA5 field,,,,Operational
bufr4/3/07/092/6/301011,07,Surface report sequences (land),307092,WIGOS identifier,,301011,"Year, month, day",The time identification refers to the end of the n-minute period.,,,Operational
bufr4/3/07/092/7/301012,07,Surface report sequences (land),307092,WIGOS identifier,,301012,"Hour, minute",,,,Operational
bufr4/3/07/092/8/301021,07,Surface report sequences (land),307092,WIGOS identifier,,301021,Latitude/longitude (high accuracy),,,,Operational
bufr4/3/07/092/9/007030,07,Surface report sequences (land),307092,WIGOS identifier,,007030,Height of station ground above mean sea level,,,,Operational
bufr4/3/07/092/10/001023,07,Surface report sequences (land),307092,WIGOS identifier,,001023,Observation sequence number,,,,Operational
bufr4/3/07/092/11/108000,07,Surface report sequences (land),307092,WIGOS identifier,,108000,Delayed replication of 8 descriptors,,,,Operational
bufr4/3/07/092/12/031000,07,Surface report sequences (land),307092,WIGOS identifier,,031000,Short delayed descriptor replication factor,,,,Operational
bufr4/3/07/092/13/007031,07,Surface report sequences (land),307092,WIGOS identifier,,007031,Height of barometer above mean sea level,,,,Operational
bufr4/3/07/092/14/204018,07,Surface report sequences (land),307092,WIGOS identifier,,204018,Add associated field,,,,Operational
bufr4/3/07/092/15/031021,07,Surface report sequences (land),307092,WIGOS identifier,,031021,Associated field significance,,,,Operational
bufr4/3/07/092/16/010004,07,Surface report sequences (land),307092,WIGOS identifier,,010004,Pressure,Measured value of the air pressure at the sensor location and sensor height,,,Operational
bufr4/3/07/092/17/010051,07,Surface report sequences (land),307092,WIGOS identifier,,010051,Pressure reduced to mean sea level,,,,Operational
bufr4/3/07/092/18/007004,07,Surface report sequences (land),307092,WIGOS identifier,,007004,Pressure,Standard level,,,Operational
bufr4/3/07/092/19/010009,07,Surface report sequences (land),307092,WIGOS identifier,,010009,Geopotential height,Standard level,,,Operational
bufr4/3/07/092/20/204000,07,Surface report sequences (land),307092,WIGOS identifier,,204000,Add associated field,Cancel,,,Operational
bufr4/3/07/092/21/115000,07,Surface report sequences (land),307092,WIGOS identifier,,115000,Delayed replication of 15 descriptors,,,,Operational
bufr4/3/07/092/22/031001,07,Surface report sequences (land),307092,WIGOS identifier,,031001,Delayed descriptor replication factor,,,,Operational
bufr4/3/07/092/23/007032,07,Surface report sequences (land),307092,WIGOS identifier,,007032,Height of sensor above local ground (or deck of marine platform),,,,Operational
bufr4/3/07/092/24/008010,07,Surface report sequences (land),307092,WIGOS identifier,,008010,Surface qualifier (temperature data),,,,Operational
bufr4/3/07/092/25/204018,07,Surface report sequences (land),307092,WIGOS identifier,,204018,Add associated field,,,,Operational
bufr4/3/07/092/26/031021,07,Surface report sequences (land),307092,WIGOS identifier,,031021,Associated field significance,,,,Operational
bufr4/3/07/092/27/012101,07,Surface report sequences (land),307092,WIGOS identifier,,012101,Temperature/air-temperature I.2 – BUFR Table D/07 — 27,Scale: 2,,,Operational
bufr4/3/07/092/1/012103,07,Surface report sequences (land),307092,Dewpoint temperature,,012103,Dewpoint temperature,Scale: 2,,,Operational
bufr4/3/07/092/2/202129,07,Surface report sequences (land),307092,Dewpoint temperature,,202129,Change scale,,,,Operational
bufr4/3/07/092/3/201132,07,Surface report sequences (land),307092,Dewpoint temperature,,201132,Change data width,,,,Operational
bufr4/3/07/092/4/013003,07,Surface report sequences (land),307092,Dewpoint temperature,,013003,Relative humidity,"Mandatory to report (presuming a humidity sensor is installed), data width 11 bits",,,Operational
bufr4/3/07/092/5/201000,07,Surface report sequences (land),307092,Dewpoint temperature,,201000,Change data width,Cancel,,,Operational
bufr4/3/07/092/6/202000,07,Surface report sequences (land),307092,Dewpoint temperature,,202000,Change scale,Cancel,,,Operational
bufr4/3/07/092/7/013009,07,Surface report sequences (land),307092,Dewpoint temperature,,013009,Relative humidity,Original measured value,,,Operational
bufr4/3/07/092/8/204000,07,Surface report sequences (land),307092,Dewpoint temperature,,204000,Add associated field,Cancel,,,Operational
bufr4/3/07/092/9/007032,07,Surface report sequences (land),307092,Dewpoint temperature,,007032,Height of sensor above local ground (or deck of marine platform),Set to missing (cancel),,,Operational
bufr4/3/07/092/10/008010,07,Surface report sequences (land),307092,Dewpoint temperature,,008010,Surface qualifier (temperature data),Set to missing (cancel),,,Operational
bufr4/3/07/092/11/107000,07,Surface report sequences (land),307092,Dewpoint temperature,,107000,Delayed replication of 7 descriptors,,,,Operational
bufr4/3/07/092/12/031001,07,Surface report sequences (land),307092,Dewpoint temperature,,031001,Delayed descriptor replication factor,,,,Operational
bufr4/3/07/092/13/007061,07,Surface report sequences (land),307092,Dewpoint temperature,,007061,Depth below land surface,,,,Operational
bufr4/3/07/092/14/204018,07,Surface report sequences (land),307092,Dewpoint temperature,,204018,Add associated field,,,,Operational
bufr4/3/07/092/15/031021,07,Surface report sequences (land),307092,Dewpoint temperature,,031021,Associated field significance,,,,Operational
bufr4/3/07/092/16/012130,07,Surface report sequences (land),307092,Dewpoint temperature,,012130,Soil temperature,,,,Operational
bufr4/3/07/092/17/013111,07,Surface report sequences (land),307092,Dewpoint temperature,,013111,Soil moisture,,,,Operational
bufr4/3/07/092/18/204000,07,Surface report sequences (land),307092,Dewpoint temperature,,204000,Add associated field,Cancel,,,Operational
bufr4/3/07/092/19/007061,07,Surface report sequences (land),307092,Dewpoint temperature,,007061,Depth below land surface,Set to missing (cancel),,,Operational
bufr4/3/07/092/20/105000,07,Surface report sequences (land),307092,Dewpoint temperature,,105000,Delayed replication of 5 descriptors,,,,Operational
bufr4/3/07/092/21/031000,07,Surface report sequences (land),307092,Dewpoint temperature,,031000,Short delayed descriptor replication factor,,,,Operational
bufr4/3/07/092/22/033041,07,Surface report sequences (land),307092,Dewpoint temperature,,033041,Attribute of following value,,,,Operational
bufr4/3/07/092/23/204018,07,Surface report sequences (land),307092,Dewpoint temperature,,204018,Add associated field,,,,Operational
bufr4/3/07/092/24/031021,07,Surface report sequences (land),307092,Dewpoint temperature,,031021,Associated field significance,,,,Operational
bufr4/3/07/092/25/020001,07,Surface report sequences (land),307092,Dewpoint temperature,,020001,Horizontal visibility,,,,Operational
bufr4/3/07/092/26/204000,07,Surface report sequences (land),307092,Dewpoint temperature,,204000,Add associated field,Cancel,,,Operational
bufr4/3/07/092/27/113000,07,Surface report sequences (land),307092,Dewpoint temperature,,113000,Delayed replication of 13 descriptors,,,,Operational
bufr4/3/07/092/28/031000,07,Surface report sequences (land),307092,Dewpoint temperature,,031000,Short delayed descriptor replication factor,,,,Operational
bufr4/3/07/092/29/204018,07,Surface report sequences (land),307092,Dewpoint temperature,,204018,Add associated field,,,,Operational
bufr4/3/07/092/30/031021,07,Surface report sequences (land),307092,Dewpoint temperature,,031021,Associated field significance,,,,Operational
bufr4/3/07/092/31/020010,07,Surface report sequences (land),307092,Dewpoint temperature,,020010,Cloud cover (total),,,,Operational
bufr4/3/07/092/32/204000,07,Surface report sequences (land),307092,Dewpoint temperature,,204000,Add associated field,Cancel,,,Operational
bufr4/3/07/092/33/107000,07,Surface report sequences (land),307092,Dewpoint temperature,,107000,Delayed replication of 7 descriptors,,,,Operational
bufr4/3/07/092/34/031001,07,Surface report sequences (land),307092,Dewpoint temperature,,031001,Delayed descriptor replication factor,,,,Operational
bufr4/3/07/092/35/008002,07,Surface report sequences (land),307092,Dewpoint temperature,,008002,Vertical significance (surface observations),,,,Operational
bufr4/3/07/092/36/204018,07,Surface report sequences (land),307092,Dewpoint temperature,,204018,Add associated field,,,,Operational
bufr4/3/07/092/37/031021,07,Surface report sequences (land),307092,Dewpoint temperature,,031021,Associated field significance,,,,Operational
bufr4/3/07/092/38/020011,07,Surface report sequences (land),307092,Dewpoint temperature,,020011,Cloud amount,,,,Operational
bufr4/3/07/092/39/020013,07,Surface report sequences (land),307092,Dewpoint temperature,,020013,Height of base of cloud,,,,Operational
bufr4/3/07/092/40/204000,07,Surface report sequences (land),307092,Dewpoint temperature,,204000,Add associated field,Cancel,,,Operational
bufr4/3/07/092/41/008002,07,Surface report sequences (land),307092,Dewpoint temperature,,008002,Vertical significance (surface observations),Set to missing (cancel),,,Operational
bufr4/3/07/092/42/105000,07,Surface report sequences (land),307092,Dewpoint temperature,,105000,Delayed replication of 5 descriptors,,,,Operational
bufr4/3/07/092/43/031000,07,Surface report sequences (land),307092,Dewpoint temperature,,031000,Short delayed descriptor replication factor,,,,Operational
bufr4/3/07/092/1/204018,07,Surface report sequences (land),307092,Add associated field,,204018,Add associated field,,,,Operational
bufr4/3/07/092/2/031021,07,Surface report sequences (land),307092,Add associated field,,031021,Associated field significance,,,,Operational
bufr4/3/07/092/3/020062,07,Surface report sequences (land),307092,Add associated field,,020062,State of ground (with or without snow),,,,Operational
bufr4/3/07/092/4/013013,07,Surface report sequences (land),307092,Add associated field,,013013,Total snow depth,,,,Operational
bufr4/3/07/092/5/204000,07,Surface report sequences (land),307092,Add associated field,,204000,Add associated field,Cancel,,,Operational
bufr4/3/07/092/6/105000,07,Surface report sequences (land),307092,Add associated field,,105000,Delayed replication of 5 descriptors,,,,Operational
bufr4/3/07/092/7/031000,07,Surface report sequences (land),307092,Add associated field,,031000,Short delayed descriptor replication factor,,,,Operational
bufr4/3/07/092/8/004025,07,Surface report sequences (land),307092,Add associated field,,004025,Time period or displacement,= –n minutes,,,Operational
bufr4/3/07/092/9/204018,07,Surface report sequences (land),307092,Add associated field,,204018,Add associated field,,,,Operational
bufr4/3/07/092/10/031021,07,Surface report sequences (land),307092,Add associated field,,031021,Associated field significance,,,,Operational
bufr4/3/07/092/11/020003,07,Surface report sequences (land),307092,Add associated field,,020003,Present weather,,,,Operational
bufr4/3/07/092/12/204000,07,Surface report sequences (land),307092,Add associated field,,204000,Add associated field,Cancel,,,Operational
bufr4/3/07/092/13/105000,07,Surface report sequences (land),307092,Add associated field,,105000,Delayed replication of 5 descriptors,,,,Operational
bufr4/3/07/092/14/031000,07,Surface report sequences (land),307092,Add associated field,,031000,Short delayed descriptor replication factor,,,,Operational
bufr4/3/07/092/15/004025,07,Surface report sequences (land),307092,Add associated field,,004025,Time period or displacement,= –n minutes,,,Operational
bufr4/3/07/092/16/204018,07,Surface report sequences (land),307092,Add associated field,,204018,Add associated field,,,,Operational
bufr4/3/07/092/17/031021,07,Surface report sequences (land),307092,Add associated field,,031021,Associated field significance,,,,Operational
bufr4/3/07/092/18/013011,07,Surface report sequences (land),307092,Add associated field,,013011,Total precipitation/total water equivalent,Snow,,,Operational
bufr4/3/07/092/19/204000,07,Surface report sequences (land),307092,Add associated field,,204000,Add associated field,Cancel,,,Operational
bufr4/3/07/092/20/115000,07,Surface report sequences (land),307092,Add associated field,,115000,Delayed replication of 15 descriptors,,,,Operational
bufr4/3/07/092/21/031001,07,Surface report sequences (land),307092,Add associated field,,031001,Delayed descriptor replication factor,,,,Operational
bufr4/3/07/092/22/007032,07,Surface report sequences (land),307092,Add associated field,,007032,Height of sensor above local ground (or deck of marine platform),,,,Operational
bufr4/3/07/092/23/008021,07,Surface report sequences (land),307092,Add associated field,,008021,Time significance,= 2 Time averaged,,,Operational
bufr4/3/07/092/24/004025,07,Surface report sequences (land),307092,Add associated field,,004025,Time period or displacement,"=–10 minutes, or number of minutes after a significant change of wind",,,Operational
bufr4/3/07/092/25/204018,07,Surface report sequences (land),307092,Add associated field,,204018,Add associated field,,,,Operational
bufr4/3/07/092/26/031021,07,Surface report sequences (land),307092,Add associated field,,031021,Associated field significance,,,,Operational
bufr4/3/07/092/27/011001,07,Surface report sequences (land),307092,Add associated field,,011001,Wind direction,,,,Operational
bufr4/3/07/092/28/011002,07,Surface report sequences (land),307092,Add associated field,,011002,Wind speed,,,,Operational
bufr4/3/07/092/29/204000,07,Surface report sequences (land),307092,Add associated field,,204000,Add associated field,Cancel,,,Operational
bufr4/3/07/092/30/008021,07,Surface report sequences (land),307092,Add associated field,,008021,Time significance,Set to missing (cancel),,,Operational
bufr4/3/07/092/31/204018,07,Surface report sequences (land),307092,Add associated field,,204018,Add associated field,,,,Operational
bufr4/3/07/092/32/031021,07,Surface report sequences (land),307092,Add associated field,,031021,Associated field significance,,,,Operational
bufr4/3/07/092/33/011043,07,Surface report sequences (land),307092,Add associated field,,011043,Maximum wind gust direction,,,,Operational
bufr4/3/07/092/34/011041,07,Surface report sequences (land),307092,Add associated field,,011041,Maximum wind gust speed,,,,Operational
bufr4/3/07/092/35/204000,07,Surface report sequences (land),307092,Add associated field,,204000,Add associated field,Cancel,,,Operational
bufr4/3/07/092/36/007032,07,Surface report sequences (land),307092,Add associated field,,007032,Height of sensor above local ground (or deck of marine platform),Set to missing (cancel),,,Operational
bufr4/3/07/092/37/105000,07,Surface report sequences (land),307092,Add associated field,,105000,Delayed replication of 5 descriptors,,,,Operational
bufr4/3/07/092/38/031000,07,Surface report sequences (land),307092,Add associated field,,031000,Short delayed descriptor replication factor,,,,Operational
bufr4/3/07/092/39/004025,07,Surface report sequences (land),307092,Add associated field,,004025,Time period or displacement,= –n minutes (default n = 10),,,Operational
bufr4/3/07/092/40/204018,07,Surface report sequences (land),307092,Add associated field,,204018,Add associated field,,,,Operational
bufr4/3/07/092/41/031021,07,Surface report sequences (land),307092,Add associated field,,031021,Associated field significance,,,,Operational
bufr4/3/07/092/42/014031,07,Surface report sequences (land),307092,Add associated field,,014031,Total sunshine,,,,Operational
bufr4/3/07/092/43/204000,07,Surface report sequences (land),307092,Add associated field,,204000,Add associated field I.2 – BUFR Table D/07 — 29,Cancel,,,Operational
bufr4/3/07/092/1/110000,07,Surface report sequences (land),307092,Delayed replication of 10 descriptors,,110000,Delayed replication of 10 descriptors,,,,Operational
bufr4/3/07/092/2/031000,07,Surface report sequences (land),307092,Delayed replication of 10 descriptors,,031000,Short delayed descriptor replication factor,Open or close (1/0),,,Operational
bufr4/3/07/092/3/004025,07,Surface report sequences (land),307092,Delayed replication of 10 descriptors,,004025,Time period or displacement,= –n minutes (default n = 10),,,Operational
bufr4/3/07/092/4/204018,07,Surface report sequences (land),307092,Delayed replication of 10 descriptors,,204018,Add associated field,,,,Operational
bufr4/3/07/092/5/031021,07,Surface report sequences (land),307092,Delayed replication of 10 descriptors,,031021,Associated field significance,,,,Operational
bufr4/3/07/092/6/014002,07,Surface report sequences (land),307092,Delayed replication of 10 descriptors,,014002,"Long-wave radiation, integrated over period specified","Upward long-wave radiation | a ccording to BUFR Table B, under Class 14, Note 2: negative values",,,Operational
bufr4/3/07/092/7/014002,07,Surface report sequences (land),307092,Delayed replication of 10 descriptors,,014002,"Long-wave radiation, integrated over period specified","Downward long-wave radiation | a ccording to BUFR Table B, under Class 14, Note 1: positive values",,,Operational
bufr4/3/07/092/8/014004,07,Surface report sequences (land),307092,Delayed replication of 10 descriptors,,014004,"Short-wave radiation, integrated over period specified Upward short-wave","radiation | a ccording to BUFR Table B, under Class 14, Note 2: negative values",,,Operational
bufr4/3/07/092/9/014028,07,Surface report sequences (land),307092,Delayed replication of 10 descriptors,,014028,"Global solar radiation (high accuracy), integrated over period specified",,,,Operational
bufr4/3/07/092/10/014029,07,Surface report sequences (land),307092,Delayed replication of 10 descriptors,,014029,"Diffuse solar radiation (high accuracy), integrated over period specified",,,,Operational
bufr4/3/07/092/11/014030,07,Surface report sequences (land),307092,Delayed replication of 10 descriptors,,014030,"Direct solar radiation (high accuracy), integrated over period specified",,,,Operational
bufr4/3/07/092/12/204000,07,Surface report sequences (land),307092,Delayed replication of 10 descriptors,,204000,Add associated field,Cancel,,,Operational
bufr4/3/07/092/13/113000,07,Surface report sequences (land),307092,Delayed replication of 10 descriptors,,113000,Delayed replication of 13 descriptors,,,,Operational
bufr4/3/07/092/14/031000,07,Surface report sequences (land),307092,Delayed replication of 10 descriptors,,031000,Short delayed descriptor replication factor,,,,Operational
bufr4/3/07/092/15/004025,07,Surface report sequences (land),307092,Delayed replication of 10 descriptors,,004025,Time period or displacement,= –n minutes (default n = 10),,,Operational
bufr4/3/07/092/16/002071,07,Surface report sequences (land),307092,Delayed replication of 10 descriptors,,002071,Spectrographic wavelength,UV-A: 315 nm,,,Operational
bufr4/3/07/092/17/002072,07,Surface report sequences (land),307092,Delayed replication of 10 descriptors,,002072,Spectrographic width,UV-A: 85 nm,,,Operational
bufr4/3/07/092/18/204018,07,Surface report sequences (land),307092,Delayed replication of 10 descriptors,,204018,Add associated field,,,,Operational
bufr4/3/07/092/19/031021,07,Surface report sequences (land),307092,Delayed replication of 10 descriptors,,031021,Associated field significance,,,,Operational
bufr4/3/07/092/20/014072,07,Surface report sequences (land),307092,Delayed replication of 10 descriptors,,014072,Global UV irradiation,"Integrated over period specified | UV-A irradiation | a ccording to BUFR Table B under Class 14, Note 8 (ISO 21348: UV-A wave length range 315 ≤ λ ≤400 nm)",,,Operational
bufr4/3/07/092/21/204000,07,Surface report sequences (land),307092,Delayed replication of 10 descriptors,,204000,Add associated field,Cancel,,,Operational
bufr4/3/07/092/22/002071,07,Surface report sequences (land),307092,Delayed replication of 10 descriptors,,002071,Spectrographic wavelength,UV-B: 280 nm,,,Operational
bufr4/3/07/092/23/002072,07,Surface report sequences (land),307092,Delayed replication of 10 descriptors,,002072,Spectrographic width,UV-B: 35 nm,,,Operational
bufr4/3/07/092/24/204018,07,Surface report sequences (land),307092,Delayed replication of 10 descriptors,,204018,Add associated field,,,,Operational
bufr4/3/07/092/25/031021,07,Surface report sequences (land),307092,Delayed replication of 10 descriptors,,031021,Associated field significance,Quality flag,,,Operational
bufr4/3/07/092/1/014072,07,Surface report sequences (land),307092,Global UV irradiation,,014072,Global UV irradiation,"Integrated over period specified | UV-B irradiation | a ccording to BUFR Table B under Class 14, Note 8 (ISO 21348 UV-B wave length range 280 ≤ λ ≤ 315 nm)",,,Operational
bufr4/3/07/092/2/204000,07,Surface report sequences (land),307092,Global UV irradiation,,204000,Add associated field (Sequence for representation of SYNOP with supplementary information on one-hour observations),Cancel,,,Operational
bufr4/3/07/096/1/301090,07,Surface report sequences (land),307096,"Surface station identification; time, horizontal and vertical coordinates",,301090,"Surface station identification; time, horizontal and vertical coordinates",,,,Operational
bufr4/3/07/096/2/301089,07,Surface report sequences (land),307096,"Surface station identification; time, horizontal and vertical coordinates",,301089,National station identification,,,,Operational
bufr4/3/07/096/3/008010,07,Surface report sequences (land),307096,"Surface station identification; time, horizontal and vertical coordinates",,008010,Surface qualifier (temperature data),,,,Operational
bufr4/3/07/096/4/301091,07,Surface report sequences (land),307096,"Surface station identification; time, horizontal and vertical coordinates",,301091,Surface station instrumentation,,,,Operational
bufr4/3/07/096/5/302084,07,Surface report sequences (land),307096,"Surface station identification; time, horizontal and vertical coordinates",,302084,“Instantaneous” data of sequence 3 07 096,,,,Operational
bufr4/3/07/096/6/302085,07,Surface report sequences (land),307096,"Surface station identification; time, horizontal and vertical coordinates",,302085,“Period” data of sequence 3 07 096,,,,Operational
bufr4/3/07/096/7/033005,07,Surface report sequences (land),307096,"Surface station identification; time, horizontal and vertical coordinates",,033005,Quality information (AWS data),,,,Operational
bufr4/3/07/096/8/033006,07,Surface report sequences (land),307096,"Surface station identification; time, horizontal and vertical coordinates",,033006,Internal measurement status information (AWS) (Snow observation),,,,Operational
bufr4/3/07/101/1/301089,07,Surface report sequences (land),307101,National station identification,,301089,National station identification,,,,Operational
bufr4/3/07/101/2/001019,07,Surface report sequences (land),307101,National station identification,,001019,Long station or site name,,,,Operational
bufr4/3/07/101/3/002001,07,Surface report sequences (land),307101,National station identification,,002001,Type of station,,,,Operational
bufr4/3/07/101/4/301011,07,Surface report sequences (land),307101,National station identification,,301011,"Year, month, day",,,,Operational
bufr4/3/07/101/5/301012,07,Surface report sequences (land),307101,National station identification,,301012,"Hour, minute",,,,Operational
bufr4/3/07/101/6/301021,07,Surface report sequences (land),307101,National station identification,,301021,Latitude/longitude (high accuracy),,,,Operational
bufr4/3/07/101/7/007030,07,Surface report sequences (land),307101,National station identification,,007030,Height of station ground above mean sea level,,,,Operational
bufr4/3/07/101/8/007032,07,Surface report sequences (land),307101,National station identification,,007032,Height of sensor above local ground (or deck of marine platform),,,,Operational
bufr4/3/07/101/9/012101,07,Surface report sequences (land),307101,National station identification,,012101,Temperature/air temperature,,,,Operational
bufr4/3/07/101/10/007032,07,Surface report sequences (land),307101,National station identification,,007032,Height of sensor above local ground (or deck of marine platform),,,,Operational
bufr4/3/07/101/11/002177,07,Surface report sequences (land),307101,National station identification,,002177,Method of snow depth measurement,,,,Operational
bufr4/3/07/101/12/020062,07,Surface report sequences (land),307101,National station identification,,020062,State of the ground (with or without snow),,,,Operational
bufr4/3/07/101/13/013013,07,Surface report sequences (land),307101,National station identification,,013013,Total snow depth (Road weather information) Station identification,,,,Operational
bufr4/3/07/102/1/301089,07,Surface report sequences (land),307102,National station identification,,301089,National station identification,,,,Operational
bufr4/3/07/102/2/001018,07,Surface report sequences (land),307102,National station identification,,001018,Short station or site name,For identification of the road weather monitoring site,,,Operational
bufr4/3/07/102/3/001015,07,Surface report sequences (land),307102,National station identification,,001015,Station or site name I.2 – BUFR Table D/07 — 31,,,,Operational
bufr4/3/07/102/1/001104,07,Surface report sequences (land),307102,State/federal state identifier,,001104,State/federal state identifier,,,,Operational
bufr4/3/07/102/2/001105,07,Surface report sequences (land),307102,State/federal state identifier,,001105,Highway designator,,,,Operational
bufr4/3/07/102/3/001106,07,Surface report sequences (land),307102,State/federal state identifier,,001106,Location along highway as indicated by position markers,,,,Operational
bufr4/3/07/102/4/003017,07,Surface report sequences (land),307102,State/federal state identifier,,003017,Extended type of station,,,,Operational
bufr4/3/07/102/5/003018,07,Surface report sequences (land),307102,State/federal state identifier,,003018,Type of road,,,,Operational
bufr4/3/07/102/6/003019,07,Surface report sequences (land),307102,State/federal state identifier,,003019,Type of construction,,,,Operational
bufr4/3/07/102/7/301011,07,Surface report sequences (land),307102,State/federal state identifier,,301011,"Year, month, day",,,,Operational
bufr4/3/07/102/8/301012,07,Surface report sequences (land),307102,State/federal state identifier,,301012,"Hour, minute",,,,Operational
bufr4/3/07/102/9/301021,07,Surface report sequences (land),307102,State/federal state identifier,,301021,Latitude/longitude (high accuracy),,,,Operational
bufr4/3/07/102/10/007030,07,Surface report sequences (land),307102,State/federal state identifier,,007030,"Height of station ground above mean sea level Temperature, humidity and visibility data",,,,Operational
bufr4/3/07/102/11/007032,07,Surface report sequences (land),307102,State/federal state identifier,,007032,Height of sensor above local ground (or deck of marine platform),,,,Operational
bufr4/3/07/102/12/012101,07,Surface report sequences (land),307102,State/federal state identifier,,012101,Temperature/air temperature,,,,Operational
bufr4/3/07/102/13/012103,07,Surface report sequences (land),307102,State/federal state identifier,,012103,Dewpoint temperature,,,,Operational
bufr4/3/07/102/14/013003,07,Surface report sequences (land),307102,State/federal state identifier,,013003,Relative humidity,,,,Operational
bufr4/3/07/102/15/007032,07,Surface report sequences (land),307102,State/federal state identifier,,007032,Height of sensor above local ground (or deck of marine platform),Set to missing (cancel),,,Operational
bufr4/3/07/102/16/020001,07,Surface report sequences (land),307102,State/federal state identifier,,020001,Horizontal visibility Road temperature and other data,,,,Operational
bufr4/3/07/102/17/109000,07,Surface report sequences (land),307102,State/federal state identifier,,109000,Delayed replication of 9 descriptors,,,,Operational
bufr4/3/07/102/18/031001,07,Surface report sequences (land),307102,State/federal state identifier,,031001,Delayed descriptor replication factor,,,,Operational
bufr4/3/07/102/19/003016,07,Surface report sequences (land),307102,State/federal state identifier,,003016,Position of road sensors,,,,Operational
bufr4/3/07/102/20/012128,07,Surface report sequences (land),307102,State/federal state identifier,,012128,Road surface temperature,,,,Operational
bufr4/3/07/102/21/102000,07,Surface report sequences (land),307102,State/federal state identifier,,102000,Delayed replication of 2 descriptors,,,,Operational
bufr4/3/07/102/22/031001,07,Surface report sequences (land),307102,State/federal state identifier,,031001,Delayed descriptor replication factor,,,,Operational
bufr4/3/07/102/23/007061,07,Surface report sequences (land),307102,State/federal state identifier,,007061,Depth below land surface,"= 0.30 m in the first replication, = e.g. 0.15 or 0.07 m in the second replication",,,Operational
bufr4/3/07/102/24/012129,07,Surface report sequences (land),307102,State/federal state identifier,,012129,Road subsurface temperature,,,,Operational
bufr4/3/07/102/25/007061,07,Surface report sequences (land),307102,State/federal state identifier,,007061,Depth below land surface,Set to missing (cancel),,,Operational
bufr4/3/07/102/26/013116,07,Surface report sequences (land),307102,State/federal state identifier,,013116,Water film thickness,,,,Operational
bufr4/3/07/102/27/020138,07,Surface report sequences (land),307102,State/federal state identifier,,020138,Road surface condition Precipitation data,,,,Operational
bufr4/3/07/102/28/004025,07,Surface report sequences (land),307102,State/federal state identifier,,004025,Time period or displacement,=–15 minutes,,,Operational
bufr4/3/07/102/29/020024,07,Surface report sequences (land),307102,State/federal state identifier,,020024,Intensity of phenomena,"Intensity (light, moderate, heavy) of precipitation",,,Operational
bufr4/3/07/102/30/013055,07,Surface report sequences (land),307102,State/federal state identifier,,013055,Intensity of precipitation,,,,Operational
bufr4/3/07/102/31/020021,07,Surface report sequences (land),307102,State/federal state identifier,,020021,Type of precipitation,,,,Operational
bufr4/3/07/102/32/013011,07,Surface report sequences (land),307102,State/federal state identifier,,013011,Total precipitation/total water equivalent Wind data,,,,Operational
bufr4/3/07/102/33/007032,07,Surface report sequences (land),307102,State/federal state identifier,,007032,Height of sensor above local ground (or deck of marine platform),,,,Operational
bufr4/3/07/102/34/008021,07,Surface report sequences (land),307102,State/federal state identifier,,008021,Time significance,= 2 Time averaged,,,Operational
bufr4/3/07/102/35/004025,07,Surface report sequences (land),307102,State/federal state identifier,,004025,Time period or displacement,=–10 minutes,,,Operational
bufr4/3/07/102/36/011001,07,Surface report sequences (land),307102,State/federal state identifier,,011001,Wind direction,,,,Operational
bufr4/3/07/102/37/011002,07,Surface report sequences (land),307102,State/federal state identifier,,011002,Wind speed,,,,Operational
bufr4/3/07/102/38/008021,07,Surface report sequences (land),307102,State/federal state identifier,,008021,Time significance,Set to missing (cancel),,,Operational
bufr4/3/07/102/1/004025,07,Surface report sequences (land),307102,Maximum wind gust,,004025,Time period or displacement,In minutes,,,Operational
bufr4/3/07/102/2/011043,07,Surface report sequences (land),307102,Maximum wind gust,,011043,Maximum wind gust direction,,,,Operational
bufr4/3/07/102/3/011041,07,Surface report sequences (land),307102,Maximum wind gust,,011041,Maximum wind gust speed State of functionality,,,,Operational
bufr4/3/07/102/4/033005,07,Surface report sequences (land),307102,Maximum wind gust,,033005,"Quality information (AWS data) (Snow observation, snow density, snow water equivalent)",,,,Operational
bufr4/3/07/103/1/301150,07,Surface report sequences (land),307103,WIGOS identifier,,301150,WIGOS identifier,,,,Operational
bufr4/3/07/103/2/307101,07,Surface report sequences (land),307103,WIGOS identifier,,307101,Snow observation,,,,Operational
bufr4/3/07/103/3/013117,07,Surface report sequences (land),307103,WIGOS identifier,,013117,Snow density (liquid water content),,,,Operational
bufr4/3/07/103/4/003028,07,Surface report sequences (land),307103,WIGOS identifier,,003028,Method of snow water equivalent measurement,,,,Operational
bufr4/3/07/103/5/013163,07,Surface report sequences (land),307103,WIGOS identifier,,013163,Snow water equivalent (Sequence for representation of synoptic reports from a fixed land station suitable for SYNOP data in compliance with reporting practices in RA II),,,,Operational
bufr4/3/07/182/1/301090,07,Surface report sequences (land),307182,"Surface station identification; time, horizontal and vertical coordinates",,301090,"Surface station identification; time, horizontal and vertical coordinates",,,,Operational
bufr4/3/07/182/2/302031,07,Surface report sequences (land),307182,"Surface station identification; time, horizontal and vertical coordinates",,302031,Pressure information,,,,Operational
bufr4/3/07/182/3/302035,07,Surface report sequences (land),307182,"Surface station identification; time, horizontal and vertical coordinates",,302035,Basic synoptic “instantaneous” data,,,,Operational
bufr4/3/07/182/4/302036,07,Surface report sequences (land),307182,"Surface station identification; time, horizontal and vertical coordinates",,302036,Clouds with bases below station level,,,,Operational
bufr4/3/07/182/5/302047,07,Surface report sequences (land),307182,"Surface station identification; time, horizontal and vertical coordinates",,302047,Direction of cloud drift,,,,Operational
bufr4/3/07/182/6/008002,07,Surface report sequences (land),307182,"Surface station identification; time, horizontal and vertical coordinates",,008002,Vertical significance (surface observations),Set to missing (cancel),,,Operational
bufr4/3/07/182/7/302048,07,Surface report sequences (land),307182,"Surface station identification; time, horizontal and vertical coordinates",,302048,Direction and elevation of cloud,,,,Operational
bufr4/3/07/182/8/302037,07,Surface report sequences (land),307182,"Surface station identification; time, horizontal and vertical coordinates",,302037,"State of ground, snow depth, ground minimum temperature",Past 12 hours,,,Operational
bufr4/3/07/182/9/012120,07,Surface report sequences (land),307182,"Surface station identification; time, horizontal and vertical coordinates",,012120,Ground temperature,s T’ T’ n g g,,,Operational
bufr4/3/07/182/10/012122,07,Surface report sequences (land),307182,"Surface station identification; time, horizontal and vertical coordinates",,012122,Ground minimum temperature of the preceding night,s T T n g g,,,Operational
bufr4/3/07/182/11/302043,07,Surface report sequences (land),307182,"Surface station identification; time, horizontal and vertical coordinates",,302043,Basic synoptic “period” data,,,,Operational
bufr4/3/07/182/12/302044,07,Surface report sequences (land),307182,"Surface station identification; time, horizontal and vertical coordinates",,302044,Evaporation data,,,,Operational
bufr4/3/07/182/13/101002,07,Surface report sequences (land),307182,"Surface station identification; time, horizontal and vertical coordinates",,101002,Replicate 1 descriptor 2 times,,,,Operational
bufr4/3/07/182/14/302045,07,Surface report sequences (land),307182,"Surface station identification; time, horizontal and vertical coordinates",,302045,Radiation data (from 1 hour and 24-hour period),,,,Operational
bufr4/3/07/182/15/302046,07,Surface report sequences (land),307182,"Surface station identification; time, horizontal and vertical coordinates",,302046,"Temperature change–1 in TAC data,–1–1 or m s in TAC data.–1 in TAC data,–1–1 or m s in TAC data. I.2 – BUFR Table D/07 — 33",,,,Operational
