Id,Category,CategoryOfSequences_ru,FXY1,Title_ru,SubTitle_ru,FXY2,ElementName_ru,ElementDescription_ru,Note_ru,noteIDs,Status
bufr4/3/12/001/1/301043,12,Категория 12 — Последовательности сводок по одному уровню,312001,(спутниковые данные),,301043,"Указатель спутника, метод расчета ветра, дата/время, местоположение",,,,Operational
bufr4/3/12/001/1/304001,12,Категория 12 — Последовательности сводок по одному уровню,312001,(спутниковые данные),,304001,"Давление на верхней границе облачности, температура, ветер",,,,Operational
bufr4/3/12/002/1/301043,12,Категория 12 — Последовательности сводок по одному уровню,312002,,,301043,"Указатель спутника, метод расчета ветра, дата/время, местоположение",,,,Operational
bufr4/3/12/002/1/304002,12,Категория 12 — Последовательности сводок по одному уровню,312002,,,304002,"Давление на верхней границе облачности, ветер",,,,Operational
bufr4/3/12/003/1/301042,12,Категория 12 — Последовательности сводок по одному уровню,312003,,,301042,"Указатель спутника, прибор, методика обработки данных, дата/время, местоположение",,,,Operational
bufr4/3/12/003/1/304003,12,Категория 12 — Последовательности сводок по одному уровню,312003,,,304003,Приземная температура,,,,Operational
bufr4/3/12/004/1/301042,12,Категория 12 — Последовательности сводок по одному уровню,312004,,,301042,"Указатель спутника, прибор, методика обработки данных, дата/время, местоположение",,,,Operational
bufr4/3/12/004/1/304004,12,Категория 12 — Последовательности сводок по одному уровню,312004,,,304004,"Давление на верхней границе облаков, облачный покров, температура",,,,Operational
bufr4/3/12/005/1/301042,12,Категория 12 — Последовательности сводок по одному уровню,312005,,,301042,"Указатель спутника, прибор, методика обработки данных, дата/время, местоположение",,,,Operational
bufr4/3/12/005/1/020014,12,Категория 12 — Последовательности сводок по одному уровню,312005,,,020014,Высота верхней границы облачности,,,,Operational
bufr4/3/12/006/1/301044,12,Категория 12 — Последовательности сводок по одному уровню,312006,,,301044,"Указатель спутника, метод расчета влажности, дата/ время, местоположение",,,,Operational
bufr4/3/12/006/1/304005,12,Категория 12 — Последовательности сводок по одному уровню,312006,,,304005,"Относительная влажность, средняя по слою",,,,Operational
bufr4/3/12/007/1/301042,12,Категория 12 — Последовательности сводок по одному уровню,312007,,,301042,"Указатель спутника, прибор, методика обработки данных, дата/время",,,,Operational
bufr4/3/12/007/1/304006,12,Категория 12 — Последовательности сводок по одному уровню,312007,,,304006,Радиация,,,,Operational
bufr4/3/12/010/1/001007,12,Категория 12 — Последовательности сводок по одному уровню,312010,"(Орбитальная информация, часть I)",,001007,Указатель спутника,,,,Operational
bufr4/3/12/010/1/005040,12,Категория 12 — Последовательности сводок по одному уровню,312010,"(Орбитальная информация, часть I)",,005040,Номер орбиты,,,,Operational
bufr4/3/12/010/1/002021,12,Категория 12 — Последовательности сводок по одному уровню,312010,"(Орбитальная информация, часть I)",,002021,"Данные о спутниковых приборах, используемые при обработке",,,,Operational
bufr4/3/12/010/1/005041,12,Категория 12 — Последовательности сводок по одному уровню,312010,"(Орбитальная информация, часть I)",,005041,Номер строки сканирования,,,,Operational
bufr4/3/12/010/1/004001,12,Категория 12 — Последовательности сводок по одному уровню,312010,"(Орбитальная информация, часть I)",,004001,Год,,,,Operational
bufr4/3/12/010/1/004043,12,Категория 12 — Последовательности сводок по одному уровню,312010,"(Орбитальная информация, часть I)",,004043,День года,,,,Operational
bufr4/3/12/011/1/202131,12,Категория 12 — Последовательности сводок по одному уровню,312011,"(Орбитальная информация, часть II)",,202131,Изменить масштаб,,,,Operational
bufr4/3/12/011/1/201149,12,Категория 12 — Последовательности сводок по одному уровню,312011,"(Орбитальная информация, часть II)",,201149,Изменить длину данных,,,,Operational
bufr4/3/12/011/1/004006,12,Категория 12 — Последовательности сводок по одному уровню,312011,"(Орбитальная информация, часть II)",,004006,Секунда,,,,Operational
bufr4/3/12/011/1/201000,12,Категория 12 — Последовательности сводок по одному уровню,312011,"(Орбитальная информация, часть II)",,201000,Изменить длину данных,,,,Operational
bufr4/3/12/011/1/202126,12,Категория 12 — Последовательности сводок по одному уровню,312011,"(Орбитальная информация, часть II)",,202126,Изменить масштаб,,,,Operational
bufr4/3/12/011/1/010002,12,Категория 12 — Последовательности сводок по одному уровню,312011,"(Орбитальная информация, часть II)",,010002,Высота,,,,Operational
bufr4/3/12/011/1/202000,12,Категория 12 — Последовательности сводок по одному уровню,312011,"(Орбитальная информация, часть II)",,202000,Изменить масштаб,,,,Operational
bufr4/3/12/011/1/005043,12,Категория 12 — Последовательности сводок по одному уровню,312011,"(Орбитальная информация, часть II)",,005043,Номер поля зрения,,,,Operational
bufr4/3/12/011/1/005053,12,Категория 12 — Последовательности сводок по одному уровню,312011,"(Орбитальная информация, часть II)",,005053,Приращение номера поля зрения,,,,Operational
bufr4/3/12/012/1/202129,12,Категория 12 — Последовательности сводок по одному уровню,312012,(Яркостные температуры HIRS — каналы 1–19),,202129,Изменить масштаб,,,,Operational
bufr4/3/12/012/1/201132,12,Категория 12 — Последовательности сводок по одному уровню,312012,(Яркостные температуры HIRS — каналы 1–19),,201132,Изменить длину данных I.2 — Табл. D BUFR/12 — 1,(продолж.),,,Operational
bufr4/3/12/012/1/101019,12,Категория 12 — Последовательности сводок по одному уровню,312012,,,101019,Повторить 1 дескриптор 19 раз,,,,Operational
bufr4/3/12/012/1/012063,12,Категория 12 — Последовательности сводок по одному уровню,312012,,,012063,Яркостная температура,,,,Operational
bufr4/3/12/012/1/201000,12,Категория 12 — Последовательности сводок по одному уровню,312012,,,201000,Изменить длину данных,,,,Operational
bufr4/3/12/012/1/202000,12,Категория 12 — Последовательности сводок по одному уровню,312012,,,202000,Изменить масштаб,,,,Operational
bufr4/3/12/013/1/005042,12,Категория 12 — Последовательности сводок по одному уровню,312013,(Яркостные температуры HIRS — канал 20),,005042,Номер канала,,,,Operational
bufr4/3/12/013/1/202129,12,Категория 12 — Последовательности сводок по одному уровню,312013,(Яркостные температуры HIRS — канал 20),,202129,Изменить масштаб,,,,Operational
bufr4/3/12/013/1/201135,12,Категория 12 — Последовательности сводок по одному уровню,312013,(Яркостные температуры HIRS — канал 20),,201135,Изменить длину данных,,,,Operational
bufr4/3/12/013/1/012063,12,Категория 12 — Последовательности сводок по одному уровню,312013,(Яркостные температуры HIRS — канал 20),,012063,Яркостная температура,,,,Operational
bufr4/3/12/013/1/201000,12,Категория 12 — Последовательности сводок по одному уровню,312013,(Яркостные температуры HIRS — канал 20),,201000,Изменить длину данных,,,,Operational
bufr4/3/12/013/1/202000,12,Категория 12 — Последовательности сводок по одному уровню,312013,(Яркостные температуры HIRS — канал 20),,202000,Изменить масштаб,,,,Operational
bufr4/3/12/014/1/312010,12,Категория 12 — Последовательности сводок по одному уровню,312014,(Спутниковые данные HIRS),,312010,"Орбитальная информация, часть I",,,,Operational
bufr4/3/12/014/1/312011,12,Категория 12 — Последовательности сводок по одному уровню,312014,(Спутниковые данные HIRS),,312011,"Орбитальная информация, часть II",,,,Operational
bufr4/3/12/014/1/105056,12,Категория 12 — Последовательности сводок по одному уровню,312014,(Спутниковые данные HIRS),,105056,Повторить 5 дескрипторов 56 раз,,,,Operational
bufr4/3/12/014/1/301023,12,Категория 12 — Последовательности сводок по одному уровню,312014,(Спутниковые данные HIRS),,301023,Широта/долгота (низкая точность),,,,Operational
bufr4/3/12/014/1/005042,12,Категория 12 — Последовательности сводок по одному уровню,312014,(Спутниковые данные HIRS),,005042,Номер канала,,,,Operational
bufr4/3/12/014/1/005052,12,Категория 12 — Последовательности сводок по одному уровню,312014,(Спутниковые данные HIRS),,005052,Приращение номера канала,,,,Operational
bufr4/3/12/014/1/312012,12,Категория 12 — Последовательности сводок по одному уровню,312014,(Спутниковые данные HIRS),,312012,Яркостные температуры HIRS — каналы 1–19,,,,Operational
bufr4/3/12/014/1/312013,12,Категория 12 — Последовательности сводок по одному уровню,312014,(Спутниковые данные HIRS),,312013,Яркостные температуры HIRS — канал 20,,,,Operational
bufr4/3/12/015/1/109011,12,Категория 12 — Последовательности сводок по одному уровню,312015,(Яркостные температуры MSU — каналы 1–4),,109011,Повторить 9 дескрипторов 11 раз,,,,Operational
bufr4/3/12/015/1/301023,12,Категория 12 — Последовательности сводок по одному уровню,312015,(Яркостные температуры MSU — каналы 1–4),,301023,Широта/долгота (низкая точность),,,,Operational
bufr4/3/12/015/1/005042,12,Категория 12 — Последовательности сводок по одному уровню,312015,(Яркостные температуры MSU — каналы 1–4),,005042,Номер канала,,,,Operational
bufr4/3/12/015/1/005052,12,Категория 12 — Последовательности сводок по одному уровню,312015,(Яркостные температуры MSU — каналы 1–4),,005052,Приращение номера канала,,,,Operational
bufr4/3/12/015/1/202129,12,Категория 12 — Последовательности сводок по одному уровню,312015,(Яркостные температуры MSU — каналы 1–4),,202129,Изменить масштаб,,,,Operational
bufr4/3/12/015/1/201132,12,Категория 12 — Последовательности сводок по одному уровню,312015,(Яркостные температуры MSU — каналы 1–4),,201132,Изменить длину данных,,,,Operational
bufr4/3/12/015/1/101004,12,Категория 12 — Последовательности сводок по одному уровню,312015,(Яркостные температуры MSU — каналы 1–4),,101004,Повторить 1 дескриптор 4 раза,,,,Operational
bufr4/3/12/015/1/012063,12,Категория 12 — Последовательности сводок по одному уровню,312015,(Яркостные температуры MSU — каналы 1–4),,012063,Яркостная температура,,,,Operational
bufr4/3/12/015/1/202000,12,Категория 12 — Последовательности сводок по одному уровню,312015,(Яркостные температуры MSU — каналы 1–4),,202000,Изменить масштаб,,,,Operational
bufr4/3/12/015/1/201000,12,Категория 12 — Последовательности сводок по одному уровню,312015,(Яркостные температуры MSU — каналы 1–4),,201000,Изменить длину данных,,,,Operational
bufr4/3/12/016/1/312010,12,Категория 12 — Последовательности сводок по одному уровню,312016,(Спутниковые данные MSU),,312010,"Орбитальная информация, часть I",,,,Operational
bufr4/3/12/016/1/312011,12,Категория 12 — Последовательности сводок по одному уровню,312016,(Спутниковые данные MSU),,312011,"Орбитальная информация, часть II",,,,Operational
bufr4/3/12/016/1/312015,12,Категория 12 — Последовательности сводок по одному уровню,312016,(Спутниковые данные MSU),,312015,Яркостные температуры MSU — каналы 1–4,,,,Operational
bufr4/3/12/017/1/109008,12,Категория 12 — Последовательности сводок по одному уровню,312017,(Яркостные температуры SSU — каналы 1–3),,109008,Повторить 9 дескрипторов 8 раз,,,,Operational
bufr4/3/12/017/1/301023,12,Категория 12 — Последовательности сводок по одному уровню,312017,(Яркостные температуры SSU — каналы 1–3),,301023,Широта/долгота (низкая точность),,,,Operational
bufr4/3/12/017/1/005042,12,Категория 12 — Последовательности сводок по одному уровню,312017,(Яркостные температуры SSU — каналы 1–3),,005042,Номер канала,,,,Operational
bufr4/3/12/017/1/005052,12,Категория 12 — Последовательности сводок по одному уровню,312017,(Яркостные температуры SSU — каналы 1–3),,005052,Приращение номера канала,,,,Operational
bufr4/3/12/017/1/202129,12,Категория 12 — Последовательности сводок по одному уровню,312017,(Яркостные температуры SSU — каналы 1–3),,202129,Изменить масштаб,,,,Operational
bufr4/3/12/017/1/201132,12,Категория 12 — Последовательности сводок по одному уровню,312017,(Яркостные температуры SSU — каналы 1–3),,201132,Изменить длину данных,,,,Operational
bufr4/3/12/017/1/101003,12,Категория 12 — Последовательности сводок по одному уровню,312017,(Яркостные температуры SSU — каналы 1–3),,101003,Повторить 1 дескриптор 3 раза,,,,Operational
bufr4/3/12/017/1/012063,12,Категория 12 — Последовательности сводок по одному уровню,312017,(Яркостные температуры SSU — каналы 1–3),,012063,Яркостная температура,,,,Operational
bufr4/3/12/017/1/202000,12,Категория 12 — Последовательности сводок по одному уровню,312017,(Яркостные температуры SSU — каналы 1–3),,202000,Изменить масштаб,,,,Operational
bufr4/3/12/017/1/201000,12,Категория 12 — Последовательности сводок по одному уровню,312017,(Яркостные температуры SSU — каналы 1–3),,201000,Изменить длину данных,,,,Operational
bufr4/3/12/018/1/312010,12,Категория 12 — Последовательности сводок по одному уровню,312018,(Спутниковые данные SSU),,312010,"Орбитальная информация, часть I",,,,Operational
bufr4/3/12/018/1/312011,12,Категория 12 — Последовательности сводок по одному уровню,312018,(Спутниковые данные SSU),,312011,"Орбитальная информация, часть II",,,,Operational
bufr4/3/12/018/1/312017,12,Категория 12 — Последовательности сводок по одному уровню,312018,(Спутниковые данные SSU),,312017,Яркостные температуры SSU — каналы 1–3,(продолж.),,,Operational
bufr4/3/12/019/1/301048,12,Категория 12 — Последовательности сводок по одному уровню,312019,(Продукция волнового рефлектометра с изменением длины для определения волнового числа (спектрального)),,301048,Параметры радиолокатора,,,,Operational
bufr4/3/12/019/1/015015,12,Категория 12 — Последовательности сводок по одному уровню,312019,(Продукция волнового рефлектометра с изменением длины для определения волнового числа (спектрального)),,015015,Максимальный спектральный компонент изображения до нормализации,,,,Operational
bufr4/3/12/019/1/029002,12,Категория 12 — Последовательности сводок по одному уровню,312019,(Продукция волнового рефлектометра с изменением длины для определения волнового числа (спектрального)),,029002,Тип сетки координат,,,,Operational
bufr4/3/12/019/1/021076,12,Категория 12 — Последовательности сводок по одному уровню,312019,(Продукция волнового рефлектометра с изменением длины для определения волнового числа (спектрального)),,021076,Представление интенсивностей,,,,Operational
bufr4/3/12/019/1/106012,12,Категория 12 — Последовательности сводок по одному уровню,312019,(Продукция волнового рефлектометра с изменением длины для определения волнового числа (спектрального)),,106012,Повторить 6 дескрипторов 12 раз,,,,Operational
bufr4/3/12/019/1/201129,12,Категория 12 — Последовательности сводок по одному уровню,312019,(Продукция волнового рефлектометра с изменением длины для определения волнового числа (спектрального)),,201129,Изменить длину данных Длина 14 битов,,,,Operational
bufr4/3/12/019/1/006030,12,Категория 12 — Последовательности сводок по одному уровню,312019,(Продукция волнового рефлектометра с изменением длины для определения волнового числа (спектрального)),,006030,Волновое число (спектральное),,,,Operational
bufr4/3/12/019/1/201000,12,Категория 12 — Последовательности сводок по одному уровню,312019,(Продукция волнового рефлектометра с изменением длины для определения волнового числа (спектрального)),,201000,Изменить длину данных Отмена,,,,Operational
bufr4/3/12/019/1/102012,12,Категория 12 — Последовательности сводок по одному уровню,312019,(Продукция волнового рефлектометра с изменением длины для определения волнового числа (спектрального)),,102012,Повторить 2 дескриптора 12 раз,,,,Operational
bufr4/3/12/019/1/005030,12,Категория 12 — Последовательности сводок по одному уровню,312019,(Продукция волнового рефлектометра с изменением длины для определения волнового числа (спектрального)),,005030,Направление (спектральное),,,,Operational
bufr4/3/12/019/1/021075,12,Категория 12 — Последовательности сводок по одному уровню,312019,(Продукция волнового рефлектометра с изменением длины для определения волнового числа (спектрального)),,021075,Интенсивность спектра изображения,,,,Operational
bufr4/3/12/019/1/021066,12,Категория 12 — Последовательности сводок по одному уровню,312019,(Продукция волнового рефлектометра с изменением длины для определения волнового числа (спектрального)),,021066,Данные о достоверности продукции волнового рефлектометра,,,,Operational
bufr4/3/12/020/1/301047,12,Категория 12 — Последовательности сводок по одному уровню,312020,(Продукция волнового рефлектомера),,301047,Заголовок продукции спутника ERS,,,,Operational
bufr4/3/12/020/1/301048,12,Категория 12 — Последовательности сводок по одному уровню,312020,(Продукция волнового рефлектомера),,301048,Параметры радиолокатора,,,,Operational
bufr4/3/12/020/1/015015,12,Категория 12 — Последовательности сводок по одному уровню,312020,(Продукция волнового рефлектомера),,015015,Максимальный спектральный компонент изображения до нормализации,,,,Operational
bufr4/3/12/020/1/029002,12,Категория 12 — Последовательности сводок по одному уровню,312020,(Продукция волнового рефлектомера),,029002,Тип сетки координат,,,,Operational
bufr4/3/12/020/1/021076,12,Категория 12 — Последовательности сводок по одному уровню,312020,(Продукция волнового рефлектомера),,021076,Представление интенсивностей,,,,Operational
bufr4/3/12/020/1/104012,12,Категория 12 — Последовательности сводок по одному уровню,312020,(Продукция волнового рефлектомера),,104012,Повторить 4 дескриптора 12 раз,,,,Operational
bufr4/3/12/020/1/006030,12,Категория 12 — Последовательности сводок по одному уровню,312020,(Продукция волнового рефлектомера),,006030,Волновое число (спектральное),,,,Operational
bufr4/3/12/020/1/102012,12,Категория 12 — Последовательности сводок по одному уровню,312020,(Продукция волнового рефлектомера),,102012,Повторить 2 дескриптора 12 раз,,,,Operational
bufr4/3/12/020/1/005030,12,Категория 12 — Последовательности сводок по одному уровню,312020,(Продукция волнового рефлектомера),,005030,Направление (спектральное),,,,Operational
bufr4/3/12/020/1/021075,12,Категория 12 — Последовательности сводок по одному уровню,312020,(Продукция волнового рефлектомера),,021075,Интенсивность спектра изображения,,,,Operational
bufr4/3/12/020/1/021066,12,Категория 12 — Последовательности сводок по одному уровню,312020,(Продукция волнового рефлектомера),,021066,Данные о достоверности продукции волнового рефлектометра,,,,Operational
bufr4/3/12/021/1/301047,12,Категория 12 — Последовательности сводок по одному уровню,312021,(Продукция ветряного рефлектометра),,301047,Заголовок продукции спутника ERS,,,,Operational
bufr4/3/12/021/1/101003,12,Категория 12 — Последовательности сводок по одному уровню,312021,(Продукция ветряного рефлектометра),,101003,Повторить 1 дескриптор 3 раза,,,,Operational
bufr4/3/12/021/1/301049,12,Категория 12 — Последовательности сводок по одному уровню,312021,(Продукция ветряного рефлектометра),,301049,Данные луча радиолокатора,,,,Operational
bufr4/3/12/021/1/011012,12,Категория 12 — Последовательности сводок по одному уровню,312021,(Продукция ветряного рефлектометра),,011012,Скорость ветра на высоте 10 м,,,,Operational
bufr4/3/12/021/1/011011,12,Категория 12 — Последовательности сводок по одному уровню,312021,(Продукция ветряного рефлектометра),,011011,Направление ветра на высоте 10 м,,,,Operational
bufr4/3/12/021/1/021067,12,Категория 12 — Последовательности сводок по одному уровню,312021,(Продукция ветряного рефлектометра),,021067,Данные о достоверности продукции о ветре,,,,Operational
bufr4/3/12/022/1/301047,12,Категория 12 — Последовательности сводок по одному уровню,312022,(Продукция радиолокационного альтиметра),,301047,Заголовок продукции спутника ERS,,,,Operational
bufr4/3/12/022/1/008022,12,Категория 12 — Последовательности сводок по одному уровню,312022,(Продукция радиолокационного альтиметра),,008022,Общее число (для суммы или среднего значения) Число для средней,,,,Operational
bufr4/3/12/022/1/011012,12,Категория 12 — Последовательности сводок по одному уровню,312022,(Продукция радиолокационного альтиметра),,011012,Скорость ветра на высоте 10 м,,,,Operational
bufr4/3/12/022/1/011050,12,Категория 12 — Последовательности сводок по одному уровню,312022,(Продукция радиолокационного альтиметра),,011050,Стандартное отклонение горизонтальной скорости ветра,,,,Operational
bufr4/3/12/022/1/022070,12,Категория 12 — Последовательности сводок по одному уровню,312022,(Продукция радиолокационного альтиметра),,022070,Высота значительной волны,,,,Operational
bufr4/3/12/022/1/022026,12,Категория 12 — Последовательности сводок по одному уровню,312022,(Продукция радиолокационного альтиметра),,022026,Стандартное отклонение высоты значительной волны,,,,Operational
bufr4/3/12/022/1/312041,12,Категория 12 — Последовательности сводок по одному уровню,312022,(Продукция радиолокационного альтиметра),,312041,Высота над уровнем моря,,,,Operational
bufr4/3/12/022/1/010050,12,Категория 12 — Последовательности сводок по одному уровню,312022,(Продукция радиолокационного альтиметра),,010050,Стандартное отклонение высоты,,,,Operational
bufr4/3/12/022/1/021068,12,Категория 12 — Последовательности сводок по одному уровню,312022,(Продукция радиолокационного альтиметра),,021068,Данные о достоверности продукции радиолокационного альтиметра,,,,Operational
bufr4/3/12/022/1/021071,12,Категория 12 — Последовательности сводок по одному уровню,312022,(Продукция радиолокационного альтиметра),,021071,Максимальные значения,,,,Operational
bufr4/3/12/022/1/021072,12,Категория 12 — Последовательности сводок по одному уровню,312022,(Продукция радиолокационного альтиметра),,021072,Статус калибровки альтиметра на спутнике I.2 — Табл. D BUFR/12 — 3,(продолж.),,,Operational
bufr4/3/12/022/1/021073,12,Категория 12 — Последовательности сводок по одному уровню,312022,,,021073,Режим спутникового альтиметра,,,,Operational
bufr4/3/12/022/1/312042,12,Категория 12 — Последовательности сводок по одному уровню,312022,,,312042,Коррекция высоты,,,,Operational
bufr4/3/12/022/1/021062,12,Категория 12 — Последовательности сводок по одному уровню,312022,,,021062,Обратное рассеяние,,,,Operational
bufr4/3/12/022/1/015011,12,Категория 12 — Последовательности сводок по одному уровню,312022,,,015011,суммарной плотности электрона Log 10,,,,Operational
bufr4/3/12/023/1/301047,12,Категория 12 — Последовательности сводок по одному уровню,312023,"(Продукция ATSR, касающаяся температуры поверхности моря)",,301047,Заголовок продукции спутника ERS,,,,Operational
bufr4/3/12/023/1/103003,12,Категория 12 — Последовательности сводок по одному уровню,312023,"(Продукция ATSR, касающаяся температуры поверхности моря)",,103003,Повторить 3 дескриптора 3 раза,,,,Operational
bufr4/3/12/023/1/008022,12,Категория 12 — Последовательности сводок по одному уровню,312023,"(Продукция ATSR, касающаяся температуры поверхности моря)",,008022,Общее число (для суммы или среднего значения) Число для средней,,,,Operational
bufr4/3/12/023/1/012061,12,Категория 12 — Последовательности сводок по одному уровню,312023,"(Продукция ATSR, касающаяся температуры поверхности моря)",,012061,Температура поверхностного слоя,,,,Operational
bufr4/3/12/023/1/022050,12,Категория 12 — Последовательности сводок по одному уровню,312023,"(Продукция ATSR, касающаяся температуры поверхности моря)",,022050,Стандартное отклонение температуры поверхности моря,,,,Operational
bufr4/3/12/023/1/021069,12,Категория 12 — Последовательности сводок по одному уровню,312023,"(Продукция ATSR, касающаяся температуры поверхности моря)",,021069,Данные о достоверности продукции ТПМ,,,,Operational
bufr4/3/12/023/1/021085,12,Категория 12 — Последовательности сводок по одному уровню,312023,"(Продукция ATSR, касающаяся температуры поверхности моря)",,021085,Число диапазонов сканирования температуры поверхности моря поперек трассы ATSR,,,,Operational
bufr4/3/12/024/1/312020,12,Категория 12 — Последовательности сводок по одному уровню,312024,(Продукция волнового рефлектометра — расширенный формат),,312020,Продукция волнового рефлектометра,,,,Operational
bufr4/3/12/024/1/008060,12,Категория 12 — Последовательности сводок по одному уровню,312024,(Продукция волнового рефлектометра — расширенный формат),,008060,Значимость режима сканирования выборки Дальность,,,,Operational
bufr4/3/12/024/1/008022,12,Категория 12 — Последовательности сводок по одному уровню,312024,(Продукция волнового рефлектометра — расширенный формат),,008022,Общее число (для суммы или среднего значения) Число в выборке,,,,Operational
bufr4/3/12/024/2/008060,12,Категория 12 — Последовательности сводок по одному уровню,312024,(Продукция волнового рефлектометра — расширенный формат),,008060,Значимость режима сканирования выборки Горизонтальная,,,,Operational
bufr4/3/12/024/2/008022,12,Категория 12 — Последовательности сводок по одному уровню,312024,(Продукция волнового рефлектометра — расширенный формат),,008022,Общее число (для суммы или среднего значения) Число в выборке,,,,Operational
bufr4/3/12/024/1/025014,12,Категория 12 — Последовательности сводок по одному уровню,312024,(Продукция волнового рефлектометра — расширенный формат),,025014,Отсечение за счет пассивных помех по азимуту,,,,Operational
bufr4/3/12/024/1/022101,12,Категория 12 — Последовательности сводок по одному уровню,312024,(Продукция волнового рефлектометра — расширенный формат),,022101,Общая энергия при низких волновых числах (длина волны > 731 м),,,,Operational
bufr4/3/12/024/1/022097,12,Категория 12 — Последовательности сводок по одному уровню,312024,(Продукция волнового рефлектометра — расширенный формат),,022097,Длина средней волны спектра изображения при низких волновых числах (длина волны > 731 м),,,,Operational
bufr4/3/12/024/1/022098,12,Категория 12 — Последовательности сводок по одному уровню,312024,(Продукция волнового рефлектометра — расширенный формат),,022098,Распространение длины волны при низких волновых числах (длина волны > 731 м),,,,Operational
bufr4/3/12/024/1/022099,12,Категория 12 — Последовательности сводок по одному уровню,312024,(Продукция волнового рефлектометра — расширенный формат),,022099,Среднее направление при низких волновых числах,,,,Operational
bufr4/3/12/024/1/022100,12,Категория 12 — Последовательности сводок по одному уровню,312024,(Продукция волнового рефлектометра — расширенный формат),,022100,Направление распространения при низких волновых числах (длина волны > 731 м) (Продукция волнового рефлектометра — расширенный формат с изменением для определения волнового числа (спектрального)),,,,Operational
bufr4/3/12/025/1/312019,12,Категория 12 — Последовательности сводок по одному уровню,312025,(длина волны > 731 м),,312019,Продукция волнового рефлектометра с изменением длины для определения волнового числа (спектрального),,,,Operational
bufr4/3/12/025/1/008060,12,Категория 12 — Последовательности сводок по одному уровню,312025,(длина волны > 731 м),,008060,Значимость режима сканирования выборки Дальность,,,,Operational
bufr4/3/12/025/1/008022,12,Категория 12 — Последовательности сводок по одному уровню,312025,(длина волны > 731 м),,008022,Общее число (для суммы или среднего значения) Число в выборке,,,,Operational
bufr4/3/12/025/2/008060,12,Категория 12 — Последовательности сводок по одному уровню,312025,(длина волны > 731 м),,008060,Значимость режима сканирования выборки Горизонтальная,,,,Operational
bufr4/3/12/025/2/008022,12,Категория 12 — Последовательности сводок по одному уровню,312025,(длина волны > 731 м),,008022,Общее число (для суммы или среднего значения) Число в выборке,,,,Operational
bufr4/3/12/025/1/025014,12,Категория 12 — Последовательности сводок по одному уровню,312025,(длина волны > 731 м),,025014,Отсечение за счет пассивных помех по азимуту,,,,Operational
bufr4/3/12/025/1/022101,12,Категория 12 — Последовательности сводок по одному уровню,312025,(длина волны > 731 м),,022101,Общая энергия при низких волновых числах (длина волны > 731 м),,,,Operational
bufr4/3/12/025/1/022097,12,Категория 12 — Последовательности сводок по одному уровню,312025,(длина волны > 731 м),,022097,Длина средней волны спектра изображения при низких волновых числах (длина волны > 731 м),,,,Operational
bufr4/3/12/025/1/022098,12,Категория 12 — Последовательности сводок по одному уровню,312025,(длина волны > 731 м),,022098,Распространение длины волны при низких волновых числах (длина волны > 731 м),,,,Operational
bufr4/3/12/025/1/022099,12,Категория 12 — Последовательности сводок по одному уровню,312025,(длина волны > 731 м),,022099,Среднее направление при низких волновых числах (длина волны > 731 м),,,,Operational
bufr4/3/12/025/1/022100,12,Категория 12 — Последовательности сводок по одному уровню,312025,(длина волны > 731 м),,022100,Направление распространения при низких волновых числах (длина волны > 731 м),(продолж.),,,Operational
bufr4/3/12/026/1/301046,12,Категория 12 — Последовательности сводок по одному уровню,312026,(Данные QUIKSСAT),,301046,"Указатель спутника, направление движения, датчик, функция модели, программное обеспечение, разрешение",,,,Operational
bufr4/3/12/026/1/301011,12,Категория 12 — Последовательности сводок по одному уровню,312026,(Данные QUIKSСAT),,301011,"Год, месяц, день",,,,Operational
bufr4/3/12/026/1/301013,12,Категория 12 — Последовательности сводок по одному уровню,312026,(Данные QUIKSСAT),,301013,"Час, минута, секунда",,,,Operational
bufr4/3/12/026/1/301023,12,Категория 12 — Последовательности сводок по одному уровню,312026,(Данные QUIKSСAT),,301023,Широта/долгота (низкая точность),,,,Operational
bufr4/3/12/026/1/312031,12,Категория 12 — Последовательности сводок по одному уровню,312026,(Данные QUIKSСAT),,312031,Значения ветра по SEAWINDS,,,,Operational
bufr4/3/12/026/1/101004,12,Категория 12 — Последовательности сводок по одному уровню,312026,(Данные QUIKSСAT),,101004,Повторить 1 дескриптор 4 раза,,,,Operational
bufr4/3/12/026/1/312030,12,Категория 12 — Последовательности сводок по одному уровню,312026,(Данные QUIKSСAT),,312030,"Ветер, формальная погрешность, вероятность",,,,Operational
bufr4/3/12/026/1/021110,12,Категория 12 — Последовательности сводок по одному уровню,312026,(Данные QUIKSСAT),,021110,Номер параметра сигма-0 внутреннего луча (впереди по ходу спутника),,,,Operational
bufr4/3/12/026/2/301023,12,Категория 12 — Последовательности сводок по одному уровню,312026,(Данные QUIKSСAT),,301023,Широта/долгота (низкая точность),,,,Operational
bufr4/3/12/026/1/321027,12,Категория 12 — Последовательности сводок по одному уровню,312026,(Данные QUIKSСAT),,321027,"Спецификация радиолокатора, нормированное радиолокационное поперечное сечение, коэффициент дисперсии Kp",,,,Operational
bufr4/3/12/026/1/021111,12,Категория 12 — Последовательности сводок по одному уровню,312026,(Данные QUIKSСAT),,021111,Номер параметра сигма-0 внешнего луча (впереди по ходу спутника),,,,Operational
bufr4/3/12/026/3/301023,12,Категория 12 — Последовательности сводок по одному уровню,312026,(Данные QUIKSСAT),,301023,Широта/долгота (низкая точность),,,,Operational
bufr4/3/12/026/2/321027,12,Категория 12 — Последовательности сводок по одному уровню,312026,(Данные QUIKSСAT),,321027,"Спецификация радиолокатора, нормированное радиолокационное поперечное сечение, коэффициент дисперсии Kp",,,,Operational
bufr4/3/12/026/1/021112,12,Категория 12 — Последовательности сводок по одному уровню,312026,(Данные QUIKSСAT),,021112,Номер параметра сигма-0 внутреннего луча (сзади по ходу спутника),,,,Operational
bufr4/3/12/026/4/301023,12,Категория 12 — Последовательности сводок по одному уровню,312026,(Данные QUIKSСAT),,301023,Широта/долгота (низкая точность),,,,Operational
bufr4/3/12/026/3/321027,12,Категория 12 — Последовательности сводок по одному уровню,312026,(Данные QUIKSСAT),,321027,"Спецификация радиолокатора, нормированное радиолокационное поперечное сечение, коэффициент дисперсии Kp",,,,Operational
bufr4/3/12/026/1/021113,12,Категория 12 — Последовательности сводок по одному уровню,312026,(Данные QUIKSСAT),,021113,Номер параметра сигма-0 внешнего луча (сзади по ходу спутника),,,,Operational
bufr4/3/12/026/5/301023,12,Категория 12 — Последовательности сводок по одному уровню,312026,(Данные QUIKSСAT),,301023,Широта/долгота (низкая точность),,,,Operational
bufr4/3/12/026/4/321027,12,Категория 12 — Последовательности сводок по одному уровню,312026,(Данные QUIKSСAT),,321027,"Спецификация радиолокатора, нормированное радиолокационное поперечное сечение, коэффициент дисперсии Kp",,,,Operational
bufr4/3/12/027/1/301047,12,Категория 12 — Последовательности сводок по одному уровню,312027,(Продукция по ТПМ ATSR (SADIST-2)),,301047,Заголовок продукции спутника ERS,,,,Operational
bufr4/3/12/027/1/105009,12,Категория 12 — Последовательности сводок по одному уровню,312027,(Продукция по ТПМ ATSR (SADIST-2)),,105009,Повторить 5 дескрипторов 9 раз,,,,Operational
bufr4/3/12/027/1/301023,12,Категория 12 — Последовательности сводок по одному уровню,312027,(Продукция по ТПМ ATSR (SADIST-2)),,301023,Широта/долгота (низкая точность) Ячейка размером 10 угловых минут,,,,Operational
bufr4/3/12/027/1/007021,12,Категория 12 — Последовательности сводок по одному уровню,312027,(Продукция по ТПМ ATSR (SADIST-2)),,007021,Надирное изобра-Возвышение жение по углу наклона | Установ-лено на нуль,,,,Operational
bufr4/3/12/027/1/012061,12,Категория 12 — Последовательности сводок по одному уровню,312027,(Продукция по ТПМ ATSR (SADIST-2)),,012061,Температура поверхностного слоя ТПМ (только для надирного изображения),,,,Operational
bufr4/3/12/027/2/007021,12,Категория 12 — Последовательности сводок по одному уровню,312027,(Продукция по ТПМ ATSR (SADIST-2)),,007021,Двойное изобра-Возвышение жение по углу наклона | Установ-лено на отсутству-ющее значение,,,,Operational
bufr4/3/12/027/2/012061,12,Категория 12 — Последовательности сводок по одному уровню,312027,(Продукция по ТПМ ATSR (SADIST-2)),,012061,Температура поверхностного слоя ТПМ (двойное изображение),,,,Operational
bufr4/3/12/027/1/021085,12,Категория 12 — Последовательности сводок по одному уровню,312027,(Продукция по ТПМ ATSR (SADIST-2)),,021085,Число диапазонов сканирования температуры 0–9 поверхности моря поперек трассы ATSR,,,,Operational
bufr4/3/12/027/1/021070,12,Категория 12 — Последовательности сводок по одному уровню,312027,(Продукция по ТПМ ATSR (SADIST-2)),,021070,Данные о достоверности продукции по ТПМ (SADIST-2) Флаг 23 бита I.2 – Табл. D BUFR/12 — 5,(продолж.),,,Operational
bufr4/3/12/028/1/301046,12,Категория 12 — Последовательности сводок по одному уровню,312028,(Данные SEAWIND QUIKSСAT),,301046,"Указатель спутника, направление движения, датчик, функция модели, программное обеспечение, разрешение",,,,Operational
bufr4/3/12/028/1/301011,12,Категория 12 — Последовательности сводок по одному уровню,312028,(Данные SEAWIND QUIKSСAT),,301011,"Год, месяц, день",,,,Operational
bufr4/3/12/028/1/301013,12,Категория 12 — Последовательности сводок по одному уровню,312028,(Данные SEAWIND QUIKSСAT),,301013,"Час, минута, секунда",,,,Operational
bufr4/3/12/028/1/301023,12,Категория 12 — Последовательности сводок по одному уровню,312028,(Данные SEAWIND QUIKSСAT),,301023,Широта/долгота (низкая точность),,,,Operational
bufr4/3/12/028/1/008025,12,Категория 12 — Последовательности сводок по одному уровню,312028,(Данные SEAWIND QUIKSСAT),,008025,Описатель разницы во времени,,,,Operational
bufr4/3/12/028/1/201136,12,Категория 12 — Последовательности сводок по одному уровню,312028,(Данные SEAWIND QUIKSСAT),,201136,Изменить длину данных,,,,Operational
bufr4/3/12/028/1/004006,12,Категория 12 — Последовательности сводок по одному уровню,312028,(Данные SEAWIND QUIKSСAT),,004006,Секунда,,,,Operational
bufr4/3/12/028/1/201000,12,Категория 12 — Последовательности сводок по одному уровню,312028,(Данные SEAWIND QUIKSСAT),,201000,Изменить длину данных Отмена,,,,Operational
bufr4/3/12/028/1/312031,12,Категория 12 — Последовательности сводок по одному уровню,312028,(Данные SEAWIND QUIKSСAT),,312031,Значения ветра по SEAWINDS,,,,Operational
bufr4/3/12/028/1/312032,12,Категория 12 — Последовательности сводок по одному уровню,312028,(Данные SEAWIND QUIKSСAT),,312032,Осадки по SEAWINDS,,,,Operational
bufr4/3/12/028/1/101004,12,Категория 12 — Последовательности сводок по одному уровню,312028,(Данные SEAWIND QUIKSСAT),,101004,Повторить 1 дескриптор 4 раза,,,,Operational
bufr4/3/12/028/1/312030,12,Категория 12 — Последовательности сводок по одному уровню,312028,(Данные SEAWIND QUIKSСAT),,312030,"Ветер, формальная погрешность, вероятность",,,,Operational
bufr4/3/12/028/1/101002,12,Категория 12 — Последовательности сводок по одному уровню,312028,(Данные SEAWIND QUIKSСAT),,101002,Повторить 1 дескриптор 2 раза,,,,Operational
bufr4/3/12/028/1/312033,12,Категория 12 — Последовательности сводок по одному уровню,312028,(Данные SEAWIND QUIKSСAT),,312033,"Поляризация антенны, яркостная температура",,,,Operational
bufr4/3/12/028/1/021110,12,Категория 12 — Последовательности сводок по одному уровню,312028,(Данные SEAWIND QUIKSСAT),,021110,Номер параметра сигмы-0 внутреннего луча (впереди по ходу спутника),,,,Operational
bufr4/3/12/028/2/301023,12,Категория 12 — Последовательности сводок по одному уровню,312028,(Данные SEAWIND QUIKSСAT),,301023,Широта/долгота (низкая точность),,,,Operational
bufr4/3/12/028/1/321028,12,Категория 12 — Последовательности сводок по одному уровню,312028,(Данные SEAWIND QUIKSСAT),,321028,"Спецификация радиолокатора, нормализованный радиолокационный разрез SEAWINDS, коэффициент дисперсии Kp",,,,Operational
bufr4/3/12/028/1/021111,12,Категория 12 — Последовательности сводок по одному уровню,312028,(Данные SEAWIND QUIKSСAT),,021111,Номер параметра сигмы-0 внешнего луча (впереди по ходу спутника),,,,Operational
bufr4/3/12/028/3/301023,12,Категория 12 — Последовательности сводок по одному уровню,312028,(Данные SEAWIND QUIKSСAT),,301023,Широта/долгота (низкая точность),,,,Operational
bufr4/3/12/028/2/321028,12,Категория 12 — Последовательности сводок по одному уровню,312028,(Данные SEAWIND QUIKSСAT),,321028,"Спецификация радиолокатора, нормализованный радиолокационный разрез SEAWINDS, коэффициент дисперсии Kp",,,,Operational
bufr4/3/12/028/1/021112,12,Категория 12 — Последовательности сводок по одному уровню,312028,(Данные SEAWIND QUIKSСAT),,021112,Номер параметра сигмы-0 внутреннего луча (сзади по ходу спутника),,,,Operational
bufr4/3/12/028/4/301023,12,Категория 12 — Последовательности сводок по одному уровню,312028,(Данные SEAWIND QUIKSСAT),,301023,Широта/долгота (низкая точность),,,,Operational
bufr4/3/12/028/3/321028,12,Категория 12 — Последовательности сводок по одному уровню,312028,(Данные SEAWIND QUIKSСAT),,321028,"Спецификация радиолокатора, нормализованный радиолокационный разрез SEAWINDS, коэффициент дисперсии Kp",,,,Operational
bufr4/3/12/028/1/021113,12,Категория 12 — Последовательности сводок по одному уровню,312028,(Данные SEAWIND QUIKSСAT),,021113,Номер параметра сигмы-0 внешнего луча (сзади по ходу спутника),,,,Operational
bufr4/3/12/028/5/301023,12,Категория 12 — Последовательности сводок по одному уровню,312028,(Данные SEAWIND QUIKSСAT),,301023,Широта/долгота (низкая точность),,,,Operational
bufr4/3/12/028/4/321028,12,Категория 12 — Последовательности сводок по одному уровню,312028,(Данные SEAWIND QUIKSСAT),,321028,"Спецификация радиолокатора, нормализованный радиолокационный разрез SEAWINDS, коэффициент дисперсии Kp",,,,Operational
bufr4/3/12/030/1/201130,12,Категория 12 — Последовательности сводок по одному уровню,312030,"(Ветер, формальная погрешность, вероятность)",,201130,Изменить длину данных,,,,Operational
bufr4/3/12/030/1/202129,12,Категория 12 — Последовательности сводок по одному уровню,312030,"(Ветер, формальная погрешность, вероятность)",,202129,Изменить масштаб,,,,Operational
bufr4/3/12/030/1/011012,12,Категория 12 — Последовательности сводок по одному уровню,312030,"(Ветер, формальная погрешность, вероятность)",,011012,Скорость ветра на высоте 10 м,,,,Operational
bufr4/3/12/030/1/202000,12,Категория 12 — Последовательности сводок по одному уровню,312030,"(Ветер, формальная погрешность, вероятность)",,202000,Изменить масштаб Отмена,,,,Operational
bufr4/3/12/030/1/201000,12,Категория 12 — Последовательности сводок по одному уровню,312030,"(Ветер, формальная погрешность, вероятность)",,201000,Изменить длину данных Отмена,,,,Operational
bufr4/3/12/030/1/011052,12,Категория 12 — Последовательности сводок по одному уровню,312030,"(Ветер, формальная погрешность, вероятность)",,011052,Формальная погрешность в скорости ветра,,,,Operational
bufr4/3/12/030/1/201135,12,Категория 12 — Последовательности сводок по одному уровню,312030,"(Ветер, формальная погрешность, вероятность)",,201135,Изменить длину данных,,,,Operational
bufr4/3/12/030/1/202130,12,Категория 12 — Последовательности сводок по одному уровню,312030,"(Ветер, формальная погрешность, вероятность)",,202130,Изменить масштаб,,,,Operational
bufr4/3/12/030/1/011011,12,Категория 12 — Последовательности сводок по одному уровню,312030,"(Ветер, формальная погрешность, вероятность)",,011011,Направление ветра на высоте 10 м,,,,Operational
bufr4/3/12/030/2/202000,12,Категория 12 — Последовательности сводок по одному уровню,312030,"(Ветер, формальная погрешность, вероятность)",,202000,Изменить масштаб Отмена,,,,Operational
bufr4/3/12/030/2/201000,12,Категория 12 — Последовательности сводок по одному уровню,312030,"(Ветер, формальная погрешность, вероятность)",,201000,Изменить длину данных Отмена,,,,Operational
bufr4/3/12/030/1/011053,12,Категория 12 — Последовательности сводок по одному уровню,312030,"(Ветер, формальная погрешность, вероятность)",,011053,Формальная погрешность в скорости ветра,,,,Operational
bufr4/3/12/030/1/021104,12,Категория 12 — Последовательности сводок по одному уровню,312030,"(Ветер, формальная погрешность, вероятность)",,021104,"Правдоподобие, вычисленное для решения",(продолж.),,,Operational
bufr4/3/12/031/1/005034,12,Категория 12 — Последовательности сводок по одному уровню,312031,(Значения ветра по SEAWINDS),,005034,Номер ряда вдоль траектории,,,,Operational
bufr4/3/12/031/1/006034,12,Категория 12 — Последовательности сводок по одному уровню,312031,(Значения ветра по SEAWINDS),,006034,Номер ячейки поперек траектории,,,,Operational
bufr4/3/12/031/1/021109,12,Категория 12 — Последовательности сводок по одному уровню,312031,(Значения ветра по SEAWINDS),,021109,Качество ячейки векторов ветра по измерениям SEAWINDS,,,,Operational
bufr4/3/12/031/1/011081,12,Категория 12 — Последовательности сводок по одному уровню,312031,(Значения ветра по SEAWINDS),,011081,"Направление ветра на высоте 10 м, полученное по модели",,,,Operational
bufr4/3/12/031/1/011082,12,Категория 12 — Последовательности сводок по одному уровню,312031,(Значения ветра по SEAWINDS),,011082,"Скорость ветра на высоте 10 м, полученная по модели",,,,Operational
bufr4/3/12/031/1/021101,12,Категория 12 — Последовательности сводок по одному уровню,312031,(Значения ветра по SEAWINDS),,021101,Число неопределенностей вектора,,,,Operational
bufr4/3/12/031/1/021102,12,Категория 12 — Последовательности сводок по одному уровню,312031,(Значения ветра по SEAWINDS),,021102,Индекс выборочного вектора ветра,,,,Operational
bufr4/3/12/031/1/021103,12,Категория 12 — Последовательности сводок по одному уровню,312031,(Значения ветра по SEAWINDS),,021103,Общее число измерений параметра сигма-0,,,,Operational
bufr4/3/12/032/1/021120,12,Категория 12 — Последовательности сводок по одному уровню,312032,(Осадки по SEAWINDS),,021120,Вероятность дождя,,,,Operational
bufr4/3/12/032/1/021121,12,Категория 12 — Последовательности сводок по одному уровню,312032,(Осадки по SEAWINDS),,021121,Индекс дождя по нормализованной объективной функции (NOF) SEAWINDS,,,,Operational
bufr4/3/12/032/1/013055,12,Категория 12 — Последовательности сводок по одному уровню,312032,(Осадки по SEAWINDS),,013055,Интенсивность осадков,,,,Operational
bufr4/3/12/032/1/021122,12,Категория 12 — Последовательности сводок по одному уровню,312032,(Осадки по SEAWINDS),,021122,Корректировка ослабления по сигме-0 (из tB),,,,Operational
bufr4/3/12/033/1/002104,12,Категория 12 — Последовательности сводок по одному уровню,312033,"(Поляризация антенны, яркостная температура)",,002104,Поляризация антенны,,,,Operational
bufr4/3/12/033/1/008022,12,Категория 12 — Последовательности сводок по одному уровню,312033,"(Поляризация антенны, яркостная температура)",,008022,Общее число (для суммы или среднего значения),,,,Operational
bufr4/3/12/033/1/012063,12,Категория 12 — Последовательности сводок по одному уровню,312033,"(Поляризация антенны, яркостная температура)",,012063,Яркостная температура,,,,Operational
bufr4/3/12/033/1/012065,12,Категория 12 — Последовательности сводок по одному уровню,312033,"(Поляризация антенны, яркостная температура)",,012065,Стандартное отклонение яркостной температуры,,,,Operational
bufr4/3/12/041/1/201141,12,Категория 12 — Последовательности сводок по одному уровню,312041,(Высота),,201141,Изменить длину данных Длина 28 битов,,,,Operational
bufr4/3/12/041/1/202130,12,Категория 12 — Последовательности сводок по одному уровню,312041,(Высота),,202130,Изменить масштаб Масштаб: 2,,,,Operational
bufr4/3/12/041/1/007001,12,Категория 12 — Последовательности сводок по одному уровню,312041,(Высота),,007001,Высота станции,,,,Operational
bufr4/3/12/041/1/201000,12,Категория 12 — Последовательности сводок по одному уровню,312041,(Высота),,201000,Изменить длину данных Отмена,,,,Operational
bufr4/3/12/041/1/202000,12,Категория 12 — Последовательности сводок по одному уровню,312041,(Высота),,202000,Изменить масштаб Отмена,,,,Operational
bufr4/3/12/042/1/021077,12,Категория 12 — Последовательности сводок по одному уровню,312042,(Коррекции высоты),,021077,Коррекция высоты (ионосфера),,,,Operational
bufr4/3/12/042/1/021078,12,Категория 12 — Последовательности сводок по одному уровню,312042,(Коррекции высоты),,021078,Коррекция высоты (сухая тропосфера),,,,Operational
bufr4/3/12/042/1/021079,12,Категория 12 — Последовательности сводок по одному уровню,312042,(Коррекции высоты),,021079,Коррекция высоты (влажная тропосфера),,,,Operational
bufr4/3/12/042/1/021080,12,Категория 12 — Последовательности сводок по одному уровню,312042,(Коррекции высоты),,021080,Коррекция высоты (калибровочная постоянная),,,,Operational
bufr4/3/12/042/1/021081,12,Категория 12 — Последовательности сводок по одному уровню,312042,(Коррекции высоты),,021081,Коррекция разомкнутого контура (контур высота- -время),,,,Operational
bufr4/3/12/042/1/021082,12,Категория 12 — Последовательности сводок по одному уровню,312042,(Коррекции высоты),,021082,Коррекция калибровки разомкнутого контура,,,,Operational
bufr4/3/12/045/1/001007,12,Категория 12 — Последовательности сводок по одному уровню,312045,(контроль автоматического усиления),,001007,Указатель спутника,,,,Operational
bufr4/3/12/045/1/002019,12,Категория 12 — Последовательности сводок по одному уровню,312045,(контроль автоматического усиления),,002019,Спутниковые приборы,,,,Operational
bufr4/3/12/045/1/001096,12,Категория 12 — Последовательности сводок по одному уровню,312045,(контроль автоматического усиления),,001096,Станция приема,,,,Operational
bufr4/3/12/045/1/025061,12,Категория 12 — Последовательности сводок по одному уровню,312045,(контроль автоматического усиления),,025061,Идентификация программного обеспечения и номер версии,,,,Operational
bufr4/3/12/045/1/005040,12,Категория 12 — Последовательности сводок по одному уровню,312045,(контроль автоматического усиления),,005040,Номер орбиты,,,,Operational
bufr4/3/12/045/1/301011,12,Категория 12 — Последовательности сводок по одному уровню,312045,(контроль автоматического усиления),,301011,"Год, месяц, день",,,,Operational
bufr4/3/12/045/1/301013,12,Категория 12 — Последовательности сводок по одному уровню,312045,(контроль автоматического усиления),,301013,"Час, минута, секунда",,,,Operational
bufr4/3/12/045/1/301021,12,Категория 12 — Последовательности сводок по одному уровню,312045,(контроль автоматического усиления),,301021,Широта/долгота (высокая точность),,,,Operational
bufr4/3/12/045/1/007002,12,Категория 12 — Последовательности сводок по одному уровню,312045,(контроль автоматического усиления),,007002,Высота или абсолютная высота,,,,Operational
bufr4/3/12/045/1/012180,12,Категория 12 — Последовательности сводок по одному уровню,312045,(контроль автоматического усиления),,012180,Усредненная в полосе 12 микрон ЯТ по всем безоблачным пикселям в надире I.2 — Табл. D BUFR/12 — 7,(продолж.),,,Operational
bufr4/3/12/045/1/012181,12,Категория 12 — Последовательности сводок по одному уровню,312045,,,012181,Усредненная в полосе 11 микрон ЯТ по всем безоблачным пикселям в надире,,,,Operational
bufr4/3/12/045/1/012182,12,Категория 12 — Последовательности сводок по одному уровню,312045,,,012182,"Усредненная в полосе 3,7 микрон ЯТ по всем безоблачным пикселям в надире",,,,Operational
bufr4/3/12/045/1/012183,12,Категория 12 — Последовательности сводок по одному уровню,312045,,,012183,"Усредненная в полосе 12 микрон ЯТ по всем безоблачным пикселям, вид вперед",,,,Operational
bufr4/3/12/045/1/012184,12,Категория 12 — Последовательности сводок по одному уровню,312045,,,012184,"Усредненная в полосе 11 микрон ЯТ по всем безоблачным пикселям, вид вперед",,,,Operational
bufr4/3/12/045/1/012185,12,Категория 12 — Последовательности сводок по одному уровню,312045,,,012185,"Усредненная в полосе 3,7 микрон ЯТ по всем безоблачным пикселям, вид вперед",,,,Operational
bufr4/3/12/045/1/002174,12,Категория 12 — Последовательности сводок по одному уровню,312045,,,002174,Среднее количество пикселей поперек траектории,,,,Operational
bufr4/3/12/045/1/021086,12,Категория 12 — Последовательности сводок по одному уровню,312045,,,021086,"Число пикселей только в надире, среднее",,,,Operational
bufr4/3/12/045/1/012186,12,Категория 12 — Последовательности сводок по одному уровню,312045,,,012186,Средняя температура поверхности моря в надире,,,,Operational
bufr4/3/12/045/1/021087,12,Категория 12 — Последовательности сводок по одному уровню,312045,,,021087,"Число пикселей при двойном обзоре, среднее",,,,Operational
bufr4/3/12/045/1/012187,12,Категория 12 — Последовательности сводок по одному уровню,312045,,,012187,Средняя температура поверхности моря при двойном обзоре,,,,Operational
bufr4/3/12/045/1/033043,12,Категория 12 — Последовательности сводок по одному уровню,312045,,,033043,Достоверность AST,,,,Operational
bufr4/3/12/050/1/001007,12,Категория 12 — Последовательности сводок по одному уровню,312050,"(Передача данных, полученных с помощью MERIS)",,001007,Указатель спутника,,,,Operational
bufr4/3/12/050/1/002019,12,Категория 12 — Последовательности сводок по одному уровню,312050,"(Передача данных, полученных с помощью MERIS)",,002019,Спутниковые приборы,,,,Operational
bufr4/3/12/050/1/001096,12,Категория 12 — Последовательности сводок по одному уровню,312050,"(Передача данных, полученных с помощью MERIS)",,001096,Станция приема,,,,Operational
bufr4/3/12/050/1/025061,12,Категория 12 — Последовательности сводок по одному уровню,312050,"(Передача данных, полученных с помощью MERIS)",,025061,Идентификация программного обеспечения и номер версии,,,,Operational
bufr4/3/12/050/1/005040,12,Категория 12 — Последовательности сводок по одному уровню,312050,"(Передача данных, полученных с помощью MERIS)",,005040,Номер орбиты,,,,Operational
bufr4/3/12/050/1/301011,12,Категория 12 — Последовательности сводок по одному уровню,312050,"(Передача данных, полученных с помощью MERIS)",,301011,"Год, месяц, день",,,,Operational
bufr4/3/12/050/1/301013,12,Категория 12 — Последовательности сводок по одному уровню,312050,"(Передача данных, полученных с помощью MERIS)",,301013,"Час, минута, секунда",,,,Operational
bufr4/3/12/050/1/301021,12,Категория 12 — Последовательности сводок по одному уровню,312050,"(Передача данных, полученных с помощью MERIS)",,301021,Широта/долгота (высокая точность),,,,Operational
bufr4/3/12/050/1/007025,12,Категория 12 — Последовательности сводок по одному уровню,312050,"(Передача данных, полученных с помощью MERIS)",,007025,Зенитный угол Солнца,,,,Operational
bufr4/3/12/050/1/005022,12,Категория 12 — Последовательности сводок по одному уровню,312050,"(Передача данных, полученных с помощью MERIS)",,005022,Азимут Солнца,,,,Operational
bufr4/3/12/050/1/010080,12,Категория 12 — Последовательности сводок по одному уровню,312050,"(Передача данных, полученных с помощью MERIS)",,010080,Зенитный угол визирования,,,,Operational
bufr4/3/12/050/1/027080,12,Категория 12 — Последовательности сводок по одному уровню,312050,"(Передача данных, полученных с помощью MERIS)",,027080,Азимутальный угол визирования,,,,Operational
bufr4/3/12/050/1/008003,12,Категория 12 — Последовательности сводок по одному уровню,312050,"(Передача данных, полученных с помощью MERIS)",,008003,Вертикальная значимость (спутниковые наблюдения),,,,Operational
bufr4/3/12/050/1/007004,12,Категория 12 — Последовательности сводок по одному уровню,312050,"(Передача данных, полученных с помощью MERIS)",,007004,Давление,,,,Operational
bufr4/3/12/050/1/013093,12,Категория 12 — Последовательности сводок по одному уровню,312050,"(Передача данных, полученных с помощью MERIS)",,013093,Оптическая толщина облаков,,,,Operational
bufr4/3/12/050/2/008003,12,Категория 12 — Последовательности сводок по одному уровню,312050,"(Передача данных, полученных с помощью MERIS)",,008003,Вертикальная значимость (спутниковые наблюдения),,,,Operational
bufr4/3/12/050/1/201131,12,Категория 12 — Последовательности сводок по одному уровню,312050,"(Передача данных, полученных с помощью MERIS)",,201131,Изменить длину данных,,,,Operational
bufr4/3/12/050/1/202129,12,Категория 12 — Последовательности сводок по одному уровню,312050,"(Передача данных, полученных с помощью MERIS)",,202129,Изменить масштаб,,,,Operational
bufr4/3/12/050/2/007004,12,Категория 12 — Последовательности сводок по одному уровню,312050,"(Передача данных, полученных с помощью MERIS)",,007004,Давление,,,,Operational
bufr4/3/12/050/3/007004,12,Категория 12 — Последовательности сводок по одному уровню,312050,"(Передача данных, полученных с помощью MERIS)",,007004,Давление,,,,Operational
bufr4/3/12/050/1/202000,12,Категория 12 — Последовательности сводок по одному уровню,312050,"(Передача данных, полученных с помощью MERIS)",,202000,Изменить масштаб Отмена,,,,Operational
bufr4/3/12/050/1/201000,12,Категория 12 — Последовательности сводок по одному уровню,312050,"(Передача данных, полученных с помощью MERIS)",,201000,Изменить длину данных Отмена,,,,Operational
bufr4/3/12/050/1/013095,12,Категория 12 — Последовательности сводок по одному уровню,312050,"(Передача данных, полученных с помощью MERIS)",,013095,Общее количество водяных паров в столбе воздуха,,,,Operational
bufr4/3/12/051/1/001007,12,Категория 12 — Последовательности сводок по одному уровню,312051,(Взаимные спектры океана — WVS),,001007,Указатель спутника,,,,Operational
bufr4/3/12/051/1/002019,12,Категория 12 — Последовательности сводок по одному уровню,312051,(Взаимные спектры океана — WVS),,002019,Спутниковые приборы,,,,Operational
bufr4/3/12/051/1/001096,12,Категория 12 — Последовательности сводок по одному уровню,312051,(Взаимные спектры океана — WVS),,001096,Станция приема,,,,Operational
bufr4/3/12/051/1/025061,12,Категория 12 — Последовательности сводок по одному уровню,312051,(Взаимные спектры океана — WVS),,025061,Идентификация программного обеспечения и номер версии,,,,Operational
bufr4/3/12/051/1/005040,12,Категория 12 — Последовательности сводок по одному уровню,312051,(Взаимные спектры океана — WVS),,005040,Номер орбиты,,,,Operational
bufr4/3/12/051/1/008075,12,Категория 12 — Последовательности сводок по одному уровню,312051,(Взаимные спектры океана — WVS),,008075,Описатель восходящей/нисходящей орбиты,,,,Operational
bufr4/3/12/051/1/301011,12,Категория 12 — Последовательности сводок по одному уровню,312051,(Взаимные спектры океана — WVS),,301011,"Год, месяц, день",,,,Operational
bufr4/3/12/051/1/301013,12,Категория 12 — Последовательности сводок по одному уровню,312051,(Взаимные спектры океана — WVS),,301013,"Час, минута, секунда",,,,Operational
bufr4/3/12/051/1/301021,12,Категория 12 — Последовательности сводок по одному уровню,312051,(Взаимные спектры океана — WVS),,301021,Широта/долгота (высокая точность),(продолж.),,,Operational
bufr4/3/12/051/1/001012,12,Категория 12 — Последовательности сводок по одному уровню,312051,,,001012,Направление движения подвижной наблюдательной платформы,,,,Operational
bufr4/3/12/051/1/201131,12,Категория 12 — Последовательности сводок по одному уровню,312051,,,201131,Изменить длину данных,,,,Operational
bufr4/3/12/051/1/001013,12,Категория 12 — Последовательности сводок по одному уровню,312051,,,001013,Скорость движения подвижной наблюдательной платформы,,,,Operational
bufr4/3/12/051/1/201000,12,Категория 12 — Последовательности сводок по одному уровню,312051,,,201000,Изменить длину данных Отмена,,,,Operational
bufr4/3/12/051/1/010032,12,Категория 12 — Последовательности сводок по одному уровню,312051,,,010032,Расстояние от спутника до центра Земли,,,,Operational
bufr4/3/12/051/1/010033,12,Категория 12 — Последовательности сводок по одному уровню,312051,,,010033,Высота (платформы над эллипсоидом),,,,Operational
bufr4/3/12/051/1/010034,12,Категория 12 — Последовательности сводок по одному уровню,312051,,,010034,Радиус Земли,,,,Operational
bufr4/3/12/051/1/007002,12,Категория 12 — Последовательности сводок по одному уровню,312051,,,007002,Высота или абсолютная высота,,,,Operational
bufr4/3/12/051/1/008012,12,Категория 12 — Последовательности сводок по одному уровню,312051,,,008012,Описатель земли/моря,,,,Operational
bufr4/3/12/051/1/025110,12,Категория 12 — Последовательности сводок по одному уровню,312051,,,025110,Краткая сводка об обработке изображения,,,,Operational
bufr4/3/12/051/1/025111,12,Категория 12 — Последовательности сводок по одному уровню,312051,,,025111,Число пропусков во входных данных,,,,Operational
bufr4/3/12/051/1/025102,12,Категория 12 — Последовательности сводок по одному уровню,312051,,,025102,"Число пропущенных линий, не считая пропусков в данных",,,,Operational
bufr4/3/12/051/1/002104,12,Категория 12 — Последовательности сводок по одному уровню,312051,,,002104,Поляризация антенны,,,,Operational
bufr4/3/12/051/1/025103,12,Категория 12 — Последовательности сводок по одному уровню,312051,,,025103,Число элементов разрешения по направлению,,,,Operational
bufr4/3/12/051/1/025104,12,Категория 12 — Последовательности сводок по одному уровню,312051,,,025104,Число элементов разрешения по длине волны,,,,Operational
bufr4/3/12/051/1/025105,12,Категория 12 — Последовательности сводок по одному уровню,312051,,,025105,Первый элемент разрешения по направлению,,,,Operational
bufr4/3/12/051/1/025106,12,Категория 12 — Последовательности сводок по одному уровню,312051,,,025106,Шаг элементов разрешения по направлению,,,,Operational
bufr4/3/12/051/1/025107,12,Категория 12 — Последовательности сводок по одному уровню,312051,,,025107,Первый элемент разрешения по длине волны,,,,Operational
bufr4/3/12/051/1/025108,12,Категория 12 — Последовательности сводок по одному уровню,312051,,,025108,Последний элемент разрешения по длине волны,,,,Operational
bufr4/3/12/051/1/002111,12,Категория 12 — Последовательности сводок по одному уровню,312051,,,002111,Угол падения луча радиолокатора,,,,Operational
bufr4/3/12/051/1/002121,12,Категория 12 — Последовательности сводок по одному уровню,312051,,,002121,Средняя частота,,,,Operational
bufr4/3/12/051/1/002026,12,Категория 12 — Последовательности сводок по одному уровню,312051,,,002026,Разрешение поперек трассы,,,,Operational
bufr4/3/12/051/1/002027,12,Категория 12 — Последовательности сводок по одному уровню,312051,,,002027,Разрешение вдоль трассы,,,,Operational
bufr4/3/12/051/1/021130,12,Категория 12 — Последовательности сводок по одному уровню,312051,,,021130,Полная энергия спектра,,,,Operational
bufr4/3/12/051/1/021131,12,Категория 12 — Последовательности сводок по одному уровню,312051,,,021131,Максимум энергии в спектре,,,,Operational
bufr4/3/12/051/1/021132,12,Категория 12 — Последовательности сводок по одному уровню,312051,,,021132,"Направление, в котором достигается максимальная энергия спектра на решетке с более высоким разрешением",,,,Operational
bufr4/3/12/051/1/021133,12,Категория 12 — Последовательности сводок по одному уровню,312051,,,021133,"Длина волны, на которой достигается максимальная энергия спектра на решетке с более высоким разрешением",,,,Operational
bufr4/3/12/051/1/021064,12,Категория 12 — Последовательности сводок по одному уровню,312051,,,021064,Оценочное значение мешающих отражений,,,,Operational
bufr4/3/12/051/1/025014,12,Категория 12 — Последовательности сводок по одному уровню,312051,,,025014,Отсечение за счет пассивных помех по азимуту,,,,Operational
bufr4/3/12/051/1/021134,12,Категория 12 — Последовательности сводок по одному уровню,312051,,,021134,Разрешение по дальности для спектра взаимной ковариации,,,,Operational
bufr4/3/12/051/1/107018,12,Категория 12 — Последовательности сводок по одному уровню,312051,,,107018,Повторить 7 дескрипторов 18 раз,,,,Operational
bufr4/3/12/051/1/005030,12,Категория 12 — Последовательности сводок по одному уровню,312051,,,005030,Направление (спектральное),,,,Operational
bufr4/3/12/051/1/105024,12,Категория 12 — Последовательности сводок по одному уровню,312051,,,105024,Повторить 5 дескрипторов 24 раза,,,,Operational
bufr4/3/12/051/1/201130,12,Категория 12 — Последовательности сводок по одному уровню,312051,,,201130,Изменить длину данных,,,,Operational
bufr4/3/12/051/1/006030,12,Категория 12 — Последовательности сводок по одному уровню,312051,,,006030,Волновое число (спектральное),,,,Operational
bufr4/3/12/051/2/201000,12,Категория 12 — Последовательности сводок по одному уровню,312051,,,201000,Изменить длину данных Отмена,,,,Operational
bufr4/3/12/051/1/021135,12,Категория 12 — Последовательности сводок по одному уровню,312051,,,021135,Действительная часть значений в точке полярной сетки для взаимного спектра,,,,Operational
bufr4/3/12/051/1/021136,12,Категория 12 — Последовательности сводок по одному уровню,312051,,,021136,Мнимая часть значений в точке полярной сетки для взаимного спектра,,,,Operational
bufr4/3/12/051/1/033044,12,Категория 12 — Последовательности сводок по одному уровню,312051,,,033044,Информация о качестве ASAR,,,,Operational
bufr4/3/12/052/1/001007,12,Категория 12 — Последовательности сводок по одному уровню,312052,(RA2 — Радиолокационный высотомер-2),,001007,Указатель спутника,,,,Operational
bufr4/3/12/052/1/002019,12,Категория 12 — Последовательности сводок по одному уровню,312052,(RA2 — Радиолокационный высотомер-2),,002019,Спутниковые приборы,,,,Operational
bufr4/3/12/052/1/001096,12,Категория 12 — Последовательности сводок по одному уровню,312052,(RA2 — Радиолокационный высотомер-2),,001096,Станция приема,,,,Operational
bufr4/3/12/052/1/025061,12,Категория 12 — Последовательности сводок по одному уровню,312052,(RA2 — Радиолокационный высотомер-2),,025061,Идентификация программного обеспечения и номер версии I.2 — Табл. D BUFR/12 — 9,(продолж.),,,Operational
bufr4/3/12/052/1/005040,12,Категория 12 — Последовательности сводок по одному уровню,312052,,,005040,Номер орбиты,,,,Operational
bufr4/3/12/052/1/025120,12,Категория 12 — Последовательности сводок по одному уровню,312052,,,025120,Флаг обработки RА2-L2,,,,Operational
bufr4/3/12/052/1/025121,12,Категория 12 — Последовательности сводок по одному уровню,312052,,,025121,Качество обработки RА2-L2,,,,Operational
bufr4/3/12/052/1/025124,12,Категория 12 — Последовательности сводок по одному уровню,312052,,,025124,Флаги обработки MWR-L2,,,,Operational
bufr4/3/12/052/1/025125,12,Категория 12 — Последовательности сводок по одному уровню,312052,,,025125,Качество обработки MWR-L2,,,,Operational
bufr4/3/12/052/1/025122,12,Категория 12 — Последовательности сводок по одному уровню,312052,,,025122,Конфигурация радиочастотной аппаратуры,,,,Operational
bufr4/3/12/052/1/025123,12,Категория 12 — Последовательности сводок по одному уровню,312052,,,025123,Аппаратная конфигурация HPA,,,,Operational
bufr4/3/12/052/1/301011,12,Категория 12 — Последовательности сводок по одному уровню,312052,,,301011,"Год, месяц, день",,,,Operational
bufr4/3/12/052/1/301013,12,Категория 12 — Последовательности сводок по одному уровню,312052,,,301013,"Час, минута, секунда",,,,Operational
bufr4/3/12/052/1/301021,12,Категория 12 — Последовательности сводок по одному уровню,312052,,,301021,Широта/долгота (высокая точность),,,,Operational
bufr4/3/12/052/1/007002,12,Категория 12 — Последовательности сводок по одному уровню,312052,,,007002,Высота или высота над уровнем моря,,,,Operational
bufr4/3/12/052/1/002119,12,Категория 12 — Последовательности сводок по одному уровню,312052,,,002119,Режим работы прибора RA-2,,,,Operational
bufr4/3/12/052/1/033047,12,Категория 12 — Последовательности сводок по одному уровню,312052,,,033047,Данные о достоверности измерений,,,,Operational
bufr4/3/12/052/1/010081,12,Категория 12 — Последовательности сводок по одному уровню,312052,,,010081,Высота центра тяжести (COG) над референс-эллипсоидом,,,,Operational
bufr4/3/12/052/1/010082,12,Категория 12 — Последовательности сводок по одному уровню,312052,,,010082,Мгновенная скорость изменения высоты,,,,Operational
bufr4/3/12/052/1/010083,12,Категория 12 — Последовательности сводок по одному уровню,312052,,,010083,Квадрат угла отклонения спутника от надира по данным с платформы,,,,Operational
bufr4/3/12/052/1/010084,12,Категория 12 — Последовательности сводок по одному уровню,312052,,,010084,Квадрат угла отклонения спутника от надира по данным о форме волны,,,,Operational
bufr4/3/12/052/1/002116,12,Категория 12 — Последовательности сводок по одному уровню,312052,,,002116,Процентная доля обработанной полосы частот 320 МГц,,,,Operational
bufr4/3/12/052/1/002117,12,Категория 12 — Последовательности сводок по одному уровню,312052,,,002117,Процентная доля обработанной полосы частот 80 МГц,,,,Operational
bufr4/3/12/052/1/002118,12,Категория 12 — Последовательности сводок по одному уровню,312052,,,002118,Процентная доля обработанной полосы частот 20 МГц,,,,Operational
bufr4/3/12/052/1/002156,12,Категория 12 — Последовательности сводок по одному уровню,312052,,,002156,Процентная доля успешных измерений с помощью прибора для вторичных прослеживаний океана в полосе частот Ku,,,,Operational
bufr4/3/12/052/1/002157,12,Категория 12 — Последовательности сводок по одному уровню,312052,,,002157,Процентная доля успешных измерений с помощью прибора для вторичных прослеживаний океана в полосе частот S,,,,Operational
bufr4/3/12/052/1/014055,12,Категория 12 — Последовательности сводок по одному уровню,312052,,,014055,Индекс солнечной активности,,,,Operational
bufr4/3/12/052/1/022150,12,Категория 12 — Последовательности сводок по одному уровню,312052,,,022150,Количество годных точек на 18 Гц в полосе частот Ku,,,,Operational
bufr4/3/12/052/1/022151,12,Категория 12 — Последовательности сводок по одному уровню,312052,,,022151,Диапазон данных по океану в полосе частот Ku,,,,Operational
bufr4/3/12/052/1/022152,12,Категория 12 — Последовательности сводок по одному уровню,312052,,,022152,СТО* (18 Гц) значений данных по океану в полосе частот Ku,,,,Operational
bufr4/3/12/052/1/022153,12,Категория 12 — Последовательности сводок по одному уровню,312052,,,022153,Количество годных точек на 18 Гц в полосе частот S,,,,Operational
bufr4/3/12/052/1/022154,12,Категория 12 — Последовательности сводок по одному уровню,312052,,,022154,Диапазон данных по океану в полосе частот S,,,,Operational
bufr4/3/12/052/1/022155,12,Категория 12 — Последовательности сводок по одному уровню,312052,,,022155,СТО* (18 Гц) значений данных по океану в полосе частот S,,,,Operational
bufr4/3/12/052/1/022156,12,Категория 12 — Последовательности сводок по одному уровню,312052,,,022156,Высота значительной волны в полосе частот Ku,,,,Operational
bufr4/3/12/052/1/022157,12,Категория 12 — Последовательности сводок по одному уровню,312052,,,022157,Высота значитель-СТО* (18 Гц) значений данных по океану в полосе ной волны частот Ku,,,,Operational
bufr4/3/12/052/1/022158,12,Категория 12 — Последовательности сводок по одному уровню,312052,,,022158,Высота значительной волны в полосе частот S,,,,Operational
bufr4/3/12/052/1/022159,12,Категория 12 — Последовательности сводок по одному уровню,312052,,,022159,СТО* (18 Гц) значений высоты значительной волны в полосе частот S,,,,Operational
bufr4/3/12/052/1/021137,12,Категория 12 — Последовательности сводок по одному уровню,312052,,,021137,Скорректированный коэффициент обратного рассеяния поверхностью океана в полосе частот Ku,,,,Operational
bufr4/3/12/052/1/021138,12,Категория 12 — Последовательности сводок по одному уровню,312052,,,021138,СТО* скорректированного коэффициента обратного рассеяния поверхностью океана в полосе частот Ku,,,,Operational
bufr4/3/12/052/1/021139,12,Категория 12 — Последовательности сводок по одному уровню,312052,,,021139,Чистая инструментальная поправка в полосе частот Ku для АРУ,,,,Operational
bufr4/3/12/052/1/021140,12,Категория 12 — Последовательности сводок по одному уровню,312052,,,021140,Скорректированный коэффициент обратного рассеяния поверхностью океана в полосе частот S,,,,Operational
bufr4/3/12/052/1/021141,12,Категория 12 — Последовательности сводок по одному уровню,312052,,,021141,СТО* корректированного коэффициента обратного рассеяния поверхностью океана в полосе частот S,(продолж.),,,Operational
bufr4/3/12/052/1/021142,12,Категория 12 — Последовательности сводок по одному уровню,312052,,,021142,Чистая инструментальная поправка в полосе частот S для АРУ,,,,Operational
bufr4/3/12/052/1/010085,12,Категория 12 — Последовательности сводок по одному уровню,312052,,,010085,Средняя высота поверхности моря,,,,Operational
bufr4/3/12/052/1/010086,12,Категория 12 — Последовательности сводок по одному уровню,312052,,,010086,Высота геоида,,,,Operational
bufr4/3/12/052/1/010087,12,Категория 12 — Последовательности сводок по одному уровню,312052,,,010087,Глубина океана/высота суши над уровнем моря,,,,Operational
bufr4/3/12/052/1/010088,12,Категория 12 — Последовательности сводок по одному уровню,312052,,,010088,Геоцентрическая высота полного океанического прилива (решение 1),,,,Operational
bufr4/3/12/052/1/010089,12,Категория 12 — Последовательности сводок по одному уровню,312052,,,010089,Геоцентрическая высота полного океанического прилива (решение 2),,,,Operational
bufr4/3/12/052/1/010090,12,Категория 12 — Последовательности сводок по одному уровню,312052,,,010090,Высота долгопериодного прилива,,,,Operational
bufr4/3/12/052/1/010091,12,Категория 12 — Последовательности сводок по одному уровню,312052,,,010091,Высота приливной нагрузки,,,,Operational
bufr4/3/12/052/1/010092,12,Категория 12 — Последовательности сводок по одному уровню,312052,,,010092,Высота приливно-отливных явлений твердой оболочки Земли,,,,Operational
bufr4/3/12/052/1/010093,12,Категория 12 — Последовательности сводок по одному уровню,312052,,,010093,Геоцентрическая высота полюсного прилива,,,,Operational
bufr4/3/12/052/1/011002,12,Категория 12 — Последовательности сводок по одному уровню,312052,,,011002,Скорость ветра,,,,Operational
bufr4/3/12/052/1/025126,12,Категория 12 — Последовательности сводок по одному уровню,312052,,,025126,Поправка на сухую тропосферу в модели,,,,Operational
bufr4/3/12/052/1/025127,12,Категория 12 — Последовательности сводок по одному уровню,312052,,,025127,Барометрическая поправка,,,,Operational
bufr4/3/12/052/1/025128,12,Категория 12 — Последовательности сводок по одному уровню,312052,,,025128,Поправка на влажную тропосферу в модели,,,,Operational
bufr4/3/12/052/1/025129,12,Категория 12 — Последовательности сводок по одному уровню,312052,,,025129,"Поправка на влажную тропосферу в модели, полученная MWR",,,,Operational
bufr4/3/12/052/1/025130,12,Категория 12 — Последовательности сводок по одному уровню,312052,,,025130,Ионосферная поправка RA2 в полосе частот Ku,,,,Operational
bufr4/3/12/052/1/025131,12,Категория 12 — Последовательности сводок по одному уровню,312052,,,025131,Ионосферная поправка по Дорису в полосе частот Ku,,,,Operational
bufr4/3/12/052/1/025132,12,Категория 12 — Последовательности сводок по одному уровню,312052,,,025132,Ионосферная поправка по модели в полосе частот Ku,,,,Operational
bufr4/3/12/052/1/025133,12,Категория 12 — Последовательности сводок по одному уровню,312052,,,025133,Коррекция смещенности данных о состоянии моря в полосе частот Ku,,,,Operational
bufr4/3/12/052/1/025134,12,Категория 12 — Последовательности сводок по одному уровню,312052,,,025134,Ионосферная поправка RА2 в полосе частот S,,,,Operational
bufr4/3/12/052/1/025135,12,Категория 12 — Последовательности сводок по одному уровню,312052,,,025135,Ионосферная поправка по Дорису в полосе частот S,,,,Operational
bufr4/3/12/052/1/025136,12,Категория 12 — Последовательности сводок по одному уровню,312052,,,025136,Ионосферная поправка по модели в полосе частот S,,,,Operational
bufr4/3/12/052/1/025137,12,Категория 12 — Последовательности сводок по одному уровню,312052,,,025137,Коррекция смещенности данных о состоянии моря в полосе частот S,,,,Operational
bufr4/3/12/052/1/013096,12,Категория 12 — Последовательности сводок по одному уровню,312052,,,013096,Содержание водяных паров по данным MWR,,,,Operational
bufr4/3/12/052/1/013097,12,Категория 12 — Последовательности сводок по одному уровню,312052,,,013097,Содержание жидкой воды по данным MWR,,,,Operational
bufr4/3/12/052/1/011095,12,Категория 12 — Последовательности сводок по одному уровню,312052,,,011095,"Компонента u вектора ветра, используемого в модели",,,,Operational
bufr4/3/12/052/1/011096,12,Категория 12 — Последовательности сводок по одному уровню,312052,,,011096,"Компонента v вектора ветра, используемого в модели",,,,Operational
bufr4/3/12/052/1/012188,12,Категория 12 — Последовательности сводок по одному уровню,312052,,,012188,"Интерполированная 23,8 ГГц яркостная температура, полученная MWR",,,,Operational
bufr4/3/12/052/1/012189,12,Категория 12 — Последовательности сводок по одному уровню,312052,,,012189,"Интерполированная 36,5 ГГц яркостная температура, полученная MWR",,,,Operational
bufr4/3/12/052/1/002158,12,Категория 12 — Последовательности сводок по одному уровню,312052,,,002158,Прибор RA-2,,,,Operational
bufr4/3/12/052/1/002159,12,Категория 12 — Последовательности сводок по одному уровню,312052,,,002159,Прибор MWR,,,,Operational
bufr4/3/12/052/1/033052,12,Категория 12 — Последовательности сводок по одному уровню,312052,,,033052,Качество вторичного прослеживания океана в полосе частот S,,,,Operational
bufr4/3/12/052/1/033053,12,Категория 12 — Последовательности сводок по одному уровню,312052,,,033053,Качество вторичного прослеживания океана в полосе частот Ku,,,,Operational
bufr4/3/12/052/1/021143,12,Категория 12 — Последовательности сводок по одному уровню,312052,,,021143,Ослабление из-за дождя сигнала в полосе частот Ku,,,,Operational
bufr4/3/12/052/1/021144,12,Категория 12 — Последовательности сводок по одному уровню,312052,,,021144,Флаг дождя при работе альтиметра,,,,Operational
bufr4/3/12/053/1/001007,12,Категория 12 — Последовательности сводок по одному уровню,312053,(Спектр волн в океане),,001007,Указатель спутника,,,,Operational
bufr4/3/12/053/1/002019,12,Категория 12 — Последовательности сводок по одному уровню,312053,(Спектр волн в океане),,002019,Спутниковые приборы,,,,Operational
bufr4/3/12/053/1/001096,12,Категория 12 — Последовательности сводок по одному уровню,312053,(Спектр волн в океане),,001096,Станция приема,,,,Operational
bufr4/3/12/053/1/025061,12,Категория 12 — Последовательности сводок по одному уровню,312053,(Спектр волн в океане),,025061,Идентификация программного обеспечения и номер его версии,,,,Operational
bufr4/3/12/053/1/005040,12,Категория 12 — Последовательности сводок по одному уровню,312053,(Спектр волн в океане),,005040,Номер орбиты,,,,Operational
bufr4/3/12/053/1/008075,12,Категория 12 — Последовательности сводок по одному уровню,312053,(Спектр волн в океане),,008075,Описатель восходящей/нисходящей орбиты,,,,Operational
bufr4/3/12/053/1/301011,12,Категория 12 — Последовательности сводок по одному уровню,312053,(Спектр волн в океане),,301011,"Год, месяц, день I.2 — Табл. D BUFR/12 — 11",(продолж.),,,Operational
bufr4/3/12/053/1/301013,12,Категория 12 — Последовательности сводок по одному уровню,312053,,,301013,"Час, минута, секунда",,,,Operational
bufr4/3/12/053/1/301021,12,Категория 12 — Последовательности сводок по одному уровню,312053,,,301021,Широта/долгота (высокая точность),,,,Operational
bufr4/3/12/053/1/001012,12,Категория 12 — Последовательности сводок по одному уровню,312053,,,001012,Направление движения подвижной наблюдательной платформы,,,,Operational
bufr4/3/12/053/1/201131,12,Категория 12 — Последовательности сводок по одному уровню,312053,,,201131,Изменить длину данных,,,,Operational
bufr4/3/12/053/1/001013,12,Категория 12 — Последовательности сводок по одному уровню,312053,,,001013,Скорость движения подвижной наблюдательной платформы,,,,Operational
bufr4/3/12/053/1/201000,12,Категория 12 — Последовательности сводок по одному уровню,312053,,,201000,Изменить длину данных Отмена,,,,Operational
bufr4/3/12/053/1/010032,12,Категория 12 — Последовательности сводок по одному уровню,312053,,,010032,Расстояние от спутника до центра Земли,,,,Operational
bufr4/3/12/053/1/010033,12,Категория 12 — Последовательности сводок по одному уровню,312053,,,010033,Высота (платформы над эллипсоидом),,,,Operational
bufr4/3/12/053/1/010034,12,Категория 12 — Последовательности сводок по одному уровню,312053,,,010034,Радиус Земли,,,,Operational
bufr4/3/12/053/1/007002,12,Категория 12 — Последовательности сводок по одному уровню,312053,,,007002,Высота или высота над уровнем моря,,,,Operational
bufr4/3/12/053/1/008012,12,Категория 12 — Последовательности сводок по одному уровню,312053,,,008012,Описатель суши/моря,,,,Operational
bufr4/3/12/053/1/025110,12,Категория 12 — Последовательности сводок по одному уровню,312053,,,025110,Краткая сводка об обработке изображения,,,,Operational
bufr4/3/12/053/1/025111,12,Категория 12 — Последовательности сводок по одному уровню,312053,,,025111,Число пропусков во входных данных,,,,Operational
bufr4/3/12/053/1/025102,12,Категория 12 — Последовательности сводок по одному уровню,312053,,,025102,"Число пропущенных линий, не считая пропусков во входных данных",,,,Operational
bufr4/3/12/053/1/002104,12,Категория 12 — Последовательности сводок по одному уровню,312053,,,002104,Поляризация антенны,,,,Operational
bufr4/3/12/053/1/025103,12,Категория 12 — Последовательности сводок по одному уровню,312053,,,025103,Число элементов разрешения по направлению,,,,Operational
bufr4/3/12/053/1/025104,12,Категория 12 — Последовательности сводок по одному уровню,312053,,,025104,Число элементов разрешения по длине волны,,,,Operational
bufr4/3/12/053/1/025105,12,Категория 12 — Последовательности сводок по одному уровню,312053,,,025105,Первый элемент разрешения по направлению,,,,Operational
bufr4/3/12/053/1/025106,12,Категория 12 — Последовательности сводок по одному уровню,312053,,,025106,Шаг элементов разрешения по направлению,,,,Operational
bufr4/3/12/053/1/025107,12,Категория 12 — Последовательности сводок по одному уровню,312053,,,025107,Первый элемент разрешения по длине волны,,,,Operational
bufr4/3/12/053/1/025108,12,Категория 12 — Последовательности сводок по одному уровню,312053,,,025108,Последний элемент разрешения по длине волны,,,,Operational
bufr4/3/12/053/1/011001,12,Категория 12 — Последовательности сводок по одному уровню,312053,,,011001,Направление ветра,,,,Operational
bufr4/3/12/053/1/011002,12,Категория 12 — Последовательности сводок по одному уровню,312053,,,011002,Скорость ветра,,,,Operational
bufr4/3/12/053/1/022160,12,Категория 12 — Последовательности сводок по одному уровню,312053,,,022160,Обратное нормированное значение возраста волны,,,,Operational
bufr4/3/12/053/1/025138,12,Категория 12 — Последовательности сводок по одному уровню,312053,,,025138,Среднее отношение сигнал/шум,,,,Operational
bufr4/3/12/053/1/201130,12,Категория 12 — Последовательности сводок по одному уровню,312053,,,201130,Изменить длину данных,,,,Operational
bufr4/3/12/053/1/202129,12,Категория 12 — Последовательности сводок по одному уровню,312053,,,202129,Изменить масштаб,,,,Operational
bufr4/3/12/053/1/022021,12,Категория 12 — Последовательности сводок по одному уровню,312053,,,022021,Высота волн,,,,Operational
bufr4/3/12/053/1/202000,12,Категория 12 — Последовательности сводок по одному уровню,312053,,,202000,Изменить масштаб Отмена,,,,Operational
bufr4/3/12/053/2/201000,12,Категория 12 — Последовательности сводок по одному уровню,312053,,,201000,Изменить длину данных Отмена,,,,Operational
bufr4/3/12/053/1/033048,12,Категория 12 — Последовательности сводок по одному уровню,312053,,,033048,Степени достоверности инверсии SAR,,,,Operational
bufr4/3/12/053/1/033049,12,Категория 12 — Последовательности сводок по одному уровню,312053,,,033049,Достоверность полученного значения ветра,,,,Operational
bufr4/3/12/053/1/002026,12,Категория 12 — Последовательности сводок по одному уровню,312053,,,002026,Разрешение между строками сканирования,,,,Operational
bufr4/3/12/053/1/002027,12,Категория 12 — Последовательности сводок по одному уровню,312053,,,002027,Разрешение вдоль строки сканирования,,,,Operational
bufr4/3/12/053/1/021130,12,Категория 12 — Последовательности сводок по одному уровню,312053,,,021130,Полная энергия спектра,,,,Operational
bufr4/3/12/053/1/021131,12,Категория 12 — Последовательности сводок по одному уровню,312053,,,021131,Максимум энергии в спектре,,,,Operational
bufr4/3/12/053/1/021132,12,Категория 12 — Последовательности сводок по одному уровню,312053,,,021132,"Направление, в котором достигается максимальная энергия спектра на решетке с бóльшим разрешением",,,,Operational
bufr4/3/12/053/1/021133,12,Категория 12 — Последовательности сводок по одному уровню,312053,,,021133,"Длина волны, на которой достигается максимальная энергия спектра на решетке с бóльшим разрешением",,,,Operational
bufr4/3/12/053/1/025014,12,Категория 12 — Последовательности сводок по одному уровню,312053,,,025014,Азимут отсечения помех,,,,Operational
bufr4/3/12/053/1/106036,12,Категория 12 — Последовательности сводок по одному уровню,312053,,,106036,Повторить 6 дескрипторов 36 раз,,,,Operational
bufr4/3/12/053/1/005030,12,Категория 12 — Последовательности сводок по одному уровню,312053,,,005030,Направление (спектральное),,,,Operational
bufr4/3/12/053/1/104024,12,Категория 12 — Последовательности сводок по одному уровню,312053,,,104024,Повторить 4 дескриптора 24 раза,,,,Operational
bufr4/3/12/053/2/201130,12,Категория 12 — Последовательности сводок по одному уровню,312053,,,201130,Изменить длину данных,,,,Operational
bufr4/3/12/053/1/006030,12,Категория 12 — Последовательности сводок по одному уровню,312053,,,006030,Волновое число (спектральное),,,,Operational
bufr4/3/12/053/3/201000,12,Категория 12 — Последовательности сводок по одному уровню,312053,,,201000,Изменить длину данных Отмена,,,,Operational
bufr4/3/12/053/1/022161,12,Категория 12 — Последовательности сводок по одному уровню,312053,,,022161,Спектр длин волн,,,,Operational
bufr4/3/12/053/1/033044,12,Категория 12 — Последовательности сводок по одному уровню,312053,,,033044,Информация о качестве ASAR,,,,Operational
bufr4/3/12/055/1/005033,12,Категория 12 — Последовательности сводок по одному уровню,312055,(Информация ячейки уровня 1b АSCAT),,005033,Размер элемента изображения на горизонтали – 1,,,,Operational
bufr4/3/12/055/1/005040,12,Категория 12 — Последовательности сводок по одному уровню,312055,(Информация ячейки уровня 1b АSCAT),,005040,Номер орбиты,,,,Operational
bufr4/3/12/055/1/006034,12,Категория 12 — Последовательности сводок по одному уровню,312055,(Информация ячейки уровня 1b АSCAT),,006034,"Номер ячейки, расположенной поперек траектории",(продолж.),,,Operational
bufr4/3/12/055/1/010095,12,Категория 12 — Последовательности сводок по одному уровню,312055,,,010095,Используемая высота атмосферы,,,,Operational
bufr4/3/12/055/1/021157,12,Категория 12 — Последовательности сводок по одному уровню,312055,,,021157,Потеря на используемую единицу длины атмосферы,,,,Operational
bufr4/3/12/056/1/025060,12,Категория 12 — Последовательности сводок по одному уровню,312056,(Информация ячейки ветра рефлектометра),,025060,Идентификация программного обеспечения,,,,Operational
bufr4/3/12/056/1/001032,12,Категория 12 — Последовательности сводок по одному уровню,312056,(Информация ячейки ветра рефлектометра),,001032,Применение продукции,,,,Operational
bufr4/3/12/056/1/011082,12,Категория 12 — Последовательности сводок по одному уровню,312056,(Информация ячейки ветра рефлектометра),,011082,"Скорость ветра на высоте 10 м, полученная по модели",,,,Operational
bufr4/3/12/056/1/011081,12,Категория 12 — Последовательности сводок по одному уровню,312056,(Информация ячейки ветра рефлектометра),,011081,"Направление ветра на высоте 10 м, полученное по модели",,,,Operational
bufr4/3/12/056/1/020095,12,Категория 12 — Последовательности сводок по одному уровню,312056,(Информация ячейки ветра рефлектометра),,020095,Вероятность льда,,,,Operational
bufr4/3/12/056/1/020096,12,Категория 12 — Последовательности сводок по одному уровню,312056,(Информация ячейки ветра рефлектометра),,020096,Возраст льда (параметр “A”),,,,Operational
bufr4/3/12/056/1/021155,12,Категория 12 — Последовательности сводок по одному уровню,312056,(Информация ячейки ветра рефлектометра),,021155,Качество ячейки вектора ветра,,,,Operational
bufr4/3/12/056/1/201133,12,Категория 12 — Последовательности сводок по одному уровню,312056,(Информация ячейки ветра рефлектометра),,201133,Изменить длину данных Увеличить длину данных на 5 бит,,,,Operational
bufr4/3/12/056/1/021101,12,Категория 12 — Последовательности сводок по одному уровню,312056,(Информация ячейки ветра рефлектометра),,021101,Число неопределенностей вектора,,,,Operational
bufr4/3/12/056/1/021102,12,Категория 12 — Последовательности сводок по одному уровню,312056,(Информация ячейки ветра рефлектометра),,021102,Индекс выбранного вектора ветра,,,,Operational
bufr4/3/12/056/1/201000,12,Категория 12 — Последовательности сводок по одному уровню,312056,(Информация ячейки ветра рефлектометра),,201000,Изменить длину данных Отмена,,,,Operational
bufr4/3/12/057/1/201130,12,Категория 12 — Последовательности сводок по одному уровню,312057,(Неопределенные данные о ветре),,201130,Изменить длину данных Увеличить длину данных на 2 бита,,,,Operational
bufr4/3/12/057/1/202129,12,Категория 12 — Последовательности сводок по одному уровню,312057,(Неопределенные данные о ветре),,202129,Увеличить масшта-Изменить масштаб бирование на 10,1,,,Operational
bufr4/3/12/057/1/011012,12,Категория 12 — Последовательности сводок по одному уровню,312057,(Неопределенные данные о ветре),,011012,Скорость ветра на высоте 10 м,,,,Operational
bufr4/3/12/057/1/202000,12,Категория 12 — Последовательности сводок по одному уровню,312057,(Неопределенные данные о ветре),,202000,Изменить масштаб Отмена,,,,Operational
bufr4/3/12/057/1/201000,12,Категория 12 — Последовательности сводок по одному уровню,312057,(Неопределенные данные о ветре),,201000,Изменить длину данных Отмена,,,,Operational
bufr4/3/12/057/1/201131,12,Категория 12 — Последовательности сводок по одному уровню,312057,(Неопределенные данные о ветре),,201131,Изменить длину данных Увеличить длину данных на 3 бита,,,,Operational
bufr4/3/12/057/2/202129,12,Категория 12 — Последовательности сводок по одному уровню,312057,(Неопределенные данные о ветре),,202129,Увеличить масшта-Изменить масштаб бирование на 10,1,,,Operational
bufr4/3/12/057/1/011011,12,Категория 12 — Последовательности сводок по одному уровню,312057,(Неопределенные данные о ветре),,011011,Направление ветра на высоте 10 м,,,,Operational
bufr4/3/12/057/2/202000,12,Категория 12 — Последовательности сводок по одному уровню,312057,(Неопределенные данные о ветре),,202000,Изменить масштаб Отмена,,,,Operational
bufr4/3/12/057/2/201000,12,Категория 12 — Последовательности сводок по одному уровню,312057,(Неопределенные данные о ветре),,201000,Изменить длину данных Отмена,,,,Operational
bufr4/3/12/057/1/021156,12,Категория 12 — Последовательности сводок по одному уровню,312057,(Неопределенные данные о ветре),,021156,Расстояние обратного рассеяния,,,,Operational
bufr4/3/12/057/1/021104,12,Категория 12 — Последовательности сводок по одному уровню,312057,(Неопределенные данные о ветре),,021104,"Правдоподобие, вычисленное для решения",,,,Operational
bufr4/3/12/058/1/301125,12,Категория 12 — Последовательности сводок по одному уровню,312058,(Данные уровня 1b АSCAT),,301125,Информация заголовка АSCAT,,,,Operational
bufr4/3/12/058/1/301011,12,Категория 12 — Последовательности сводок по одному уровню,312058,(Данные уровня 1b АSCAT),,301011,"Год, месяц, день",,,,Operational
bufr4/3/12/058/1/301013,12,Категория 12 — Последовательности сводок по одному уровню,312058,(Данные уровня 1b АSCAT),,301013,"Час, минута, секунда",,,,Operational
bufr4/3/12/058/1/301021,12,Категория 12 — Последовательности сводок по одному уровню,312058,(Данные уровня 1b АSCAT),,301021,Широта/долгота (высокая точность),,,,Operational
bufr4/3/12/058/1/312055,12,Категория 12 — Последовательности сводок по одному уровню,312058,(Данные уровня 1b АSCAT),,312055,Информация ячейки уровня 1b АSCAT,,,,Operational
bufr4/3/12/058/1/021150,12,Категория 12 — Последовательности сводок по одному уровню,312058,(Данные уровня 1b АSCAT),,021150,Совместное положение луча,,,,Operational
bufr4/3/12/058/1/101003,12,Категория 12 — Последовательности сводок по одному уровню,312058,(Данные уровня 1b АSCAT),,101003,Повторить 1 дескриптор 3 раза,,,,Operational
bufr4/3/12/058/1/321030,12,Категория 12 — Последовательности сводок по одному уровню,312058,(Данные уровня 1b АSCAT),,321030,Информация о параметре сигма-0 АSCAT,,,,Operational
bufr4/3/12/059/1/312056,12,Категория 12 — Последовательности сводок по одному уровню,312059,(Данные рефлектометра о ветре),,312056,Информация ячейки ветра рефлектометра,,,,Operational
bufr4/3/12/059/1/101000,12,Категория 12 — Последовательности сводок по одному уровню,312059,(Данные рефлектометра о ветре),,101000,Повторение с задержкой 1 дескриптора,,,,Operational
bufr4/3/12/059/1/031001,12,Категория 12 — Последовательности сводок по одному уровню,312059,(Данные рефлектометра о ветре),,031001,Коэффициент повторения дескриптора с задержкой,,,,Operational
bufr4/3/12/059/1/312057,12,Категория 12 — Последовательности сводок по одному уровню,312059,(Данные рефлектометра о ветре),,312057,Неоднозначные данные о ветре,,,,Operational
bufr4/3/12/060/1/025060,12,Категория 12 — Последовательности сводок по одному уровню,312060,(Данные рефлектометра о влажности почвы),,025060,Идентификация программного обеспечения,,,,Operational
bufr4/3/12/060/1/025062,12,Категория 12 — Последовательности сводок по одному уровню,312060,(Данные рефлектометра о влажности почвы),,025062,Идентификация базы данных,,,,Operational
bufr4/3/12/060/1/040001,12,Категория 12 — Последовательности сводок по одному уровню,312060,(Данные рефлектометра о влажности почвы),,040001,Влажность поверхности почвы (мс) I.2 — Табл. D BUFR/12 — 13,(продолж.),,,Operational
bufr4/3/12/060/1/040002,12,Категория 12 — Последовательности сводок по одному уровню,312060,,,040002,Расчетная ошибка во влажности поверхности почвы,,,,Operational
bufr4/3/12/060/1/021062,12,Категория 12 — Последовательности сводок по одному уровню,312060,,,021062,Обратное рассеяние Экстраполиро-ванное обратное рассеяние при угле падения 40 граду-сов (сигма0_40),,,,Operational
bufr4/3/12/060/1/021151,12,Категория 12 — Последовательности сводок по одному уровню,312060,,,021151,Расчетная ошибка в параметре сигма-0 при угле падения 40 градусов,,,,Operational
bufr4/3/12/060/1/021152,12,Категория 12 — Последовательности сводок по одному уровню,312060,,,021152,Наклон при угле падения 40 градусов,,,,Operational
bufr4/3/12/060/1/021153,12,Категория 12 — Последовательности сводок по одному уровню,312060,,,021153,Расчетная ошибка в наклоне при угле падения 40 градусов,,,,Operational
bufr4/3/12/060/1/021154,12,Категория 12 — Последовательности сводок по одному уровню,312060,,,021154,Чувствительность измерений влажности почвы,,,,Operational
bufr4/3/12/060/2/021062,12,Категория 12 — Последовательности сводок по одному уровню,312060,,,021062,Обратное рассеяние Сухое обратное рассеяние,,,,Operational
bufr4/3/12/060/1/021088,12,Категория 12 — Последовательности сводок по одному уровню,312060,,,021088,Влажное обратное рассеяние,,,,Operational
bufr4/3/12/060/1/040003,12,Категория 12 — Последовательности сводок по одному уровню,312060,,,040003,Средняя влажность поверхности почвы,,,,Operational
bufr4/3/12/060/1/040004,12,Категория 12 — Последовательности сводок по одному уровню,312060,,,040004,Обнаружение выпадения дождевых осадков,,,,Operational
bufr4/3/12/060/1/040005,12,Категория 12 — Последовательности сводок по одному уровню,312060,,,040005,Флаг корректировки влажности почвы,,,,Operational
bufr4/3/12/060/1/040006,12,Категория 12 — Последовательности сводок по одному уровню,312060,,,040006,Флаг обработки влажности почвы,,,,Operational
bufr4/3/12/060/1/040007,12,Категория 12 — Последовательности сводок по одному уровню,312060,,,040007,Качество данных о влажности почвы,,,,Operational
bufr4/3/12/060/1/020065,12,Категория 12 — Последовательности сводок по одному уровню,312060,,,020065,Снежный покров,,,,Operational
bufr4/3/12/060/1/040008,12,Категория 12 — Последовательности сводок по одному уровню,312060,,,040008,Доля замерзшей поверхности суши,,,,Operational
bufr4/3/12/060/1/040009,12,Категория 12 — Последовательности сводок по одному уровню,312060,,,040009,Доля затопленных и заболоченных территорий,,,,Operational
bufr4/3/12/060/1/040010,12,Категория 12 — Последовательности сводок по одному уровню,312060,,,040010,Топографическая сложность,,,,Operational
bufr4/3/12/061/1/312058,12,Категория 12 — Последовательности сводок по одному уровню,312061,(Данные уровня 1b и уровня 2 АSCАТ),,312058,Данные уровня 1b АSCAT,,,,Operational
bufr4/3/12/061/1/312060,12,Категория 12 — Последовательности сводок по одному уровню,312061,(Данные уровня 1b и уровня 2 АSCАТ),,312060,Данные рефлектометра о влажности почвы,,,,Operational
bufr4/3/12/061/1/312059,12,Категория 12 — Последовательности сводок по одному уровню,312061,(Данные уровня 1b и уровня 2 АSCАТ),,312059,Данные рефлектометра о ветре,,,,Operational
bufr4/3/12/070/1/001007,12,Категория 12 — Последовательности сводок по одному уровню,312070,(Данные по СМОС),,001007,Указатель спутника,,,,Operational
bufr4/3/12/070/1/002019,12,Категория 12 — Последовательности сводок по одному уровню,312070,(Данные по СМОС),,002019,Спутниковые приборы,,,,Operational
bufr4/3/12/070/1/001144,12,Категория 12 — Последовательности сводок по одному уровню,312070,(Данные по СМОС),,001144,Указатель моментального снимка,,,,Operational
bufr4/3/12/070/1/001124,12,Категория 12 — Последовательности сводок по одному уровню,312070,(Данные по СМОС),,001124,Указатель узлов сетки,,,,Operational
bufr4/3/12/070/1/030010,12,Категория 12 — Последовательности сводок по одному уровню,312070,(Данные по СМОС),,030010,Количество узлов сетки,,,,Operational
bufr4/3/12/070/1/301011,12,Категория 12 — Последовательности сводок по одному уровню,312070,(Данные по СМОС),,301011,"Год, месяц, день",,,,Operational
bufr4/3/12/070/1/301013,12,Категория 12 — Последовательности сводок по одному уровню,312070,(Данные по СМОС),,301013,"Час, минута, секунда",,,,Operational
bufr4/3/12/070/1/301021,12,Категория 12 — Последовательности сводок по одному уровню,312070,(Данные по СМОС),,301021,Широта/долгота (высокая точность),,,,Operational
bufr4/3/12/070/1/007012,12,Категория 12 — Последовательности сводок по одному уровню,312070,(Данные по СМОС),,007012,Высота узлов сетки,,,,Operational
bufr4/3/12/070/1/015012,12,Категория 12 — Последовательности сводок по одному уровню,312070,(Данные по СМОС),,015012,Общее число электронов на квадратный метр,,,,Operational
bufr4/3/12/070/1/012165,12,Категория 12 — Последовательности сводок по одному уровню,312070,(Данные по СМОС),,012165,Яркостная температура прямого солнечного излучения,,,,Operational
bufr4/3/12/070/1/012166,12,Категория 12 — Последовательности сводок по одному уровню,312070,(Данные по СМОС),,012166,Точность моментального снимка,,,,Operational
bufr4/3/12/070/1/012167,12,Категория 12 — Последовательности сводок по одному уровню,312070,(Данные по СМОС),,012167,Радиометрическая точность (чистая поляризация),,,,Operational
bufr4/3/12/070/1/012168,12,Категория 12 — Последовательности сводок по одному уровню,312070,(Данные по СМОС),,012168,Радиометрическая точность (перекрестная поляризация),,,,Operational
bufr4/3/12/070/1/027010,12,Категория 12 — Последовательности сводок по одному уровню,312070,(Данные по СМОС),,027010,Ось 1 зоны покрытия,,,,Operational
bufr4/3/12/070/1/028010,12,Категория 12 — Последовательности сводок по одному уровню,312070,(Данные по СМОС),,028010,Ось 2 зоны покрытия,,,,Operational
bufr4/3/12/070/1/002099,12,Категория 12 — Последовательности сводок по одному уровню,312070,(Данные по СМОС),,002099,Поляризация,,,,Operational
bufr4/3/12/070/1/013048,12,Категория 12 — Последовательности сводок по одному уровню,312070,(Данные по СМОС),,013048,Доля воды,,,,Operational
bufr4/3/12/070/1/025081,12,Категория 12 — Последовательности сводок по одному уровню,312070,(Данные по СМОС),,025081,Угол падения,,,,Operational
bufr4/3/12/070/1/025082,12,Категория 12 — Последовательности сводок по одному уровню,312070,(Данные по СМОС),,025082,Азимутальный угол,,,,Operational
bufr4/3/12/070/1/025083,12,Категория 12 — Последовательности сводок по одному уровню,312070,(Данные по СМОС),,025083,Угол поворота Фарадея,,,,Operational
bufr4/3/12/070/1/025084,12,Категория 12 — Последовательности сводок по одному уровню,312070,(Данные по СМОС),,025084,Геометрический угол поворота,,,,Operational
bufr4/3/12/070/1/012080,12,Категория 12 — Последовательности сводок по одному уровню,312070,(Данные по СМОС),,012080,Действительная часть яркостной температуры,(продолж.),,,Operational
bufr4/3/12/070/1/012081,12,Категория 12 — Последовательности сводок по одному уровню,312070,,,012081,Мнимая часть яркостной температуры,,,,Operational
bufr4/3/12/070/1/012082,12,Категория 12 — Последовательности сводок по одному уровню,312070,,,012082,Радиометрическая точность элемента изображения,,,,Operational
bufr4/3/12/070/1/025174,12,Категория 12 — Последовательности сводок по одному уровню,312070,,,025174,Флаг информации по СМОС,,,,Operational
bufr4/3/12/070/1/033028,12,Категория 12 — Последовательности сводок по одному уровню,312070,,,033028,Общее качество моментального снимка,,,,Operational
bufr4/3/12/071/1/001007,12,Категория 12 — Последовательности сводок по одному уровню,312071,"(Альтиметр SIRAL, установленный на CryoSat-2)",,001007,Указатель спутника,,,,Operational
bufr4/3/12/071/1/002019,12,Категория 12 — Последовательности сводок по одному уровню,312071,"(Альтиметр SIRAL, установленный на CryoSat-2)",,002019,Спутниковые приборы,,,,Operational
bufr4/3/12/071/1/002139,12,Категория 12 — Последовательности сводок по одному уровню,312071,"(Альтиметр SIRAL, установленный на CryoSat-2)",,002139,Компановка приборов SIRAL,,,,Operational
bufr4/3/12/071/1/001096,12,Категория 12 — Последовательности сводок по одному уровню,312071,"(Альтиметр SIRAL, установленный на CryoSat-2)",,001096,Станция приема Название станции приема,,,,Operational
bufr4/3/12/071/1/001040,12,Категория 12 — Последовательности сводок по одному уровню,312071,"(Альтиметр SIRAL, установленный на CryoSat-2)",,001040,Код-идентификатор центра обработки данных,,,,Operational
bufr4/3/12/071/1/025061,12,Категория 12 — Последовательности сводок по одному уровню,312071,"(Альтиметр SIRAL, установленный на CryoSat-2)",,025061,Идентификация программного обеспечения и номер версии,,,,Operational
bufr4/3/12/071/1/005040,12,Категория 12 — Последовательности сводок по одному уровню,312071,"(Альтиметр SIRAL, установленный на CryoSat-2)",,005040,Номер орбиты,,,,Operational
bufr4/3/12/071/1/005044,12,Категория 12 — Последовательности сводок по одному уровню,312071,"(Альтиметр SIRAL, установленный на CryoSat-2)",,005044,Номер цикла оборота спутника,,,,Operational
bufr4/3/12/071/1/008075,12,Категория 12 — Последовательности сводок по одному уровню,312071,"(Альтиметр SIRAL, установленный на CryoSat-2)",,008075,Определитель восходящей/нисходящей орбиты,,,,Operational
bufr4/3/12/071/1/008077,12,Категория 12 — Последовательности сводок по одному уровню,312071,"(Альтиметр SIRAL, установленный на CryoSat-2)",,008077,"Тип поверхности, зондируемой радиометром",,,,Operational
bufr4/3/12/071/1/004001,12,Категория 12 — Последовательности сводок по одному уровню,312071,"(Альтиметр SIRAL, установленный на CryoSat-2)",,004001,Год,,,,Operational
bufr4/3/12/071/1/004002,12,Категория 12 — Последовательности сводок по одному уровню,312071,"(Альтиметр SIRAL, установленный на CryoSat-2)",,004002,Месяц,,,,Operational
bufr4/3/12/071/1/004003,12,Категория 12 — Последовательности сводок по одному уровню,312071,"(Альтиметр SIRAL, установленный на CryoSat-2)",,004003,День,,,,Operational
bufr4/3/12/071/1/004004,12,Категория 12 — Последовательности сводок по одному уровню,312071,"(Альтиметр SIRAL, установленный на CryoSat-2)",,004004,Час,,,,Operational
bufr4/3/12/071/1/004005,12,Категория 12 — Последовательности сводок по одному уровню,312071,"(Альтиметр SIRAL, установленный на CryoSat-2)",,004005,Минута,,,,Operational
bufr4/3/12/071/1/004006,12,Категория 12 — Последовательности сводок по одному уровню,312071,"(Альтиметр SIRAL, установленный на CryoSat-2)",,004006,Секунда,,,,Operational
bufr4/3/12/071/1/005001,12,Категория 12 — Последовательности сводок по одному уровню,312071,"(Альтиметр SIRAL, установленный на CryoSat-2)",,005001,Широта (высокая точность),,,,Operational
bufr4/3/12/071/1/006001,12,Категория 12 — Последовательности сводок по одному уровню,312071,"(Альтиметр SIRAL, установленный на CryoSat-2)",,006001,Долгота (высокая точность),,,,Operational
bufr4/3/12/071/1/010081,12,Категория 12 — Последовательности сводок по одному уровню,312071,"(Альтиметр SIRAL, установленный на CryoSat-2)",,010081,Высота центра тяжести (COG) над референс-эллипсоидом,,,,Operational
bufr4/3/12/071/1/022156,12,Категория 12 — Последовательности сводок по одному уровню,312071,"(Альтиметр SIRAL, установленный на CryoSat-2)",,022156,Высота значительной волны в полосе частот Ku,,,,Operational
bufr4/3/12/071/1/022142,12,Категория 12 — Последовательности сводок по одному уровню,312071,"(Альтиметр SIRAL, установленный на CryoSat-2)",,022142,Квадрат высоты значительной волны,,,,Operational
bufr4/3/12/071/1/101020,12,Категория 12 — Последовательности сводок по одному уровню,312071,"(Альтиметр SIRAL, установленный на CryoSat-2)",,101020,Повторить 1 дескриптор 20 раз,,,,Operational
bufr4/3/12/071/1/022149,12,Категория 12 — Последовательности сводок по одному уровню,312071,"(Альтиметр SIRAL, установленный на CryoSat-2)",,022149,Высота значительной волны (20 Гц) в квадрате,,,,Operational
bufr4/3/12/071/1/022143,12,Категория 12 — Последовательности сводок по одному уровню,312071,"(Альтиметр SIRAL, установленный на CryoSat-2)",,022143,СТО* высоты значительной волны (20 Гц) — в квадрате,,,,Operational
bufr4/3/12/071/1/022144,12,Категория 12 — Последовательности сводок по одному уровню,312071,"(Альтиметр SIRAL, установленный на CryoSat-2)",,022144,Количество (20 Гц) годных точек для высоты значительной волны в квадрате,,,,Operational
bufr4/3/12/071/1/021137,12,Категория 12 — Последовательности сводок по одному уровню,312071,"(Альтиметр SIRAL, установленный на CryoSat-2)",,021137,Скорректированный коэффициент обратного рассеяния поверхностью океана в полосе частот Ku,,,,Operational
bufr4/3/12/071/2/101020,12,Категория 12 — Последовательности сводок по одному уровню,312071,"(Альтиметр SIRAL, установленный на CryoSat-2)",,101020,Повторить 1 дескриптор 20 раз,,,,Operational
bufr4/3/12/071/1/021181,12,Категория 12 — Последовательности сводок по одному уровню,312071,"(Альтиметр SIRAL, установленный на CryoSat-2)",,021181,Коэффициент обратного рассеяния поверхностью океана (20 Гц),,,,Operational
bufr4/3/12/071/1/021138,12,Категория 12 — Последовательности сводок по одному уровню,312071,"(Альтиметр SIRAL, установленный на CryoSat-2)",,021138,СТО* скорректированного коэффициента обратного рассеяния поверхностью океана в полосе частот,,,,Operational
bufr4/3/12/071/1/021180,12,Категория 12 — Последовательности сводок по одному уровню,312071,"(Альтиметр SIRAL, установленный на CryoSat-2)",,021180,Количество (20 Гц) годных точек для коэффициента обратного рассеяния поверхностью океана,,,,Operational
bufr4/3/12/071/1/021177,12,Категория 12 — Последовательности сводок по одному уровню,312071,"(Альтиметр SIRAL, установленный на CryoSat-2)",,021177,"Коэффициент обратного рассеяния, скорректированный с учетом OCOG**",,,,Operational
bufr4/3/12/071/1/021178,12,Категория 12 — Последовательности сводок по одному уровню,312071,"(Альтиметр SIRAL, установленный на CryoSat-2)",,021178,СТО* коэффициента обратного рассеяния (на частоте 20 Гц) с учетом OCOG**,,,,Operational
bufr4/3/12/071/1/021179,12,Категория 12 — Последовательности сводок по одному уровню,312071,"(Альтиметр SIRAL, установленный на CryoSat-2)",,021179,Количество (20 Гц) годных точек для коэффициента обратного рассеяния с учетом OCOG**,,,,Operational
bufr4/3/12/071/1/010079,12,Категория 12 — Последовательности сводок по одному уровню,312071,"(Альтиметр SIRAL, установленный на CryoSat-2)",,010079,Отклонение спутника от надира по данным с платформы,,,,Operational
bufr4/3/12/071/1/010085,12,Категория 12 — Последовательности сводок по одному уровню,312071,"(Альтиметр SIRAL, установленный на CryoSat-2)",,010085,Средняя высота поверхности моря,,,,Operational
bufr4/3/12/071/1/010086,12,Категория 12 — Последовательности сводок по одному уровню,312071,"(Альтиметр SIRAL, установленный на CryoSat-2)",,010086,Высота геоида,,,,Operational
bufr4/3/12/071/1/010087,12,Категория 12 — Последовательности сводок по одному уровню,312071,"(Альтиметр SIRAL, установленный на CryoSat-2)",,010087,Глубина океана/высота суши над уровнем моря I.2 — Табл. D BUFR/12 — 15,(продолж.),,,Operational
bufr4/3/12/071/1/010089,12,Категория 12 — Последовательности сводок по одному уровню,312071,,,010089,Геоцентрическая высота полного океанического прилива (решение 2),,,,Operational
bufr4/3/12/071/1/010090,12,Категория 12 — Последовательности сводок по одному уровню,312071,,,010090,Высота долгопериодного прилива,,,,Operational
bufr4/3/12/071/1/010091,12,Категория 12 — Последовательности сводок по одному уровню,312071,,,010091,Высота приливной нагрузки,,,,Operational
bufr4/3/12/071/1/010092,12,Категория 12 — Последовательности сводок по одному уровню,312071,,,010092,Высота приливно-отливных явлений твердой оболочки Земли,,,,Operational
bufr4/3/12/071/1/010093,12,Категория 12 — Последовательности сводок по одному уровню,312071,,,010093,Геоцентрическая высота полюсного прилива,,,,Operational
bufr4/3/12/071/1/011097,12,Категория 12 — Последовательности сводок по одному уровню,312071,,,011097,Скорость ветра на данным альтиметра,,,,Operational
bufr4/3/12/071/1/021093,12,Категория 12 — Последовательности сводок по одному уровню,312071,,,021093,Максимальные значения в полосе Ku Средняя величина значений 20 Гц,,,,Operational
bufr4/3/12/071/3/101020,12,Категория 12 — Последовательности сводок по одному уровню,312071,,,101020,Повторить 1 дескриптор 20 раз,,,,Operational
bufr4/3/12/071/1/021182,12,Категория 12 — Последовательности сводок по одному уровню,312071,,,021182,Максимальные значения (20 Гц) в полосе частот Ku 20 значений,,,,Operational
bufr4/3/12/071/1/033053,12,Категория 12 — Последовательности сводок по одному уровню,312071,,,033053,Качество слежения над океаном в полосе частот Ku,,,,Operational
bufr4/3/12/071/1/022151,12,Категория 12 — Последовательности сводок по одному уровню,312071,,,022151,Диапазон данных по океану в полосе частот Ku,,,,Operational
bufr4/3/12/071/1/022145,12,Категория 12 — Последовательности сводок по одному уровню,312071,,,022145,СТО* (20 Гц) значений данных по океану,,,,Operational
bufr4/3/12/071/1/022148,12,Категория 12 — Последовательности сводок по одному уровню,312071,,,022148,Количество (20 Гц) годных точек для данных по океану,,,,Operational
bufr4/3/12/071/1/022146,12,Категория 12 — Последовательности сводок по одному уровню,312071,,,022146,Диапазон OCOG**,,,,Operational
bufr4/3/12/071/1/022147,12,Категория 12 — Последовательности сводок по одному уровню,312071,,,022147,СТО* по диапазону OCOG* (20 Гц),,,,Operational
bufr4/3/12/071/1/025126,12,Категория 12 — Последовательности сводок по одному уровню,312071,,,025126,Поправка на сухую тропосферу в модели,,,,Operational
bufr4/3/12/071/1/025128,12,Категория 12 — Последовательности сводок по одному уровню,312071,,,025128,Поправка на влажную тропосферу в модели,,,,Operational
bufr4/3/12/071/1/025127,12,Категория 12 — Последовательности сводок по одному уровню,312071,,,025127,Барометрическая поправка,,,,Operational
bufr4/3/12/071/1/021176,12,Категория 12 — Последовательности сводок по одному уровню,312071,,,021176,Поправка на высокочастотную изменчивость,,,,Operational
bufr4/3/12/071/1/025132,12,Категория 12 — Последовательности сводок по одному уровню,312071,,,025132,Ионосферная поправка по модели в полосе частот Ku,,,,Operational
bufr4/3/12/071/1/025133,12,Категория 12 — Последовательности сводок по одному уровню,312071,,,025133,Коррекция смещенности данных о состоянии моря в полосе частот Ku,,,,Operational
bufr4/3/12/071/1/025182,12,Категория 12 — Последовательности сводок по одному уровню,312071,,,025182,Флаг обработки данных L1,,,,Operational
bufr4/3/12/071/1/025183,12,Категория 12 — Последовательности сводок по одному уровню,312071,,,025183,Качество обработки данных L1,,,,Operational
bufr4/3/12/071/1/025180,12,Категория 12 — Последовательности сводок по одному уровню,312071,,,025180,Процентное отношение моды LRM***,,,,Operational
bufr4/3/12/071/1/025184,12,Категория 12 — Последовательности сводок по одному уровню,312071,,,025184,Статус продукции L2,,,,Operational
bufr4/3/12/071/1/025181,12,Категория 12 — Последовательности сводок по одному уровню,312071,,,025181,Флаг обработки данных L2,,,,Operational
bufr4/3/12/071/1/033080,12,Категория 12 — Последовательности сводок по одному уровню,312071,,,033080,Качество обра-Флаги качества на уровне сканирования ботки данных L2,,,,Operational
