Id,Category,CategoryOfSequences_ru,FXY1,Title_ru,SubTitle_ru,FXY2,ElementName_ru,ElementDescription_ru,Note_ru,noteIDs,Status
bufr4/3/02/001/1/010004,02,"Категория 02 — Метеорологические последовательности,",302001,(Давление и его изменение за 3 часа),,010004,Давление,Уровень станции,,,Operational
bufr4/3/02/001/1/010051,02,"Категория 02 — Метеорологические последовательности,",302001,(Давление и его изменение за 3 часа),,010051,"Давление, приведенное к среднему уровню моря",,,,Operational
bufr4/3/02/001/1/010061,02,"Категория 02 — Метеорологические последовательности,",302001,(Давление и его изменение за 3 часа),,010061,Изменение давления за 3 часа,,,,Operational
bufr4/3/02/001/1/010063,02,"Категория 02 — Метеорологические последовательности,",302001,(Давление и его изменение за 3 часа),,010063,Характеристика барической тенденции,,,,Operational
bufr4/3/02/002/1/010004,02,"Категория 02 — Метеорологические последовательности,",302002,(Высотная станция),,010004,Давление,Уровень станции,,,Operational
bufr4/3/02/002/1/007004,02,"Категория 02 — Метеорологические последовательности,",302002,(Высотная станция),,007004,Давление,Уровень давления,,,Operational
bufr4/3/02/002/1/010003,02,"Категория 02 — Метеорологические последовательности,",302002,(Высотная станция),,010003,Геопотенциал,Уровень давления,,,Operational
bufr4/3/02/002/1/010061,02,"Категория 02 — Метеорологические последовательности,",302002,(Высотная станция),,010061,Изменение давления за 3 часа,,,,Operational
bufr4/3/02/002/1/010063,02,"Категория 02 — Метеорологические последовательности,",302002,(Высотная станция),,010063,Характеристика барической тенденции,,,,Operational
bufr4/3/02/003/1/011011,02,"Категория 02 — Метеорологические последовательности,",302003,"(Ветер, температура, влажность, видимость, погода)",,011011,Направление ветра на высоте 10 м,,,,Operational
bufr4/3/02/003/1/011012,02,"Категория 02 — Метеорологические последовательности,",302003,"(Ветер, температура, влажность, видимость, погода)",,011012,Скорость ветра на высоте 10 м,,,,Operational
bufr4/3/02/003/1/012004,02,"Категория 02 — Метеорологические последовательности,",302003,"(Ветер, температура, влажность, видимость, погода)",,012004,Температура воздуха на высоте 2 м,,,,Operational
bufr4/3/02/003/1/012006,02,"Категория 02 — Метеорологические последовательности,",302003,"(Ветер, температура, влажность, видимость, погода)",,012006,Температура точки росы на высоте 2 м,,,,Operational
bufr4/3/02/003/1/013003,02,"Категория 02 — Метеорологические последовательности,",302003,"(Ветер, температура, влажность, видимость, погода)",,013003,Относительная влажность,,,,Operational
bufr4/3/02/003/1/020001,02,"Категория 02 — Метеорологические последовательности,",302003,"(Ветер, температура, влажность, видимость, погода)",,020001,Горизонтальная видимость,,,,Operational
bufr4/3/02/003/1/020003,02,"Категория 02 — Метеорологические последовательности,",302003,"(Ветер, температура, влажность, видимость, погода)",,020003,Текущая погода,,,,Operational
bufr4/3/02/003/1/020004,02,"Категория 02 — Метеорологические последовательности,",302003,"(Ветер, температура, влажность, видимость, погода)",,020004,Прошедшая погода (1),,,,Operational
bufr4/3/02/003/1/020005,02,"Категория 02 — Метеорологические последовательности,",302003,"(Ветер, температура, влажность, видимость, погода)",,020005,Прошедшая погода (2),,,,Operational
bufr4/3/02/004/1/020010,02,"Категория 02 — Метеорологические последовательности,",302004,(Общая информация об облачности),,020010,Облачность (общая),,,,Operational
bufr4/3/02/004/1/008002,02,"Категория 02 — Метеорологические последовательности,",302004,(Общая информация об облачности),,008002,Вертикальная значимость (приземные наблюдения),,,,Operational
bufr4/3/02/004/1/020011,02,"Категория 02 — Метеорологические последовательности,",302004,(Общая информация об облачности),,020011,Количество облаков,,,,Operational
bufr4/3/02/004/1/020013,02,"Категория 02 — Метеорологические последовательности,",302004,(Общая информация об облачности),,020013,Высота нижней границы облаков,,,,Operational
bufr4/3/02/004/1/020012,02,"Категория 02 — Метеорологические последовательности,",302004,(Общая информация об облачности),,020012,Тип облачности,,,,Operational
bufr4/3/02/004/2/020012,02,"Категория 02 — Метеорологические последовательности,",302004,(Общая информация об облачности),,020012,Тип облачности,,,,Operational
bufr4/3/02/004/3/020012,02,"Категория 02 — Метеорологические последовательности,",302004,(Общая информация об облачности),,020012,Тип облачности,,,,Operational
bufr4/3/02/005/1/008002,02,"Категория 02 — Метеорологические последовательности,",302005,(Облачный слой),,008002,Вертикальная значимость (приземные наблюдения),,,,Operational
bufr4/3/02/005/1/020011,02,"Категория 02 — Метеорологические последовательности,",302005,(Облачный слой),,020011,Количество облаков,,,,Operational
bufr4/3/02/005/1/020012,02,"Категория 02 — Метеорологические последовательности,",302005,(Облачный слой),,020012,Тип облачности,,,,Operational
bufr4/3/02/005/1/020013,02,"Категория 02 — Метеорологические последовательности,",302005,(Облачный слой),,020013,Высота нижней границы облаков,,,,Operational
bufr4/3/02/006/1/010004,02,"Категория 02 — Метеорологические последовательности,",302006,(Давление и его изменение за 24 часа),,010004,Давление,Уровень станции,,,Operational
bufr4/3/02/006/1/010051,02,"Категория 02 — Метеорологические последовательности,",302006,(Давление и его изменение за 24 часа),,010051,"Давление, приведенное к среднему уровню моря",,,,Operational
bufr4/3/02/006/1/010062,02,"Категория 02 — Метеорологические последовательности,",302006,(Давление и его изменение за 24 часа),,010062,Изменение давления за 24 часа,,,,Operational
bufr4/3/02/006/1/010063,02,"Категория 02 — Метеорологические последовательности,",302006,(Давление и его изменение за 24 часа),,010063,Характеристика барической тенденции,,,,Operational
bufr4/3/02/011/1/302001,02,"Категория 02 — Метеорологические последовательности,",302011,(Низкорасположенная станция),,302001,Давление и изменение давления за 3 часа,,,,Operational
bufr4/3/02/011/1/302003,02,"Категория 02 — Метеорологические последовательности,",302011,(Низкорасположенная станция),,302003,"Ветер, температура, влажность, видимость, погода",,,,Operational
bufr4/3/02/011/1/302004,02,"Категория 02 — Метеорологические последовательности,",302011,(Низкорасположенная станция),,302004,Общая информация об облачности,Значительный слой облачности,,,Operational
bufr4/3/02/012/1/302002,02,"Категория 02 — Метеорологические последовательности,",302012,(Высотная станция),,302002,Высотная станция,Давление и изменение давления,,,Operational
bufr4/3/02/012/1/302003,02,"Категория 02 — Метеорологические последовательности,",302012,(Высотная станция),,302003,"Ветер, температура, влажность, видимость, погода",,,,Operational
bufr4/3/02/012/1/302004,02,"Категория 02 — Метеорологические последовательности,",302012,(Высотная станция),,302004,Общая информация об облачности,Значительный слой облачности,,,Operational
bufr4/3/02/013/1/302006,02,"Категория 02 — Метеорологические последовательности,",302013,(Основная сводка приземных данных),,302006,Давление и изменение давления за 24 часа,,,,Operational
bufr4/3/02/013/1/302003,02,"Категория 02 — Метеорологические последовательности,",302013,(Основная сводка приземных данных),,302003,"Ветер, температура, влажность, видимость, погода",,,,Operational
bufr4/3/02/013/1/101000,02,"Категория 02 — Метеорологические последовательности,",302013,(Основная сводка приземных данных),,101000,Повторение с задержкой 1 дескриптора,,,,Operational
bufr4/3/02/013/1/031001,02,"Категория 02 — Метеорологические последовательности,",302013,(Основная сводка приземных данных),,031001,Коэффициент повторения дескриптора с задержкой,,,,Operational
bufr4/3/02/013/1/302005,02,"Категория 02 — Метеорологические последовательности,",302013,(Основная сводка приземных данных),,302005,Облачный слой,,,,Operational
bufr4/3/02/021/1/022001,02,"Категория 02 — Метеорологические последовательности,",302021,(Волнение),,022001,Направление волн,,,,Operational
bufr4/3/02/021/1/022011,02,"Категория 02 — Метеорологические последовательности,",302021,(Волнение),,022011,Период волн,,,,Operational
bufr4/3/02/021/1/022021,02,"Категория 02 — Метеорологические последовательности,",302021,(Волнение),,022021,Высота волн,,,,Operational
bufr4/3/02/022/1/022002,02,"Категория 02 — Метеорологические последовательности,",302022,(Ветровые волны),,022002,Направление ветровых волн,,,,Operational
bufr4/3/02/022/1/022012,02,"Категория 02 — Метеорологические последовательности,",302022,(Ветровые волны),,022012,Период ветровых волн,,,,Operational
bufr4/3/02/022/1/022022,02,"Категория 02 — Метеорологические последовательности,",302022,(Ветровые волны),,022022,Высота ветровых волн,,,,Operational
bufr4/3/02/023/1/022003,02,"Категория 02 — Метеорологические последовательности,",302023,(Зыбь),,022003,Направление зыби,,,,Operational
bufr4/3/02/023/1/022013,02,"Категория 02 — Метеорологические последовательности,",302023,(Зыбь),,022013,Период зыби,,,,Operational
bufr4/3/02/023/1/022023,02,"Категория 02 — Метеорологические последовательности,",302023,(Зыбь),,022023,Высота зыби,,,,Operational
bufr4/3/02/024/1/302022,02,"Категория 02 — Метеорологические последовательности,",302024,(Ветровые волны и волны зыби),,302022,Ветровые волны,,,,Operational
bufr4/3/02/024/1/101002,02,"Категория 02 — Метеорологические последовательности,",302024,(Ветровые волны и волны зыби),,101002,Повторить 1 дескриптор 2 раза,,,,Operational
bufr4/3/02/024/1/302023,02,"Категория 02 — Метеорологические последовательности,",302024,(Ветровые волны и волны зыби),,302023,Зыбь,2 системы зыби,,,Operational
bufr4/3/02/031/1/302001,02,"Категория 02 — Метеорологические последовательности,",302031,(Информация о давлении),,302001,Давление и его изменение за 3 часа,,,,Operational
bufr4/3/02/031/1/010062,02,"Категория 02 — Метеорологические последовательности,",302031,(Информация о давлении),,010062,Изменение давления за 24 часа,,,,Operational
bufr4/3/02/031/1/007004,02,"Категория 02 — Метеорологические последовательности,",302031,(Информация о давлении),,007004,Давление,Стандартный уровень,,,Operational
bufr4/3/02/031/1/010009,02,"Категория 02 — Метеорологические последовательности,",302031,(Информация о давлении),,010009,Геопотенциальная высота,,,,Operational
bufr4/3/02/032/1/007032,02,"Категория 02 — Метеорологические последовательности,",302032,(Данные о температуре и влажности),,007032,Высота датчика над местной площадкой (или палубой морской платформы),Измерение температуры и влажности,,,Operational
bufr4/3/02/032/1/012101,02,"Категория 02 — Метеорологические последовательности,",302032,(Данные о температуре и влажности),,012101,Температура/температура воздуха,Масштаб: 2,,,Operational
bufr4/3/02/032/1/012103,02,"Категория 02 — Метеорологические последовательности,",302032,(Данные о температуре и влажности),,012103,Температура точки росы,Масштаб: 2,,,Operational
bufr4/3/02/032/1/013003,02,"Категория 02 — Метеорологические последовательности,",302032,(Данные о температуре и влажности),,013003,Относительная влажность,,,,Operational
bufr4/3/02/033/1/007032,02,"Категория 02 — Метеорологические последовательности,",302033,(Данные о видимости),,007032,Высота датчика над местной площадкой (или палубой морской платформы),Измерение видимости,,,Operational
bufr4/3/02/033/1/020001,02,"Категория 02 — Метеорологические последовательности,",302033,(Данные о видимости),,020001,Горизонтальная видимость,,,,Operational
bufr4/3/02/034/1/007032,02,"Категория 02 — Метеорологические последовательности,",302034,(Осадки за последние 24 часа),,007032,Высота датчика над местной площадкой (или палубой морской платформы),Измерение осадков,,,Operational
bufr4/3/02/034/1/013023,02,"Категория 02 — Метеорологические последовательности,",302034,(Осадки за последние 24 часа),,013023,Общее количество осадков за последние 24 часа,,,,Operational
bufr4/3/02/035/1/302032,02,"Категория 02 — Метеорологические последовательности,",302035,(Основные синоптические «мгновенные» данные),,302032,Данные о температуре и влажности,,,,Operational
bufr4/3/02/035/1/302033,02,"Категория 02 — Метеорологические последовательности,",302035,(Основные синоптические «мгновенные» данные),,302033,Данные о видимости,,,,Operational
bufr4/3/02/035/1/302034,02,"Категория 02 — Метеорологические последовательности,",302035,(Основные синоптические «мгновенные» данные),,302034,Осадки за последние 24 часа,,,,Operational
bufr4/3/02/035/1/007032,02,"Категория 02 — Метеорологические последовательности,",302035,(Основные синоптические «мгновенные» данные),,007032,Высота датчика над местной площадкой (или палубой морской платформы),Установлено на отсутствующее значение (отмена),,,Operational
bufr4/3/02/035/1/302004,02,"Категория 02 — Метеорологические последовательности,",302035,(Основные синоптические «мгновенные» данные),,302004,Общая информация об облачности,,,,Operational
bufr4/3/02/035/1/101000,02,"Категория 02 — Метеорологические последовательности,",302035,(Основные синоптические «мгновенные» данные),,101000,Повторение с задержкой 1 дескриптора,,,,Operational
bufr4/3/02/035/1/031001,02,"Категория 02 — Метеорологические последовательности,",302035,(Основные синоптические «мгновенные» данные),,031001,Коэффициент повторения дескриптора с задержкой,,,,Operational
bufr4/3/02/035/1/302005,02,"Категория 02 — Метеорологические последовательности,",302035,(Основные синоптические «мгновенные» данные),,302005,Облачный слой,Отдельный облачный слой или облачная масса,,,Operational
bufr4/3/02/036/1/105000,02,"Категория 02 — Метеорологические последовательности,",302036,(Облака с нижней границей ниже уровня станции),,105000,Повторение с задержкой 5 дескрипторов,,,,Operational
bufr4/3/02/036/1/031001,02,"Категория 02 — Метеорологические последовательности,",302036,(Облака с нижней границей ниже уровня станции),,031001,Коэффициент повторения дескриптора с задержкой,,,,Operational
bufr4/3/02/036/1/008002,02,"Категория 02 — Метеорологические последовательности,",302036,(Облака с нижней границей ниже уровня станции),,008002,Вертикальная значимость (приземные наблюдения),,,,Operational
bufr4/3/02/036/1/020011,02,"Категория 02 — Метеорологические последовательности,",302036,(Облака с нижней границей ниже уровня станции),,020011,Количество облаков,,,,Operational
bufr4/3/02/036/1/020012,02,"Категория 02 — Метеорологические последовательности,",302036,(Облака с нижней границей ниже уровня станции),,020012,Тип облаков,,,,Operational
bufr4/3/02/036/1/020014,02,"Категория 02 — Метеорологические последовательности,",302036,(Облака с нижней границей ниже уровня станции),,020014,Высота верхней границы облаков,,,,Operational
bufr4/3/02/036/1/020017,02,"Категория 02 — Метеорологические последовательности,",302036,(Облака с нижней границей ниже уровня станции),,020017,Описание вершины облаков,,,,Operational
bufr4/3/02/037/1/020062,02,"Категория 02 — Метеорологические последовательности,",302037,"(Состояние поверхности почвы, высота снежного покрова, минимальная температура почвы)",,020062,Состояние поверхности земли (со снегом или без снега),,,,Operational
bufr4/3/02/037/1/013013,02,"Категория 02 — Метеорологические последовательности,",302037,"(Состояние поверхности почвы, высота снежного покрова, минимальная температура почвы)",,013013,Суммарная высота снежного покрова,,,,Operational
bufr4/3/02/037/1/012113,02,"Категория 02 — Метеорологические последовательности,",302037,"(Состояние поверхности почвы, высота снежного покрова, минимальная температура почвы)",,012113,Минимальная температура на поверхности земли за последние 12 часов,Масштаб: 2,,,Operational
bufr4/3/02/038/1/020003,02,"Категория 02 — Метеорологические последовательности,",302038,(Текущая и прошедшая погода),,020003,Текущая погода,,,,Operational
bufr4/3/02/038/1/004024,02,"Категория 02 — Метеорологические последовательности,",302038,(Текущая и прошедшая погода),,004024,Временной период или отклонение,Часы,,,Operational
bufr4/3/02/038/1/020004,02,"Категория 02 — Метеорологические последовательности,",302038,(Текущая и прошедшая погода),,020004,Прошедшая погода (1),,,,Operational
bufr4/3/02/038/1/020005,02,"Категория 02 — Метеорологические последовательности,",302038,(Текущая и прошедшая погода),,020005,Прошедшая погода (2),,,,Operational
bufr4/3/02/039/1/004024,02,"Категория 02 — Метеорологические последовательности,",302039,(Данные о солнечном сиянии (за 1-и 24-часовой период)),,004024,Временной период или отклонение,Часы,,,Operational
bufr4/3/02/039/1/014031,02,"Категория 02 — Метеорологические последовательности,",302039,(Данные о солнечном сиянии (за 1-и 24-часовой период)),,014031,Общая продолжительность солнечного сияния,,,,Operational
bufr4/3/02/040/1/007032,02,"Категория 02 — Метеорологические последовательности,",302040,(Измерение осадков),,007032,Высота датчика над местной площадкой (или палубой морской платформы),Измерение осадков,,,Operational
bufr4/3/02/040/1/102002,02,"Категория 02 — Метеорологические последовательности,",302040,(Измерение осадков),,102002,Повторить 2 дескриптора 2 раза,,,,Operational
bufr4/3/02/040/1/004024,02,"Категория 02 — Метеорологические последовательности,",302040,(Измерение осадков),,004024,Временной период или отклонение,Часы,,,Operational
bufr4/3/02/040/1/013011,02,"Категория 02 — Метеорологические последовательности,",302040,(Измерение осадков),,013011,Общее количество осадков/суммарный водный эквивалент,,,,Operational
bufr4/3/02/041/1/007032,02,"Категория 02 — Метеорологические последовательности,",302041,(Данные об экстремальной температуре),,007032,Высота датчика над местной площадкой (или палубой морской платформы),Измерение температуры,,,Operational
bufr4/3/02/041/1/004024,02,"Категория 02 — Метеорологические последовательности,",302041,(Данные об экстремальной температуре),,004024,Временной период или отклонение,,,,Operational
bufr4/3/02/041/2/004024,02,"Категория 02 — Метеорологические последовательности,",302041,(Данные об экстремальной температуре),,004024,Временной период или отклонение,,,,Operational
bufr4/3/02/041/1/012111,02,"Категория 02 — Метеорологические последовательности,",302041,(Данные об экстремальной температуре),,012111,Максимальная температура на указанной высоте и за указанный период,Масштаб: 2,,,Operational
bufr4/3/02/041/3/004024,02,"Категория 02 — Метеорологические последовательности,",302041,(Данные об экстремальной температуре),,004024,Временной период или отклонение,,,,Operational
bufr4/3/02/041/4/004024,02,"Категория 02 — Метеорологические последовательности,",302041,(Данные об экстремальной температуре),,004024,Временной период или отклонение (см. примечание 2),,,,Operational
bufr4/3/02/041/1/012112,02,"Категория 02 — Метеорологические последовательности,",302041,(Данные об экстремальной температуре),,012112,Минимальная температура на указанной высоте и за указанный период,Масштаб: 2,,,Operational
bufr4/3/02/042/1/007032,02,"Категория 02 — Метеорологические последовательности,",302042,(см. примечания 1 и 2),,007032,Высота датчика над местной площадкой (или палубой морской платформы),Измерение ветра,,,Operational
bufr4/3/02/042/1/002002,02,"Категория 02 — Метеорологические последовательности,",302042,(см. примечания 1 и 2),,002002,Тип приборного обеспечения для измерения ветра,,,,Operational
bufr4/3/02/042/1/008021,02,"Категория 02 — Метеорологические последовательности,",302042,(см. примечания 1 и 2),,008021,Значимость времени,= 2 Усредненное по времени,,,Operational
bufr4/3/02/042/1/004025,02,"Категория 02 — Метеорологические последовательности,",302042,(см. примечания 1 и 2),,004025,"Временной период или отклонение =–10 минут, или количество минут после значитель-ного изменения ветра",,,,Operational
bufr4/3/02/042/1/011001,02,"Категория 02 — Метеорологические последовательности,",302042,(см. примечания 1 и 2),,011001,Направление ветра,,,,Operational
bufr4/3/02/042/1/011002,02,"Категория 02 — Метеорологические последовательности,",302042,(см. примечания 1 и 2),,011002,Скорость ветра,,,,Operational
bufr4/3/02/042/2/008021,02,"Категория 02 — Метеорологические последовательности,",302042,(см. примечания 1 и 2),,008021,Значимость времени,Установлено на отсутствующее значение,,,Operational
bufr4/3/02/042/1/103002,02,"Категория 02 — Метеорологические последовательности,",302042,(см. примечания 1 и 2),,103002,Повторить 3 дескриптора 2 раза,,,,Operational
bufr4/3/02/042/2/004025,02,"Категория 02 — Метеорологические последовательности,",302042,(см. примечания 1 и 2),,004025,Временной период или отклонение,Минуты,,,Operational
bufr4/3/02/042/1/011043,02,"Категория 02 — Метеорологические последовательности,",302042,(см. примечания 1 и 2),,011043,Направление ветра при максимальном порыве,,,,Operational
bufr4/3/02/042/1/011041,02,"Категория 02 — Метеорологические последовательности,",302042,(см. примечания 1 и 2),,011041,Максимальная скорость ветра при порыве,,,,Operational
bufr4/3/02/043/1/302038,02,"Категория 02 — Метеорологические последовательности,",302043,(Основные синоптические данные («за период»)),,302038,Текущая и прошедшая погода,,,,Operational
bufr4/3/02/043/1/101002,02,"Категория 02 — Метеорологические последовательности,",302043,(Основные синоптические данные («за период»)),,101002,Повторить 1 дескриптор 2 раза,,,,Operational
bufr4/3/02/043/1/302039,02,"Категория 02 — Метеорологические последовательности,",302043,(Основные синоптические данные («за период»)),,302039,Данные о солнечном сиянии (за 1-и 24-часовой период),,,,Operational
bufr4/3/02/043/1/302040,02,"Категория 02 — Метеорологические последовательности,",302043,(Основные синоптические данные («за период»)),,302040,Измерение осадков,,,,Operational
bufr4/3/02/043/1/302041,02,"Категория 02 — Метеорологические последовательности,",302043,(Основные синоптические данные («за период»)),,302041,Данные об экстремальной температуре,,,,Operational
bufr4/3/02/043/1/302042,02,"Категория 02 — Метеорологические последовательности,",302043,(Основные синоптические данные («за период»)),,302042,Данные о ветре,,,,Operational
bufr4/3/02/043/1/007032,02,"Категория 02 — Метеорологические последовательности,",302043,(Основные синоптические данные («за период»)),,007032,Высота датчика над местной площадкой (или палубой морской платформы),Установлено на отсутствующее значение (отмена),,,Operational
bufr4/3/02/044/1/004024,02,"Категория 02 — Метеорологические последовательности,",302044,(Данные об испарении),,004024,Временной период или отклонение,Часы,,,Operational
bufr4/3/02/044/1/002004,02,"Категория 02 — Метеорологические последовательности,",302044,(Данные об испарении),,002004,"Тип прибора для измерения испарения или вид сельскохозяйственной культуры, по которой сообщаются данные об эвапотранспирации",,,,Operational
bufr4/3/02/044/1/013033,02,"Категория 02 — Метеорологические последовательности,",302044,(Данные об испарении),,013033,Испарение/эвапотранспирация,,,,Operational
bufr4/3/02/045/1/004024,02,"Категория 02 — Метеорологические последовательности,",302045,(Данные о радиации (за 1 час и 24-часовой период)),,004024,Временной период или отклонение,Часы,,,Operational
bufr4/3/02/045/1/014002,02,"Категория 02 — Метеорологические последовательности,",302045,(Данные о радиации (за 1 час и 24-часовой период)),,014002,Длинноволновая радиация интегрированная за указанный период,,,,Operational
bufr4/3/02/045/1/014004,02,"Категория 02 — Метеорологические последовательности,",302045,(Данные о радиации (за 1 час и 24-часовой период)),,014004,Коротковолновая радиация интегрированная за указанный период,,,,Operational
bufr4/3/02/045/1/014016,02,"Категория 02 — Метеорологические последовательности,",302045,(Данные о радиации (за 1 час и 24-часовой период)),,014016,Радиационный баланс интегрированный за указанный период,,,,Operational
bufr4/3/02/045/1/014028,02,"Категория 02 — Метеорологические последовательности,",302045,(Данные о радиации (за 1 час и 24-часовой период)),,014028,"Суммарная солнечная радиация (высокая точность), интегрированная за указанный период",,,,Operational
bufr4/3/02/045/1/014029,02,"Категория 02 — Метеорологические последовательности,",302045,(Данные о радиации (за 1 час и 24-часовой период)),,014029,"Рассеянная солнечная радиация (высокая точность), интегрированная за указанный период",,,,Operational
bufr4/3/02/045/1/014030,02,"Категория 02 — Метеорологические последовательности,",302045,(Данные о радиации (за 1 час и 24-часовой период)),,014030,"Прямая солнечная радиация (высокая точность), интегрированная за указанный период",,,,Operational
bufr4/3/02/046/1/004024,02,"Категория 02 — Метеорологические последовательности,",302046,(Изменение температуры),,004024,Временной период или отклонение,,,,Operational
bufr4/3/02/046/2/004024,02,"Категория 02 — Метеорологические последовательности,",302046,(Изменение температуры),,004024,Временной период или отклонение,(см. примечание 3),,,Operational
bufr4/3/02/046/1/012049,02,"Категория 02 — Метеорологические последовательности,",302046,(Изменение температуры),,012049,Изменение температуры за указанный период,,,,Operational
bufr4/3/02/047/1/102003,02,"Категория 02 — Метеорологические последовательности,",302047,(Направление движения облаков),,102003,Повторить 2 дескриптора 3 раза,,,,Operational
bufr4/3/02/047/1/008002,02,"Категория 02 — Метеорологические последовательности,",302047,(Направление движения облаков),,008002,Вертикальная значимость (приземные наблюдения),,,,Operational
bufr4/3/02/047/1/020054,02,"Категория 02 — Метеорологические последовательности,",302047,(Направление движения облаков),,020054,Истинное направление откуда перемещаются явление или облака или в котором они наблюдаются,,,,Operational
bufr4/3/02/048/1/005021,02,"Категория 02 — Метеорологические последовательности,",302048,(Направление движения и возвышение облаков),,005021,Пеленг или азимут,,,,Operational
bufr4/3/02/048/1/007021,02,"Категория 02 — Метеорологические последовательности,",302048,,,007021,Угол возвышения,,,,Operational
bufr4/3/02/048/1/020012,02,"Категория 02 — Метеорологические последовательности,",302048,,,020012,Тип облаков,,,,Operational
bufr4/3/02/048/2/005021,02,"Категория 02 — Метеорологические последовательности,",302048,,,005021,Установлено на отсутствующее значение (отмена),,,,Operational
bufr4/3/02/048/2/007021,02,"Категория 02 — Метеорологические последовательности,",302048,,,007021,Установлено на отсутствующее значение (отмена),,,,Operational
bufr4/3/02/049/1/008002,02,"Категория 02 — Метеорологические последовательности,",302049,(Информация об облачности полученная вертикальным зондированием),,008002,Вертикальная значимость (приземные наблюдения),,,,Operational
bufr4/3/02/049/1/020011,02,"Категория 02 — Метеорологические последовательности,",302049,,,020011,Количество облаков,"Облака нижнего или среднего яруса Nh",,,Operational
bufr4/3/02/049/1/020013,02,"Категория 02 — Метеорологические последовательности,",302049,,,020013,Высота нижней границы облаков,h,,,Operational
bufr4/3/02/049/1/020012,02,"Категория 02 — Метеорологические последовательности,",302049,,,020012,Тип облаков,"Облака нижнего яруса CL",,,Operational
bufr4/3/02/049/2/020012,02,"Категория 02 — Метеорологические последовательности,",302049,,,020012,Тип облаков,"Облака среднего яруса CM",,,Operational
bufr4/3/02/049/3/020012,02,"Категория 02 — Метеорологические последовательности,",302049,,,020012,Тип облаков,"Облака верхнего яруса CH",,,Operational
bufr4/3/02/049/2/008002,02,"Категория 02 — Метеорологические последовательности,",302049,,,008002,Установлено на отсутствующее значение,,,,Operational
bufr4/3/02/050/1/008041,02,"Категория 02 — Метеорологические последовательности,",302050,(Приземное наблюдение с помощью радиозонда),,008041,Значимость данных,= 5 Смещение точки приземного наблюдения относительно точки запуска,,,Operational
bufr4/3/02/050/1/005021,02,"Категория 02 — Метеорологические последовательности,",302050,(Приземное наблюдение с помощью радиозонда),,005021,Пеленг или азимут,,,,Operational
bufr4/3/02/050/1/007005,02,"Категория 02 — Метеорологические последовательности,",302050,(Приземное наблюдение с помощью радиозонда),,007005,Приращение высоты,,,,Operational
bufr4/3/02/050/1/202130,02,"Категория 02 — Метеорологические последовательности,",302050,(Приземное наблюдение с помощью радиозонда),,202130,Изменить масштаб,,,,Operational
bufr4/3/02/050/1/006021,02,"Категория 02 — Метеорологические последовательности,",302050,(Приземное наблюдение с помощью радиозонда),,006021,Расстояние,,,,Operational
bufr4/3/02/050/1/202000,02,"Категория 02 — Метеорологические последовательности,",302050,(Приземное наблюдение с помощью радиозонда),,202000,Изменить масштаб,Отмена,,,Operational
bufr4/3/02/050/2/008041,02,"Категория 02 — Метеорологические последовательности,",302050,(Приземное наблюдение с помощью радиозонда),,008041,Значимость данных,= 4 Приземное наблюдение,,,Operational
bufr4/3/02/050/1/201131,02,"Категория 02 — Метеорологические последовательности,",302050,(Приземное наблюдение с помощью радиозонда),,201131,Изменить длину данных,,,,Operational
bufr4/3/02/050/1/202129,02,"Категория 02 — Метеорологические последовательности,",302050,(Приземное наблюдение с помощью радиозонда),,202129,Изменить масштаб,,,,Operational
bufr4/3/02/050/1/002115,02,"Категория 02 — Метеорологические последовательности,",302050,(Приземное наблюдение с помощью радиозонда),,002115,Тип оборудования для приземного наблюдения,,,,Operational
bufr4/3/02/050/1/010004,02,"Категория 02 — Метеорологические последовательности,",302050,(Приземное наблюдение с помощью радиозонда),,010004,Давление,,,,Operational
bufr4/3/02/050/2/002115,02,"Категория 02 — Метеорологические последовательности,",302050,(Приземное наблюдение с помощью радиозонда),,002115,Тип оборудования для приземного наблюдения,,,,Operational
bufr4/3/02/050/1/013003,02,"Категория 02 — Метеорологические последовательности,",302050,(Приземное наблюдение с помощью радиозонда),,013003,Относительная влажность,,,,Operational
bufr4/3/02/050/2/202000,02,"Категория 02 — Метеорологические последовательности,",302050,(Приземное наблюдение с помощью радиозонда),,202000,Изменить масштаб,Отмена,,,Operational
bufr4/3/02/050/1/201000,02,"Категория 02 — Метеорологические последовательности,",302050,(Приземное наблюдение с помощью радиозонда),,201000,Изменить длину данных,Отмена,,,Operational
bufr4/3/02/050/3/002115,02,"Категория 02 — Метеорологические последовательности,",302050,(Приземное наблюдение с помощью радиозонда),,002115,Тип оборудования для приземных наблюдений,,,,Operational
bufr4/3/02/050/1/011001,02,"Категория 02 — Метеорологические последовательности,",302050,(Приземное наблюдение с помощью радиозонда),,011001,Направление ветра,,,,Operational
bufr4/3/02/050/1/011002,02,"Категория 02 — Метеорологические последовательности,",302050,(Приземное наблюдение с помощью радиозонда),,011002,Скорость ветра,,,,Operational
bufr4/3/02/050/4/002115,02,"Категория 02 — Метеорологические последовательности,",302050,(Приземное наблюдение с помощью радиозонда),,002115,Тип оборудования для приземных наблюдений,,,,Operational
bufr4/3/02/050/1/102002,02,"Категория 02 — Метеорологические последовательности,",302050,(Приземное наблюдение с помощью радиозонда),,102002,Повторить 2 дескриптора 2 раза,,,,Operational
bufr4/3/02/050/1/012101,02,"Категория 02 — Метеорологические последовательности,",302050,(Приземное наблюдение с помощью радиозонда),,012101,Температура/температура воздуха,,,,Operational
bufr4/3/02/050/1/004024,02,"Категория 02 — Метеорологические последовательности,",302050,(Приземное наблюдение с помощью радиозонда),,004024,Временной период или отклонение,Часы,,,Operational
bufr4/3/02/050/5/002115,02,"Категория 02 — Метеорологические последовательности,",302050,(Приземное наблюдение с помощью радиозонда),,002115,Тип оборудования для приземных наблюдений,,,,Operational
bufr4/3/02/050/1/012103,02,"Категория 02 — Метеорологические последовательности,",302050,(Приземное наблюдение с помощью радиозонда),,012103,Температура точки росы,,,,Operational
bufr4/3/02/050/1/012102,02,"Категория 02 — Метеорологические последовательности,",302050,(Приземное наблюдение с помощью радиозонда),,012102,Температура по смоченному термометру,,,,Operational
bufr4/3/02/050/1/101003,02,"Категория 02 — Метеорологические последовательности,",302050,(Приземное наблюдение с помощью радиозонда),,101003,Повторить 1 дескриптор 3 раза,,,,Operational
bufr4/3/02/050/1/020012,02,"Категория 02 — Метеорологические последовательности,",302050,(Приземное наблюдение с помощью радиозонда),,020012,Тип облачности,,,,Operational
bufr4/3/02/050/1/020011,02,"Категория 02 — Метеорологические последовательности,",302050,(Приземное наблюдение с помощью радиозонда),,020011,Количество облаков,,,,Operational
bufr4/3/02/050/1/020013,02,"Категория 02 — Метеорологические последовательности,",302050,(Приземное наблюдение с помощью радиозонда),,020013,Высота нижней границы облаков,,,,Operational
bufr4/3/02/050/1/101002,02,"Категория 02 — Метеорологические последовательности,",302050,(Приземное наблюдение с помощью радиозонда),,101002,Повторить 1 дескриптор 2 раза,,,,Operational
bufr4/3/02/050/1/020003,02,"Категория 02 — Метеорологические последовательности,",302050,(Приземное наблюдение с помощью радиозонда),,020003,Текущая погода,,,,Operational
bufr4/3/02/051/1/010004,02,"Категория 02 — Метеорологические последовательности,",302051,,,010004,Давление,,,,Operational
bufr4/3/02/051/1/010051,02,"Категория 02 — Метеорологические последовательности,",302051,,,010051,"Давление, приведенное к среднему уровню моря",,,,Operational
bufr4/3/02/051/1/007004,02,"Категория 02 — Метеорологические последовательности,",302051,,,007004,Давление,Вертикальное местоположение,,,Operational
bufr4/3/02/051/1/010003,02,"Категория 02 — Метеорологические последовательности,",302051,,,010003,Геопотенциал,,,,Operational
bufr4/3/02/051/1/012004,02,"Категория 02 — Метеорологические последовательности,",302051,,,012004,Температура воздуха на высоте 2 м,,,,Operational
bufr4/3/02/051/1/012051,02,"Категория 02 — Метеорологические последовательности,",302051,,,012051,Стандартное отклонение температуры,,,,Operational
bufr4/3/02/051/1/012016,02,"Категория 02 — Метеорологические последовательности,",302051,,,012016,Максимальная температура на высоте 2 м за последние 24 часа,,,,Operational
bufr4/3/02/051/1/012017,02,"Категория 02 — Метеорологические последовательности,",302051,,,012017,Минимальная температура на высоте 2 м за последние 24 часа,,,,Operational
bufr4/3/02/051/1/013004,02,"Категория 02 — Метеорологические последовательности,",302051,,,013004,Давление водяного пара,,,,Operational
bufr4/3/02/051/1/102004,02,"Категория 02 — Метеорологические последовательности,",302051,,,102004,Повторить 2 дескриптора 4 раза,,,,Operational
bufr4/3/02/051/1/008051,02,"Категория 02 — Метеорологические последовательности,",302051,,,008051,Описатель числа отсутствующих значений в расчетах статистики,,,,Operational
bufr4/3/02/051/1/008020,02,"Категория 02 — Метеорологические последовательности,",302051,,,008020,Общее число отсутствующих величин (для суммы или средней),,,,Operational
bufr4/3/02/052/1/007032,02,"Категория 02 — Метеорологические последовательности,",302052,"(Данные о температуре и влажности, полученные с судна)",,007032,Высота датчика над местной площадкой (или палубой морской платформы),Измерение температуры и влажности,,,Operational
bufr4/3/02/052/1/007033,02,"Категория 02 — Метеорологические последовательности,",302052,"(Данные о температуре и влажности, полученные с судна)",,007033,Высота датчика над поверхностью воды,Измерение температуры и влажности,,,Operational
bufr4/3/02/052/1/012101,02,"Категория 02 — Метеорологические последовательности,",302052,"(Данные о температуре и влажности, полученные с судна)",,012101,Температура/температура воздуха,Масштаб: 2,,,Operational
bufr4/3/02/052/1/002039,02,"Категория 02 — Метеорологические последовательности,",302052,"(Данные о температуре и влажности, полученные с судна)",,002039,Метод измерения температуры по смоченному термометру,,,,Operational
bufr4/3/02/052/1/012102,02,"Категория 02 — Метеорологические последовательности,",302052,"(Данные о температуре и влажности, полученные с судна)",,012102,Температура по смоченному термометру,Масштаб: 2,,,Operational
bufr4/3/02/052/1/012103,02,"Категория 02 — Метеорологические последовательности,",302052,"(Данные о температуре и влажности, полученные с судна)",,012103,Температура точки росы,Масштаб: 2,,,Operational
bufr4/3/02/052/1/013003,02,"Категория 02 — Метеорологические последовательности,",302052,"(Данные о температуре и влажности, полученные с судна)",,013003,Относительная влажность,,,,Operational
bufr4/3/02/053/1/007032,02,"Категория 02 — Метеорологические последовательности,",302053,"(Данные о видимости, полученные с судна)",,007032,Высота датчика над местной площадкой (или палубой морской платформы),Измерение видимости,,,Operational
bufr4/3/02/053/1/007033,02,"Категория 02 — Метеорологические последовательности,",302053,"(Данные о видимости, полученные с судна)",,007033,Высота датчика над поверхностью воды,Измерение видимости,,,Operational
bufr4/3/02/053/1/020001,02,"Категория 02 — Метеорологические последовательности,",302053,"(Данные о видимости, полученные с судна)",,020001,Горизонтальная видимость,,,,Operational
bufr4/3/02/054/1/302052,02,"Категория 02 — Метеорологические последовательности,",302054,"(«Мгновенные» данные, полученные с судна)",,302052,"Данные о температуре и влажности, полученные с судна",,,,Operational
bufr4/3/02/054/1/302053,02,"Категория 02 — Метеорологические последовательности,",302054,"(«Мгновенные» данные, полученные с судна)",,302053,"Данные о видимости, полученные с судна",,,,Operational
bufr4/3/02/054/1/007033,02,"Категория 02 — Метеорологические последовательности,",302054,"(«Мгновенные» данные, полученные с судна)",,007033,Высота датчика над поверхностью воды,Установлено на отсутствующее значение (отмена),,,Operational
bufr4/3/02/054/1/302034,02,"Категория 02 — Метеорологические последовательности,",302054,"(«Мгновенные» данные, полученные с судна)",,302034,Осадки за последние 24 часа,,,,Operational
bufr4/3/02/054/1/007032,02,"Категория 02 — Метеорологические последовательности,",302054,"(«Мгновенные» данные, полученные с судна)",,007032,Высота датчика над местной площадкой (или палубой морской платформы),Установлено на отсутствующее значение (отмена),,,Operational
bufr4/3/02/054/1/302004,02,"Категория 02 — Метеорологические последовательности,",302054,"(«Мгновенные» данные, полученные с судна)",,302004,Общая информация об облачности,,,,Operational
bufr4/3/02/054/1/101000,02,"Категория 02 — Метеорологические последовательности,",302054,"(«Мгновенные» данные, полученные с судна)",,101000,Повторение с задержкой 1 дескриптора,,,,Operational
bufr4/3/02/054/1/031001,02,"Категория 02 — Метеорологические последовательности,",302054,"(«Мгновенные» данные, полученные с судна)",,031001,Коэффициент повторения дескриптора с задержкой,,,,Operational
bufr4/3/02/054/1/302005,02,"Категория 02 — Метеорологические последовательности,",302054,"(«Мгновенные» данные, полученные с судна)",,302005,Облачный слой,,,,Operational
bufr4/3/02/055/1/020031,02,"Категория 02 — Метеорологические последовательности,",302055,(Обледенение и лед),,020031,Отложение льда (толщина),,,,Operational
bufr4/3/02/055/1/020032,02,"Категория 02 — Метеорологические последовательности,",302055,(Обледенение и лед),,020032,Скорость нарастания льда (оцененная),,,,Operational
bufr4/3/02/055/1/020033,02,"Категория 02 — Метеорологические последовательности,",302055,(Обледенение и лед),,020033,Причина нарастания льда,,,,Operational
bufr4/3/02/055/1/020034,02,"Категория 02 — Метеорологические последовательности,",302055,(Обледенение и лед),,020034,Сплоченность морского льда,,,,Operational
bufr4/3/02/055/1/020035,02,"Категория 02 — Метеорологические последовательности,",302055,(Обледенение и лед),,020035,Количество и тип льда,,,,Operational
bufr4/3/02/055/1/020036,02,"Категория 02 — Метеорологические последовательности,",302055,(Обледенение и лед),,020036,Ледовая обстановка,,,,Operational
bufr4/3/02/055/1/020037,02,"Категория 02 — Метеорологические последовательности,",302055,(Обледенение и лед),,020037,Развитие льда,,,,Operational
bufr4/3/02/055/1/020038,02,"Категория 02 — Метеорологические последовательности,",302055,(Обледенение и лед),,020038,Азимут кромки льда,,,,Operational
bufr4/3/02/056/1/002038,02,"Категория 02 — Метеорологические последовательности,",302056,(Температура моря/воды),,002038,Метод измерения температуры и/или солености воды,,,,Operational
bufr4/3/02/056/1/007063,02,"Категория 02 — Метеорологические последовательности,",302056,(Температура моря/воды),,007063,Глубина от поверхности моря/водной поверхности (см),Измерение температуры поверхности моря,,,Operational
bufr4/3/02/056/1/022043,02,"Категория 02 — Метеорологические последовательности,",302056,(Температура моря/воды),,022043,Температура моря/воды,,,,Operational
bufr4/3/02/056/2/007063,02,"Категория 02 — Метеорологические последовательности,",302056,(Температура моря/воды),,007063,Глубина от поверхности моря/водной поверхности (см),Установлено на отсутствующее значение (отмена),,,Operational
bufr4/3/02/057/1/302056,02,"Категория 02 — Метеорологические последовательности,",302057,"(Морские данные, полученные с судна)",,302056,"Температура моря/воды","Температура поверхности моря, метод измерения и глубина от поверхности моря",,,Operational
bufr4/3/02/057/1/302021,02,"Категория 02 — Метеорологические последовательности,",302057,"(Морские данные, полученные с судна)",,302021,Волнение,,,,Operational
bufr4/3/02/057/1/302024,02,"Категория 02 — Метеорологические последовательности,",302057,"(Морские данные, полученные с судна)",,302024,Ветровые волны и волны зыби,,,,Operational
bufr4/3/02/058/1/007032,02,"Категория 02 — Метеорологические последовательности,",302058,"(Данные об экстремальной температуре, полученные с судна)",,007032,Высота датчика над местной площадкой (или палубой морской платформы),Измерение температуры,,,Operational
bufr4/3/02/058/1/007033,02,"Категория 02 — Метеорологические последовательности,",302058,"(Данные об экстремальной температуре, полученные с судна)",,007033,Высота датчика над поверхностью воды,Измерение температуры,,,Operational
bufr4/3/02/058/1/004024,02,"Категория 02 — Метеорологические последовательности,",302058,"(Данные об экстремальной температуре, полученные с судна)",,004024,Временной период или отклонение,,,,Operational
bufr4/3/02/058/2/004024,02,"Категория 02 — Метеорологические последовательности,",302058,"(Данные об экстремальной температуре, полученные с судна)",,004024,Временной период или отклонение,,,,Operational
bufr4/3/02/058/1/012111,02,"Категория 02 — Метеорологические последовательности,",302058,"(Данные об экстремальной температуре, полученные с судна)",,012111,Максимальная температура на указанной высоте и за указанный период,Масштаб: 2,,,Operational
bufr4/3/02/058/3/004024,02,"Категория 02 — Метеорологические последовательности,",302058,"(Данные об экстремальной температуре, полученные с судна)",,004024,Временной период или отклонение,,,,Operational
bufr4/3/02/058/4/004024,02,"Категория 02 — Метеорологические последовательности,",302058,"(Данные об экстремальной температуре, полученные с судна)",,004024,Временной период или отклонение (см. примечание 2),,,,Operational
bufr4/3/02/058/1/012112,02,"Категория 02 — Метеорологические последовательности,",302058,"(Данные об экстремальной температуре, полученные с судна)",,012112,Минимальная температура на указанной высоте и за указанный период,Масштаб: 2,,,Operational
bufr4/3/02/059/1/007032,02,"Категория 02 — Метеорологические последовательности,",302059,"(Данные о ветре, полученные с судна)",,007032,Высота датчика над местной площадкой (или палубой морской платформы),Измерение ветра,,,Operational
bufr4/3/02/059/1/007033,02,"Категория 02 — Метеорологические последовательности,",302059,"(Данные о ветре, полученные с судна)",,007033,Высота датчика над поверхностью воды,Измерение ветра,,,Operational
bufr4/3/02/059/1/002002,02,"Категория 02 — Метеорологические последовательности,",302059,"(Данные о ветре, полученные с судна)",,002002,Тип приборного обеспечения для измерения ветра,,,,Operational
bufr4/3/02/059/1/008021,02,"Категория 02 — Метеорологические последовательности,",302059,"(Данные о ветре, полученные с судна)",,008021,Значимость времени,"= 2 Усредненное по времени",,,Operational
bufr4/3/02/059/1/004025,02,"Категория 02 — Метеорологические последовательности,",302059,"(Данные о ветре, полученные с судна)",,004025,Временной период или отклонение,"= –10 минут, или количество минут после значительного изменения ветра",,,Operational
bufr4/3/02/059/1/011001,02,"Категория 02 — Метеорологические последовательности,",302059,"(Данные о ветре, полученные с судна)",,011001,Направление ветра,,,,Operational
bufr4/3/02/059/1/011002,02,"Категория 02 — Метеорологические последовательности,",302059,"(Данные о ветре, полученные с судна)",,011002,Скорость ветра,,,,Operational
bufr4/3/02/059/2/008021,02,"Категория 02 — Метеорологические последовательности,",302059,"(Данные о ветре, полученные с судна)",,008021,Значимость времени,Установлено на отсутствующее значение,,,Operational
bufr4/3/02/059/1/103002,02,"Категория 02 — Метеорологические последовательности,",302059,"(Данные о ветре, полученные с судна)",,103002,Повторить 3 дескриптора 2 раза,,,,Operational
bufr4/3/02/059/2/004025,02,"Категория 02 — Метеорологические последовательности,",302059,"(Данные о ветре, полученные с судна)",,004025,Временной период или отклонение,Минуты,,,Operational
bufr4/3/02/059/1/011043,02,"Категория 02 — Метеорологические последовательности,",302059,"(Данные о ветре, полученные с судна)",,011043,Направление ветра при максимальном порыве,,,,Operational
bufr4/3/02/059/1/011041,02,"Категория 02 — Метеорологические последовательности,",302059,"(Данные о ветре, полученные с судна)",,011041,Максимальная скорость ветра при порыве,,,,Operational
bufr4/3/02/060/1/302038,02,"Категория 02 — Метеорологические последовательности,",302060,"(Данные «за период», полученные с судна)",,302038,Текущая и прошедшая погода,,,,Operational
bufr4/3/02/060/1/302040,02,"Категория 02 — Метеорологические последовательности,",302060,"(Данные «за период», полученные с судна)",,302040,Измерение осадков,,,,Operational
bufr4/3/02/060/1/302058,02,"Категория 02 — Метеорологические последовательности,",302060,"(Данные «за период», полученные с судна)",,302058,"Данные об экстремальной температуре, полученные с судна",,,,Operational
bufr4/3/02/060/1/302059,02,"Категория 02 — Метеорологические последовательности,",302060,"(Данные «за период», полученные с судна)",,302059,"Данные о ветре, полученные с судна",,,,Operational
bufr4/3/02/062/1/025188,02,"Категория 02 — Метеорологические последовательности,",302062,"(«Мгновенные» данные, полученные с судна)",,025188,Метод приведения давления к уровню моря,,,,Operational
bufr4/3/02/062/1/302001,02,"Категория 02 — Метеорологические последовательности,",302062,"(«Мгновенные» данные, полученные с судна)",,302001,Давление и изменение давления за 3 часа,,,,Operational
bufr4/3/02/062/1/302093,02,"Категория 02 — Метеорологические последовательности,",302062,"(«Мгновенные» данные, полученные с судна)",,302093,"Расширенные данные о температуре и влажности, полученные с судна",,,,Operational
bufr4/3/02/062/1/101000,02,"Категория 02 — Метеорологические последовательности,",302062,"(«Мгновенные» данные, полученные с судна)",,101000,Повторение с задержкой 1 дескриптора,,,,Operational
bufr4/3/02/062/1/031000,02,"Категория 02 — Метеорологические последовательности,",302062,"(«Мгновенные» данные, полученные с судна)",,031000,Коэффициент повторения короткого дескриптора с задержкой,,,,Operational
bufr4/3/02/062/1/302053,02,"Категория 02 — Метеорологические последовательности,",302062,"(«Мгновенные» данные, полученные с судна)",,302053,"Данные о видимости, полученные с судна",,,,Operational
bufr4/3/02/062/1/007032,02,"Категория 02 — Метеорологические последовательности,",302062,"(«Мгновенные» данные, полученные с судна)",,007032,Высота датчика над местной площадкой (или палубой морской платформы),Установлено на отсутствующее значение (отмена),,,Operational
bufr4/3/02/062/1/007033,02,"Категория 02 — Метеорологические последовательности,",302062,"(«Мгновенные» данные, полученные с судна)",,007033,Высота датчика над поверхностью воды,Установлено на отсутствующее значение (отмена),,,Operational
bufr4/3/02/062/2/101000,02,"Категория 02 — Метеорологические последовательности,",302062,"(«Мгновенные» данные, полученные с судна)",,101000,Повторение с задержкой 1 дескриптора,,,,Operational
bufr4/3/02/062/2/031000,02,"Категория 02 — Метеорологические последовательности,",302062,"(«Мгновенные» данные, полученные с судна)",,031000,Коэффициент повторения короткого дескриптора с задержкой,,,,Operational
bufr4/3/02/062/1/302004,02,"Категория 02 — Метеорологические последовательности,",302062,"(«Мгновенные» данные, полученные с судна)",,302004,Общая информация об облачности,,,,Operational
bufr4/3/02/062/3/101000,02,"Категория 02 — Метеорологические последовательности,",302062,"(«Мгновенные» данные, полученные с судна)",,101000,Повторение с задержкой 1 дескриптора,,,,Operational
bufr4/3/02/062/1/031001,02,"Категория 02 — Метеорологические последовательности,",302062,"(«Мгновенные» данные, полученные с судна)",,031001,Коэффициент повторения дескриптора с задержкой,,,,Operational
bufr4/3/02/062/1/302005,02,"Категория 02 — Метеорологические последовательности,",302062,"(«Мгновенные» данные, полученные с судна)",,302005,Облачный слой,,,,Operational
bufr4/3/02/062/1/008002,02,"Категория 02 — Метеорологические последовательности,",302062,"(«Мгновенные» данные, полученные с судна)",,008002,Вертикальная значимость (приземные наблюдения),Установлено на отсутствующее значение (отмена),,,Operational
bufr4/3/02/062/4/101000,02,"Категория 02 — Метеорологические последовательности,",302062,"(«Мгновенные» данные, полученные с судна)",,101000,Повторение с задержкой 1 дескриптора,,,,Operational
bufr4/3/02/062/3/031000,02,"Категория 02 — Метеорологические последовательности,",302062,"(«Мгновенные» данные, полученные с судна)",,031000,Коэффициент повторения короткого дескриптора с задержкой,,,,Operational
bufr4/3/02/062/1/302055,02,"Категория 02 — Метеорологические последовательности,",302062,"(«Мгновенные» данные, полученные с судна)",,302055,Обледенение и лед,,,,Operational
bufr4/3/02/062/5/101000,02,"Категория 02 — Метеорологические последовательности,",302062,"(«Мгновенные» данные, полученные с судна)",,101000,Повторение с задержкой 1 дескриптора,,,,Operational
bufr4/3/02/062/4/031000,02,"Категория 02 — Метеорологические последовательности,",302062,"(«Мгновенные» данные, полученные с судна)",,031000,Коэффициент повторения короткого дескриптора с задержкой,,,,Operational
bufr4/3/02/062/1/302056,02,"Категория 02 — Метеорологические последовательности,",302062,"(«Мгновенные» данные, полученные с судна)",,302056,Температура моря/воды,,,,Operational
bufr4/3/02/062/6/101000,02,"Категория 02 — Метеорологические последовательности,",302062,"(«Мгновенные» данные, полученные с судна)",,101000,Повторение с задержкой 1 дескриптора,,,,Operational
bufr4/3/02/062/5/031000,02,"Категория 02 — Метеорологические последовательности,",302062,"(«Мгновенные» данные, полученные с судна)",,031000,Коэффициент повторения короткого дескриптора с задержкой,,,,Operational
bufr4/3/02/062/1/302021,02,"Категория 02 — Метеорологические последовательности,",302062,"(«Мгновенные» данные, полученные с судна)",,302021,Волнение,,,,Operational
bufr4/3/02/062/7/101000,02,"Категория 02 — Метеорологические последовательности,",302062,"(«Мгновенные» данные, полученные с судна)",,101000,Повторение с задержкой 1 дескриптора,,,,Operational
bufr4/3/02/062/6/031000,02,"Категория 02 — Метеорологические последовательности,",302062,"(«Мгновенные» данные, полученные с судна)",,031000,Коэффициент повторения короткого дескриптора с задержкой,,,,Operational
bufr4/3/02/062/1/302024,02,"Категория 02 — Метеорологические последовательности,",302062,"(«Мгновенные» данные, полученные с судна)",,302024,Ветровые волны и волны зыби,,,,Operational
bufr4/3/02/063/1/302038,02,"Категория 02 — Метеорологические последовательности,",302063,"(Данные «за период», полученные с судна)",,302038,Текущая и прошедшая погода,,,,Operational
bufr4/3/02/063/1/101000,02,"Категория 02 — Метеорологические последовательности,",302063,"(Данные «за период», полученные с судна)",,101000,Повторение с задержкой 1 дескриптора,,,,Operational
bufr4/3/02/063/1/031000,02,"Категория 02 — Метеорологические последовательности,",302063,"(Данные «за период», полученные с судна)",,031000,Коэффициент повторения короткого дескриптора с задержкой,,,,Operational
bufr4/3/02/063/1/302040,02,"Категория 02 — Метеорологические последовательности,",302063,"(Данные «за период», полученные с судна)",,302040,Измерение осадков,,,,Operational
bufr4/3/02/063/2/101000,02,"Категория 02 — Метеорологические последовательности,",302063,"(Данные «за период», полученные с судна)",,101000,Повторение с задержкой 1 дескриптора,,,,Operational
bufr4/3/02/063/2/031000,02,"Категория 02 — Метеорологические последовательности,",302063,"(Данные «за период», полученные с судна)",,031000,Коэффициент повторения короткого дескриптора с задержкой,,,,Operational
bufr4/3/02/063/1/302034,02,"Категория 02 — Метеорологические последовательности,",302063,"(Данные «за период», полученные с судна)",,302034,Осадки за последние 24 часа,,,,Operational
bufr4/3/02/063/1/007032,02,"Категория 02 — Метеорологические последовательности,",302063,"(Данные «за период», полученные с судна)",,007032,Высота датчика над местной площадкой (или палубой морской платформы),Установлено на отсутствующее значение (отмена),,,Operational
bufr4/3/02/063/3/101000,02,"Категория 02 — Метеорологические последовательности,",302063,"(Данные «за период», полученные с судна)",,101000,Повторение с задержкой 1 дескриптора,,,,Operational
bufr4/3/02/063/3/031000,02,"Категория 02 — Метеорологические последовательности,",302063,"(Данные «за период», полученные с судна)",,031000,Коэффициент повторения короткого дескриптора с задержкой,,,,Operational
bufr4/3/02/063/1/302058,02,"Категория 02 — Метеорологические последовательности,",302063,"(Данные «за период», полученные с судна)",,302058,"Данные об экстремальной температуре, полученные с судна",,,,Operational
bufr4/3/02/063/4/101000,02,"Категория 02 — Метеорологические последовательности,",302063,"(Данные «за период», полученные с судна)",,101000,Повторение с задержкой 1 дескриптора,,,,Operational
bufr4/3/02/063/4/031000,02,"Категория 02 — Метеорологические последовательности,",302063,"(Данные «за период», полученные с судна)",,031000,Коэффициент повторения короткого дескриптора с задержкой,,,,Operational
bufr4/3/02/063/1/302064,02,"Категория 02 — Метеорологические последовательности,",302063,"(Данные «за период», полученные с судна)",,302064,Данные о ветре с судов или других морских платформ,,,,Operational
bufr4/3/02/064/1/007032,02,"Категория 02 — Метеорологические последовательности,",302064,(Данные о ветре с судов или других морских платформ),,007032,Высота датчика над местной площадкой (или палубой морской платформы),,,,Operational
bufr4/3/02/064/1/007033,02,"Категория 02 — Метеорологические последовательности,",302064,(Данные о ветре с судов или других морских платформ),,007033,Высота датчика над поверхностью воды,,,,Operational
bufr4/3/02/064/1/002002,02,"Категория 02 — Метеорологические последовательности,",302064,(Данные о ветре с судов или других морских платформ),,002002,Тип приборов для измерения ветра,,,,Operational
bufr4/3/02/064/1/008021,02,"Категория 02 — Метеорологические последовательности,",302064,(Данные о ветре с судов или других морских платформ),,008021,Значимость времени,= 2 Усредненное по времени,,,Operational
bufr4/3/02/064/1/004025,02,"Категория 02 — Метеорологические последовательности,",302064,(Данные о ветре с судов или других морских платформ),,004025,Временной период или отклонение,,,,Operational
bufr4/3/02/064/1/011001,02,"Категория 02 — Метеорологические последовательности,",302064,(Данные о ветре с судов или других морских платформ),,011001,Направление ветра,,,,Operational
bufr4/3/02/064/1/011002,02,"Категория 02 — Метеорологические последовательности,",302064,(Данные о ветре с судов или других морских платформ),,011002,Скорость ветра,,,,Operational
bufr4/3/02/064/2/008021,02,"Категория 02 — Метеорологические последовательности,",302064,(Данные о ветре с судов или других морских платформ),,008021,Значимость времени,Установлено на отсутствующее значение (отмена),,,Operational
bufr4/3/02/064/1/103000,02,"Категория 02 — Метеорологические последовательности,",302064,(Данные о ветре с судов или других морских платформ),,103000,Повторение с задержкой 3 дескрипторов,,,,Operational
bufr4/3/02/064/1/031001,02,"Категория 02 — Метеорологические последовательности,",302064,(Данные о ветре с судов или других морских платформ),,031001,Коэффициент повторения дескриптора с задержкой,,,,Operational
bufr4/3/02/064/2/004025,02,"Категория 02 — Метеорологические последовательности,",302064,(Данные о ветре с судов или других морских платформ),,004025,Временной период или отклонение,,,,Operational
bufr4/3/02/064/1/011043,02,"Категория 02 — Метеорологические последовательности,",302064,(Данные о ветре с судов или других морских платформ),,011043,Направление ветра при максимальном порыве,,,,Operational
bufr4/3/02/064/1/011041,02,"Категория 02 — Метеорологические последовательности,",302064,(Данные о ветре с судов или других морских платформ),,011041,Максимальная скорость ветра при порыве,,,,Operational
bufr4/3/02/066/1/020023,02,"Категория 02 — Метеорологические последовательности,",302066,(Опасные явления погоды),,020023,Другие явления погоды,,,,Operational
bufr4/3/02/066/1/020024,02,"Категория 02 — Метеорологические последовательности,",302066,(Опасные явления погоды),,020024,Интенсивность явления,,,,Operational
bufr4/3/02/066/1/020027,02,"Категория 02 — Метеорологические последовательности,",302066,(Опасные явления погоды),,020027,Возникновение явления,,,,Operational
bufr4/3/02/066/1/020054,02,"Категория 02 — Метеорологические последовательности,",302066,(Опасные явления погоды),,020054,"Истинное направление, откуда перемещаются явление или облака или в котором они наблюдаются",,,,Operational
bufr4/3/02/066/2/020023,02,"Категория 02 — Метеорологические последовательности,",302066,(Опасные явления погоды),,020023,Другие явления погоды,,,,Operational
bufr4/3/02/066/2/020027,02,"Категория 02 — Метеорологические последовательности,",302066,(Опасные явления погоды),,020027,Возникновение явления,,,,Operational
bufr4/3/02/066/2/020054,02,"Категория 02 — Метеорологические последовательности,",302066,(Опасные явления погоды),,020054,"Истинное направление, откуда перемещаются явление или облака или в котором они наблюдаются",,,,Operational
bufr4/3/02/066/1/020025,02,"Категория 02 — Метеорологические последовательности,",302066,(Опасные явления погоды),,020025,"Явления, ухудшающие видимость",,,,Operational
bufr4/3/02/066/1/020026,02,"Категория 02 — Метеорологические последовательности,",302066,(Опасные явления погоды),,020026,"Характер явления, ухудшающего видимость",,,,Operational
bufr4/3/02/066/3/020027,02,"Категория 02 — Метеорологические последовательности,",302066,(Опасные явления погоды),,020027,Возникновение явления,,,,Operational
bufr4/3/02/066/1/020040,02,"Категория 02 — Метеорологические последовательности,",302066,(Опасные явления погоды),,020040,Эволюция поземка,,,,Operational
bufr4/3/02/066/1/020066,02,"Категория 02 — Метеорологические последовательности,",302066,(Опасные явления погоды),,020066,Максимальный диаметр градин,,,,Operational
bufr4/3/02/066/4/020027,02,"Категория 02 — Метеорологические последовательности,",302066,(Опасные явления погоды),,020027,Возникновение явления,,,,Operational
bufr4/3/02/066/1/020021,02,"Категория 02 — Метеорологические последовательности,",302066,(Опасные явления погоды),,020021,Тип осадков,,,,Operational
bufr4/3/02/066/1/020067,02,"Категория 02 — Метеорологические последовательности,",302066,(Опасные явления погоды),,020067,Диаметр отложений,,,,Operational
bufr4/3/02/066/5/020027,02,"Категория 02 — Метеорологические последовательности,",302066,(Опасные явления погоды),,020027,Возникновение явления,,,,Operational
bufr4/3/02/067/1/008023,02,"Категория 02 — Метеорологические последовательности,",302067,(Дополнительные синоптические параметры),,008023,Номер последовательности наблюдений,Дополнительные «мгновенные» данные,,,Operational
bufr4/3/02/067/1/004025,02,"Категория 02 — Метеорологические последовательности,",302067,(Дополнительные синоптические параметры),,004025,Временной период или отклонение,= 0 минут,,,Operational
bufr4/3/02/067/1/002177,02,"Категория 02 — Метеорологические последовательности,",302067,(Дополнительные синоптические параметры),,002177,Метод измерения высоты снежного покрова,"/см. колонку слева = 0 Неавтоматизированные наблюдения, = 1 Ультразвуковой метод, = 2 Метод видеокамеры, = 3 Лазерный метод, = 4–13 Зарезервированы, = 14 Другие, = 15 Отсутствующее значение",,,Operational
bufr4/3/02/067/1/101000,02,"Категория 02 — Метеорологические последовательности,",302067,,,101000,Повторение с задержкой 1 дескриптора,,,,Operational
bufr4/3/02/067/1/031001,02,"Категория 02 — Метеорологические последовательности,",302067,,,031001,Коэффициент повторения дескриптора с задержкой,,,,Operational
bufr4/3/02/067/1/020003,02,"Категория 02 — Метеорологические последовательности,",302067,,,020003,Текущая погода,"960ww, 961ww",,,Operational
bufr4/3/02/067/1/103000,02,"Категория 02 — Метеорологические последовательности,",302067,,,103000,Повторение с задержкой 3 дескрипторов,,,,Operational
bufr4/3/02/067/2/031001,02,"Категория 02 — Метеорологические последовательности,",302067,,,031001,Коэффициент повторения дескриптора с задержкой,,,,Operational
bufr4/3/02/067/1/005021,02,"Категория 02 — Метеорологические последовательности,",302067,,,005021,Пеленг или азимут,981VV–988VV,,,Operational
bufr4/3/02/067/1/020001,02,"Категория 02 — Метеорологические последовательности,",302067,,,020001,Горизонтальная видимость,VV,,,Operational
bufr4/3/02/067/2/005021,02,"Категория 02 — Метеорологические последовательности,",302067,,,005021,Пеленг или азимут,Установлено на отсутствующее значение (отмена),,,Operational
bufr4/3/02/067/2/101000,02,"Категория 02 — Метеорологические последовательности,",302067,,,101000,Повторение с задержкой 1 дескриптора,,,,Operational
bufr4/3/02/067/1/031000,02,"Категория 02 — Метеорологические последовательности,",302067,,,031000,Коэффициент повторения короткого дескриптора с задержкой,,,,Operational
bufr4/3/02/067/1/302056,02,"Категория 02 — Метеорологические последовательности,",302067,,,302056,"Температура моря/воды","Температура морской поверхности, метод измерения и глубина от поверхности моря",,,Operational
bufr4/3/02/067/2/103000,02,"Категория 02 — Метеорологические последовательности,",302067,,,103000,Повторение с задержкой 3 дескрипторов,,,,Operational
bufr4/3/02/067/2/031000,02,"Категория 02 — Метеорологические последовательности,",302067,,,031000,Коэффициент повторения короткого дескриптора с задержкой,,,,Operational
bufr4/3/02/067/1/033041,02,"Категория 02 — Метеорологические последовательности,",302067,,,033041,Атрибут следующего значения,,,,Operational
bufr4/3/02/067/1/020058,02,"Категория 02 — Метеорологические последовательности,",302067,,,020058,Видимость в направлении моря от береговой станции,"980VsVs",,,Operational
bufr4/3/02/067/1/022061,02,"Категория 02 — Метеорологические последовательности,",302067,,,022061,Состояние моря,"924SVs",,,Operational
bufr4/3/02/067/3/101000,02,"Категория 02 — Метеорологические последовательности,",302067,,,101000,Повторение с задержкой 1 дескриптора,,,,Operational
bufr4/3/02/067/3/031000,02,"Категория 02 — Метеорологические последовательности,",302067,,,031000,Коэффициент повторения короткого дескриптора с задержкой,,,,Operational
bufr4/3/02/067/1/302022,02,"Категория 02 — Метеорологические последовательности,",302067,,,302022,Ветровые волны,,,,Operational
bufr4/3/02/067/4/101000,02,"Категория 02 — Метеорологические последовательности,",302067,,,101000,Повторение с задержкой 1 дескриптора,,,,Operational
bufr4/3/02/067/3/031001,02,"Категория 02 — Метеорологические последовательности,",302067,,,031001,Коэффициент повторения дескриптора с задержкой,,,,Operational
bufr4/3/02/067/1/302023,02,"Категория 02 — Метеорологические последовательности,",302067,,,302023,Зыбь,,,,Operational
bufr4/3/02/067/1/104000,02,"Категория 02 — Метеорологические последовательности,",302067,,,104000,Повторение с задержкой 4 дескрипторов,,,,Operational
bufr4/3/02/067/4/031001,02,"Категория 02 — Метеорологические последовательности,",302067,,,031001,Коэффициент повторения дескриптора с задержкой,,,,Operational
bufr4/3/02/067/1/020054,02,"Категория 02 — Метеорологические последовательности,",302067,,,020054,"Истинное направление, откуда перемещаются явление или облака или в котором они наблюдаются","Da, Dp",,,Operational
bufr4/3/02/067/1/020137,02,"Категория 02 — Метеорологические последовательности,",302067,,,020137,Эволюция облачности,"940Cn3",,,Operational
bufr4/3/02/067/1/020012,02,"Категория 02 — Метеорологические последовательности,",302067,,,020012,Тип облаков,"941CDp, 943CLDp",,,Operational
bufr4/3/02/067/1/020090,02,"Категория 02 — Метеорологические последовательности,",302067,,,020090,Особые облака,"993CsDa",,,Operational
bufr4/3/02/067/3/103000,02,"Категория 02 — Метеорологические последовательности,",302067,,,103000,Повторение с задержкой 3 дескрипторов,,,,Operational
bufr4/3/02/067/5/031001,02,"Категория 02 — Метеорологические последовательности,",302067,,,031001,Коэффициент повторения дескриптора с задержкой,,,,Operational
bufr4/3/02/067/2/020054,02,"Категория 02 — Метеорологические последовательности,",302067,,,020054,"Истинное направление, откуда перемещаются явление или облака или в котором они наблюдаются",,,,Operational
bufr4/3/02/067/2/020137,02,"Категория 02 — Метеорологические последовательности,",302067,,,020137,Эволюция облачности,,,,Operational
bufr4/3/02/067/1/020136,02,"Категория 02 — Метеорологические последовательности,",302067,,,020136,Дополнительный тип облаков,"948CaDa, 949CaDa, 950Nmnv3, 951Nvn4",,,Operational
bufr4/3/02/067/2/004025,02,"Категория 02 — Метеорологические последовательности,",302067,,,004025,Временной период или отклонение,Отсчетный период свежевыпавшего снега,,,Operational
bufr4/3/02/067/1/013012,02,"Категория 02 — Метеорологические последовательности,",302067,,,013012,Высота свежевыпавшего снега,,,,Operational
bufr4/3/02/067/3/004025,02,"Категория 02 — Метеорологические последовательности,",302067,,,004025,Временной период или отклонение,= –60 минут,,,Operational
bufr4/3/02/067/1/011042,02,"Категория 02 — Метеорологические последовательности,",302067,,,011042,Максимальная скорость ветра (средний ветер за 10 минут),"912ff 902tt 912ff .. обязательно ff ≥ 18",,,Operational
bufr4/3/02/067/2/104000,02,"Категория 02 — Метеорологические последовательности,",302067,,,104000,Повторение с задержкой 4 дескрипторов,,,,Operational
bufr4/3/02/067/6/031001,02,"Категория 02 — Метеорологические последовательности,",302067,,,031001,Коэффициент повторения дескриптора с задержкой,,,,Operational
bufr4/3/02/067/1/008021,02,"Категория 02 — Метеорологические последовательности,",302067,,,008021,Значимость времени,"= 30 Время наступления, = 17 Начало явления",,,Operational
bufr4/3/02/067/4/004025,02,"Категория 02 — Метеорологические последовательности,",302067,,,004025,Временной период или отклонение,= –xx | 902tt,,,Operational
bufr4/3/02/067/2/011042,02,"Категория 02 — Метеорологические последовательности,",302067,,,011042,Максимальная скорость ветра (средний ветер за 10 минут),912ff,,,Operational
bufr4/3/02/067/2/008021,02,"Категория 02 — Метеорологические последовательности,",302067,,,008021,Значимость времени,Установлено на отсутствующее значение (отмена),,,Operational
bufr4/3/02/067/1/115000,02,"Категория 02 — Метеорологические последовательности,",302067,,,115000,Повторение с задержкой 15 дескрипторов,,,,Operational
bufr4/3/02/067/7/031001,02,"Категория 02 — Метеорологические последовательности,",302067,,,031001,Коэффициент повторения дескриптора с задержкой,,,,Operational
bufr4/3/02/067/3/008021,02,"Категория 02 — Метеорологические последовательности,",302067,,,008021,Значимость времени,"= 30 Время наступления, = 17 Начало явления",,,Operational
bufr4/3/02/067/1/004015,02,"Категория 02 — Метеорологические последовательности,",302067,,,004015,Временной инкремент,= –xx1,,,Operational
bufr4/3/02/067/4/008021,02,"Категория 02 — Метеорологические последовательности,",302067,,,008021,Значимость времени,= 2 Усредненное по времени,,,Operational
bufr4/3/02/067/5/004025,02,"Категория 02 — Метеорологические последовательности,",302067,,,004025,"Временной период или отклонение =–10 минут, или количество минут после значитель-ного изменения ветра",,,,Operational
bufr4/3/02/067/1/011001,02,"Категория 02 — Метеорологические последовательности,",302067,,,011001,Направление ветра,915dd,,,Operational
bufr4/3/02/067/1/011002,02,"Категория 02 — Метеорологические последовательности,",302067,,,011002,Скорость ветра,913ff,,,Operational
bufr4/3/02/067/5/008021,02,"Категория 02 — Метеорологические последовательности,",302067,,,008021,Значимость времени,= 22 Время наступления поворота ветра,,,Operational
bufr4/3/02/067/2/004015,02,"Категория 02 — Метеорологические последовательности,",302067,,,004015,Временной инкремент,= +xx2,,,Operational
bufr4/3/02/067/6/008021,02,"Категория 02 — Метеорологические последовательности,",302067,,,008021,Значимость времени,= 2 Усредненное по времени,,,Operational
bufr4/3/02/067/6/004025,02,"Категория 02 — Метеорологические последовательности,",302067,,,004025,"Временной период или отклонение =–10 минут, или количество минут после значитель-ного изменения ветра",,,,Operational
bufr4/3/02/067/2/011001,02,"Категория 02 — Метеорологические последовательности,",302067,,,011001,Направление ветра,915dd,,,Operational
bufr4/3/02/067/2/011002,02,"Категория 02 — Метеорологические последовательности,",302067,,,011002,Скорость ветра,913ff,,,Operational
bufr4/3/02/067/7/008021,02,"Категория 02 — Метеорологические последовательности,",302067,,,008021,Значимость времени Установлено на отсутствующее значение (отмена),,,,Operational
bufr4/3/02/067/7/004025,02,"Категория 02 — Метеорологические последовательности,",302067,,,004025,Временной период или отклонение,= 0 минут,,,Operational
bufr4/3/02/067/3/004015,02,"Категория 02 — Метеорологические последовательности,",302067,,,004015,Временной инкремент,"= +(xx1–xx2) | неотрицательный для переустановки времени до фактического времени",,,Operational
bufr4/3/02/067/4/103000,02,"Категория 02 — Метеорологические последовательности,",302067,,,103000,Повторение с задержкой 3 дескрипторов,,,,Operational
bufr4/3/02/067/8/031001,02,"Категория 02 — Метеорологические последовательности,",302067,,,031001,Коэффициент повторения дескриптора с задержкой,,,,Operational
bufr4/3/02/067/8/004025,02,"Категория 02 — Метеорологические последовательности,",302067,,,004025,"Временной период или отклонение = –xx, т. е. от",,,,Operational
bufr4/3/02/067/9/004025,02,"Категория 02 — Метеорологические последовательности,",302067,,,004025,"Временной период или отклонение = –xx, т. е. до",,,,Operational
bufr4/3/02/067/2/020003,02,"Категория 02 — Метеорологические последовательности,",302067,,,020003,Текущая погода,"962ww, 963w1w1, 964ww, 965w1w1, 966ww, 967w1w1",,,Operational
bufr4/3/02/067/1/110000,02,"Категория 02 — Метеорологические последовательности,",302067,,,110000,Повторение с задержкой 10 дескрипторов,,,,Operational
bufr4/3/02/067/9/031001,02,"Категория 02 — Метеорологические последовательности,",302067,,,031001,Коэффициент повторения дескриптора с задержкой,,,,Operational
bufr4/3/02/067/10/004025,02,"Категория 02 — Метеорологические последовательности,",302067,,,004025,"Временной период или отклонение = –xx, т. е. от",,,,Operational
bufr4/3/02/067/11/004025,02,"Категория 02 — Метеорологические последовательности,",302067,,,004025,"Временной период или отклонение = –xx, т. е. до",,,,Operational
bufr4/3/02/067/3/005021,02,"Категория 02 — Метеорологические последовательности,",302067,,,005021,Пеленг или азимут,"Da, Dp",,,Operational
bufr4/3/02/067/4/005021,02,"Категория 02 — Метеорологические последовательности,",302067,,,005021,Пеленг или азимут,"Da, Dp",,,Operational
bufr4/3/02/067/3/020054,02,"Категория 02 — Метеорологические последовательности,",302067,,,020054,"Истинное направление, откуда перемещаются явление или облака или в котором они наблюдаются","Da, Dp",,,Operational
bufr4/3/02/067/1/020024,02,"Категория 02 — Метеорологические последовательности,",302067,,,020024,Интенсивность явления,"= 1 Слабое = 2 Умеренное = 3 Сильное = 4 Чрезвычайно сильное = 5 Суровое",,,Operational
bufr4/3/02/067/1/020025,02,"Категория 02 — Метеорологические последовательности,",302067,,,020025,"Явления, ухудшающие видимость",,,,Operational
bufr4/3/02/067/1/020026,02,"Категория 02 — Метеорологические последовательности,",302067,,,020026,"Характер явления, ухудшающего видимость",,,,Operational
bufr4/3/02/067/1/020027,02,"Категория 02 — Метеорологические последовательности,",302067,,,020027,Возникновение явления,,,,Operational
bufr4/3/02/067/1/020063,02,"Категория 02 — Метеорологические последовательности,",302067,,,020063,Особые явления,,,,Operational
bufr4/3/02/069/1/007032,02,"Категория 02 — Метеорологические последовательности,",302069,(Данные о видимости),,007032,Высота датчика над местной площадкой (или палубой морской платформы),,,,Operational
bufr4/3/02/069/1/007033,02,"Категория 02 — Метеорологические последовательности,",302069,(Данные о видимости),,007033,Высота датчика над поверхностью воды,,,,Operational
bufr4/3/02/069/1/033041,02,"Категория 02 — Метеорологические последовательности,",302069,(Данные о видимости),,033041,Атрибут следующего значения,,,,Operational
bufr4/3/02/069/1/020001,02,"Категория 02 — Метеорологические последовательности,",302069,(Данные о видимости),,020001,Горизонтальная видимость,,,,Operational
bufr4/3/02/070/1/007032,02,"Категория 02 — Метеорологические последовательности,",302070,(Данные о ветре),,007032,Высота датчика над местной площадкой (или палубой морской платформы),,,,Operational
bufr4/3/02/070/1/007033,02,"Категория 02 — Метеорологические последовательности,",302070,(Данные о ветре),,007033,Высота датчика над поверхностью воды,,,,Operational
bufr4/3/02/070/1/011001,02,"Категория 02 — Метеорологические последовательности,",302070,(Данные о ветре),,011001,Направление ветра,,,,Operational
bufr4/3/02/070/1/011002,02,"Категория 02 — Метеорологические последовательности,",302070,(Данные о ветре),,011002,Скорость ветра,,,,Operational
bufr4/3/02/070/1/011043,02,"Категория 02 — Метеорологические последовательности,",302070,(Данные о ветре),,011043,Направление ветра при максимальном порыве,,,,Operational
bufr4/3/02/070/1/011041,02,"Категория 02 — Метеорологические последовательности,",302070,(Данные о ветре),,011041,Максимальная скорость ветра при порыве,,,,Operational
bufr4/3/02/070/1/011016,02,"Категория 02 — Метеорологические последовательности,",302070,(Данные о ветре),,011016,Экстремальное отклонение направления переменного ветра против часовой стрелки,,,,Operational
bufr4/3/02/070/1/011017,02,"Категория 02 — Метеорологические последовательности,",302070,(Данные о ветре),,011017,Экстремальное отклонение направления переменного ветра по часовой стрелке,,,,Operational
bufr4/3/02/071/1/007032,02,"Категория 02 — Метеорологические последовательности,",302071,(Данные о ветре за одночасовой период),,007032,Высота датчика над местной площадкой (или палубой морской платформы),,,,Operational
bufr4/3/02/071/1/007033,02,"Категория 02 — Метеорологические последовательности,",302071,(Данные о ветре за одночасовой период),,007033,Высота датчика над поверхностью воды,,,,Operational
bufr4/3/02/071/1/008021,02,"Категория 02 — Метеорологические последовательности,",302071,(Данные о ветре за одночасовой период),,008021,Значимость времени,= 2 Усреднение по времени,,,Operational
bufr4/3/02/071/1/004025,02,"Категория 02 — Метеорологические последовательности,",302071,(Данные о ветре за одночасовой период),,004025,"Временной период или отклонение","=–10 минут, или количество минут после значительного изменения ветра, если таковое имеется",,,Operational
bufr4/3/02/071/1/011001,02,"Категория 02 — Метеорологические последовательности,",302071,(Данные о ветре за одночасовой период),,011001,Направление ветра,,,,Operational
bufr4/3/02/071/1/011002,02,"Категория 02 — Метеорологические последовательности,",302071,(Данные о ветре за одночасовой период),,011002,Скорость ветра,,,,Operational
bufr4/3/02/071/2/008021,02,"Категория 02 — Метеорологические последовательности,",302071,(Данные о ветре за одночасовой период),,008021,Значимость времени,Установлено на отсутствующее значение,,,Operational
bufr4/3/02/071/1/103002,02,"Категория 02 — Метеорологические последовательности,",302071,(Данные о ветре за одночасовой период),,103002,Повторить 3 дескриптора 2 раза,,,,Operational
bufr4/3/02/071/2/004025,02,"Категория 02 — Метеорологические последовательности,",302071,(Данные о ветре за одночасовой период),,004025,Временной период или отклонение,"=–10 минут в первом повторении, =–60 минут во втором повторении",,,Operational
bufr4/3/02/071/1/011043,02,"Категория 02 — Метеорологические последовательности,",302071,(Данные о ветре за одночасовой период),,011043,Направление ветра при максимальном порыве,,,,Operational
bufr4/3/02/071/1/011041,02,"Категория 02 — Метеорологические последовательности,",302071,(Данные о ветре за одночасовой период),,011041,Максимальная скорость ветра при порыве,,,,Operational
bufr4/3/02/071/3/004025,02,"Категория 02 — Метеорологические последовательности,",302071,(Данные о ветре за одночасовой период),,004025,Временной период или отклонение,=–10 минут,,,Operational
bufr4/3/02/071/1/011016,02,"Категория 02 — Метеорологические последовательности,",302071,(Данные о ветре за одночасовой период),,011016,Экстремальное отклонение направления переменного ветра против часовой стрелки,,,,Operational
bufr4/3/02/071/1/011017,02,"Категория 02 — Метеорологические последовательности,",302071,(Данные о ветре за одночасовой период),,011017,Экстремальное отклонение направления переменного ветра по часовой стрелке,,,,Operational
bufr4/3/02/072/1/007032,02,"Категория 02 — Метеорологические последовательности,",302072,(Данные о температуре и влажности),,007032,Высота датчика над местной площадкой (или палубой морской платформы),,,,Operational
bufr4/3/02/072/1/007033,02,"Категория 02 — Метеорологические последовательности,",302072,(Данные о температуре и влажности),,007033,Высота датчика над поверхностью воды,,,,Operational
bufr4/3/02/072/1/012101,02,"Категория 02 — Метеорологические последовательности,",302072,(Данные о температуре и влажности),,012101,Температура/температура воздуха,Масштаб: 2,,,Operational
bufr4/3/02/072/1/012103,02,"Категория 02 — Метеорологические последовательности,",302072,(Данные о температуре и влажности),,012103,Температура точки росы,Масштаб: 2,,,Operational
bufr4/3/02/072/1/013003,02,"Категория 02 — Метеорологические последовательности,",302072,(Данные о температуре и влажности),,013003,Относительная влажность,,,,Operational
bufr4/3/02/073/1/020010,02,"Категория 02 — Метеорологические последовательности,",302073,(Данные об облачности),,020010,Облачность (общая),,,,Operational
bufr4/3/02/073/1/105004,02,"Категория 02 — Метеорологические последовательности,",302073,(Данные об облачности),,105004,Повторить 5 дескрипторов 4 раза,,,,Operational
bufr4/3/02/073/1/008002,02,"Категория 02 — Метеорологические последовательности,",302073,(Данные об облачности),,008002,Вертикальная значимость (приземные наблюдения),,,,Operational
bufr4/3/02/073/1/020011,02,"Категория 02 — Метеорологические последовательности,",302073,(Данные об облачности),,020011,Количество облаков,,,,Operational
bufr4/3/02/073/1/020012,02,"Категория 02 — Метеорологические последовательности,",302073,(Данные об облачности),,020012,Тип облаков,,,,Operational
bufr4/3/02/073/1/033041,02,"Категория 02 — Метеорологические последовательности,",302073,(Данные об облачности),,033041,Атрибут следующего значения,,,,Operational
bufr4/3/02/073/1/020013,02,"Категория 02 — Метеорологические последовательности,",302073,(Данные об облачности),,020013,Высота нижней границы облаков,,,,Operational
bufr4/3/02/074/1/020003,02,"Категория 02 — Метеорологические последовательности,",302074,(Текущая и прошедшая погода),,020003,Текущая погода,,,,Operational
bufr4/3/02/074/1/004025,02,"Категория 02 — Метеорологические последовательности,",302074,(Текущая и прошедшая погода),,004025,Временной период или отклонение,,,,Operational
bufr4/3/02/074/1/020004,02,"Категория 02 — Метеорологические последовательности,",302074,(Текущая и прошедшая погода),,020004,Прошедшая погода (1),,,,Operational
bufr4/3/02/074/1/020005,02,"Категория 02 — Метеорологические последовательности,",302074,(Текущая и прошедшая погода),,020005,Прошедшая погода (2),,,,Operational
bufr4/3/02/075/1/008021,02,"Категория 02 — Метеорологические последовательности,",302075,"(Интенсивность осадков, размер элемента осадков)",,008021,Значимость времени,= 2 Усреднение по времени,,,Operational
bufr4/3/02/075/1/004025,02,"Категория 02 — Метеорологические последовательности,",302075,"(Интенсивность осадков, размер элемента осадков)",,004025,Временной период или отклонение,=–10 минут,,,Operational
bufr4/3/02/075/1/013055,02,"Категория 02 — Метеорологические последовательности,",302075,"(Интенсивность осадков, размер элемента осадков)",,013055,Интенсивность осадков,,,,Operational
bufr4/3/02/075/1/013058,02,"Категория 02 — Метеорологические последовательности,",302075,"(Интенсивность осадков, размер элемента осадков)",,013058,Размер элемента осадков,,,,Operational
bufr4/3/02/075/2/008021,02,"Категория 02 — Метеорологические последовательности,",302075,"(Интенсивность осадков, размер элемента осадков)",,008021,Значимость времени,Установлено на отсутствующее значение,,,Operational
bufr4/3/02/076/1/020021,02,"Категория 02 — Метеорологические последовательности,",302076,"(Осадки, явления, ухудшающие видимость, и другие явления)",,020021,Тип осадков,,,,Operational
bufr4/3/02/076/1/020022,02,"Категория 02 — Метеорологические последовательности,",302076,"(Осадки, явления, ухудшающие видимость, и другие явления)",,020022,Характер осадков,,,,Operational
bufr4/3/02/076/1/026020,02,"Категория 02 — Метеорологические последовательности,",302076,"(Осадки, явления, ухудшающие видимость, и другие явления)",,026020,Продолжительность осадков,,,,Operational
bufr4/3/02/076/1/020023,02,"Категория 02 — Метеорологические последовательности,",302076,"(Осадки, явления, ухудшающие видимость, и другие явления)",,020023,Другие явления погоды,,,,Operational
bufr4/3/02/076/1/020024,02,"Категория 02 — Метеорологические последовательности,",302076,"(Осадки, явления, ухудшающие видимость, и другие явления)",,020024,Интенсивность явлений,,,,Operational
bufr4/3/02/076/1/020025,02,"Категория 02 — Метеорологические последовательности,",302076,"(Осадки, явления, ухудшающие видимость, и другие явления)",,020025,"Явления, ухудшающие видимость",,,,Operational
bufr4/3/02/076/1/020026,02,"Категория 02 — Метеорологические последовательности,",302076,"(Осадки, явления, ухудшающие видимость, и другие явления)",,020026,"Характер явлений, ухудшающих видимость",,,,Operational
bufr4/3/02/077/1/007032,02,"Категория 02 — Метеорологические последовательности,",302077,(Данные об экстремальной температуре),,007032,Высота датчика над местной площадкой (или палубой морской платформы),,,,Operational
bufr4/3/02/077/1/007033,02,"Категория 02 — Метеорологические последовательности,",302077,(Данные об экстремальной температуре),,007033,Высота датчика над поверхностью воды,,,,Operational
bufr4/3/02/077/1/004025,02,"Категория 02 — Метеорологические последовательности,",302077,(Данные об экстремальной температуре),,004025,Временной период или отклонение,,,,Operational
bufr4/3/02/077/1/012111,02,"Категория 02 — Метеорологические последовательности,",302077,(Данные об экстремальной температуре),,012111,Максимальная температура на указанной высоте и за указанный период,Масштаб: 2,,,Operational
bufr4/3/02/077/1/012112,02,"Категория 02 — Метеорологические последовательности,",302077,(Данные об экстремальной температуре),,012112,Минимальная температура на указанной высоте и за указанный период,Масштаб: 2,,,Operational
bufr4/3/02/077/2/007032,02,"Категория 02 — Метеорологические последовательности,",302077,(Данные об экстремальной температуре),,007032,Высота датчика над местной площадкой (или палубой морской платформы),Температура на поверхности земли,,,Operational
bufr4/3/02/077/2/004025,02,"Категория 02 — Метеорологические последовательности,",302077,(Данные об экстремальной температуре),,004025,Временной период или отклонение,,,,Operational
bufr4/3/02/077/2/012112,02,"Категория 02 — Метеорологические последовательности,",302077,(Данные об экстремальной температуре),,012112,Минимальная температура на указанной высоте и за указанный период,"Масштаб: 2 | Температура на поверхности земли",,,Operational
bufr4/3/02/078/1/002176,02,"Категория 02 — Метеорологические последовательности,",302078,(Состояние поверхности земли и измерение высоты снежного покрова),,002176,Метод измерения состояния поверхности земли,,,,Operational
bufr4/3/02/078/1/020062,02,"Категория 02 — Метеорологические последовательности,",302078,(Состояние поверхности земли и измерение высоты снежного покрова),,020062,Состояние поверхности земли (со снегом или без снега),,,,Operational
bufr4/3/02/078/1/002177,02,"Категория 02 — Метеорологические последовательности,",302078,(Состояние поверхности земли и измерение высоты снежного покрова),,002177,Метод измерения высоты снежного покрова,,,,Operational
bufr4/3/02/078/1/013013,02,"Категория 02 — Метеорологические последовательности,",302078,(Состояние поверхности земли и измерение высоты снежного покрова),,013013,Суммарная высота снежного покрова,,,,Operational
bufr4/3/02/079/1/007032,02,"Категория 02 — Метеорологические последовательности,",302079,(Измерение осадков),,007032,Высота датчика над местной площадкой (или палубой морской платформы),,,,Operational
bufr4/3/02/079/1/002175,02,"Категория 02 — Метеорологические последовательности,",302079,(Измерение осадков),,002175,Метод измерения осадков,,,,Operational
bufr4/3/02/079/1/002178,02,"Категория 02 — Метеорологические последовательности,",302079,(Измерение осадков),,002178,Метод измерения жидкой фазы осадков,,,,Operational
bufr4/3/02/079/1/004025,02,"Категория 02 — Метеорологические последовательности,",302079,(Измерение осадков),,004025,Временной период или отклонение,,,,Operational
bufr4/3/02/079/1/013011,02,"Категория 02 — Метеорологические последовательности,",302079,(Измерение осадков),,013011,Сумма осадков/суммарный водный эквивалент,,,,Operational
bufr4/3/02/080/1/002185,02,"Категория 02 — Метеорологические последовательности,",302080,(Измерение испарения),,002185,Метод измерения испарения,,,,Operational
bufr4/3/02/080/1/004025,02,"Категория 02 — Метеорологические последовательности,",302080,(Измерение испарения),,004025,Временной период или отклонение,,,,Operational
bufr4/3/02/080/1/013033,02,"Категория 02 — Метеорологические последовательности,",302080,(Измерение испарения),,013033,Испарение/эвапотранспирация,,,,Operational
bufr4/3/02/081/1/004025,02,"Категория 02 — Метеорологические последовательности,",302081,(Данные об общей продолжительности солнечного сияния),,004025,Временной период или отклонение,,,,Operational
bufr4/3/02/081/1/014031,02,"Категория 02 — Метеорологические последовательности,",302081,(Данные об общей продолжительности солнечного сияния),,014031,Общая продолжительность солнечного сияния,,,,Operational
bufr4/3/02/082/1/004025,02,"Категория 02 — Метеорологические последовательности,",302082,(Данные о радиации),,004025,Временной период или отклонение,,,,Operational
bufr4/3/02/082/1/014002,02,"Категория 02 — Метеорологические последовательности,",302082,(Данные о радиации),,014002,"Длинноволновая радиация, интегрированная за указанный период",,,,Operational
bufr4/3/02/082/1/014004,02,"Категория 02 — Метеорологические последовательности,",302082,(Данные о радиации),,014004,"Коротковолновая радиация, интегрированная за указанный период",,,,Operational
bufr4/3/02/082/1/014016,02,"Категория 02 — Метеорологические последовательности,",302082,(Данные о радиации),,014016,"Радиационный баланс, интегрированный за указанный период",,,,Operational
bufr4/3/02/082/1/014028,02,"Категория 02 — Метеорологические последовательности,",302082,(Данные о радиации),,014028,"Суммарная солнечная радиация (высокая точность), интегрированная за указанный период",,,,Operational
bufr4/3/02/082/1/014029,02,"Категория 02 — Метеорологические последовательности,",302082,(Данные о радиации),,014029,"Рассеянная солнечная радиация (высокая точность), интегрированная за указанный период",,,,Operational
bufr4/3/02/082/1/014030,02,"Категория 02 — Метеорологические последовательности,",302082,(Данные о радиации),,014030,"Прямая солнечная радиация (высокая точность), интегрированная за указанный период",,,,Operational
bufr4/3/02/083/1/004025,02,"Категория 02 — Метеорологические последовательности,",302083,"(Статистические данные первого порядка о давлении, ветре, температуре и влажности)",,004025,Временной период или отклонение,,,,Operational
bufr4/3/02/083/1/008023,02,"Категория 02 — Метеорологические последовательности,",302083,"(Статистические данные первого порядка о давлении, ветре, температуре и влажности)",,008023,Статистические данные первого порядка,,,,Operational
bufr4/3/02/083/1/010004,02,"Категория 02 — Метеорологические последовательности,",302083,"(Статистические данные первого порядка о давлении, ветре, температуре и влажности)",,010004,Давление,,,,Operational
bufr4/3/02/083/1/011001,02,"Категория 02 — Метеорологические последовательности,",302083,"(Статистические данные первого порядка о давлении, ветре, температуре и влажности)",,011001,Направление ветра,,,,Operational
bufr4/3/02/083/1/011002,02,"Категория 02 — Метеорологические последовательности,",302083,"(Статистические данные первого порядка о давлении, ветре, температуре и влажности)",,011002,Скорость ветра,,,,Operational
bufr4/3/02/083/1/012101,02,"Категория 02 — Метеорологические последовательности,",302083,"(Статистические данные первого порядка о давлении, ветре, температуре и влажности)",,012101,Температура/температура воздуха,Масштаб: 2,,,Operational
bufr4/3/02/083/1/013003,02,"Категория 02 — Метеорологические последовательности,",302083,"(Статистические данные первого порядка о давлении, ветре, температуре и влажности)",,013003,Относительная влажность,,,,Operational
bufr4/3/02/083/2/008023,02,"Категория 02 — Метеорологические последовательности,",302083,"(Статистические данные первого порядка о давлении, ветре, температуре и влажности)",,008023,Статистические данные первого порядка,Установлено на отсутствующее значение,,,Operational
bufr4/3/02/084/1/302031,02,"Категория 02 — Метеорологические последовательности,",302084,(«Мгновенные» данные последовательности 3 07 096),,302031,Информация о давлении,,,,Operational
bufr4/3/02/084/1/302072,02,"Категория 02 — Метеорологические последовательности,",302084,(«Мгновенные» данные последовательности 3 07 096),,302072,Данные о температуре и влажности,,,,Operational
bufr4/3/02/084/1/103000,02,"Категория 02 — Метеорологические последовательности,",302084,(«Мгновенные» данные последовательности 3 07 096),,103000,Повторение с задержкой 3 дескрипторов,,,,Operational
bufr4/3/02/084/1/031000,02,"Категория 02 — Метеорологические последовательности,",302084,(«Мгновенные» данные последовательности 3 07 096),,031000,Коэффициент повторения короткого дескриптора с задержкой,,,,Operational
bufr4/3/02/084/1/101005,02,"Категория 02 — Метеорологические последовательности,",302084,(«Мгновенные» данные последовательности 3 07 096),,101005,Повторить 1 дескриптор 5 раз,,,,Operational
bufr4/3/02/084/1/307063,02,"Категория 02 — Метеорологические последовательности,",302084,(«Мгновенные» данные последовательности 3 07 096),,307063,Глубина от земной поверхности и температура почвы,,,,Operational
bufr4/3/02/084/1/007061,02,"Категория 02 — Метеорологические последовательности,",302084,(«Мгновенные» данные последовательности 3 07 096),,007061,Глубина от земной поверхности,Установлено на отсутствующее значение (отмена),,,Operational
bufr4/3/02/084/1/101000,02,"Категория 02 — Метеорологические последовательности,",302084,(«Мгновенные» данные последовательности 3 07 096),,101000,Повторение с задержкой 1 дескриптора,,,,Operational
bufr4/3/02/084/2/031000,02,"Категория 02 — Метеорологические последовательности,",302084,(«Мгновенные» данные последовательности 3 07 096),,031000,Коэффициент повторения короткого дескриптора с задержкой,,,,Operational
bufr4/3/02/084/1/302069,02,"Категория 02 — Метеорологические последовательности,",302084,(«Мгновенные» данные последовательности 3 07 096),,302069,Данные о видимости,,,,Operational
bufr4/3/02/084/1/007032,02,"Категория 02 — Метеорологические последовательности,",302084,(«Мгновенные» данные последовательности 3 07 096),,007032,Высота датчика над местной площадкой (или палубой морской платформы),Установлено на отсутствующее значение (отмена),,,Operational
bufr4/3/02/084/1/007033,02,"Категория 02 — Метеорологические последовательности,",302084,(«Мгновенные» данные последовательности 3 07 096),,007033,Высота датчика над поверхностью воды,Установлено на отсутствующее значение (отмена),,,Operational
bufr4/3/02/084/1/105000,02,"Категория 02 — Метеорологические последовательности,",302084,(«Мгновенные» данные последовательности 3 07 096),,105000,Повторение с задержкой 5 дескрипторов,,,,Operational
bufr4/3/02/084/3/031000,02,"Категория 02 — Метеорологические последовательности,",302084,(«Мгновенные» данные последовательности 3 07 096),,031000,Коэффициент повторения короткого дескриптора с задержкой,,,,Operational
bufr4/3/02/084/1/020031,02,"Категория 02 — Метеорологические последовательности,",302084,(«Мгновенные» данные последовательности 3 07 096),,020031,Отложение льда (толщина),,,,Operational
bufr4/3/02/084/1/020032,02,"Категория 02 — Метеорологические последовательности,",302084,(«Мгновенные» данные последовательности 3 07 096),,020032,Скорость нарастания льда (оцененная),,,,Operational
bufr4/3/02/084/1/002038,02,"Категория 02 — Метеорологические последовательности,",302084,(«Мгновенные» данные последовательности 3 07 096),,002038,Метод измерения температуры и/или солености воды,,,,Operational
bufr4/3/02/084/1/022043,02,"Категория 02 — Метеорологические последовательности,",302084,(«Мгновенные» данные последовательности 3 07 096),,022043,Температура моря/воды,Масштаб: 2,,,Operational
bufr4/3/02/084/1/302021,02,"Категория 02 — Метеорологические последовательности,",302084,(«Мгновенные» данные последовательности 3 07 096),,302021,Волнение,,,,Operational
bufr4/3/02/084/2/101000,02,"Категория 02 — Метеорологические последовательности,",302084,(«Мгновенные» данные последовательности 3 07 096),,101000,Повторение с задержкой 1 дескриптора,,,,Operational
bufr4/3/02/084/4/031000,02,"Категория 02 — Метеорологические последовательности,",302084,(«Мгновенные» данные последовательности 3 07 096),,031000,Коэффициент повторения короткого дескриптора с задержкой,,,,Operational
bufr4/3/02/084/1/302078,02,"Категория 02 — Метеорологические последовательности,",302084,(«Мгновенные» данные последовательности 3 07 096),,302078,Состояние поверхности земли и измерение высоты снежного покрова,,,,Operational
bufr4/3/02/084/1/012113,02,"Категория 02 — Метеорологические последовательности,",302084,(«Мгновенные» данные последовательности 3 07 096),,012113,Минимальная температура поверхности земли за последние 12 часов,Масштаб: 2,,,Operational
bufr4/3/02/084/3/101000,02,"Категория 02 — Метеорологические последовательности,",302084,,,101000,Повторение с задержкой 1 дескриптора,,,,Operational
bufr4/3/02/084/5/031000,02,"Категория 02 — Метеорологические последовательности,",302084,,,031000,Коэффициент повторения короткого дескриптора с задержкой,,,,Operational
bufr4/3/02/084/1/302004,02,"Категория 02 — Метеорологические последовательности,",302084,,,302004,Общая информация об облачности,,,,Operational
bufr4/3/02/084/2/105000,02,"Категория 02 — Метеорологические последовательности,",302084,,,105000,Повторение с задержкой 5 дескрипторов,,,,Operational
bufr4/3/02/084/1/031001,02,"Категория 02 — Метеорологические последовательности,",302084,,,031001,Коэффициент повторения дескриптора с задержкой,,,,Operational
bufr4/3/02/084/1/008002,02,"Категория 02 — Метеорологические последовательности,",302084,,,008002,Вертикальная значимость (приземные наблюдения),,,,Operational
bufr4/3/02/084/1/020011,02,"Категория 02 — Метеорологические последовательности,",302084,,,020011,Количество облаков,,,,Operational
bufr4/3/02/084/1/020012,02,"Категория 02 — Метеорологические последовательности,",302084,,,020012,Тип облаков,,,,Operational
bufr4/3/02/084/1/033041,02,"Категория 02 — Метеорологические последовательности,",302084,,,033041,Атрибут следующего значения,,,,Operational
bufr4/3/02/084/1/020013,02,"Категория 02 — Метеорологические последовательности,",302084,,,020013,Высота нижней границы облаков,,,,Operational
bufr4/3/02/084/1/302036,02,"Категория 02 — Метеорологические последовательности,",302084,(«Мгновенные» данные последовательности 3 07 096),,302036,Облака с нижней границей ниже уровня станции,,,,Operational
bufr4/3/02/084/4/101000,02,"Категория 02 — Метеорологические последовательности,",302084,,,101000,Повторение с задержкой 1 дескриптора,,,,Operational
bufr4/3/02/084/6/031000,02,"Категория 02 — Метеорологические последовательности,",302084,,,031000,Коэффициент повторения короткого дескриптора с задержкой,,,,Operational
bufr4/3/02/084/1/302047,02,"Категория 02 — Метеорологические последовательности,",302084,,,302047,Направление движения облаков,,,,Operational
bufr4/3/02/084/2/008002,02,"Категория 02 — Метеорологические последовательности,",302084,(«Мгновенные» данные последовательности 3 07 096),,008002,Вертикальная значимость (приземные наблюдения),Установлено на отсутствующее значение (отмена),,,Operational
bufr4/3/02/084/5/101000,02,"Категория 02 — Метеорологические последовательности,",302084,,,101000,Повторение с задержкой 1 дескриптора,,,,Operational
bufr4/3/02/084/7/031000,02,"Категория 02 — Метеорологические последовательности,",302084,,,031000,Коэффициент повторения короткого дескриптора с задержкой,,,,Operational
bufr4/3/02/084/1/302048,02,"Категория 02 — Метеорологические последовательности,",302084,,,302048,Направление движения и возвышение облаков,,,,Operational
bufr4/3/02/085/1/105000,02,"Категория 02 — Метеорологические последовательности,",302085,(Данные о «периоде» последовательности 3 07 096),,105000,Повторение с задержкой 5 дескрипторов,,,,Operational
bufr4/3/02/085/1/031000,02,"Категория 02 — Метеорологические последовательности,",302085,(Данные о «периоде» последовательности 3 07 096),,031000,Коэффициент повторения короткого дескриптора с задержкой,,,,Operational
bufr4/3/02/085/1/020003,02,"Категория 02 — Метеорологические последовательности,",302085,(Данные о «периоде» последовательности 3 07 096),,020003,Текущая погода,,,,Operational
bufr4/3/02/085/1/103002,02,"Категория 02 — Метеорологические последовательности,",302085,(Данные о «периоде» последовательности 3 07 096),,103002,Повторить 3 дескриптора 2 раза,,,,Operational
bufr4/3/02/085/1/004024,02,"Категория 02 — Метеорологические последовательности,",302085,(Данные о «периоде» последовательности 3 07 096),,004024,"Временной период или отклонение /см. колонку слева =–1 час в первом повторении, = –x часов во втором повторении, x соответствует временному периоду W W в сводке SYNOP 1 2",,,,Operational
bufr4/3/02/085/1/020004,02,"Категория 02 — Метеорологические последовательности,",302085,(Данные о «периоде» последовательности 3 07 096),,020004,Прошедшая погода (1),,,,Operational
bufr4/3/02/085/1/020005,02,"Категория 02 — Метеорологические последовательности,",302085,(Данные о «периоде» последовательности 3 07 096),,020005,Прошедшая погода (2),,,,Operational
bufr4/3/02/085/1/101000,02,"Категория 02 — Метеорологические последовательности,",302085,(Данные о «периоде» последовательности 3 07 096),,101000,Повторение с задержкой 1 дескриптора,,,,Operational
bufr4/3/02/085/2/031000,02,"Категория 02 — Метеорологические последовательности,",302085,(Данные о «периоде» последовательности 3 07 096),,031000,Коэффициент повторения короткого дескриптора с задержкой,,,,Operational
bufr4/3/02/085/1/302175,02,"Категория 02 — Метеорологические последовательности,",302085,(Данные о «периоде» последовательности 3 07 096),,302175,"Интенсивность осадков, размер элемента осадков",,,,Operational
bufr4/3/02/085/1/102000,02,"Категория 02 — Метеорологические последовательности,",302085,(Данные о «периоде» последовательности 3 07 096),,102000,Повторение с задержкой 2 дескрипторов,,,,Operational
bufr4/3/02/085/3/031000,02,"Категория 02 — Метеорологические последовательности,",302085,(Данные о «периоде» последовательности 3 07 096),,031000,Коэффициент повторения короткого дескриптора с задержкой,,,,Operational
bufr4/3/02/085/1/004025,02,"Категория 02 — Метеорологические последовательности,",302085,(Данные о «периоде» последовательности 3 07 096),,004025,Временной период или отклонение,=–10 минут,,,Operational
bufr4/3/02/085/1/302076,02,"Категория 02 — Метеорологические последовательности,",302085,(Данные о «периоде» последовательности 3 07 096),,302076,"Осадки, явления, ухудшающие видимость, и другие явления",,,,Operational
bufr4/3/02/085/2/102000,02,"Категория 02 — Метеорологические последовательности,",302085,(Данные о «периоде» последовательности 3 07 096),,102000,Повторение с задержкой 2 дескрипторов,,,,Operational
bufr4/3/02/085/4/031000,02,"Категория 02 — Метеорологические последовательности,",302085,(Данные о «периоде» последовательности 3 07 096),,031000,Коэффициент повторения короткого дескриптора с задержкой,,,,Operational
bufr4/3/02/085/2/004025,02,"Категория 02 — Метеорологические последовательности,",302085,(Данные о «периоде» последовательности 3 07 096),,004025,Временной период или отклонение,=–10 минут,,,Operational
bufr4/3/02/085/1/013059,02,"Категория 02 — Метеорологические последовательности,",302085,(Данные о «периоде» последовательности 3 07 096),,013059,Количество вспышек (гроза),,,,Operational
bufr4/3/02/085/1/007032,02,"Категория 02 — Метеорологические последовательности,",302085,(Данные о «периоде» последовательности 3 07 096),,007032,Высота датчика над местной площадкой (или палубой морской платформы),,,,Operational
bufr4/3/02/085/1/007033,02,"Категория 02 — Метеорологические последовательности,",302085,(Данные о «периоде» последовательности 3 07 096),,007033,Высота датчика над поверхностью воды,,,,Operational
bufr4/3/02/085/1/008021,02,"Категория 02 — Метеорологические последовательности,",302085,(Данные о «периоде» последовательности 3 07 096),,008021,Значимость времени,= 2 Осреднение по времени,,,Operational
bufr4/3/02/085/3/004025,02,"Категория 02 — Метеорологические последовательности,",302085,(Данные о «периоде» последовательности 3 07 096),,004025,Временной период или отклонение,"=–10 минут или количество минут после значительного изменения ветра",,,Operational
bufr4/3/02/085/1/011001,02,"Категория 02 — Метеорологические последовательности,",302085,(Данные о «периоде» последовательности 3 07 096),,011001,Направление ветра,,,,Operational
bufr4/3/02/085/1/011002,02,"Категория 02 — Метеорологические последовательности,",302085,(Данные о «периоде» последовательности 3 07 096),,011002,Скорость ветра,,,,Operational
bufr4/3/02/085/2/008021,02,"Категория 02 — Метеорологические последовательности,",302085,(Данные о «периоде» последовательности 3 07 096),,008021,Значимость времени,Установлено на отсутствующее значение,,,Operational
bufr4/3/02/085/1/103003,02,"Категория 02 — Метеорологические последовательности,",302085,(Данные о «периоде» последовательности 3 07 096),,103003,Повторить 3 дескриптора 3 раза,,,,Operational
bufr4/3/02/085/4/004025,02,"Категория 02 — Метеорологические последовательности,",302085,(Данные о «периоде» последовательности 3 07 096),,004025,Временной период или отклонение,"=–1 час в первом повторении, =–3, –6, –12 и –24 часа в других повторениях",,,Operational
bufr4/3/02/085/1/011043,02,"Категория 02 — Метеорологические последовательности,",302085,(Данные о «периоде» последовательности 3 07 096),,011043,Направление ветра при максимальном порыве,,,,Operational
bufr4/3/02/085/1/011041,02,"Категория 02 — Метеорологические последовательности,",302085,(Данные о «периоде» последовательности 3 07 096),,011041,Максимальная скорость ветра при порыве,,,,Operational
bufr4/3/02/085/5/004025,02,"Категория 02 — Метеорологические последовательности,",302085,(Данные о «периоде» последовательности 3 07 096),,004025,Временной период или отклонение,=–10 минут,,,Operational
bufr4/3/02/085/1/011016,02,"Категория 02 — Метеорологические последовательности,",302085,(Данные о «периоде» последовательности 3 07 096),,011016,Экстремальное отклонение направления переменного ветра против часовой стрелки,,,,Operational
bufr4/3/02/085/1/011017,02,"Категория 02 — Метеорологические последовательности,",302085,(Данные о «периоде» последовательности 3 07 096),,011017,Экстремальное отклонение направления переменного ветра по часовой стрелке,,,,Operational
bufr4/3/02/085/1/302077,02,"Категория 02 — Метеорологические последовательности,",302085,(Данные о «периоде» последовательности 3 07 096),,302077,Данные об экстремальной температуре,,,,Operational
bufr4/3/02/085/2/007033,02,"Категория 02 — Метеорологические последовательности,",302085,(Данные о «периоде» последовательности 3 07 096),,007033,Высота датчика над поверхностью воды,Установлено на отсутствующее значение (отмена),,,Operational
bufr4/3/02/085/1/302041,02,"Категория 02 — Метеорологические последовательности,",302085,(Данные о «периоде» последовательности 3 07 096),,302041,Данные об экстремальной температуре,,,,Operational
bufr4/3/02/085/1/106000,02,"Категория 02 — Метеорологические последовательности,",302085,(Данные о «периоде» последовательности 3 07 096),,106000,Повторение с задержкой 6 дескрипторов,,,,Operational
bufr4/3/02/085/5/031000,02,"Категория 02 — Метеорологические последовательности,",302085,(Данные о «периоде» последовательности 3 07 096),,031000,Коэффициент повторения короткого дескриптора с задержкой,,,,Operational
bufr4/3/02/085/2/007032,02,"Категория 02 — Метеорологические последовательности,",302085,(Данные о «периоде» последовательности 3 07 096),,007032,Высота датчика над местной площадкой (или палубой морской платформы),,,,Operational
bufr4/3/02/085/1/002175,02,"Категория 02 — Метеорологические последовательности,",302085,(Данные о «периоде» последовательности 3 07 096),,002175,Метод измерения осадков,,,,Operational
bufr4/3/02/085/1/002178,02,"Категория 02 — Метеорологические последовательности,",302085,(Данные о «периоде» последовательности 3 07 096),,002178,Метод измерения жидкой фазы осадков,,,,Operational
bufr4/3/02/085/1/102005,02,"Категория 02 — Метеорологические последовательности,",302085,(Данные о «периоде» последовательности 3 07 096),,102005,Повторить 2 дескриптора 5 раз,,,,Operational
bufr4/3/02/085/2/004024,02,"Категория 02 — Метеорологические последовательности,",302085,(Данные о «периоде» последовательности 3 07 096),,004024,Временной период или отклонение,"=–1 час в первом повторении, =–3, –6, –12 и –24 часа в других повторениях",,,Operational
bufr4/3/02/085/1/013011,02,"Категория 02 — Метеорологические последовательности,",302085,(Данные о «периоде» последовательности 3 07 096),,013011,Сумма осадков/суммарный водный эквивалент,,,,Operational
bufr4/3/02/085/3/007032,02,"Категория 02 — Метеорологические последовательности,",302085,(Данные о «периоде» последовательности 3 07 096),,007032,Высота датчика над местной площадкой (или палубой морской платформы),Установлено на отсутствующее значение (отмена),,,Operational
bufr4/3/02/085/1/103000,02,"Категория 02 — Метеорологические последовательности,",302085,(Данные о «периоде» последовательности 3 07 096),,103000,Повторение с задержкой 3 дескрипторов,,,,Operational
bufr4/3/02/085/6/031000,02,"Категория 02 — Метеорологические последовательности,",302085,(Данные о «периоде» последовательности 3 07 096),,031000,Коэффициент повторения короткого дескриптора с задержкой,,,,Operational
bufr4/3/02/085/1/002185,02,"Категория 02 — Метеорологические последовательности,",302085,(Данные о «периоде» последовательности 3 07 096),,002185,Метод измерения испарения,,,,Operational
bufr4/3/02/085/1/101002,02,"Категория 02 — Метеорологические последовательности,",302085,(Данные о «периоде» последовательности 3 07 096),,101002,Повторить 1 дескриптор 2 раза,,,,Operational
bufr4/3/02/085/1/302044,02,"Категория 02 — Метеорологические последовательности,",302085,(Данные о «периоде» последовательности 3 07 096),,302044,Данные об испарении,,,,Operational
bufr4/3/02/085/3/102000,02,"Категория 02 — Метеорологические последовательности,",302085,(Данные о «периоде» последовательности 3 07 096),,102000,Повторение с задержкой 2 дескрипторов,,,,Operational
bufr4/3/02/085/7/031000,02,"Категория 02 — Метеорологические последовательности,",302085,(Данные о «периоде» последовательности 3 07 096),,031000,Коэффициент повторения короткого дескриптора с задержкой,,,,Operational
bufr4/3/02/085/2/101002,02,"Категория 02 — Метеорологические последовательности,",302085,(Данные о «периоде» последовательности 3 07 096),,101002,Повторить 1 дескриптор 2 раза,,,,Operational
bufr4/3/02/085/1/302039,02,"Категория 02 — Метеорологические последовательности,",302085,(Данные о «периоде» последовательности 3 07 096),,302039,Данные о солнечном сиянии (за 1 час и 24-часовой период),,,,Operational
bufr4/3/02/085/4/102000,02,"Категория 02 — Метеорологические последовательности,",302085,(Данные о «периоде» последовательности 3 07 096),,102000,Повторение с задержкой 2 дескрипторов,,,,Operational
bufr4/3/02/085/8/031000,02,"Категория 02 — Метеорологические последовательности,",302085,(Данные о «периоде» последовательности 3 07 096),,031000,Коэффициент повторения короткого дескриптора с задержкой,,,,Operational
bufr4/3/02/085/3/101002,02,"Категория 02 — Метеорологические последовательности,",302085,(Данные о «периоде» последовательности 3 07 096),,101002,Повторить 1 дескриптор 2 раза,,,,Operational
bufr4/3/02/085/1/302045,02,"Категория 02 — Метеорологические последовательности,",302085,(Данные о «периоде» последовательности 3 07 096),,302045,Данные о радиации (за 1 час и 24-часовой период),,,,Operational
bufr4/3/02/085/2/101000,02,"Категория 02 — Метеорологические последовательности,",302085,(Данные о «периоде» последовательности 3 07 096),,101000,Повторение с задержкой 1 дескриптора,,,,Operational
bufr4/3/02/085/9/031000,02,"Категория 02 — Метеорологические последовательности,",302085,(Данные о «периоде» последовательности 3 07 096),,031000,Коэффициент повторения короткого дескриптора с задержкой,,,,Operational
bufr4/3/02/085/1/302046,02,"Категория 02 — Метеорологические последовательности,",302085,(Данные о «периоде» последовательности 3 07 096),,302046,Изменение температуры,,,,Operational
bufr4/3/02/085/3/101000,02,"Категория 02 — Метеорологические последовательности,",302085,(Данные о «периоде» последовательности 3 07 096),,101000,Повторение с задержкой 1 дескриптора,,,,Operational
bufr4/3/02/085/10/031000,02,"Категория 02 — Метеорологические последовательности,",302085,(Данные о «периоде» последовательности 3 07 096),,031000,Коэффициент повторения короткого дескриптора с задержкой,,,,Operational
bufr4/3/02/085/1/302083,02,"Категория 02 — Метеорологические последовательности,",302085,(Данные о «периоде» последовательности 3 07 096),,302083,"Статистические данные первого порядка о давлении, ветре, температуре и влажности",,,,Operational
bufr4/3/02/089/1/020101,02,"Категория 02 — Метеорологические последовательности,",302089,(Информация о саранче),,020101,Название саранчи (или ее разновидности),Ln,,,Operational
bufr4/3/02/089/1/020102,02,"Категория 02 — Метеорологические последовательности,",302089,(Информация о саранче),,020102,Цвет (зрелость) саранчи,Lc,,,Operational
bufr4/3/02/089/1/020103,02,"Категория 02 — Метеорологические последовательности,",302089,(Информация о саранче),,020103,Стадия развития саранчи,Ld,,,Operational
bufr4/3/02/089/1/020104,02,"Категория 02 — Метеорологические последовательности,",302089,(Информация о саранче),,020104,Состояние формирования стаи или кулиги саранчи,Lg,,,Operational
bufr4/3/02/089/1/020105,02,"Категория 02 — Метеорологические последовательности,",302089,(Информация о саранче),,020105,Размер стаи или кулиги саранчи и время прохождения стаи,sL,,,Operational
bufr4/3/02/089/1/020106,02,"Категория 02 — Метеорологические последовательности,",302089,(Информация о саранче),,020106,Плотность популяции саранчи,dL,,,Operational
bufr4/3/02/089/1/020107,02,"Категория 02 — Метеорологические последовательности,",302089,(Информация о саранче),,020107,Направление движения стаи саранчи,DL,,,Operational
bufr4/3/02/089/1/020108,02,"Категория 02 — Метеорологические последовательности,",302089,(Информация о саранче),,020108,Протяженность растительного покрова,ve,,,Operational
bufr4/3/02/090/1/002038,02,"Категория 02 — Метеорологические последовательности,",302090,(Температура моря/воды (высокая точность)),,002038,Метод измерения температуры и/или солености воды,,,,Operational
bufr4/3/02/090/1/007063,02,"Категория 02 — Метеорологические последовательности,",302090,(Температура моря/воды (высокая точность)),,007063,Глубина от поверхности моря/водной поверхности (см),Измерение температуры поверхности моря,,,Operational
bufr4/3/02/090/1/022045,02,"Категория 02 — Метеорологические последовательности,",302090,(Температура моря/воды (высокая точность)),,022045,Температура моря/воды,,,,Operational
bufr4/3/02/091/1/020001,02,"Категория 02 — Метеорологические последовательности,",302091,(Последовательность для представления дополнительных метеорологических наблюдений),,020001,Горизонтальная видимость,,,,Operational
bufr4/3/02/091/1/004024,02,"Категория 02 — Метеорологические последовательности,",302091,(Последовательность для представления дополнительных метеорологических наблюдений),,004024,Временной период или отклонение,,,,Operational
bufr4/3/02/091/1/013011,02,"Категория 02 — Метеорологические последовательности,",302091,(Последовательность для представления дополнительных метеорологических наблюдений),,013011,Общее количество осадков/общий водный эквивалент,,,,Operational
bufr4/3/02/092/1/011104,02,"Категория 02 — Метеорологические последовательности,",302092,(Элементы данных СДНКлим*),,011104,Истинный курс воздушного морского судна или другой подвижной платформы,Истинный курс судна,,,Operational
bufr4/3/02/092/1/001012,02,"Категория 02 — Метеорологические последовательности,",302092,(Элементы данных СДНКлим*),,001012,Направление движения подвижной наблюдательной платформы,Курс судна относительно грунта,,,Operational
bufr4/3/02/092/1/001013,02,"Категория 02 — Метеорологические последовательности,",302092,(Элементы данных СДНКлим*),,001013,Скорость движения подвижной наблюдательной платформы,Скорость судна относительно грунта,,,Operational
bufr4/3/02/092/1/010038,02,"Категория 02 — Метеорологические последовательности,",302092,(Элементы данных СДНКлим*),,010038,Максимальная высота палубного груза над летней грузовой маркой,,,,Operational
bufr4/3/02/092/1/010039,02,"Категория 02 — Метеорологические последовательности,",302092,(Элементы данных СДНКлим*),,010039,Отклонение контрольного уровня (летняя максимальная грузовая марка) от фактического уровня моря,,,,Operational
bufr4/3/02/092/1/011007,02,"Категория 02 — Метеорологические последовательности,",302092,(Элементы данных СДНКлим*),,011007,"Относительное направление ветра (в градусах, относительно носа судна)",,,,Operational
bufr4/3/02/092/1/011008,02,"Категория 02 — Метеорологические последовательности,",302092,(Элементы данных СДНКлим*),,011008,Относительная скорость ветра,,,,Operational
bufr4/3/02/093/1/007032,02,"Категория 02 — Метеорологические последовательности,",302093,"(Расширенные данные о температуре и влажности, полученные с судна)",,007032,Высота датчика над местной площадкой (или палубой морской платформы),,,,Operational
bufr4/3/02/093/1/007033,02,"Категория 02 — Метеорологические последовательности,",302093,"(Расширенные данные о температуре и влажности, полученные с судна)",,007033,Высота датчика над поверхностью воды,,,,Operational
bufr4/3/02/093/1/303099,02,"Категория 02 — Метеорологические последовательности,",302093,"(Расширенные данные о температуре и влажности, полученные с судна)",,303099,"Метаданные, общие для датчиков температуры/ влажности",,,,Operational
bufr4/3/02/093/1/012101,02,"Категория 02 — Метеорологические последовательности,",302093,"(Расширенные данные о температуре и влажности, полученные с судна)",,012101,Температура/температура воздуха,,,,Operational
bufr4/3/02/093/1/103000,02,"Категория 02 — Метеорологические последовательности,",302093,"(Расширенные данные о температуре и влажности, полученные с судна)",,103000,Повторение с задержкой 3 дескрипторов,,,,Operational
bufr4/3/02/093/1/031000,02,"Категория 02 — Метеорологические последовательности,",302093,"(Расширенные данные о температуре и влажности, полученные с судна)",,031000,Коэффициент повторения короткого дескриптора с задержкой,"Установлено на 0, если нет изменений по сравнению с предыдущими значениями; на 1, если изменения есть",,,Operational
bufr4/3/02/093/2/007032,02,"Категория 02 — Метеорологические последовательности,",302093,"(Расширенные данные о температуре и влажности, полученные с судна)",,007032,Высота датчика над местной площадкой (или палубой морской платформы),,,,Operational
bufr4/3/02/093/2/007033,02,"Категория 02 — Метеорологические последовательности,",302093,"(Расширенные данные о температуре и влажности, полученные с судна)",,007033,Высота датчика над поверхностью воды,,,,Operational
bufr4/3/02/093/2/303099,02,"Категория 02 — Метеорологические последовательности,",302093,"(Расширенные данные о температуре и влажности, полученные с судна)",,303099,"Метаданные, общие для датчиков температуры/ влажности",,,,Operational
bufr4/3/02/093/1/002039,02,"Категория 02 — Метеорологические последовательности,",302093,"(Расширенные данные о температуре и влажности, полученные с судна)",,002039,Метод измерения температуры по смоченному термометру,,,,Operational
bufr4/3/02/093/1/002097,02,"Категория 02 — Метеорологические последовательности,",302093,"(Расширенные данные о температуре и влажности, полученные с судна)",,002097,Тип датчика влажности,,,,Operational
bufr4/3/02/093/1/003024,02,"Категория 02 — Метеорологические последовательности,",302093,"(Расширенные данные о температуре и влажности, полученные с судна)",,003024,Психрометрический коэффициент,"Установлено на отсутствующее значение, если тип датчика влажности — не психрометр",,,Operational
bufr4/3/02/093/1/003021,02,"Категория 02 — Метеорологические последовательности,",302093,"(Расширенные данные о температуре и влажности, полученные с судна)",,003021,Нагревание гигрометра,,,,Operational
bufr4/3/02/093/1/012102,02,"Категория 02 — Метеорологические последовательности,",302093,"(Расширенные данные о температуре и влажности, полученные с судна)",,012102,Температура по смоченному термометру,,,,Operational
bufr4/3/02/093/1/012103,02,"Категория 02 — Метеорологические последовательности,",302093,"(Расширенные данные о температуре и влажности, полученные с судна)",,012103,Температура точки росы,,,,Operational
bufr4/3/02/093/1/013003,02,"Категория 02 — Метеорологические последовательности,",302093,"(Расширенные данные о температуре и влажности, полученные с судна)",,013003,Относительная влажность,,,,Operational
bufr4/3/02/093/3/007032,02,"Категория 02 — Метеорологические последовательности,",302093,"(Расширенные данные о температуре и влажности, полученные с судна)",,007032,Высота датчика над местной площадкой (или палубой морской платформы),Установлено на отсутствующее значение (отмена),,,Operational
bufr4/3/02/093/3/007033,02,"Категория 02 — Метеорологические последовательности,",302093,"(Расширенные данные о температуре и влажности, полученные с судна)",,007033,Высота датчика над поверхностью воды,Установлено на отсутствующее значение (отмена),,,Operational
bufr4/3/02/093/3/303099,02,"Категория 02 — Метеорологические последовательности,",302093,"(Расширенные данные о температуре и влажности, полученные с судна)",,303099,"Метаданные, общие для датчиков температуры/влажности","Все элементы последовательности установлены на отсутствующее значение (отмена)",,,Operational
bufr4/3/02/093/2/002039,02,"Категория 02 — Метеорологические последовательности,",302093,"(Расширенные данные о температуре и влажности, полученные с судна)",,002039,Метод измерения температуры по смоченному термометру,Установлено на отсутствующее значение (отмена),,,Operational
bufr4/3/02/093/2/002097,02,"Категория 02 — Метеорологические последовательности,",302093,"(Расширенные данные о температуре и влажности, полученные с судна)",,002097,Тип датчика влажности,Установлено на отсутствующее значение (отмена),,,Operational
bufr4/3/02/093/2/003021,02,"Категория 02 — Метеорологические последовательности,",302093,"(Расширенные данные о температуре и влажности, полученные с судна)",,003021,Нагревание гигрометра,Установлено на отсутствующее значение (отмена),,,Operational
bufr4/3/02/093/2/003024,02,"Категория 02 — Метеорологические последовательности,",302093,"(Расширенные данные о температуре и влажности, полученные с судна)",,003024,Психрометрический коэффициент,Установлено на отсутствующее значение (отмена),,,Operational
bufr4/3/02/175/1/008021,02,"Категория 02 — Метеорологические последовательности,",302175,"(Интенсивность осадков, размер элемента осадков)",,008021,Значимость времени,,,,Operational
bufr4/3/02/175/1/004025,02,"Категория 02 — Метеорологические последовательности,",302175,"(Интенсивность осадков, размер элемента осадков)",,004025,Временной период или отклонение,,,,Operational
bufr4/3/02/175/1/013155,02,"Категория 02 — Метеорологические последовательности,",302175,"(Интенсивность осадков, размер элемента осадков)",,013155,Интенсивность осадков (высокая точность),,,,Operational
bufr4/3/02/175/1/013058,02,"Категория 02 — Метеорологические последовательности,",302175,"(Интенсивность осадков, размер элемента осадков)",,013058,Размер элемента осадков,,,,Operational
bufr4/3/02/175/2/008021,02,"Категория 02 — Метеорологические последовательности,",302175,"(Интенсивность осадков, размер элемента осадков)",,008021,Значимость времени,Установлено на отсутствующее значение,,,Operational
