Id,FXY,ElementName_ru,CodeFigure,EntryName_ru,EntryName_sub1_ru,EntryName_sub2_ru,Note_ru,noteIDs,Status
bufr4/0/02/001/0,002001,Тип станции,0,Автоматическая станция,,,,,Operational
bufr4/0/02/001/1,002001,Тип станции,1,Станция с персоналом,,,,,Operational
bufr4/0/02/001/2,002001,Тип станции,2,"Станция смешанного типа: и с персоналом, и автоматическая",,,,,Operational
bufr4/0/02/001/3,002001,Тип станции,3,Отсутствующее значение,,,,,Operational
bufr4/0/02/002/1,002002,Тип приборного обеспечения для измерения ветра,1,Сертифицированные приборы,,,,,Operational
bufr4/0/02/002/2,002002,Тип приборного обеспечения для измерения ветра,2,Первоначально измеряемые в узлах ч -1,,,,,Operational
bufr4/0/02/002/3,002002,Тип приборного обеспечения для измерения ветра,3,Первоначально измеряемые в км · ч,,,,,Operational
bufr4/0/02/002/All-4,002002,Тип приборного обеспечения для измерения ветра,Все 4,Отсутствующее значение,,,,,Operational
bufr4/0/02/003/0,002003,Тип используемого измерительного оборудования,0,"Прибор измерения давления, связанный с оборудованием измерения ветра",,,,,Operational
bufr4/0/02/003/1,002003,Тип используемого измерительного оборудования,1,Оптический теодолит,,,,,Operational
bufr4/0/02/003/2,002003,Тип используемого измерительного оборудования,2,Радиотеодолит,,,,,Operational
bufr4/0/02/003/3,002003,Тип используемого измерительного оборудования,3,Радиолокатор,,,,,Operational
bufr4/0/02/003/4,002003,Тип используемого измерительного оборудования,4,VLF-Омега,,,,,Operational
bufr4/0/02/003/5,002003,Тип используемого измерительного оборудования,5,Loran-C,,,,,Operational
bufr4/0/02/003/6,002003,Тип используемого измерительного оборудования,6,Профилометр ветра,,,,,Operational
bufr4/0/02/003/7,002003,Тип используемого измерительного оборудования,7,Спутниковая навигация,,,,,Operational
bufr4/0/02/003/8,002003,Тип используемого измерительного оборудования,8,Система радиоакустического зондирования (РАСС),,,,,Operational
bufr4/0/02/003/9,002003,Тип используемого измерительного оборудования,9,Содар,,,,,Operational
bufr4/0/02/003/10,002003,Тип используемого измерительного оборудования,10,Лидар,,,,,Operational
bufr4/0/02/003/11-13,002003,Тип используемого измерительного оборудования,11-13,Зарезервированы,,,,,Operational
bufr4/0/02/003/14,002003,Тип используемого измерительного оборудования,14,"Прибор измерения давления, связанный с оборудованием измерения ветра, но элемент давления отказал во время запуска",,,,,Operational
bufr4/0/02/003/15,002003,Тип используемого измерительного оборудования,15,Отсутствующее значение,,,,,Operational
bufr4/0/02/004/0,002004,"Тип приборов для измерения испарения или вид сельскохозяйственной культуры, по которой сообщаются данные об эвапотранспирации Прибор или вид сельскохозяйственной культуры Тип данных",0,Испаритель США с испарительным сосудом (без крышки),,,,,Operational
bufr4/0/02/004/1,002004,"Тип приборов для измерения испарения или вид сельскохозяйственной культуры, по которой сообщаются данные об эвапотранспирации Прибор или вид сельскохозяйственной культуры Тип данных",1,Испаритель США с испарительным сосудом (с сеткой),,,,,Operational
bufr4/0/02/004/2,002004,"Тип приборов для измерения испарения или вид сельскохозяйственной культуры, по которой сообщаются данные об эвапотранспирации Прибор или вид сельскохозяйственной культуры Тип данных",2,Испаритель ГГИ-3000 (врытый в землю),Испарение,,,,Operational
bufr4/0/02/004/3,002004,"Тип приборов для измерения испарения или вид сельскохозяйственной культуры, по которой сообщаются данные об эвапотранспирации Прибор или вид сельскохозяйственной культуры Тип данных",3,Испарительный бассейн 20 м,,,,,Operational
bufr4/0/02/004/4,002004,"Тип приборов для измерения испарения или вид сельскохозяйственной культуры, по которой сообщаются данные об эвапотранспирации Прибор или вид сельскохозяйственной культуры Тип данных",4,Другие виды,,,,,Operational
bufr4/0/02/004/5,002004,"Тип приборов для измерения испарения или вид сельскохозяйственной культуры, по которой сообщаются данные об эвапотранспирации Прибор или вид сельскохозяйственной культуры Тип данных",5,Рис,,,,,Operational
bufr4/0/02/004/6,002004,"Тип приборов для измерения испарения или вид сельскохозяйственной культуры, по которой сообщаются данные об эвапотранспирации Прибор или вид сельскохозяйственной культуры Тип данных",6,Пшеница,,,,,Operational
bufr4/0/02/004/7,002004,"Тип приборов для измерения испарения или вид сельскохозяйственной культуры, по которой сообщаются данные об эвапотранспирации Прибор или вид сельскохозяйственной культуры Тип данных",7,Маис,Суммарное испарение,,,,Operational
bufr4/0/02/004/8,002004,"Тип приборов для измерения испарения или вид сельскохозяйственной культуры, по которой сообщаются данные об эвапотранспирации Прибор или вид сельскохозяйственной культуры Тип данных",8,Сорго,,,,,Operational
bufr4/0/02/004/9,002004,"Тип приборов для измерения испарения или вид сельскохозяйственной культуры, по которой сообщаются данные об эвапотранспирации Прибор или вид сельскохозяйственной культуры Тип данных",9,Другие культуры,,,,,Operational
bufr4/0/02/004/10-14,002004,"Тип приборов для измерения испарения или вид сельскохозяйственной культуры, по которой сообщаются данные об эвапотранспирации Прибор или вид сельскохозяйственной культуры Тип данных",10-14,Зарезервированы,,,,,Operational
bufr4/0/02/004/15,002004,"Тип приборов для измерения испарения или вид сельскохозяйственной культуры, по которой сообщаются данные об эвапотранспирации Прибор или вид сельскохозяйственной культуры Тип данных",15,Отсутствующее значение,,,,,Operational
bufr4/0/02/007/0,002007,Тип датчика в случае прибора для измерения уровня воды,0,Зарезервирована,,,,,Operational
bufr4/0/02/007/1,002007,Тип датчика в случае прибора для измерения уровня воды,1,Кодовый датчик углового положения поплавкового типа,,,,,Operational
bufr4/0/02/007/2,002007,Тип датчика в случае прибора для измерения уровня воды,2,Ультразвуковой,,,,,Operational
bufr4/0/02/007/3,002007,Тип датчика в случае прибора для измерения уровня воды,3,Радиолокационный,,,,,Operational
bufr4/0/02/007/4,002007,Тип датчика в случае прибора для измерения уровня воды,4,Давление (датчик давления простой),,,,,Operational
bufr4/0/02/007/5,002007,Тип датчика в случае прибора для измерения уровня воды,5,Давление (датчик давления многофункциональный),,,,,Operational
bufr4/0/02/007/6,002007,Тип датчика в случае прибора для измерения уровня воды,6,Давление (в измерительном колодце),,,,,Operational
bufr4/0/02/007/7,002007,Тип датчика в случае прибора для измерения уровня воды,7,Давление в барботажном измерителе,,,,,Operational
bufr4/0/02/007/8,002007,Тип датчика в случае прибора для измерения уровня воды,8,Акустический (с измерительной трубкой),,,,,Operational
bufr4/0/02/007/9,002007,Тип датчика в случае прибора для измерения уровня воды,9,Акустический (на открытом воздухе),,,,,Operational
bufr4/0/02/007/10-62,002007,Тип датчика в случае прибора для измерения уровня воды,10-62,Зарезервированы,,,,,Operational
bufr4/0/02/007/63,002007,Тип датчика в случае прибора для измерения уровня воды,63,Отсутствующее значение,,,,,Operational
bufr4/0/02/008/0,002008,Тип оффшорной платформы,0,Фиксированная платформа,,,,,Operational
bufr4/0/02/008/1,002008,Тип оффшорной платформы,1,Подвижное шельфовое буровое судно,,,,,Operational
bufr4/0/02/008/2,002008,Тип оффшорной платформы,2,Самоподъемная буровая установка,,,,,Operational
bufr4/0/02/008/3,002008,Тип оффшорной платформы,3,Полупогружная буровая платформа,,,,,Operational
bufr4/0/02/008/4,002008,Тип оффшорной платформы,4,"Плавучая установка для добычи, хранения и отгрузки нефти (FPSO)",,,,,Operational
bufr4/0/02/008/5,002008,Тип оффшорной платформы,5,Плавучий маяк,,,,,Operational
bufr4/0/02/008/6-14,002008,Тип оффшорной платформы,6-14,Зарезервированы,,,,,Operational
bufr4/0/02/008/15,002008,Тип оффшорной платформы,15,Отсутствующее значение,,,,,Operational
bufr4/0/02/011,002011,Тип радиозонда,,(См. общую кодовую таблицу C–2 в части C/c.),,,,,Operational
bufr4/0/02/012,002012,Расчетный метод для радиозондовых наблюдений (будет разработан),,,,,,,Operational
bufr4/0/02/013/0,002013,Поправка на солнечную и инфракрасную радиацию,0,Нет коррекции,,,,,Operational
bufr4/0/02/013/1,002013,Поправка на солнечную и инфракрасную радиацию,1,Коррекция КПМН на солнечную и инфракрасную радиацию,,,,,Operational
bufr4/0/02/013/2,002013,Поправка на солнечную и инфракрасную радиацию,2,Коррекция КПМН на солнечную радиацию и коррекция на инфракрасную радиацию,,,,,Operational
bufr4/0/02/013/3,002013,Поправка на солнечную и инфракрасную радиацию,3,Только коррекция КПМН на солнечную радиацию,,,,,Operational
bufr4/0/02/013/4,002013,Поправка на солнечную и инфракрасную радиацию,4,"Коррекция на солнечную и инфракрасную радиацию, осуществляемая автоматически самой радиозондовой системой",,,,,Operational
bufr4/0/02/013/5,002013,Поправка на солнечную и инфракрасную радиацию,5,"Коррекция на солнечную радиацию, осуществляемая автоматически самой радиозондовой системой",,,,,Operational
bufr4/0/02/013/6,002013,Поправка на солнечную и инфракрасную радиацию,6,"Коррекция на солнечную и инфракрасную радиацию, осуществляемая как указывается страной",,,,,Operational
bufr4/0/02/013/7,002013,Поправка на солнечную и инфракрасную радиацию,7,"Коррекция на солнечную, осуществляемая как указывается страной",,,,,Operational
bufr4/0/02/013/8,002013,Поправка на солнечную и инфракрасную радиацию,8,"Коррекция на солнечную и инфракрасную радиацию, как указывается в ГРУАН",,,,,Operational
bufr4/0/02/013/9,002013,Поправка на солнечную и инфракрасную радиацию,9,"Коррекция на солнечную радиацию, как указывается в ГРУАН",,,,,Operational
bufr4/0/02/013/10-14,002013,Поправка на солнечную и инфракрасную радиацию,10-14,Зарезервированы,,,,,Operational
bufr4/0/02/013/15,002013,Поправка на солнечную и инфракрасную радиацию,15,Отсутствующее значение,,,,,Operational
bufr4/0/02/014,002014,Методика слежения/состояние используемой системы,,(См. общую кодовую таблицу C–7 в части C/c.),,,,,Operational
bufr4/0/02/015/0,002015,Полнота радиозондовых измерений,0,Зарезервирована,,,,,Operational
bufr4/0/02/015/1,002015,Полнота радиозондовых измерений,1,Радиозонд измеряет только давление,,,,,Operational
bufr4/0/02/015/2,002015,Полнота радиозондовых измерений,2,"Радиозонд измеряет только давление, имеется приемопередатчик",,,,,Operational
bufr4/0/02/015/3,002015,Полнота радиозондовых измерений,3,"Радиозонд измеряет только давление, имеется радиолокационный отражатель",,,,,Operational
bufr4/0/02/015/4,002015,Полнота радиозондовых измерений,4,"Радиозонд без измерения давления, имеется приемопередатчик",,,,,Operational
bufr4/0/02/015/5,002015,Полнота радиозондовых измерений,5,"Радиозонд без измерения давления, имеется радиолокационный отражатель",,,,,Operational
bufr4/0/02/015/6-14,002015,Полнота радиозондовых измерений,6-14,Зарезервированы,,,,,Operational
bufr4/0/02/016/1,002016,Конфигурация радиозонда,1,Регулятор шнура подвески,,,,,Operational
bufr4/0/02/016/2,002016,Конфигурация радиозонда,2,Блок освещения,,,,,Operational
bufr4/0/02/016/3,002016,Конфигурация радиозонда,3,Парашют,,,,,Operational
bufr4/0/02/016/4,002016,Конфигурация радиозонда,4,Запуск через крышу,,,,,Operational
bufr4/0/02/016/All-5,002016,Конфигурация радиозонда,Все 5,Отсутствующее значение,,,,,Operational
bufr4/0/02/017/0,002017,Алгоритмы поправок для измерений влажности,0,Поправка отсутствует,,,,,Operational
bufr4/0/02/017/1,002017,Алгоритмы поправок для измерений влажности,1,"Поправка на задержку по времени, предоставляемая производителем",,,,,Operational
bufr4/0/02/017/2,002017,Алгоритмы поправок для измерений влажности,2,"Поправка на солнечную радиацию, предоставляемая производителем",,,,,Operational
bufr4/0/02/017/3,002017,Алгоритмы поправок для измерений влажности,3,"Поправка на солнечную радиацию и задержку по времени, предоставляемая производителем",,,,,Operational
bufr4/0/02/017/4-6,002017,Алгоритмы поправок для измерений влажности,4-6,Зарезервированы,,,,,Operational
bufr4/0/02/017/7,002017,Алгоритмы поправок для измерений влажности,7,Поправка ГРУАН на солнечную радиацию и задержку по времени,,,,,Operational
bufr4/0/02/017/8-30,002017,Алгоритмы поправок для измерений влажности,8-30,Зарезервированы,,,,,Operational
bufr4/0/02/017/31,002017,Алгоритмы поправок для измерений влажности,31,Отсутствующее значение,,,,,Operational
bufr4/0/02/019,002019,Спутниковые приборы,,(См. общую кодовую таблицу C–8 в части C/c.),,,,,Operational
bufr4/0/02/020/0,002020,Классификация спутников,0,Nimbus,,,,,Operational
bufr4/0/02/020/1,002020,Классификация спутников,1,VTPR,,,,,Operational
bufr4/0/02/020/2,002020,Классификация спутников,2,"Tiros 1 (Tiros, NOAA-6 – NOAA-13)",,,,,Operational
bufr4/0/02/020/3,002020,Классификация спутников,3,Tiros 2 (NOAA–14 и последующие),,,,,Operational
bufr4/0/02/020/10,002020,Классификация спутников,10,EOS,,,,,Operational
bufr4/0/02/020/20,002020,Классификация спутников,20,GPM-core,,,,,Operational
bufr4/0/02/020/31,002020,Классификация спутников,31,DMSP,,,,,Operational
bufr4/0/02/020/61,002020,Классификация спутников,61,Полярная система EUMETSAT (EPS),,,,,Operational
bufr4/0/02/020/91,002020,Классификация спутников,91,ERS,,,,,Operational
bufr4/0/02/020/92,002020,Классификация спутников,92,Sentinel-3,,,,,Operational
bufr4/0/02/020/121,002020,Классификация спутников,121,ADEOS,,,,,Operational
bufr4/0/02/020/122,002020,Классификация спутников,122,GCOM,,,,,Operational
bufr4/0/02/020/241,002020,Классификация спутников,241,GOES,,,,,Operational
bufr4/0/02/020/261,002020,Классификация спутников,261,JASON,,,,,Operational
bufr4/0/02/020/271,002020,Классификация спутников,271,GMS,,,,,Operational
bufr4/0/02/020/272,002020,Классификация спутников,272,MTSAT,,,,,Operational
bufr4/0/02/020/273,002020,Классификация спутников,273,Himawari,,,,,Operational
bufr4/0/02/020/281,002020,Классификация спутников,281,COMS,,,,,Operational
bufr4/0/02/020/301,002020,Классификация спутников,301,INSAT,,,,,Operational
bufr4/0/02/020/331,002020,Классификация спутников,331,Оперативная программа METEOSAT (MOP),,,,,Operational
bufr4/0/02/020/332,002020,Классификация спутников,332,Переходная программа METEOSAT (MTP),,,,,Operational
bufr4/0/02/020/333,002020,Классификация спутников,333,Программа второго поколения спутников METEOSAT (MSG),,,,,Operational
bufr4/0/02/020/351,002020,Классификация спутников,351,ГОМС,,,,,Operational
bufr4/0/02/020/380,002020,Классификация спутников,380,FY-1,,,,,Operational
bufr4/0/02/020/381,002020,Классификация спутников,381,FY-2,,,,,Operational
bufr4/0/02/020/382,002020,Классификация спутников,382,FY-3,,,,,Operational
bufr4/0/02/020/383,002020,Классификация спутников,383,FY-4,,,,,Operational
bufr4/0/02/020/384-400,002020,Классификация спутников,384-400,Зарезервированы,,,,,Operational
bufr4/0/02/020/401,002020,Классификация спутников,401,GPS,,,,,Operational
bufr4/0/02/020/402,002020,Классификация спутников,402,GLONASS,,,,,Operational
bufr4/0/02/020/403,002020,Классификация спутников,403,GALILEO,,,,,Operational
bufr4/0/02/020/404,002020,Классификация спутников,404,BDS (навигационная спутниковая система BeiDou),,,,,Operational
bufr4/0/02/020/405-510,002020,Классификация спутников,405-510,Зарезервированы,,,,,Operational
bufr4/0/02/020/511,002020,Классификация спутников,511,Отсутствующее значение,,,,,Operational
bufr4/0/02/021/1,002021,"Данные о спутниковых приборах, используемые при обработке",1,Прибор для инфракрасного зондирования с высоким разрешением (HIRS),,,,,Operational
bufr4/0/02/021/2,002021,"Данные о спутниковых приборах, используемые при обработке",2,Прибор для микроволнового зондирования (MSU),,,,,Operational
bufr4/0/02/021/3,002021,"Данные о спутниковых приборах, используемые при обработке",3,Прибор для стратосферного зондирования (SSU),,,,,Operational
bufr4/0/02/021/4,002021,"Данные о спутниковых приборах, используемые при обработке",4,Активный микроволновый прибор (AMI) для определения ветра,,,,,Operational
bufr4/0/02/021/5,002021,"Данные о спутниковых приборах, используемые при обработке",5,Активный микроволновый прибор (AMI) для определения волнения,,,,,Operational
bufr4/0/02/021/6,002021,"Данные о спутниковых приборах, используемые при обработке",6,Активный микроволновый прибор (AMI) для получения изображения,,,,,Operational
bufr4/0/02/021/7,002021,"Данные о спутниковых приборах, используемые при обработке",7,Радиолокационный альтиметр (RADAR),,,,,Operational
bufr4/0/02/021/8,002021,"Данные о спутниковых приборах, используемые при обработке",8,"Радиометр, сканирующий вдоль трассы (ATSR)",,,,,Operational
bufr4/0/02/021/All-9,002021,"Данные о спутниковых приборах, используемые при обработке",Все 9,Отсутствующее значение,,,,,Operational
bufr4/0/02/022/1,002022,Используемая методика обработки спутниковых данных,1,Методика обработки не определена,,,,,Operational
bufr4/0/02/022/2,002022,Используемая методика обработки спутниковых данных,2,Автоматизированная статистическая регрессия,,,,,Operational
bufr4/0/02/022/3,002022,Используемая методика обработки спутниковых данных,3,"Траектория над поверхностью, не закрытой облаками",,,,28,Operational
bufr4/0/02/022/4,002022,Используемая методика обработки спутниковых данных,4,Траектория над частично закрытой облаками поверхностью,,,,62,Operational
bufr4/0/02/022/5,002022,Используемая методика обработки спутниковых данных,5,Траектория над закрытой облаками поверхностью,,,,30,Operational
bufr4/0/02/022/6-7,002022,Используемая методика обработки спутниковых данных,6-7,Зарезервированы,,,,,Operational
bufr4/0/02/022/All-8,002022,Используемая методика обработки спутниковых данных,Все 8,Отсутствующее значение,,,,,Operational
bufr4/0/02/023/0,002023,Метод расчета ветра по спутниковым данным,0,Зарезервировано,,,,,Operational
bufr4/0/02/023/1,002023,Метод расчета ветра по спутниковым данным,1,"Ветер определен по движению облаков, наблюдаемому в инфракрасном канале",,,,,Operational
bufr4/0/02/023/2,002023,Метод расчета ветра по спутниковым данным,2,"Ветер определен по движению облаков, наблюдаемому в видимом канале",,,,,Operational
bufr4/0/02/023/3,002023,Метод расчета ветра по спутниковым данным,3,"Ветер определен по движению облаков, наблюдаемому в канале водяного пара",,,,,Operational
bufr4/0/02/023/4,002023,Метод расчета ветра по спутниковым данным,4,"Ветер определен по движению, наблюдаемому в комбинации спектральных каналов",,,,,Operational
bufr4/0/02/023/5,002023,Метод расчета ветра по спутниковым данным,5,"Ветер определен по движению, наблюдаемому в канале водяного пара в чистом воздухе",,,,,Operational
bufr4/0/02/023/6,002023,Метод расчета ветра по спутниковым данным,6,"Ветер определен по движению, наблюдаемому в канале озона",,,,,Operational
bufr4/0/02/023/7,002023,Метод расчета ветра по спутниковым данным,7,"Ветер определен по движению, наблюдаемому в канале водяного пара (облака или чистый воздух не определены)",,,,,Operational
bufr4/0/02/023/8-12,002023,Метод расчета ветра по спутниковым данным,8-12,Зарезервированы,,,,,Operational
bufr4/0/02/023/13,002023,Метод расчета ветра по спутниковым данным,13,Среднее квадратичное,,,,,Operational
bufr4/0/02/023/14,002023,Метод расчета ветра по спутниковым данным,14,Зарезервировано,,,,,Operational
bufr4/0/02/023/15,002023,Метод расчета ветра по спутниковым данным,15,Отсутствующее значение,,,,,Operational
bufr4/0/02/024/0,002024,Метод вычисления средней влажности по слою,0,Зарезервировано,,,,,Operational
bufr4/0/02/024/1,002024,Метод вычисления средней влажности по слою,1,Таблица с указанием всех пределов изменения влажности в слое,,,,,Operational
bufr4/0/02/024/2,002024,Метод вычисления средней влажности по слою,2,"Метод регрессии, применяемый к 2 значениям влажности в слое",,,,,Operational
bufr4/0/02/024/3-14,002024,Метод вычисления средней влажности по слою,3-14,Зарезервированы,,,,,Operational
bufr4/0/02/024/15,002024,Метод вычисления средней влажности по слою,15,Отсутствующее значение,,,,,Operational
bufr4/0/02/025/1,002025,"Спутниковые каналы, используемые в вычислениях",1,Зарезервирован,,,,,Operational
bufr4/0/02/025/2,002025,"Спутниковые каналы, используемые в вычислениях",2,HIRS,,,,,Operational
bufr4/0/02/025/3,002025,"Спутниковые каналы, используемые в вычислениях",3,MSU,,,,,Operational
bufr4/0/02/025/4-5,002025,"Спутниковые каналы, используемые в вычислениях",4-5,Зарезервированы,,,,,Operational
bufr4/0/02/025/6,002025,"Спутниковые каналы, используемые в вычислениях",6,HIRS,,,,,Operational
bufr4/0/02/025/7,002025,"Спутниковые каналы, используемые в вычислениях",7,MSU,,,,,Operational
bufr4/0/02/025/8-9,002025,"Спутниковые каналы, используемые в вычислениях",8-9,Зарезервированы,,,,,Operational
bufr4/0/02/025/10,002025,"Спутниковые каналы, используемые в вычислениях",10,"HIRS (1, 2, 3, 8, 9, 16, 17)",,,,,Operational
bufr4/0/02/025/11,002025,"Спутниковые каналы, используемые в вычислениях",11,"HIRS (1, 2, 3, 9, 17)",,,,,Operational
bufr4/0/02/025/12,002025,"Спутниковые каналы, используемые в вычислениях",12,MSU,,,,,Operational
bufr4/0/02/025/13-14,002025,"Спутниковые каналы, используемые в вычислениях",13-14,Зарезервированы,,,,,Operational
bufr4/0/02/025/15,002025,"Спутниковые каналы, используемые в вычислениях",15,HIRS,,,,,Operational
bufr4/0/02/025/16,002025,"Спутниковые каналы, используемые в вычислениях",16,HIRS,,,,47,Operational
bufr4/0/02/025/17,002025,"Спутниковые каналы, используемые в вычислениях",17,MSU,,,,,Operational
bufr4/0/02/025/18,002025,"Спутниковые каналы, используемые в вычислениях",18,SKINTK (только для океана),,,,,Operational
bufr4/0/02/025/19-20,002025,"Спутниковые каналы, используемые в вычислениях",19-20,Зарезервированы,,,,,Operational
bufr4/0/02/025/21,002025,"Спутниковые каналы, используемые в вычислениях",21,HIRS,,,,47,Operational
bufr4/0/02/025/22,002025,"Спутниковые каналы, используемые в вычислениях",22,SSU,,,,,Operational
bufr4/0/02/025/23,002025,"Спутниковые каналы, используемые в вычислениях",23,"MSU (3, 4)",,,,,Operational
bufr4/0/02/025/24,002025,"Спутниковые каналы, используемые в вычислениях",24,Зарезервирован,,,,,Operational
bufr4/0/02/025/All-25,002025,"Спутниковые каналы, используемые в вычислениях",Все 25,Отсутствующее значение,,,,,Operational
bufr4/0/02/030/0,002030,Метод измерения течения,0,Зарезервировано,,,,,Operational
bufr4/0/02/030/1,002030,Метод измерения течения,1,АПДТ (акустический профиломер Доплера для измерения течения),,,,91,Operational
bufr4/0/02/030/2,002030,Метод измерения течения,2,ГЭК (геомагнитный электрокинетограф),,,,,Operational
bufr4/0/02/030/3,002030,Метод измерения течения,3,Направление движения и дрейф судна установлены с фиксированным интервалом в 3–6 часов,,,,,Operational
bufr4/0/02/030/4,002030,Метод измерения течения,4,"Направление движения и дрейф судна установлены с фиксированным интервалом более 6 часов, но менее 12 часов",,,,,Operational
bufr4/0/02/030/5,002030,Метод измерения течения,5,Дрейф буя,,,,,Operational
bufr4/0/02/030/6,002030,Метод измерения течения,6,АПДТ (акустический профиломер Доплера для измерения течения),,,,,Operational
bufr4/0/02/030/7,002030,Метод измерения течения,7,Отсутствующее значение,,,,,Operational
bufr4/0/02/031/0,002031,Продолжительность и время измерения течения,0,Зарезервирована,,,,,Operational
bufr4/0/02/031/1,002031,Продолжительность и время измерения течения,1,Мгновенный,,,,,Operational
bufr4/0/02/031/2,002031,Продолжительность и время измерения течения,2,Усреднено за 3 мин или менее между H–1 и H,,,,,Operational
bufr4/0/02/031/3,002031,Продолжительность и время измерения течения,3,"Усреднено более чем за 3 мин, но максимум за 6 мин",,,,,Operational
bufr4/0/02/031/4,002031,Продолжительность и время измерения течения,4,"Усреднено более чем за 6 мин, но максимум за 12 мин",,,,,Operational
bufr4/0/02/031/5,002031,Продолжительность и время измерения течения,5,Мгновенный,,,,,Operational
bufr4/0/02/031/6,002031,Продолжительность и время измерения течения,6,Усреднено за 3 мин или менее,между H–2 и H–1,,,,Operational
bufr4/0/02/031/7,002031,Продолжительность и время измерения течения,7,"Усреднено более чем за 3 мин, но максимум за 6 мин",,,,,Operational
bufr4/0/02/031/8,002031,Продолжительность и время измерения течения,8,"Усреднено более чем за 6 мин, но максимум за 12 мин",,,,,Operational
bufr4/0/02/031/9,002031,Продолжительность и время измерения течения,9,Векторный или доплеровский метод получения профиля течения не применяется,,,,,Operational
bufr4/0/02/031/10,002031,Продолжительность и время измерения течения,10,Зарезервирована,,,,,Operational
bufr4/0/02/031/11,002031,Продолжительность и время измерения течения,11,1 час или менее,,,,,Operational
bufr4/0/02/031/12,002031,Продолжительность и время измерения течения,12,"Более 1 часа, но менее или равно 2 часам",,,,,Operational
bufr4/0/02/031/13,002031,Продолжительность и время измерения течения,13,"Более 2 часов, но менее или равно 4 часам",,,,,Operational
bufr4/0/02/031/14,002031,Продолжительность и время измерения течения,14,"Более 4 часов, но менее или равно 8 часам",,,,,Operational
bufr4/0/02/031/15,002031,Продолжительность и время измерения течения,15,"Более 8 часов, но менее или равно 12 часам",,,,,Operational
bufr4/0/02/031/16,002031,Продолжительность и время измерения течения,16,"Более 12 часов, но менее или равно 18 часам",,,,,Operational
bufr4/0/02/031/17,002031,Продолжительность и время измерения течения,17,"Более 18 часов, но менее или равно 24 часам",,,,,Operational
bufr4/0/02/031/18,002031,Продолжительность и время измерения течения,18,Зарезервирована,,,,,Operational
bufr4/0/02/031/19,002031,Продолжительность и время измерения течения,19,Дрейфовый метод не применяется,,,,,Operational
bufr4/0/02/031/20-30,002031,Продолжительность и время измерения течения,20-30,Зарезервированы,,,,,Operational
bufr4/0/02/031/31,002031,Продолжительность и время измерения течения,31,Отсутствующее значение,,,,,Operational
bufr4/0/02/032/0,002032,Указатель преобразования в цифровую форму,0,"Величины на выбранных глубинах (точки получения данных, зафиксированные прибором или выбранные с помощью какого-либо другого метода)",,,,,Operational
bufr4/0/02/032/1,002032,Указатель преобразования в цифровую форму,1,"Величины на выбранных глубинах (точки данных, взятые по траектории движения на особых глубинах)",,,,,Operational
bufr4/0/02/032/2,002032,Указатель преобразования в цифровую форму,2,Зарезервирована,,,,,Operational
bufr4/0/02/032/3,002032,Указатель преобразования в цифровую форму,3,Отсутствующее значение,,,,,Operational
bufr4/0/02/033/0,002033,Метод измерения солености/глубины,0,Соленость не измеряется,,,,,Operational
bufr4/0/02/033/1,002033,Метод измерения солености/глубины,1,"Датчик, находящийся в точке, точность выше 0,020/00",,,,,Operational
bufr4/0/02/033/2,002033,Метод измерения солености/глубины,2,"Датчик, находящийся в точке, точность менее 0,020/00",,,,,Operational
bufr4/0/02/033/3,002033,Метод измерения солености/глубины,3,Анализ проб,,,,,Operational
bufr4/0/02/033/4-6,002033,Метод измерения солености/глубины,4-6,Зарезервированы,,,,,Operational
bufr4/0/02/033/7,002033,Метод измерения солености/глубины,7,Отсутствующее значение,,,,,Operational
bufr4/0/02/034/0,002034,Тип плавучего якоря,0,Неопределенный плавучий якорь,,,,,Operational
bufr4/0/02/034/1,002034,Тип плавучего якоря,1,Полый конус,,,,,Operational
bufr4/0/02/034/2,002034,Тип плавучего якоря,2,TRISTAR,,,,,Operational
bufr4/0/02/034/3,002034,Тип плавучего якоря,3,Ветровой щит,,,,,Operational
bufr4/0/02/034/4,002034,Тип плавучего якоря,4,Парашют,,,,,Operational
bufr4/0/02/034/5,002034,Тип плавучего якоря,5,"Плавучий якорь, отличный от типа Лагранжа",,,,,Operational
bufr4/0/02/034/6-30,002034,Тип плавучего якоря,6-30,Зарезервированы (будут разработаны),,,,,Operational
bufr4/0/02/034/31,002034,Тип плавучего якоря,31,Отсутствующее значение,,,,,Operational
bufr4/0/02/036/0,002036,Тип буя,0,Дрейфующий буй,,,,,Operational
bufr4/0/02/036/1,002036,Тип буя,1,Заякоренный буй,,,,,Operational
bufr4/0/02/036/2,002036,Тип буя,2,Притопленный буй (находящийся в движении),,,,,Operational
bufr4/0/02/036/3,002036,Тип буя,3,Отсутствующее значение,,,,,Operational
bufr4/0/02/037/0,002037,Метод наблюдения за приливами,0,Зарезервирована,,,,,Operational
bufr4/0/02/037/1,002037,Метод наблюдения за приливами,1,Осуществляемое наблюдателем считывание показаний с вертикального футштока,,,,,Operational
bufr4/0/02/037/2,002037,Метод наблюдения за приливами,2,Осуществляемое наблюдателем считывание показаний с единственного автоматического регистратора станции,,,,,Operational
bufr4/0/02/037/3,002037,Метод наблюдения за приливами,3,Осуществляемое наблюдателем считывание показаний со многих автоматических регистраторов на станции,,,,,Operational
bufr4/0/02/037/4,002037,Метод наблюдения за приливами,4,Автоматическое считывание с единственного автоматического регистратора на станции без проверки по отношению к эталону уровня,,,,,Operational
bufr4/0/02/037/5,002037,Метод наблюдения за приливами,5,"Автоматическое считывание с единственного автоматического регистратора на станции с проверкой по отношению к эталону уровня, либо со многих автоматических регистраторов",,,,,Operational
bufr4/0/02/037/6,002037,Метод наблюдения за приливами,6,Зарезервирована,,,,,Operational
bufr4/0/02/037/7,002037,Метод наблюдения за приливами,7,Отсутствующее значение,,,,,Operational
bufr4/0/02/038/0,002038,Метод измерения температуры воды и/или солености,0,Судовое устройство для забора забортной воды,,,,,Operational
bufr4/0/02/038/1,002038,Метод измерения температуры воды и/или солености,1,Ведро,,,,,Operational
bufr4/0/02/038/2,002038,Метод измерения температуры воды и/или солености,2,Контактный датчик на корпусе судна,,,,,Operational
bufr4/0/02/038/3,002038,Метод измерения температуры воды и/или солености,3,Опрокидывающийся термометр,,,,,Operational
bufr4/0/02/038/4,002038,Метод измерения температуры воды и/или солености,4,Датчик STD/CTD,,,,,Operational
bufr4/0/02/038/5,002038,Метод измерения температуры воды и/или солености,5,Механический батитермограф,,,,,Operational
bufr4/0/02/038/6,002038,Метод измерения температуры воды и/или солености,6,Батитермограф разового пользования,,,,,Operational
bufr4/0/02/038/7,002038,Метод измерения температуры воды и/или солености,7,Цифровой батитермограф,,,,,Operational
bufr4/0/02/038/8,002038,Метод измерения температуры воды и/или солености,8,Термисторная цепь,,,,,Operational
bufr4/0/02/038/9,002038,Метод измерения температуры воды и/или солености,9,Инфракрасный сканер,,,,,Operational
bufr4/0/02/038/10,002038,Метод измерения температуры воды и/или солености,10,Микроволновый сканер,,,,,Operational
bufr4/0/02/038/11,002038,Метод измерения температуры воды и/или солености,11,Инфракрасный радиометр,,,,,Operational
bufr4/0/02/038/12,002038,Метод измерения температуры воды и/или солености,12,Линейный термосоленограф,,,,,Operational
bufr4/0/02/038/13,002038,Метод измерения температуры воды и/или солености,13,Буксируемый объект,,,,,Operational
bufr4/0/02/038/14,002038,Метод измерения температуры воды и/или солености,14,Прочее,,,,,Operational
bufr4/0/02/038/15,002038,Метод измерения температуры воды и/или солености,15,Отсутствующее значение,,,,,Operational
bufr4/0/02/039/0,002039,Метод измерения температуры по смоченному термометру,0,Измерение по смоченному термометру,,,,,Operational
bufr4/0/02/039/1,002039,Метод измерения температуры по смоченному термометру,1,"Измерение по смоченному термометру, покрытому льдом",,,,,Operational
bufr4/0/02/039/2,002039,Метод измерения температуры по смоченному термометру,2,Вычисление температуры по смоченному термометру,,,,,Operational
bufr4/0/02/039/3,002039,Метод измерения температуры по смоченному термометру,3,"Вычисление температуры по смоченному термометру, покрытому льдом",,,,,Operational
bufr4/0/02/039/4-6,002039,Метод измерения температуры по смоченному термометру,4-6,Зарезервированы,,,,,Operational
bufr4/0/02/039/7,002039,Метод измерения температуры по смоченному термометру,7,Отсутствующее значение,,,,,Operational
bufr4/0/02/040/0,002040,Метод исключения скорости и направления движения платформы при определении параметров течения,0,Направление движения судна исключено при усреднении,Скорость судна исключена при придонном измерении течения,,,,Operational
bufr4/0/02/040/1,002040,Метод исключения скорости и направления движения платформы при определении параметров течения,1,Направление движения судна исключено через компенсацию движения,Скорость судна исключена при придонном измерении течения,,,,Operational
bufr4/0/02/040/2,002040,Метод исключения скорости и направления движения платформы при определении параметров течения,2,Направление движения судна не исключено,Скорость судна исключена при придонном измерении течения,,,,Operational
bufr4/0/02/040/3,002040,Метод исключения скорости и направления движения платформы при определении параметров течения,3,Направление движения судна исключено при усреднении,Скорость судна исключена при навигационных расчетах,,,,Operational
bufr4/0/02/040/4,002040,Метод исключения скорости и направления движения платформы при определении параметров течения,4,Направление движения судна исключено через компенсацию движения,Скорость судна исключена при навигационных расчетах,,,,Operational
bufr4/0/02/040/5,002040,Метод исключения скорости и направления движения платформы при определении параметров течения,5,Направление движения судна не исключено,Скорость судна исключена при навигационных расчетах,,,,Operational
bufr4/0/02/040/6,002040,Метод исключения скорости и направления движения платформы при определении параметров течения,6,Доплеровский метод получения профиля течения не используется,,,,,Operational
bufr4/0/02/040/7-14,002040,Метод исключения скорости и направления движения платформы при определении параметров течения,7-14,Зарезервированы,,,,,Operational
bufr4/0/02/040/15,002040,Метод исключения скорости и направления движения платформы при определении параметров течения,15,Отсутствующее значение,,,,,Operational
bufr4/0/02/041/0,002041,"Метод оценки сводок, касающихся синоптических характеристик",0,"Информация, основанная на ручном анализе",,,,,Operational
bufr4/0/02/041/1,002041,"Метод оценки сводок, касающихся синоптических характеристик",1,"Информация, основанная на компьютерном анализе",,,,,Operational
bufr4/0/02/041/2,002041,"Метод оценки сводок, касающихся синоптических характеристик",2,"Информация, основанная на ассимиляции данных",,,,,Operational
bufr4/0/02/041/3,002041,"Метод оценки сводок, касающихся синоптических характеристик",3,"Информация, основанная на компьютерном анализе или с применением ассимиляции данных вручную",,,,,Operational
bufr4/0/02/041/4-9,002041,"Метод оценки сводок, касающихся синоптических характеристик",4-9,Зарезервированы,,,,,Operational
bufr4/0/02/041/10,002041,"Метод оценки сводок, касающихся синоптических характеристик",10,"Информация, основанная на численном прогнозировании погоды",,,,,Operational
bufr4/0/02/041/11-62,002041,"Метод оценки сводок, касающихся синоптических характеристик",11-62,Зарезервированы для использования в будущем,,,,,Operational
bufr4/0/02/041/63,002041,"Метод оценки сводок, касающихся синоптических характеристик",63,Отсутствующее значение,,,,,Operational
bufr4/0/02/042/0,002042,Указатель скорости поверхностного морского течения,0,"Значение, первоначально передаваемое в м/с",,,,,Operational
bufr4/0/02/042/1,002042,Указатель скорости поверхностного морского течения,1,"Значение, первоначально передаваемое в узлах",,,,,Operational
bufr4/0/02/042/2,002042,Указатель скорости поверхностного морского течения,2,Данные о морском течении отсутствуют,,,,,Operational
bufr4/0/02/042/3,002042,Указатель скорости поверхностного морского течения,3,Отсутствующее значение,,,,,Operational
bufr4/0/02/044/0,002044,Указатель метода расчета спектральных волновых данных,0,Зарезервирована для использования в будущем,,,,,Operational
bufr4/0/02/044/1,002044,Указатель метода расчета спектральных волновых данных,1,Лонге–Хиггинс (1964 г.),,,,,Operational
bufr4/0/02/044/2,002044,Указатель метода расчета спектральных волновых данных,2,Лонге–Хиггинс (метод F3),,,,,Operational
bufr4/0/02/044/3,002044,Указатель метода расчета спектральных волновых данных,3,Метод максимальной вероятности,,,,,Operational
bufr4/0/02/044/4,002044,Указатель метода расчета спектральных волновых данных,4,Метод максимальной энтропии,,,,,Operational
bufr4/0/02/044/5-14,002044,Указатель метода расчета спектральных волновых данных,5-14,Зарезервированы,,,,,Operational
bufr4/0/02/044/15,002044,Указатель метода расчета спектральных волновых данных,15,Отсутствующее значение,,,,,Operational
bufr4/0/02/045/0,002045,Указатель типа платформы,0,Морская станция,,,,,Operational
bufr4/0/02/045/1,002045,Указатель типа платформы,1,Автоматический буй для сбора данных,,,,,Operational
bufr4/0/02/045/2,002045,Указатель типа платформы,2,Воздушное судно,,,,,Operational
bufr4/0/02/045/3,002045,Указатель типа платформы,3,Спутник,,,,,Operational
bufr4/0/02/045/4-14,002045,Указатель типа платформы,4-14,Зарезервированы,,,,,Operational
bufr4/0/02/045/15,002045,Указатель типа платформы,15,Отсутствующее значение,,,,,Operational
bufr4/0/02/046/0,002046,"Приборы, используемые для измерения волн",0,Зарезервирована для использования в будущем,,,,,Operational
bufr4/0/02/046/1,002046,"Приборы, используемые для измерения волн",1,Датчик подъема,,,,,Operational
bufr4/0/02/046/2,002046,"Приборы, используемые для измерения волн",2,Датчик наклона,,,,,Operational
bufr4/0/02/046/3-14,002046,"Приборы, используемые для измерения волн",3-14,Зарезервированы,,,,,Operational
bufr4/0/02/046/15,002046,"Приборы, используемые для измерения волн",15,Отсутствующее значение,,,,,Operational
bufr4/0/02/047/0,002047,Тип/производитель платформы глубоководного измерителя волн цунами,0,Зарезервировано,,,,,Operational
bufr4/0/02/047/1,002047,Тип/производитель платформы глубоководного измерителя волн цунами,1,ДАРТ II (ПМЕЛ),,,,,Operational
bufr4/0/02/047/2,002047,Тип/производитель платформы глубоководного измерителя волн цунами,2,ДАРТ ETD (упрощенная постановка),,,,,Operational
bufr4/0/02/047/3,002047,Тип/производитель платформы глубоководного измерителя волн цунами,3,Буй для обнаружения волн цунами SAIC (STB),,,,,Operational
bufr4/0/02/047/4,002047,Тип/производитель платформы глубоководного измерителя волн цунами,4,GFZ — Потсдам,,,,,Operational
bufr4/0/02/047/5,002047,Тип/производитель платформы глубоководного измерителя волн цунами,5,INCOIS (Индия),,,,,Operational
bufr4/0/02/047/6,002047,Тип/производитель платформы глубоководного измерителя волн цунами,6,InaBuoy (Индонезия),,,,,Operational
bufr4/0/02/047/7,002047,Тип/производитель платформы глубоководного измерителя волн цунами,7,Envirtech,,,,,Operational
bufr4/0/02/047/8-99,002047,Тип/производитель платформы глубоководного измерителя волн цунами,8-99,Зарезервированы,,,,,Operational
bufr4/0/02/047/100-126,002047,Тип/производитель платформы глубоководного измерителя волн цунами,100-126,Не используются,,,,,Operational
bufr4/0/02/047/127,002047,Тип/производитель платформы глубоководного измерителя волн цунами,127,Отсутствующее значение,,,,,Operational
bufr4/0/02/048/0,002048,Указатель спутникового датчика,0,HIRS,,,,,Operational
bufr4/0/02/048/1,002048,Указатель спутникового датчика,1,MSU,,,,,Operational
bufr4/0/02/048/2,002048,Указатель спутникового датчика,2,SSU,,,,,Operational
bufr4/0/02/048/3,002048,Указатель спутникового датчика,3,AMSU-A,,,,,Operational
bufr4/0/02/048/4,002048,Указатель спутникового датчика,4,AMSU-B,,,,,Operational
bufr4/0/02/048/5,002048,Указатель спутникового датчика,5,AVHRR,,,,,Operational
bufr4/0/02/048/6,002048,Указатель спутникового датчика,6,SSMI,,,,,Operational
bufr4/0/02/048/7,002048,Указатель спутникового датчика,7,NSCAT,,,,,Operational
bufr4/0/02/048/8,002048,Указатель спутникового датчика,8,SEAWINDS,,,,,Operational
bufr4/0/02/048/9,002048,Указатель спутникового датчика,9,Альтиметр POSEIDON,,,,,Operational
bufr4/0/02/048/10,002048,Указатель спутникового датчика,10,JMR (микроволновый радиомер JASON),,,,,Operational
bufr4/0/02/048/11,002048,Указатель спутникового датчика,11,MHS,,,,,Operational
bufr4/0/02/048/12,002048,Указатель спутникового датчика,12,ASCAT,,,,,Operational
bufr4/0/02/048/13-14,002048,Указатель спутникового датчика,13-14,Зарезервированы,,,,,Operational
bufr4/0/02/048/15,002048,Указатель спутникового датчика,15,Отсутствующее значение,,,,,Operational
bufr4/0/02/049/1,002049,Используемая методика обработки данных геостационарных спутников,1,Метод обработки не определен,,,,,Operational
bufr4/0/02/049/2,002049,Используемая методика обработки данных геостационарных спутников,2,Одновременный физический поиск,,,,,Operational
bufr4/0/02/049/3,002049,Используемая методика обработки данных геостационарных спутников,3,Зондирование при ясном небе,,,,29,Operational
bufr4/0/02/049/4,002049,Используемая методика обработки данных геостационарных спутников,4,Зондирование при облачности,,,,31,Operational
bufr4/0/02/049/5-7,002049,Используемая методика обработки данных геостационарных спутников,5-7,Зарезервированы для использования в будущем,,,,,Operational
bufr4/0/02/049/All-8,002049,Используемая методика обработки данных геостационарных спутников,Все 8,Отсутствующее значение,,,,,Operational
bufr4/0/02/050/1,002050,Используемые каналы геостационарных спутников зондирования,1,"1 14,71",,,,,Operational
bufr4/0/02/050/2,002050,Используемые каналы геостационарных спутников зондирования,2,"2 14,37",,,,,Operational
bufr4/0/02/050/3,002050,Используемые каналы геостационарных спутников зондирования,3,"3 14,06",,,,,Operational
bufr4/0/02/050/4,002050,Используемые каналы геостационарных спутников зондирования,4,"4 13,64",,,,,Operational
bufr4/0/02/050/5,002050,Используемые каналы геостационарных спутников зондирования,5,"5 13,37",,,,,Operational
bufr4/0/02/050/6,002050,Используемые каналы геостационарных спутников зондирования,6,"6 12,66",,,,,Operational
bufr4/0/02/050/7,002050,Используемые каналы геостационарных спутников зондирования,7,"7 12,02",,,,,Operational
bufr4/0/02/050/8,002050,Используемые каналы геостационарных спутников зондирования,8,"8 11,03",,,,,Operational
bufr4/0/02/050/9,002050,Используемые каналы геостационарных спутников зондирования,9,"9 9,71",,,,,Operational
bufr4/0/02/050/10,002050,Используемые каналы геостационарных спутников зондирования,10,"10 7,43",,,,,Operational
bufr4/0/02/050/11,002050,Используемые каналы геостационарных спутников зондирования,11,"11 7,02",,,,,Operational
bufr4/0/02/050/12,002050,Используемые каналы геостационарных спутников зондирования,12,"12 6,51",,,,,Operational
bufr4/0/02/050/13,002050,Используемые каналы геостационарных спутников зондирования,13,"13 4,57",,,,,Operational
bufr4/0/02/050/14,002050,Используемые каналы геостационарных спутников зондирования,14,"14 4,52",,,,,Operational
bufr4/0/02/050/15,002050,Используемые каналы геостационарных спутников зондирования,15,"15 4,45",,,,,Operational
bufr4/0/02/050/16,002050,Используемые каналы геостационарных спутников зондирования,16,"16 4,13",,,,,Operational
bufr4/0/02/050/17,002050,Используемые каналы геостационарных спутников зондирования,17,"17 3,98",,,,,Operational
bufr4/0/02/050/18,002050,Используемые каналы геостационарных спутников зондирования,18,"18 3,74",,,,,Operational
bufr4/0/02/050/19,002050,Используемые каналы геостационарных спутников зондирования,19,"19 0,969",,,,,Operational
bufr4/0/02/050/All-20,002050,Используемые каналы геостационарных спутников зондирования,Все 20,Отсутствующее значение,,,,,Operational
bufr4/0/02/051/0,002051,Указатель для определения метода наблюдения за экстремальными температурами,0,Зарезервирована,,,,,Operational
bufr4/0/02/051/1,002051,Указатель для определения метода наблюдения за экстремальными температурами,1,Максимальный/минимальный термометры,,,,,Operational
bufr4/0/02/051/2,002051,Указатель для определения метода наблюдения за экстремальными температурами,2,Автоматические приборы,,,,,Operational
bufr4/0/02/051/3,002051,Указатель для определения метода наблюдения за экстремальными температурами,3,Термограф,,,,,Operational
bufr4/0/02/051/4-14,002051,Указатель для определения метода наблюдения за экстремальными температурами,4-14,Зарезервированы,,,,,Operational
bufr4/0/02/051/15,002051,Указатель для определения метода наблюдения за экстремальными температурами,15,Отсутствующее значение,,,,,Operational
bufr4/0/02/052/1,002052,"Каналы для получения изображений, используемые на геостационарных спутниках",1,"1 0,55–0,75",,,,,Operational
bufr4/0/02/052/2,002052,"Каналы для получения изображений, используемые на геостационарных спутниках",2,"2 3,9",,,,,Operational
bufr4/0/02/052/3,002052,"Каналы для получения изображений, используемые на геостационарных спутниках",3,"3 6,7",,,,,Operational
bufr4/0/02/052/4,002052,"Каналы для получения изображений, используемые на геостационарных спутниках",4,"4 10,7",,,,,Operational
bufr4/0/02/052/5,002052,"Каналы для получения изображений, используемые на геостационарных спутниках",5,"5 12,0",,,,,Operational
bufr4/0/02/052/All-6,002052,"Каналы для получения изображений, используемые на геостационарных спутниках",Все 6,Отсутствующее значение,,,,,Operational
bufr4/0/02/053/0,002053,Характеристики яркостной температуры GOES-I/M,0,Сообщенная яркостная температура,,,,,Operational
bufr4/0/02/053/1,002053,Характеристики яркостной температуры GOES-I/M,1,Яркостная температура с применением коррекции искажения,,,,,Operational
bufr4/0/02/053/2,002053,Характеристики яркостной температуры GOES-I/M,2,"Яркостная температура, рассчитанная по первым ориентировочным данным",,,,,Operational
bufr4/0/02/053/3,002053,Характеристики яркостной температуры GOES-I/M,3,"Яркостная температура, рассчитанная посредством зондирования",,,,,Operational
bufr4/0/02/053/4-14,002053,Характеристики яркостной температуры GOES-I/M,4-14,Зарезервированы,,,,,Operational
bufr4/0/02/053/15,002053,Характеристики яркостной температуры GOES-I/M,15,Отсутствующее значение,,,,,Operational
bufr4/0/02/054/0,002054,Характеристики параметров зондирований GOES-I/M,0,Параметр определен по сообщенным зондом яркостным температурам,,,,,Operational
bufr4/0/02/054/1,002054,Характеристики параметров зондирований GOES-I/M,1,Параметр определен по измерениям яркостных температур полученных изображений,,,,,Operational
bufr4/0/02/054/2,002054,Характеристики параметров зондирований GOES-I/M,2,Параметр определен с использованием первых ориентировочных данных,,,,,Operational
bufr4/0/02/054/3,002054,Характеристики параметров зондирований GOES-I/M,3,Параметр определен с использованием аналитической информации НМЦ,,,,,Operational
bufr4/0/02/054/4,002054,Характеристики параметров зондирований GOES-I/M,4,Параметр определен с использованием радиозондовой информации,,,,,Operational
bufr4/0/02/054/5-14,002054,Характеристики параметров зондирований GOES-I/M,5-14,Зарезервированы,,,,,Operational
bufr4/0/02/054/15,002054,Характеристики параметров зондирований GOES-I/M,15,Отсутствующее значение,,,,,Operational
bufr4/0/02/055/0,002055,Статистические параметры геостационарного зондирования,0,"Данные, полученные посредством сравнения данных поиска с данными радиозондовых наблюдений",,,,,Operational
bufr4/0/02/055/1,002055,Статистические параметры геостационарного зондирования,1,"Данные, полученные посредством сравнения данных поиска с первыми ориентировочными данными",,,,,Operational
bufr4/0/02/055/2,002055,Статистические параметры геостационарного зондирования,2,"Данные, полученные посредством сравнения данных радиозондовых наблюдений с первыми ориентировочными данными",,,,,Operational
bufr4/0/02/055/3,002055,Статистические параметры геостационарного зондирования,3,"Данные, полученные посредством сравнения данных наблюдений с данными поиска",,,,,Operational
bufr4/0/02/055/4,002055,Статистические параметры геостационарного зондирования,4,"Данные, полученные посредством сравнения данных наблюдений с первыми ориентировочными данными",,,,,Operational
bufr4/0/02/055/5,002055,Статистические параметры геостационарного зондирования,5,"Данные, полученные посредством сравнения данных радиозондовых наблюдений с данными формирователя изображения",,,,,Operational
bufr4/0/02/055/6,002055,Статистические параметры геостационарного зондирования,6,"Данные, полученные посредством сравнения данных радиозондовых наблюдений с данными зондирования",,,,,Operational
bufr4/0/02/055/7,002055,Статистические параметры геостационарного зондирования,7,"Данные, полученные посредством радиозондовых наблюдений",,,,,Operational
bufr4/0/02/055/8,002055,Статистические параметры геостационарного зондирования,8,"Данные, полученные в качестве первых ориентировочных данных",,,,,Operational
bufr4/0/02/055/9-14,002055,Статистические параметры геостационарного зондирования,9-14,Зарезервированы,,,,,Operational
bufr4/0/02/055/15,002055,Статистические параметры геостационарного зондирования,15,Отсутствующее значение,,,,,Operational
bufr4/0/02/056/0,002056,Статистика точности геостационарного зондирования,0,Сумма разности,,,,,Operational
bufr4/0/02/056/1,002056,Статистика точности геостационарного зондирования,1,Суммы разности в квадрате,,,,,Operational
bufr4/0/02/056/2,002056,Статистика точности геостационарного зондирования,2,Размер выборки,,,,,Operational
bufr4/0/02/056/3,002056,Статистика точности геостационарного зондирования,3,Минимальная разность,,,,,Operational
bufr4/0/02/056/4,002056,Статистика точности геостационарного зондирования,4,Максимальная разность,,,,,Operational
bufr4/0/02/056/5-14,002056,Статистика точности геостационарного зондирования,5-14,Зарезервированы,,,,,Operational
bufr4/0/02/056/15,002056,Статистика точности геостационарного зондирования,15,Отсутствующее значение,,,,,Operational
bufr4/0/02/057/0,002057,Источник информации в нулевом приближении для зондирований GOES-I/M,0,Гнездовая модель (NGM),,,,,Operational
bufr4/0/02/057/1,002057,Источник информации в нулевом приближении для зондирований GOES-I/M,1,Авиационная модель (AVN),,,,,Operational
bufr4/0/02/057/2,002057,Источник информации в нулевом приближении для зондирований GOES-I/M,2,Модель среднесрочного прогноза (MRF),,,,,Operational
bufr4/0/02/057/3,002057,Источник информации в нулевом приближении для зондирований GOES-I/M,3,Модель прогноза Системы ассимиляции глобальных данных (ГДАС),,,,,Operational
bufr4/0/02/057/4,002057,Источник информации в нулевом приближении для зондирований GOES-I/M,4,Предварительные зондирования (в течение 3 часов текущего времени),,,,,Operational
bufr4/0/02/057/5,002057,Источник информации в нулевом приближении для зондирований GOES-I/M,5,Климатология,,,,,Operational
bufr4/0/02/057/6-14,002057,Источник информации в нулевом приближении для зондирований GOES-I/M,6-14,Зарезервированы,,,,,Operational
bufr4/0/02/057/15,002057,Источник информации в нулевом приближении для зондирований GOES-I/M,15,Отсутствующее значение,,,,,Operational
bufr4/0/02/058/0,002058,Эффективное время первой ориентировочной информации для зондирований GOES-I/M,0,12 часов и 18 часов,,,,,Operational
bufr4/0/02/058/1,002058,Эффективное время первой ориентировочной информации для зондирований GOES-I/M,1,18 часов и 24 часа,,,,,Operational
bufr4/0/02/058/2,002058,Эффективное время первой ориентировочной информации для зондирований GOES-I/M,2,6 часов и 12 часов,,,,,Operational
bufr4/0/02/058/3,002058,Эффективное время первой ориентировочной информации для зондирований GOES-I/M,3,Более 24 часов,,,,,Operational
bufr4/0/02/058/4-14,002058,Эффективное время первой ориентировочной информации для зондирований GOES-I/M,4-14,Зарезервированы,,,,,Operational
bufr4/0/02/058/15,002058,Эффективное время первой ориентировочной информации для зондирований GOES-I/M,15,Отсутствующее значение,,,,,Operational
bufr4/0/02/059/0,002059,Источник аналитической информации для зондирований GOES-I/M,0,Анализ гнездовой модели (NGM) НЦПОС,,,,,Operational
bufr4/0/02/059/1,002059,Источник аналитической информации для зондирований GOES-I/M,1,Анализ авиационной модели (AVN) НЦПОС,,,,,Operational
bufr4/0/02/059/2,002059,Источник аналитической информации для зондирований GOES-I/M,2,Анализ модели среднесрочного прогноза (MRF) НЦПОС,,,,,Operational
bufr4/0/02/059/3,002059,Источник аналитической информации для зондирований GOES-I/M,3,Анализ модели прогноза Системы ассимиляции глобальных данных (ГДАС) НЦПОС,,,,,Operational
bufr4/0/02/059/4-14,002059,Источник аналитической информации для зондирований GOES-I/M,4-14,Зарезервированы,,,,,Operational
bufr4/0/02/059/15,002059,Источник аналитической информации для зондирований GOES-I/M,15,Отсутствующее значение,,,,,Operational
bufr4/0/02/060/0,002060,Источник приземной информации для зондирований GOES-I/M,0,Приземные сообщения на данный час,,,,,Operational
bufr4/0/02/060/1,002060,Источник приземной информации для зондирований GOES-I/M,1,Сообщения с судов на данный час,,,,,Operational
bufr4/0/02/060/2,002060,Источник приземной информации для зондирований GOES-I/M,2,Сообщения с буев на данный час,,,,,Operational
bufr4/0/02/060/3,002060,Источник приземной информации для зондирований GOES-I/M,3,Приземные сообщения часовой давности,,,,,Operational
bufr4/0/02/060/4,002060,Источник приземной информации для зондирований GOES-I/M,4,Сообщения с судов часовой давности,,,,,Operational
bufr4/0/02/060/5,002060,Источник приземной информации для зондирований GOES-I/M,5,Сообщения с буев часовой давности,,,,,Operational
bufr4/0/02/060/6-14,002060,Источник приземной информации для зондирований GOES-I/M,6-14,Зарезервированы,,,,,Operational
bufr4/0/02/060/15,002060,Источник приземной информации для зондирований GOES-I/M,15,Отсутствующее значение,,,,,Operational
bufr4/0/02/061/0,002061,Навигационная система воздушного судна,0,Инерционная навигационная система,,,,,Operational
bufr4/0/02/061/1,002061,Навигационная система воздушного судна,1,OMEGA,,,,,Operational
bufr4/0/02/061/2-6,002061,Навигационная система воздушного судна,2-6,Зарезервированы,,,,,Operational
bufr4/0/02/061/7,002061,Навигационная система воздушного судна,7,Отсутствующее значение,,,,,Operational
bufr4/0/02/062/0,002062,Тип системы ретрансляции данных с воздушного судна,0,ASDAR,,,,,Operational
bufr4/0/02/062/1,002062,Тип системы ретрансляции данных с воздушного судна,1,"ASDAR (ACARS также установлена, но не действует в оперативном режиме)",,,,,Operational
bufr4/0/02/062/2,002062,Тип системы ретрансляции данных с воздушного судна,2,ASDAR (ACARS также установлена и действует в оперативном режиме),,,,,Operational
bufr4/0/02/062/3,002062,Тип системы ретрансляции данных с воздушного судна,3,ACARS,,,,,Operational
bufr4/0/02/062/4,002062,Тип системы ретрансляции данных с воздушного судна,4,"ACARS (ASDAR также установлена, но не действует в оперативном режиме)",,,,,Operational
bufr4/0/02/062/5,002062,Тип системы ретрансляции данных с воздушного судна,5,ACARS (ASDAR также установлена и действует в оперативном режиме),,,,,Operational
bufr4/0/02/062/6-14,002062,Тип системы ретрансляции данных с воздушного судна,6-14,Зарезервированы,,,,,Operational
bufr4/0/02/062/15,002062,Тип системы ретрансляции данных с воздушного судна,15,Отсутствующее значение,,,,,Operational
bufr4/0/02/064/0,002064,Качество угла крена воздушного судна,0,Хорошее,,,,,Operational
bufr4/0/02/064/1,002064,Качество угла крена воздушного судна,1,Плохое,,,,20,Operational
bufr4/0/02/064/2,002064,Качество угла крена воздушного судна,2,Зарезервировано,,,,,Operational
bufr4/0/02/064/3,002064,Качество угла крена воздушного судна,3,Отсутствующее значение,,,,,Operational
bufr4/0/02/066/0,002066,Наземная система приема сигналов радиозонда,0,InterMet IMS 2000,,,,,Operational
bufr4/0/02/066/1,002066,Наземная система приема сигналов радиозонда,1,InterMet IMS 1500C,,,,,Operational
bufr4/0/02/066/2,002066,Наземная система приема сигналов радиозонда,2,Shanghai GTC1,,,,,Operational
bufr4/0/02/066/3,002066,Наземная система приема сигналов радиозонда,3,Nanjing GTC2,,,,,Operational
bufr4/0/02/066/4,002066,Наземная система приема сигналов радиозонда,4,Nanjing GFE(L)1,,,,,Operational
bufr4/0/02/066/5,002066,Наземная система приема сигналов радиозонда,5,Радиолокатор МАРЛ-А,,,,,Operational
bufr4/0/02/066/6,002066,Наземная система приема сигналов радиозонда,6,Радиолокатор ВЕКТОР-М,,,,,Operational
bufr4/0/02/066/7-61,002066,Наземная система приема сигналов радиозонда,7-61,Зарезервированы,,,,,Operational
bufr4/0/02/066/62,002066,Наземная система приема сигналов радиозонда,62,Другие,,,,,Operational
bufr4/0/02/066/63,002066,Наземная система приема сигналов радиозонда,63,Отсутствующее значение,,,,,Operational
bufr4/0/02/070/0,002070,Первоначальная спецификация широты/долготы,0,"Фактическое местоположение, в секундах",,,,,Operational
bufr4/0/02/070/1,002070,Первоначальная спецификация широты/долготы,1,"Фактическое местоположение, в минутах",,,,,Operational
bufr4/0/02/070/2,002070,Первоначальная спецификация широты/долготы,2,"Фактическое местоположение, в градусах",,,,,Operational
bufr4/0/02/070/3,002070,Первоначальная спецификация широты/долготы,3,"Фактическое местоположение, в дециградусах",,,,,Operational
bufr4/0/02/070/4,002070,Первоначальная спецификация широты/долготы,4,"Фактическое местоположение, в сантиградусах",,,,,Operational
bufr4/0/02/070/5,002070,Первоначальная спецификация широты/долготы,5,"Отсчет от контрольного пункта, в секундах",,,,,Operational
bufr4/0/02/070/6,002070,Первоначальная спецификация широты/долготы,6,"Отсчет от контрольного пункта, в минутах",,,,,Operational
bufr4/0/02/070/7,002070,Первоначальная спецификация широты/долготы,7,"Отсчет от контрольного пункта, в градусах",,,,,Operational
bufr4/0/02/070/8,002070,Первоначальная спецификация широты/долготы,8,"Отсчет от контрольного пункта, в дециградусах",,,,,Operational
bufr4/0/02/070/9,002070,Первоначальная спецификация широты/долготы,9,"Отсчет от контрольного пункта, в сантиградусах",,,,,Operational
bufr4/0/02/070/10,002070,Первоначальная спецификация широты/долготы,10,"Фактическое местоположение, в десятых долях минуты",,,,,Operational
bufr4/0/02/070/11,002070,Первоначальная спецификация широты/долготы,11,"Отсчет от контрольного пункта, в десятых долях минуты",,,,,Operational
bufr4/0/02/070/12-14,002070,Первоначальная спецификация широты/долготы,12-14,Зарезервированы,,,,,Operational
bufr4/0/02/070/15,002070,Первоначальная спецификация широты/долготы,15,Отсутствующее значение,,,,,Operational
bufr4/0/02/080/0,002080,Производитель шара-зонда,0,Kaysam,,,,,Operational
bufr4/0/02/080/1,002080,Производитель шара-зонда,1,Totex,,,,,Operational
bufr4/0/02/080/2,002080,Производитель шара-зонда,2,KKS,,,,,Operational
bufr4/0/02/080/3,002080,Производитель шара-зонда,3,Guangzhou Shuangyi (Китай),,,,,Operational
bufr4/0/02/080/4,002080,Производитель шара-зонда,4,ChemChina Zhuzhou (Китай),,,,,Operational
bufr4/0/02/080/5-61,002080,Производитель шара-зонда,5-61,Зарезервированы,,,,,Operational
bufr4/0/02/080/62,002080,Производитель шара-зонда,62,Другие производители,,,,,Operational
bufr4/0/02/080/63,002080,Производитель шара-зонда,63,Отсутствующее значение,,,,,Operational
bufr4/0/02/081/0,002081,Тип шара-зонда,0,GP26,,,,,Operational
bufr4/0/02/081/1,002081,Тип шара-зонда,1,GP28,,,,,Operational
bufr4/0/02/081/2,002081,Тип шара-зонда,2,GP30,,,,,Operational
bufr4/0/02/081/3,002081,Тип шара-зонда,3,HM26,,,,,Operational
bufr4/0/02/081/4,002081,Тип шара-зонда,4,HM28,,,,,Operational
bufr4/0/02/081/5,002081,Тип шара-зонда,5,HM30,,,,,Operational
bufr4/0/02/081/6,002081,Тип шара-зонда,6,SV16,,,,,Operational
bufr4/0/02/081/7,002081,Тип шара-зонда,7,Тип шаров-зондов Totex TA,,,,,Operational
bufr4/0/02/081/8,002081,Тип шара-зонда,8,Тип шаров-зондов Totex TX,,,,,Operational
bufr4/0/02/081/9-29,002081,Тип шара-зонда,9-29,Зарезервированы,,,,,Operational
bufr4/0/02/081/30,002081,Тип шара-зонда,30,Другие типы,,,,,Operational
bufr4/0/02/081/31,002081,Тип шара-зонда,31,Отсутствующее значение,,,,,Operational
bufr4/0/02/083/0,002083,Тип укрытия для шаров-зондов,0,Высокий отсек,,,,,Operational
bufr4/0/02/083/1,002083,Тип укрытия для шаров-зондов,1,Низкий отсек,,,,,Operational
bufr4/0/02/083/2,002083,Тип укрытия для шаров-зондов,2,BILS (система наполнения и запуска шаров-зондов),,,,,Operational
bufr4/0/02/083/3,002083,Тип укрытия для шаров-зондов,3,BILS в верхней части крыши,,,,,Operational
bufr4/0/02/083/4,002083,Тип укрытия для шаров-зондов,4,Автоматизированная необслуживаемая система зондирования,,,,,Operational
bufr4/0/02/083/5-13,002083,Тип укрытия для шаров-зондов,5-13,Зарезервированы,,,,,Operational
bufr4/0/02/083/14,002083,Тип укрытия для шаров-зондов,14,Другие типы,,,,,Operational
bufr4/0/02/083/15,002083,Тип укрытия для шаров-зондов,15,Отсутствующее значение,,,,,Operational
bufr4/0/02/084/0,002084,"Тип газа, используемого для шара-зонда",0,Водород,,,,,Operational
bufr4/0/02/084/1,002084,"Тип газа, используемого для шара-зонда",1,Гелий,,,,,Operational
bufr4/0/02/084/2,002084,"Тип газа, используемого для шара-зонда",2,Природный газ,,,,,Operational
bufr4/0/02/084/3-13,002084,"Тип газа, используемого для шара-зонда",3-13,Зарезервированы,,,,,Operational
bufr4/0/02/084/14,002084,"Тип газа, используемого для шара-зонда",14,Другие типы,,,,,Operational
bufr4/0/02/084/15,002084,"Тип газа, используемого для шара-зонда",15,Отсутствующее значение,,,,,Operational
bufr4/0/02/092/0,002092,Метод расчета профиля озона,0,Получение на основе УФ-канала,,,,,Operational
bufr4/0/02/092/1,002092,Метод расчета профиля озона,1,Получение на основе канала видимого диапазона,,,,,Operational
bufr4/0/02/092/2,002092,Метод расчета профиля озона,2,Получение на основе совместного использования УФ-канала и канала видимого диапазона,,,,,Operational
bufr4/0/02/092/3-6,002092,Метод расчета профиля озона,3-6,Зарезервированы,,,,,Operational
bufr4/0/02/092/7,002092,Метод расчета профиля озона,7,Отсутствующее значение,,,,,Operational
bufr4/0/02/095/0,002095,Тип датчика давления,0,Ёмкостный анероид,,,,,Operational
bufr4/0/02/095/1,002095,Тип датчика давления,1,Производный от ГСОМ,,,,,Operational
bufr4/0/02/095/2,002095,Тип датчика давления,2,Проволочный тензодатчик,,,,,Operational
bufr4/0/02/095/3,002095,Тип датчика давления,3,Кремниевый конденсатор,,,,,Operational
bufr4/0/02/095/4,002095,Тип датчика давления,4,Производное от высоты радиолокатора,,,,,Operational
bufr4/0/02/095/5-29,002095,Тип датчика давления,5-29,Зарезервированы,,,,,Operational
bufr4/0/02/095/30,002095,Тип датчика давления,30,Другие типы,,,,,Operational
bufr4/0/02/095/31,002095,Тип датчика давления,31,Отсутствующее значение,,,,,Operational
bufr4/0/02/096/0,002096,Тип датчика температуры,0,Стержневой термистор,,,,,Operational
bufr4/0/02/096/1,002096,Тип датчика температуры,1,Бусинковый термистор,,,,,Operational
bufr4/0/02/096/2,002096,Тип датчика температуры,2,Ёмкостная бусинка,,,,,Operational
bufr4/0/02/096/3,002096,Тип датчика температуры,3,Ёмкостный провод,,,,,Operational
bufr4/0/02/096/4,002096,Тип датчика температуры,4,Резистивный датчик,,,,,Operational
bufr4/0/02/096/5,002096,Тип датчика температуры,5,Термистор с интегральной схемой,,,,,Operational
bufr4/0/02/096/6,002096,Тип датчика температуры,6,Ртутный,,,,,Operational
bufr4/0/02/096/7,002096,Тип датчика температуры,7,Спиртовой/гликолевый,,,,,Operational
bufr4/0/02/096/8-30,002096,Тип датчика температуры,8-30,Зарезервированы для будущего использования,,,,,Operational
bufr4/0/02/096/31,002096,Тип датчика температуры,31,Отсутствующее значение,,,,,Operational
bufr4/0/02/097/0,002097,Тип датчика влажности,0,Угольный гигристор VIZ Mark II,,,,,Operational
bufr4/0/02/097/1,002097,Тип датчика влажности,1,Гигристор VIZ B2,,,,,Operational
bufr4/0/02/097/2,002097,Тип датчика влажности,2,Vaisala A-humicap,,,,,Operational
bufr4/0/02/097/3,002097,Тип датчика влажности,3,Vaisala H-humicap,,,,,Operational
bufr4/0/02/097/4,002097,Тип датчика влажности,4,Ёмкостный датчик,,,,,Operational
bufr4/0/02/097/5,002097,Тип датчика влажности,5,Vaisala RS90,,,,,Operational
bufr4/0/02/097/6,002097,Тип датчика влажности,6,Угольный гигристор Sippican Mark IIA,,,,,Operational
bufr4/0/02/097/7,002097,Тип датчика влажности,7,Двойной емкостный датчик Humicap с поочередным нагревом,,,,,Operational
bufr4/0/02/097/8,002097,Тип датчика влажности,8,Емкостный датчик Humicap с активным методом противообледенительной защиты,,,,,Operational
bufr4/0/02/097/9,002097,Тип датчика влажности,9,Угольный гигристор,,,,,Operational
bufr4/0/02/097/10,002097,Тип датчика влажности,10,Психрометр,,,,,Operational
bufr4/0/02/097/11,002097,Тип датчика влажности,11,Емкостный (полимерный),,,,,Operational
bufr4/0/02/097/12,002097,Тип датчика влажности,12,"Емкостный (керамический, включая оксид металла)",,,,,Operational
bufr4/0/02/097/13,002097,Тип датчика влажности,13,Резистивный (типовой),,,,,Operational
bufr4/0/02/097/14,002097,Тип датчика влажности,14,Резистивный (полимерно-солевой),,,,,Operational
bufr4/0/02/097/15,002097,Тип датчика влажности,15,Резистивный (на основе проводящих полимеров),,,,,Operational
bufr4/0/02/097/16,002097,Тип датчика влажности,16,Датчик теплопроводности,,,,,Operational
bufr4/0/02/097/17,002097,Тип датчика влажности,17,Гравиметрический,,,,,Operational
bufr4/0/02/097/18,002097,Тип датчика влажности,18,Бумажно-металлическая катушка,,,,,Operational
bufr4/0/02/097/19,002097,Тип датчика влажности,19,Обычный человеческий волос,,,,,Operational
bufr4/0/02/097/20,002097,Тип датчика влажности,20,Прокатанный волос (скручивание),,,,,Operational
bufr4/0/02/097/21,002097,Тип датчика влажности,21,Пленочный,,,,,Operational
bufr4/0/02/097/22,002097,Тип датчика влажности,22,Гигрометр с охлаждаемым зеркалом,,,,,Operational
bufr4/0/02/097/23,002097,Тип датчика влажности,23,Гигрометр точки росы,,,,,Operational
bufr4/0/02/097/24,002097,Тип датчика влажности,24,Оптический абсорбционный датчик,,,,,Operational
bufr4/0/02/097/25-30,002097,Тип датчика влажности,25-30,Зарезервированы для будущего использования,,,,,Operational
bufr4/0/02/097/31,002097,Тип датчика влажности,31,Отсутствующее значение,,,,,Operational
bufr4/0/02/099/0,002099,Поляризация,0,Поляризация HH,,,,,Operational
bufr4/0/02/099/1,002099,Поляризация,1,Поляризация VV,,,,,Operational
bufr4/0/02/099/2,002099,Поляризация,2,Действительный компонент поляризации HV,,,,,Operational
bufr4/0/02/099/3,002099,Поляризация,3,Мнимый компонент поляризации HV,,,,,Operational
bufr4/0/02/099/4-6,002099,Поляризация,4-6,Зарезервированы,,,,,Operational
bufr4/0/02/099/7,002099,Поляризация,7,Отсутствующее значение,,,,,Operational
bufr4/0/02/101/0,002101,Тип антенны,0,Параболическая с центральным возбуждением,,,,,Operational
bufr4/0/02/101/1,002101,Тип антенны,1,Параболическая с боковым возбуждением,,,,,Operational
bufr4/0/02/101/2,002101,Тип антенны,2,Параболическая антенна Кассегрена с центральным возбуждением,,,,,Operational
bufr4/0/02/101/3,002101,Тип антенны,3,Параболическая антенна Кассегрена с боковым возбуждением,,,,,Operational
bufr4/0/02/101/4,002101,Тип антенны,4,С плоской решеткой,,,,,Operational
bufr4/0/02/101/5,002101,Тип антенны,5,Коаксильная коллинеарная антенная решетка,,,,,Operational
bufr4/0/02/101/6,002101,Тип антенны,6,Антенная решетка из элементов Яги,,,,,Operational
bufr4/0/02/101/7,002101,Тип антенны,7,Микрополоса,,,,,Operational
bufr4/0/02/101/8-13,002101,Тип антенны,8-13,Зарезервированы,,,,,Operational
bufr4/0/02/101/14,002101,Тип антенны,14,Другие типы,,,,,Operational
bufr4/0/02/101/15,002101,Тип антенны,15,Отсутствующее значение,,,,,Operational
bufr4/0/02/103/1,002103,Обтекатель антенны,1,Антенна радиолокатора защищена обтекателем,,,,,Operational
bufr4/0/02/103/All-2,002103,Обтекатель антенны,Все 2,Отсутствующее значение,,,,,Operational
bufr4/0/02/104/0,002104,Поляризация антенны,0,Горизонтальная поляризация,,,,,Operational
bufr4/0/02/104/1,002104,Поляризация антенны,1,Вертикальная поляризация,,,,,Operational
bufr4/0/02/104/2,002104,Поляризация антенны,2,Правосторонняя круговая поляризация,,,,,Operational
bufr4/0/02/104/3,002104,Поляризация антенны,3,Левосторонняя круговая поляризация,,,,,Operational
bufr4/0/02/104/4,002104,Поляризация антенны,4,Горизонтальная и вертикальная поляризация,,,,,Operational
bufr4/0/02/104/5,002104,Поляризация антенны,5,Правая и левая круговая поляризация,,,,,Operational
bufr4/0/02/104/6,002104,Поляризация антенны,6,Квазигоризонтальная поляризация,,,,,Operational
bufr4/0/02/104/7,002104,Поляризация антенны,7,Квазивертикальная поляризация,,,,,Operational
bufr4/0/02/104/8-14,002104,Поляризация антенны,8-14,Зарезервированы,,,,,Operational
bufr4/0/02/104/15,002104,Поляризация антенны,15,Отсутствующее значение,,,,,Operational
bufr4/0/02/115/0,002115,Тип оборудования для приземных наблюдений,0,PDB,,,,,Operational
bufr4/0/02/115/1,002115,Тип оборудования для приземных наблюдений,1,RSOIS,,,,,Operational
bufr4/0/02/115/2,002115,Тип оборудования для приземных наблюдений,2,ASOS,,,,,Operational
bufr4/0/02/115/3,002115,Тип оборудования для приземных наблюдений,3,Психрометр,,,,,Operational
bufr4/0/02/115/4,002115,Тип оборудования для приземных наблюдений,4,F420,,,,,Operational
bufr4/0/02/115/5-29,002115,Тип оборудования для приземных наблюдений,5-29,Зарезервированы,,,,,Operational
bufr4/0/02/115/30,002115,Тип оборудования для приземных наблюдений,30,Другие типы,,,,,Operational
bufr4/0/02/115/31,002115,Тип оборудования для приземных наблюдений,31,Отсутствующее значение,,,,,Operational
bufr4/0/02/119/0,002119,Режим работы прибора RA-2,0,Режим калибровки промежуточной частоты (IF CAL),,,,,Operational
bufr4/0/02/119/1,002119,Режим работы прибора RA-2,1,Встроенная аппаратура цифрового тестирования (BITE DGT),,,,,Operational
bufr4/0/02/119/2,002119,Режим работы прибора RA-2,2,Встроенная аппаратура радиочастотного тестирования (BITE RF),,,,,Operational
bufr4/0/02/119/3,002119,Режим работы прибора RA-2,3,Предустановленное слежение (PSET TRK),,,,,Operational
bufr4/0/02/119/4,002119,Режим работы прибора RA-2,4,Предустановленный режим LOOP OUT,,,,,Operational
bufr4/0/02/119/5,002119,Режим работы прибора RA-2,5,ACQUISITION (прием),,,,,Operational
bufr4/0/02/119/6,002119,Режим работы прибора RA-2,6,TRACKING (слежение),,,,,Operational
bufr4/0/02/119/7,002119,Режим работы прибора RA-2,7,Отсутствующее значение,,,,,Operational
bufr4/0/02/131/1,002131,Временной контроль чувствительности (STC),1,STC действующий,,,,,Operational
bufr4/0/02/131/All-2,002131,Временной контроль чувствительности (STC),Все 2,Отсутствующее значение,,,,,Operational
bufr4/0/02/137/1,002137,Соотношение двойной частоты повторения импульсов (ЧПИ) радиолокатора,1,3:2,,,,,Operational
bufr4/0/02/137/2,002137,Соотношение двойной частоты повторения импульсов (ЧПИ) радиолокатора,2,4:3,,,,,Operational
bufr4/0/02/137/3,002137,Соотношение двойной частоты повторения импульсов (ЧПИ) радиолокатора,3,5:4,,,,,Operational
bufr4/0/02/137/4-14,002137,Соотношение двойной частоты повторения импульсов (ЧПИ) радиолокатора,4-14,Зарезервированы,,,,,Operational
bufr4/0/02/137/15,002137,Соотношение двойной частоты повторения импульсов (ЧПИ) радиолокатора,15,Отсутствующее значение,,,,,Operational
bufr4/0/02/138/1,002138,Направление вращения антенны,1,Вращение по часовой стрелке,,,,,Operational
bufr4/0/02/138/2,002138,Направление вращения антенны,2,Вращение против часовой стрелки,,,,,Operational
bufr4/0/02/138/3,002138,Направление вращения антенны,3,Отсутствующее значение,,,,,Operational
bufr4/0/02/139/0,002139,Компоновка приборов SIRAL,0,SIRAL штатные,,,,,Operational
bufr4/0/02/139/1,002139,Компоновка приборов SIRAL,1,SIRAL резервный,,,,,Operational
bufr4/0/02/139/2,002139,Компоновка приборов SIRAL,2,Отсутствующее значение,,,,,Operational
bufr4/0/02/143/0,002143,Тип прибора для измерения озона,0,Зарезервирована,,,,,Operational
bufr4/0/02/143/1,002143,Тип прибора для измерения озона,1,Спектрофотометр Брюйера,,,,,Operational
bufr4/0/02/143/2,002143,Тип прибора для измерения озона,2,Кавер Тейшерт,,,,,Operational
bufr4/0/02/143/3,002143,Тип прибора для измерения озона,3,Добсон,,,,,Operational
bufr4/0/02/143/4,002143,Тип прибора для измерения озона,4,Добсон (Япония),,,,,Operational
bufr4/0/02/143/5,002143,Тип прибора для измерения озона,5,Эхмет,,,,,Operational
bufr4/0/02/143/6,002143,Тип прибора для измерения озона,6,Телескоп Фекера,,,,,Operational
bufr4/0/02/143/7,002143,Тип прибора для измерения озона,7,Хельпер,,,,,Operational
bufr4/0/02/143/8,002143,Тип прибора для измерения озона,8,Иодометр,,,,,Operational
bufr4/0/02/143/9,002143,Тип прибора для измерения озона,9,Фильтрующий озонометр M-83,,,,,Operational
bufr4/0/02/143/10,002143,Тип прибора для измерения озона,10,Маст,,,,,Operational
bufr4/0/02/143/11,002143,Тип прибора для измерения озона,11,Оксфорд,,,,,Operational
bufr4/0/02/143/12,002143,Тип прибора для измерения озона,12,Пецольд,,,,,Operational
bufr4/0/02/143/13,002143,Тип прибора для измерения озона,13,Регенер,,,,,Operational
bufr4/0/02/143/14,002143,Тип прибора для измерения озона,14,Зарезервирована для использования в будущем,,,,,Operational
bufr4/0/02/143/15,002143,Тип прибора для измерения озона,15,Фильтрующий озонометр Васси,,,,,Operational
bufr4/0/02/143/16,002143,Тип прибора для измерения озона,16,Иодид углерода,,,,,Operational
bufr4/0/02/143/17,002143,Тип прибора для измерения озона,17,Барботёр для измерения приземного озона,,,,,Operational
bufr4/0/02/143/18,002143,Тип прибора для измерения озона,18,Фильтрующий озонометр M-124,,,,,Operational
bufr4/0/02/143/19,002143,Тип прибора для измерения озона,19,Зонд с электрохимическим элементом,,,,,Operational
bufr4/0/02/143/20-126,002143,Тип прибора для измерения озона,20-126,Зарезервированы,,,,,Operational
bufr4/0/02/143/127,002143,Тип прибора для измерения озона,127,Отсутствующее значение,,,,,Operational
bufr4/0/02/144/0,002144,Тип источника света для спектрофотометра Брюйера,0,Прямое солнечное излучение,,,,,Operational
bufr4/0/02/144/1,002144,Тип источника света для спектрофотометра Брюйера,1,"Прямое солнечное излучение, аттенюатор #1",,,,38,Operational
bufr4/0/02/144/2,002144,Тип источника света для спектрофотометра Брюйера,2,"Прямое солнечное излучение, аттенюатор #2",,,,38,Operational
bufr4/0/02/144/3,002144,Тип источника света для спектрофотометра Брюйера,3,Точная установка на Луну,,,,,Operational
bufr4/0/02/144/4,002144,Тип источника света для спектрофотометра Брюйера,4,Точная установка на Солнце,,,,,Operational
bufr4/0/02/144/5,002144,Тип источника света для спектрофотометра Брюйера,5,Точная установка на Солнце с поправками по измерениям смежного неба,,,,,Operational
bufr4/0/02/144/6,002144,Тип источника света для спектрофотометра Брюйера,6,Излучение неба в зените,,,,,Operational
bufr4/0/02/144/7-14,002144,Тип источника света для спектрофотометра Брюйера,7-14,Зарезервированы,,,,,Operational
bufr4/0/02/144/15,002144,Тип источника света для спектрофотометра Брюйера,15,Отсутствующее значение,,,,,Operational
bufr4/0/02/145/0,002145,Установка длины волны для приборов Добсона,0,"Длина волны AD, обычная установка",,,,,Operational
bufr4/0/02/145/1,002145,Установка длины волны для приборов Добсона,1,"Длина волны BD, обычная установка",,,,,Operational
bufr4/0/02/145/2,002145,Установка длины волны для приборов Добсона,2,"Длина волны CD, обычная установка",,,,,Operational
bufr4/0/02/145/3,002145,Установка длины волны для приборов Добсона,3,"Длина волны CC', обычная установка",,,,,Operational
bufr4/0/02/145/4,002145,Установка длины волны для приборов Добсона,4,"Длина волны AD, сфокусированное изображение",,,,,Operational
bufr4/0/02/145/5,002145,Установка длины волны для приборов Добсона,5,"Длина волны BD, сфокусированное изображение",,,,,Operational
bufr4/0/02/145/6,002145,Установка длины волны для приборов Добсона,6,"Длина волны CD, сфокусированное изображение",,,,,Operational
bufr4/0/02/145/7,002145,Установка длины волны для приборов Добсона,7,"Длина волны CC', сфокусированное изображение",,,,,Operational
bufr4/0/02/145/8-14,002145,Установка длины волны для приборов Добсона,8-14,Зарезервированы,,,,,Operational
bufr4/0/02/145/15,002145,Установка длины волны для приборов Добсона,15,Отсутствующее значение,,,,,Operational
bufr4/0/02/146/0,002146,Условия источника для приборов Добсона,0,Прямое солнечное излучение,,,,,Operational
bufr4/0/02/146/1,002146,Условия источника для приборов Добсона,1,Прямое лунное излучение,,,,,Operational
bufr4/0/02/146/2,002146,Условия источника для приборов Добсона,2,Излучение безоблачного неба в зените,,,,,Operational
bufr4/0/02/146/3,002146,Условия источника для приборов Добсона,3,Облачность в зените (равномерная стратификация слоя незначительной непрозрачности),,,,,Operational
bufr4/0/02/146/4,002146,Условия источника для приборов Добсона,4,Облачность в зените (равномерный или умеренно меняющийся слой средней непрозрачности),,,,,Operational
bufr4/0/02/146/5,002146,Условия источника для приборов Добсона,5,Облачность в зените (равномерный или умеренно меняющийся слой значительной непрозрачности),,,,,Operational
bufr4/0/02/146/6,002146,Условия источника для приборов Добсона,6,"Облачность в зените (весьма переменная непрозрачность, с осадками или без осадков)",,,,,Operational
bufr4/0/02/146/7,002146,Условия источника для приборов Добсона,7,Облачность в зените (туман),,,,,Operational
bufr4/0/02/146/8,002146,Условия источника для приборов Добсона,8,Дымка в зените,,,,,Operational
bufr4/0/02/146/9,002146,Условия источника для приборов Добсона,9,"Прямое солнечное излучение через тонкий слой облаков, туман или дымку",,,,,Operational
bufr4/0/02/146/10-14,002146,Условия источника для приборов Добсона,10-14,Зарезервированы,,,,,Operational
bufr4/0/02/146/15,002146,Условия источника для приборов Добсона,15,Отсутствующее значение,,,,,Operational
bufr4/0/02/147/0,002147,Метод передачи в центр сбора,0,Зарезервирована,,,,,Operational
bufr4/0/02/147/1,002147,Метод передачи в центр сбора,1,Прямая арендованная линия связи,,,,,Operational
bufr4/0/02/147/2,002147,Метод передачи в центр сбора,2,Коммутируемое соединение,,,,,Operational
bufr4/0/02/147/3,002147,Метод передачи в центр сбора,3,Поставщик услуг в сети Интернет,,,,,Operational
bufr4/0/02/147/4,002147,Метод передачи в центр сбора,4,"ПСД через спутник (МТСАТ, МЕТЕОСАТ и т. п.)",,,,,Operational
bufr4/0/02/147/5,002147,Метод передачи в центр сбора,5,ВСАТ,,,,,Operational
bufr4/0/02/147/6,002147,Метод передачи в центр сбора,6,"GAN, BGAN",,,,,Operational
bufr4/0/02/147/7,002147,Метод передачи в центр сбора,7,Терминал Thiss,,,,,Operational
bufr4/0/02/147/8,002147,Метод передачи в центр сбора,8,Спутники типа Иридиум,,,,,Operational
bufr4/0/02/147/9,002147,Метод передачи в центр сбора,9,Мобильная телефонная связь,,,,,Operational
bufr4/0/02/147/10-62,002147,Метод передачи в центр сбора,10-62,Зарезервированы,,,,,Operational
bufr4/0/02/147/63,002147,Метод передачи в центр сбора,63,Отсутствующее значение,,,,,Operational
bufr4/0/02/148/0,002148,Система сбора данных и/или определения местоположения,0,Зарезервировано,,,,,Operational
bufr4/0/02/148/1,002148,Система сбора данных и/или определения местоположения,1,АРГОС,,,,,Operational
bufr4/0/02/148/2,002148,Система сбора данных и/или определения местоположения,2,ГСОМ,,,,,Operational
bufr4/0/02/148/3,002148,Система сбора данных и/или определения местоположения,3,ПСД ГОЕС,,,,,Operational
bufr4/0/02/148/4,002148,Система сбора данных и/или определения местоположения,4,ПСД МЕТЕОСАТ,,,,,Operational
bufr4/0/02/148/5,002148,Система сбора данных и/или определения местоположения,5,ОРБКОММ,,,,,Operational
bufr4/0/02/148/6,002148,Система сбора данных и/или определения местоположения,6,ИНМАРСАТ,,,,,Operational
bufr4/0/02/148/7,002148,Система сбора данных и/или определения местоположения,7,Иридиум,,,,,Operational
bufr4/0/02/148/8,002148,Система сбора данных и/или определения местоположения,8,Иридиум и ГСОМ,,,,,Operational
bufr4/0/02/148/9,002148,Система сбора данных и/или определения местоположения,9,АРГОС-3,,,,,Operational
bufr4/0/02/148/10,002148,Система сбора данных и/или определения местоположения,10,АРГОС-4,,,,,Operational
bufr4/0/02/148/11-30,002148,Система сбора данных и/или определения местоположения,11-30,Зарезервированы,,,,,Operational
bufr4/0/02/148/31,002148,Система сбора данных и/или определения местоположения,31,Отсутствующее значение,,,,,Operational
bufr4/0/02/149/0,002149,Тип буя для сбора данных,0,Неопределенный дрейфующий буй,,,,,Operational
bufr4/0/02/149/1,002149,Тип буя для сбора данных,1,Стандартный дрифтер Лагранжа (дрифтер глобальной программы),,,,,Operational
bufr4/0/02/149/2,002149,Тип буя для сбора данных,2,"Стандартный дрейфующий буй типа ПГЭП (метеорологический дрейфующий буй, отличный от типа Лагранжа)",,,,,Operational
bufr4/0/02/149/3,002149,Тип буя для сбора данных,3,"Дрейфующий буй типа ПГЭП для измерения ветра (метеорологический дрейфующий буй, отличный от типа Лагранжа)",,,,,Operational
bufr4/0/02/149/4,002149,Тип буя для сбора данных,4,Буй на дрейфующей льдине,,,,,Operational
bufr4/0/02/149/5,002149,Тип буя для сбора данных,5,Стандартный дрифтер Лагранжа с ГСОМ СВПГ,,,,,Operational
bufr4/0/02/149/6,002149,Тип буя для сбора данных,6,Дрифтер с датчиком температуры с высоким разрешением или гирляндой терморезисторов СВП-ВР,,,,,Operational
bufr4/0/02/149/7,002149,Тип буя для сбора данных,7,Зарезервировано,,,,,Operational
bufr4/0/02/149/8,002149,Тип буя для сбора данных,8,Неопределенный притопленный буй,,,,,Operational
bufr4/0/02/149/9,002149,Тип буя для сбора данных,9,SOFAR,,,,,Operational
bufr4/0/02/149/10,002149,Тип буя для сбора данных,10,ALACE,,,,,Operational
bufr4/0/02/149/11,002149,Тип буя для сбора данных,11,MARVOR,,,,,Operational
bufr4/0/02/149/12,002149,Тип буя для сбора данных,12,RAFOS,,,,,Operational
bufr4/0/02/149/13,002149,Тип буя для сбора данных,13,PROVOR,,,,,Operational
bufr4/0/02/149/14,002149,Тип буя для сбора данных,14,SOLO,,,,,Operational
bufr4/0/02/149/15,002149,Тип буя для сбора данных,15,APEX,,,,,Operational
bufr4/0/02/149/16,002149,Тип буя для сбора данных,16,Неопределенный заякоренный буй,,,,,Operational
bufr4/0/02/149/17,002149,Тип буя для сбора данных,17,Nomad,,,,,Operational
bufr4/0/02/149/18,002149,Тип буя для сбора данных,18,Трехметровый диск,,,,,Operational
bufr4/0/02/149/19,002149,Тип буя для сбора данных,19,10–12-метровый диск,,,,,Operational
bufr4/0/02/149/20,002149,Тип буя для сбора данных,20,Буй серии ODAS-30,,,,,Operational
bufr4/0/02/149/21,002149,Тип буя для сбора данных,21,"ATLAS (например, зона ТАО)",,,,,Operational
bufr4/0/02/149/22,002149,Тип буя для сбора данных,22,Буй TRITON,,,,,Operational
bufr4/0/02/149/23,002149,Тип буя для сбора данных,23,"Заякоренный буй FLEX (например, зона TIP)",,,,,Operational
bufr4/0/02/149/24,002149,Тип буя для сбора данных,24,Всенаправленный волномерный буй,,,,,Operational
bufr4/0/02/149/25,002149,Тип буя для сбора данных,25,Направленный волномерный буй,,,,,Operational
bufr4/0/02/149/26,002149,Тип буя для сбора данных,26,Притопленный буй ARGO,,,,,Operational
bufr4/0/02/149/27,002149,Тип буя для сбора данных,27,PALACE,,,,,Operational
bufr4/0/02/149/28,002149,Тип буя для сбора данных,28,NEMO,,,,,Operational
bufr4/0/02/149/29,002149,Тип буя для сбора данных,29,NINJA,,,,,Operational
bufr4/0/02/149/30,002149,Тип буя для сбора данных,30,Ледовый буй/поплавок (POPS или ITP),,,,,Operational
bufr4/0/02/149/31-33,002149,Тип буя для сбора данных,31-33,Зарезервированы,,,,,Operational
bufr4/0/02/149/34,002149,Тип буя для сбора данных,34,Океанографический заякоренный буй,,,,,Operational
bufr4/0/02/149/35,002149,Тип буя для сбора данных,35,Метеорологический заякоренный буй,,,,,Operational
bufr4/0/02/149/36,002149,Тип буя для сбора данных,36,Междисциплинарный заякоренный буй (ОкеанСИТЕС),,,,,Operational
bufr4/0/02/149/37,002149,Тип буя для сбора данных,37,Заякоренный буй с мареографом или буй для обнаружения волн цунами,,,,,Operational
bufr4/0/02/149/38,002149,Тип буя для сбора данных,38,Ледовый маяк,,,,,Operational
bufr4/0/02/149/39,002149,Тип буя для сбора данных,39,Буй для измерения баланса массы морского льда,,,,,Operational
bufr4/0/02/149/40-62,002149,Тип буя для сбора данных,40-62,Зарезервированы,,,,,Operational
bufr4/0/02/149/63,002149,Тип буя для сбора данных,63,Отсутствующее значение,,,,,Operational
bufr4/0/02/150/0,002150,Номер канала используемого прибора TOVS/ATOVS/AVHRR,0,Зарезервирована,,,,,Operational
bufr4/0/02/150/1,002150,Номер канала используемого прибора TOVS/ATOVS/AVHRR,1,HIRS 1,,,,,Operational
bufr4/0/02/150/2,002150,Номер канала используемого прибора TOVS/ATOVS/AVHRR,2,HIRS 2,,,,,Operational
bufr4/0/02/150/3,002150,Номер канала используемого прибора TOVS/ATOVS/AVHRR,3,HIRS 3,,,,,Operational
bufr4/0/02/150/4,002150,Номер канала используемого прибора TOVS/ATOVS/AVHRR,4,HIRS 4,,,,,Operational
bufr4/0/02/150/5,002150,Номер канала используемого прибора TOVS/ATOVS/AVHRR,5,HIRS 5,,,,,Operational
bufr4/0/02/150/6,002150,Номер канала используемого прибора TOVS/ATOVS/AVHRR,6,HIRS 6,,,,,Operational
bufr4/0/02/150/7,002150,Номер канала используемого прибора TOVS/ATOVS/AVHRR,7,HIRS 7,,,,,Operational
bufr4/0/02/150/8,002150,Номер канала используемого прибора TOVS/ATOVS/AVHRR,8,HIRS 8,,,,,Operational
bufr4/0/02/150/9,002150,Номер канала используемого прибора TOVS/ATOVS/AVHRR,9,HIRS 9,,,,,Operational
bufr4/0/02/150/10,002150,Номер канала используемого прибора TOVS/ATOVS/AVHRR,10,HIRS 10,,,,,Operational
bufr4/0/02/150/11,002150,Номер канала используемого прибора TOVS/ATOVS/AVHRR,11,HIRS 11,,,,,Operational
bufr4/0/02/150/12,002150,Номер канала используемого прибора TOVS/ATOVS/AVHRR,12,HIRS 12,,,,,Operational
bufr4/0/02/150/13,002150,Номер канала используемого прибора TOVS/ATOVS/AVHRR,13,HIRS 13,,,,,Operational
bufr4/0/02/150/14,002150,Номер канала используемого прибора TOVS/ATOVS/AVHRR,14,HIRS 14,,,,,Operational
bufr4/0/02/150/15,002150,Номер канала используемого прибора TOVS/ATOVS/AVHRR,15,HIRS 15,,,,,Operational
bufr4/0/02/150/16,002150,Номер канала используемого прибора TOVS/ATOVS/AVHRR,16,HIRS 16,,,,,Operational
bufr4/0/02/150/17,002150,Номер канала используемого прибора TOVS/ATOVS/AVHRR,17,HIRS 17,,,,,Operational
bufr4/0/02/150/18,002150,Номер канала используемого прибора TOVS/ATOVS/AVHRR,18,HIRS 18,,,,,Operational
bufr4/0/02/150/19,002150,Номер канала используемого прибора TOVS/ATOVS/AVHRR,19,HIRS 19,,,,,Operational
bufr4/0/02/150/20,002150,Номер канала используемого прибора TOVS/ATOVS/AVHRR,20,HIRS 20,,,,,Operational
bufr4/0/02/150/21,002150,Номер канала используемого прибора TOVS/ATOVS/AVHRR,21,MSU 1,,,,,Operational
bufr4/0/02/150/22,002150,Номер канала используемого прибора TOVS/ATOVS/AVHRR,22,MSU 2,,,,,Operational
bufr4/0/02/150/23,002150,Номер канала используемого прибора TOVS/ATOVS/AVHRR,23,MSU 3,,,,,Operational
bufr4/0/02/150/24,002150,Номер канала используемого прибора TOVS/ATOVS/AVHRR,24,MSU 4,,,,,Operational
bufr4/0/02/150/25,002150,Номер канала используемого прибора TOVS/ATOVS/AVHRR,25,SSU 1,,,,,Operational
bufr4/0/02/150/26,002150,Номер канала используемого прибора TOVS/ATOVS/AVHRR,26,SSU 2,,,,,Operational
bufr4/0/02/150/27,002150,Номер канала используемого прибора TOVS/ATOVS/AVHRR,27,SSU 3,,,,,Operational
bufr4/0/02/150/28,002150,Номер канала используемого прибора TOVS/ATOVS/AVHRR,28,AMSU–A 1,,,,,Operational
bufr4/0/02/150/29,002150,Номер канала используемого прибора TOVS/ATOVS/AVHRR,29,AMSU–A 2,,,,,Operational
bufr4/0/02/150/30,002150,Номер канала используемого прибора TOVS/ATOVS/AVHRR,30,AMSU–A 3,,,,,Operational
bufr4/0/02/150/31,002150,Номер канала используемого прибора TOVS/ATOVS/AVHRR,31,AMSU–A 4,,,,,Operational
bufr4/0/02/150/32,002150,Номер канала используемого прибора TOVS/ATOVS/AVHRR,32,AMSU–A 5,,,,,Operational
bufr4/0/02/150/33,002150,Номер канала используемого прибора TOVS/ATOVS/AVHRR,33,AMSU–A 6,,,,,Operational
bufr4/0/02/150/34,002150,Номер канала используемого прибора TOVS/ATOVS/AVHRR,34,AMSU–A 7,,,,,Operational
bufr4/0/02/150/35,002150,Номер канала используемого прибора TOVS/ATOVS/AVHRR,35,AMSU–A 8,,,,,Operational
bufr4/0/02/150/36,002150,Номер канала используемого прибора TOVS/ATOVS/AVHRR,36,AMSU–A 9,,,,,Operational
bufr4/0/02/150/37,002150,Номер канала используемого прибора TOVS/ATOVS/AVHRR,37,AMSU–A 10,,,,,Operational
bufr4/0/02/150/38,002150,Номер канала используемого прибора TOVS/ATOVS/AVHRR,38,AMSU–A 11,,,,,Operational
bufr4/0/02/150/39,002150,Номер канала используемого прибора TOVS/ATOVS/AVHRR,39,AMSU–A 12,,,,,Operational
bufr4/0/02/150/40,002150,Номер канала используемого прибора TOVS/ATOVS/AVHRR,40,AMSU–A 13,,,,,Operational
bufr4/0/02/150/41,002150,Номер канала используемого прибора TOVS/ATOVS/AVHRR,41,AMSU–A 14,,,,,Operational
bufr4/0/02/150/42,002150,Номер канала используемого прибора TOVS/ATOVS/AVHRR,42,AMSU–A 15,,,,,Operational
bufr4/0/02/150/43,002150,Номер канала используемого прибора TOVS/ATOVS/AVHRR,43,AMSU–B 1/MHS 1,,,,,Operational
bufr4/0/02/150/44,002150,Номер канала используемого прибора TOVS/ATOVS/AVHRR,44,AMSU–B 2/MHS 2,,,,,Operational
bufr4/0/02/150/45,002150,Номер канала используемого прибора TOVS/ATOVS/AVHRR,45,AMSU–B 3/MHS 3,,,,,Operational
bufr4/0/02/150/46,002150,Номер канала используемого прибора TOVS/ATOVS/AVHRR,46,AMSU–B 4/MHS 4,,,,,Operational
bufr4/0/02/150/47,002150,Номер канала используемого прибора TOVS/ATOVS/AVHRR,47,AMSU–B 5/MHS 5,,,,,Operational
bufr4/0/02/150/48,002150,Номер канала используемого прибора TOVS/ATOVS/AVHRR,48,AVHRR 1,,,,,Operational
bufr4/0/02/150/49,002150,Номер канала используемого прибора TOVS/ATOVS/AVHRR,49,AVHRR 2,,,,,Operational
bufr4/0/02/150/50,002150,Номер канала используемого прибора TOVS/ATOVS/AVHRR,50,AVHRR 3a,,,,,Operational
bufr4/0/02/150/51,002150,Номер канала используемого прибора TOVS/ATOVS/AVHRR,51,AVHRR 3b,,,,,Operational
bufr4/0/02/150/52,002150,Номер канала используемого прибора TOVS/ATOVS/AVHRR,52,AVHRR 4,,,,,Operational
bufr4/0/02/150/53,002150,Номер канала используемого прибора TOVS/ATOVS/AVHRR,53,AVHRR 5,,,,,Operational
bufr4/0/02/150/54-62,002150,Номер канала используемого прибора TOVS/ATOVS/AVHRR,54-62,Зарезервированы,,,,,Operational
bufr4/0/02/150/63,002150,Номер канала используемого прибора TOVS/ATOVS/AVHRR,63,Отсутствующее значение,,,,,Operational
bufr4/0/02/151/0,002151,Идентификатор радиометра,0,HIRS,,,,,Operational
bufr4/0/02/151/1,002151,Идентификатор радиометра,1,MSU,,,,,Operational
bufr4/0/02/151/2,002151,Идентификатор радиометра,2,SSU,,,,,Operational
bufr4/0/02/151/3,002151,Идентификатор радиометра,3,AMSU–A1–1,,,,,Operational
bufr4/0/02/151/4,002151,Идентификатор радиометра,4,AMSU–A1–2,,,,,Operational
bufr4/0/02/151/5,002151,Идентификатор радиометра,5,AMSU–A2,,,,,Operational
bufr4/0/02/151/6,002151,Идентификатор радиометра,6,AMSU–B,,,,,Operational
bufr4/0/02/151/7,002151,Идентификатор радиометра,7,AVHRR,,,,,Operational
bufr4/0/02/151/8,002151,Идентификатор радиометра,8,Зарезервировано,,,,,Operational
bufr4/0/02/151/9,002151,Идентификатор радиометра,9,MHS,,,,,Operational
bufr4/0/02/151/10-2046,002151,Идентификатор радиометра,10-2046,Зарезервированы,,,,,Operational
bufr4/0/02/151/2047,002151,Идентификатор радиометра,2047,Отсутствующее значение,,,,,Operational
bufr4/0/02/152/1,002152,"Спутниковые приборы, используемые при обработке данных",1,ИК-зонд с высокой разрешающей способностью (HIRS),,,,,Operational
bufr4/0/02/152/2,002152,"Спутниковые приборы, используемые при обработке данных",2,Микроволновый зонд (MSU),,,,,Operational
bufr4/0/02/152/3,002152,"Спутниковые приборы, используемые при обработке данных",3,Станция зондирования атмосферы (SSU),,,,,Operational
bufr4/0/02/152/4,002152,"Спутниковые приборы, используемые при обработке данных",4,Активный микроволновый прибор для режима ветра (AMI),,,,,Operational
bufr4/0/02/152/5,002152,"Спутниковые приборы, используемые при обработке данных",5,Активный микроволновый прибор для режима волн (AMI),,,,,Operational
bufr4/0/02/152/6,002152,"Спутниковые приборы, используемые при обработке данных",6,Активный микроволновый прибор для режима изображения (AMI),,,,,Operational
bufr4/0/02/152/7,002152,"Спутниковые приборы, используемые при обработке данных",7,Альтиметр RADAR,,,,,Operational
bufr4/0/02/152/8,002152,"Спутниковые приборы, используемые при обработке данных",8,ATSR,,,,,Operational
bufr4/0/02/152/9,002152,"Спутниковые приборы, используемые при обработке данных",9,"Прибор для получения изображений, установленный на геостационарном спутнике",,,,,Operational
bufr4/0/02/152/10,002152,"Спутниковые приборы, используемые при обработке данных",10,"Зонд, установленный на геостационарном спутнике",,,,,Operational
bufr4/0/02/152/11,002152,"Спутниковые приборы, используемые при обработке данных",11,Прибор для геостационарного измерения радиации Земли (GERB),,,,,Operational
bufr4/0/02/152/12,002152,"Спутниковые приборы, используемые при обработке данных",12,Многоканальный сканирующий радиометр,,,,,Operational
bufr4/0/02/152/13,002152,"Спутниковые приборы, используемые при обработке данных",13,"Прибор для получения изображений, установленный на полярно-орбитальном спутнике",,,,,Operational
bufr4/0/02/152/14-30,002152,"Спутниковые приборы, используемые при обработке данных",14-30,Зарезервированы,,,,,Operational
bufr4/0/02/152/All-31,002152,"Спутниковые приборы, используемые при обработке данных",Все 31,Отсутствующее значение,,,,,Operational
bufr4/0/02/158/1,002158,Приборы RA-2,1,Несоответствие вектора (VEC) избыточности (RED) в HPA,,,,,Operational
bufr4/0/02/158/2,002158,Приборы RA-2,2,Несоответствие вектора (VEC) избыточности (RED) в RFSS,,,,,Operational
bufr4/0/02/158/3,002158,Приборы RA-2,3,Полоса калибровки PTR 320 МГц (полоса частот Ku),,,,,Operational
bufr4/0/02/158/4,002158,Приборы RA-2,4,Полоса калибровки PTR 80 МГц (полоса частот Ku),,,,,Operational
bufr4/0/02/158/5,002158,Приборы RA-2,5,Полоса калибровки PTR 20 МГц (полоса частот Ku),,,,,Operational
bufr4/0/02/158/6,002158,Приборы RA-2,6,Полоса калибровки PTR 160 МГц (полоса частот S),,,,,Operational
bufr4/0/02/158/7,002158,Приборы RA-2,7,Доступные параметры полетной калибровки в полосе частот Ku,,,,,Operational
bufr4/0/02/158/8,002158,Приборы RA-2,8,Доступные параметры полетной калибровки в полосе частот S,,,,,Operational
bufr4/0/02/158/All-9,002158,Приборы RA-2,Все 9,Отсутствующее значение,,,,,Operational
bufr4/0/02/159/1,002159,Приборы MWR,1,Несовместимость температуры,,,,,Operational
bufr4/0/02/159/2,002159,Приборы MWR,2,Данные отсутствуют,,,,,Operational
bufr4/0/02/159/3,002159,Приборы MWR,3,Резервный канал,,,,,Operational
bufr4/0/02/159/4,002159,Приборы MWR,4,Защита шины питания,,,,,Operational
bufr4/0/02/159/5,002159,Приборы MWR,5,Защита от перенапряжения/перегрузки,,,,,Operational
bufr4/0/02/159/6,002159,Приборы MWR,6,Зарезервировано,,,,,Operational
bufr4/0/02/159/7,002159,Приборы MWR,7,Зарезервировано,,,,,Operational
bufr4/0/02/159/All-8,002159,Приборы MWR,Все 8,Отсутствующее значение,,,,,Operational
bufr4/0/02/160/0,002160,Длина волны радиолокатора,0,Зарезервировано,,,,,Operational
bufr4/0/02/160/1,002160,Длина волны радиолокатора,1,От 10 до менее 20 мм,,,,,Operational
bufr4/0/02/160/2,002160,Длина волны радиолокатора,2,Зарезервировано,,,,,Operational
bufr4/0/02/160/3,002160,Длина волны радиолокатора,3,От 20 до менее 40 мм,,,,,Operational
bufr4/0/02/160/4,002160,Длина волны радиолокатора,4,Зарезервировано,,,,,Operational
bufr4/0/02/160/5,002160,Длина волны радиолокатора,5,От 40 до менее 60 мм,,,,,Operational
bufr4/0/02/160/6,002160,Длина волны радиолокатора,6,Зарезервировано,,,,,Operational
bufr4/0/02/160/7,002160,Длина волны радиолокатора,7,От 60 до менее 90 мм,,,,,Operational
bufr4/0/02/160/8,002160,Длина волны радиолокатора,8,От 90 до менее 110 мм,,,,,Operational
bufr4/0/02/160/9,002160,Длина волны радиолокатора,9,От 110 мм и больше,,,,,Operational
bufr4/0/02/160/10-14,002160,Длина волны радиолокатора,10-14,Не используются,,,,,Operational
bufr4/0/02/160/15,002160,Длина волны радиолокатора,15,Отсутствующее значение,,,,,Operational
bufr4/0/02/161/1-10,002161,Метод обработки параметров ветра,1-10,Зарезервированы,,,,,Operational
bufr4/0/02/161/11,002161,Метод обработки параметров ветра,11,"Высота ветра, рассчитанная по медианному значению давления на верхней границе облаков выбранной цели",,,,,Operational
bufr4/0/02/161/12,002161,Метод обработки параметров ветра,12,Цель закрыта облаками,,,,,Operational
bufr4/0/02/161/13,002161,Метод обработки параметров ветра,13,Инверсия низкого уровня,,,,,Operational
bufr4/0/02/161/14,002161,Метод обработки параметров ветра,14,Метод применения вклада кросс-корреляции (CCC),,,,,Operational
bufr4/0/02/161/15,002161,Метод обработки параметров ветра,15,Сгруппированное слежение,,,,,Operational
bufr4/0/02/161/All-16,002161,Метод обработки параметров ветра,Все 16,Отсутствующее значение,,,,,Operational
bufr4/0/02/162/0,002162,Метод определения продленной высоты,0,Авторедактор,,,,,Operational
bufr4/0/02/162/1,002162,Метод определения продленной высоты,1,Определение высоты в канале IRW,,,,,Operational
bufr4/0/02/162/2,002162,Метод определения продленной высоты,2,Определение высоты в канале WV методом перехвата,,,,,Operational
bufr4/0/02/162/3,002162,Метод определения продленной высоты,3,Определение высоты в канале H₂O методом перехвата,,,,,Operational
bufr4/0/02/162/4,002162,Метод определения продленной высоты,4,Определение высоты в канале CO₂ методом слоирования,,,,,Operational
bufr4/0/02/162/5,002162,Метод определения продленной высоты,5,Максимальный градиент низкого пикселя,,,,,Operational
bufr4/0/02/162/6,002162,Метод определения продленной высоты,6,Максимальный градиент более высокого пикселя,,,,,Operational
bufr4/0/02/162/7,002162,Метод определения продленной высоты,7,Первичное определение высоты,,,,,Operational
bufr4/0/02/162/8,002162,Метод определения продленной высоты,8,Определение толщины слоя,,,,,Operational
bufr4/0/02/162/9,002162,Метод определения продленной высоты,9,Функция совокупного вклада — высота 10 %,,,,,Operational
bufr4/0/02/162/10,002162,Метод определения продленной высоты,10,Функция совокупного вклада — высота 50 %,,,,,Operational
bufr4/0/02/162/11,002162,Метод определения продленной высоты,11,Функция совокупного вклада — высота 90 %,,,,,Operational
bufr4/0/02/162/12,002162,Метод определения продленной высоты,12,Функция совокупного вклада — высота максимального градиента,,,,,Operational
bufr4/0/02/162/13,002162,Метод определения продленной высоты,13,Метод соотношения IR канал/два WV канала,,,,,Operational
bufr4/0/02/162/14,002162,Метод определения продленной высоты,14,Комбинированный способ определения высоты,,,,,Operational
bufr4/0/02/162/15,002162,Метод определения продленной высоты,15,Оптимальная оценка,,,,,Operational
bufr4/0/02/162/16,002162,Метод определения продленной высоты,16,Коррекция инверсии,,,,,Operational
bufr4/0/02/162/17,002162,Метод определения продленной высоты,17,Определение геометрической высоты,,,,,Operational
bufr4/0/02/162/18-62,002162,Метод определения продленной высоты,18-62,Зарезервированы,,,,,Operational
bufr4/0/02/162/63,002162,Метод определения продленной высоты,63,Отсутствующее значение,,,,,Operational
bufr4/0/02/163/0,002163,Метод определения высоты,0,Авторедактор,,,,,Operational
bufr4/0/02/163/1,002163,Метод определения высоты,1,Определение высоты в канале IRW,,,,,Operational
bufr4/0/02/163/2,002163,Метод определения высоты,2,Определение высоты в канале WV методом перехвата,,,,,Operational
bufr4/0/02/163/3,002163,Метод определения высоты,3,Определение высоты в канале H₂O методом перехвата,,,,,Operational
bufr4/0/02/163/4,002163,Метод определения высоты,4,Определение высоты в канале CO₂ методом слоирования,,,,,Operational
bufr4/0/02/163/5,002163,Метод определения высоты,5,Максимальный градиент низкого пикселя,,,,,Operational
bufr4/0/02/163/6,002163,Метод определения высоты,6,Максимальный градиент более высокого пикселя,,,,,Operational
bufr4/0/02/163/7,002163,Метод определения высоты,7,Первичное определение высоты,,,,,Operational
bufr4/0/02/163/8,002163,Метод определения высоты,8,Определение толщины слоя,,,,,Operational
bufr4/0/02/163/9,002163,Метод определения высоты,9,Функция совокупного вклада — высота 10 %,,,,,Operational
bufr4/0/02/163/10,002163,Метод определения высоты,10,Функция совокупного вклада — высота 50 %,,,,,Operational
bufr4/0/02/163/11,002163,Метод определения высоты,11,Функция совокупного вклада — высота 90 %,,,,,Operational
bufr4/0/02/163/12,002163,Метод определения высоты,12,Функция совокупного вклада — высота максимального градиента,,,,,Operational
bufr4/0/02/163/13,002163,Метод определения высоты,13,Метод соотношения IR канал/два WV канала,,,,,Operational
bufr4/0/02/163/14,002163,Метод определения высоты,14,Комбинированный способ определения высоты,,,,,Operational
bufr4/0/02/163/15,002163,Метод определения высоты,15,Отсутствующее значение,,,,,Operational
bufr4/0/02/164/0,002164,Метод корреляции слежения,0,Минимальные нормы LP по методу наименьших квадратов,,,,,Operational
bufr4/0/02/164/1,002164,Метод корреляции слежения,1,Евклидова норма EN с корреляцией излучения,,,,,Operational
bufr4/0/02/164/2,002164,Метод корреляции слежения,2,Взаимная корреляция СС,,,,,Operational
bufr4/0/02/164/3,002164,Метод корреляции слежения,3,Согласование изображений стереопары,,,,,Operational
bufr4/0/02/164/4-6,002164,Метод корреляции слежения,4-6,Зарезервированы,,,,,Operational
bufr4/0/02/164/7,002164,Метод корреляции слежения,7,Отсутствующее значение,,,,,Operational
bufr4/0/02/165/1,002165,Флаги типа излучения,1,"Траектория над поверхностью, не закрытой облаками",,,,,Operational
bufr4/0/02/165/2,002165,Флаги типа излучения,2,Траектория над частично закрытой облаками поверхностью,,,,,Operational
bufr4/0/02/165/3,002165,Флаги типа излучения,3,Траектория над закрытой облаками поверхностью,,,,,Operational
bufr4/0/02/165/4,002165,Флаги типа излучения,4,Аподизированное,,,,,Operational
bufr4/0/02/165/5,002165,Флаги типа излучения,5,Неаподизированное,,,,,Operational
bufr4/0/02/165/6,002165,Флаги типа излучения,6,Восстановленное,,,,,Operational
bufr4/0/02/165/7,002165,Флаги типа излучения,7,Свободное от облаков,,,,,Operational
bufr4/0/02/165/8-14,002165,Флаги типа излучения,8-14,Зарезервированы,,,,,Operational
bufr4/0/02/165/All-15,002165,Флаги типа излучения,Все 15,Отсутствующее значение,,,,,Operational
bufr4/0/02/166/0,002166,Тип излучения,0,Тип не определен,,,,,Operational
bufr4/0/02/166/1,002166,Тип излучения,1,Автоматическая статистическая регрессия,,,,,Operational
bufr4/0/02/166/2,002166,Тип излучения,2,Безоблачная полоса,,,,,Operational
bufr4/0/02/166/3,002166,Тип излучения,3,"Полоса, частично занятая облаками",,,,,Operational
bufr4/0/02/166/4,002166,Тип излучения,4,Облачная полоса,,,,,Operational
bufr4/0/02/166/5-14,002166,Тип излучения,5-14,Зарезервированы,,,,,Operational
bufr4/0/02/166/15,002166,Тип излучения,15,Отсутствующее значение,,,,,Operational
bufr4/0/02/167/0,002167,Метод расчета излучения,0,Метод не определен,,,,,Operational
bufr4/0/02/167/1,002167,Метод расчета излучения,1,Излучение — приблизительные данные уровня 1b,,,,,Operational
bufr4/0/02/167/2,002167,Метод расчета излучения,2,Излучение — обработанные данные,,,,,Operational
bufr4/0/02/167/3-14,002167,Метод расчета излучения,3-14,Зарезервированы,,,,,Operational
bufr4/0/02/167/15,002167,Метод расчета излучения,15,Отсутствующее значение,,,,,Operational
bufr4/0/02/169/0,002169,Тип анемометра,0,Чашечный ротор,,,,,Operational
bufr4/0/02/169/1,002169,Тип анемометра,1,Пропеллерный ротор,,,,,Operational
bufr4/0/02/169/2,002169,Тип анемометра,2,Наблюдения ветра с помощью окружающего шума (WOTAN),,,,,Operational
bufr4/0/02/169/3,002169,Тип анемометра,3,Акустический,,,,,Operational
bufr4/0/02/169/4-14,002169,Тип анемометра,4-14,Зарезервированы,,,,,Operational
bufr4/0/02/169/15,002169,Тип анемометра,15,Отсутствующее значение,,,,,Operational
bufr4/0/02/170/0,002170,Самолетные датчики влажности,0,"SpectraSensors WCSS-II, версия 1",,,,,Operational
bufr4/0/02/170/1,002170,Самолетные датчики влажности,1,"SpectraSensors WCSS-II, версия 2",,,,,Operational
bufr4/0/02/170/2,002170,Самолетные датчики влажности,2,"SpectraSensors WCSS-II, версия 3",,,,,Operational
bufr4/0/02/170/3-61,002170,Самолетные датчики влажности,3-61,Зарезервированы,,,,,Operational
bufr4/0/02/170/62,002170,Самолетные датчики влажности,62,Другое,,,,,Operational
bufr4/0/02/170/63,002170,Самолетные датчики влажности,63,Отсутствующее значение,,,,,Operational
bufr4/0/02/172/0,002172,Тип продукции по атмосферным газам (восстановленной по спутниковым данным),0,Зарезервирована,,,,,Operational
bufr4/0/02/172/1,002172,Тип продукции по атмосферным газам (восстановленной по спутниковым данным),1,Восстановлена по надирному зондированию,,,,,Operational
bufr4/0/02/172/2,002172,Тип продукции по атмосферным газам (восстановленной по спутниковым данным),2,Восстановлена по лимбовому зондированию,,,,,Operational
bufr4/0/02/172/3-254,002172,Тип продукции по атмосферным газам (восстановленной по спутниковым данным),3-254,Зарезервированы,,,,,Operational
bufr4/0/02/172/255,002172,Тип продукции по атмосферным газам (восстановленной по спутниковым данным),255,Отсутствующее значение,,,,,Operational
bufr4/0/02/175/0,002175,Метод измерения осадков,0,Ручные измерения,,,,,Operational
bufr4/0/02/175/1,002175,Метод измерения осадков,1,Метод опрокидывающегося сосуда,,,,,Operational
bufr4/0/02/175/2,002175,Метод измерения осадков,2,Метод взвешивания,,,,,Operational
bufr4/0/02/175/3,002175,Метод измерения осадков,3,Оптический метод,,,,,Operational
bufr4/0/02/175/4,002175,Метод измерения осадков,4,Метод давления,,,,,Operational
bufr4/0/02/175/5,002175,Метод измерения осадков,5,Метод поплавкового датчика,,,,,Operational
bufr4/0/02/175/6,002175,Метод измерения осадков,6,Метод счетчика капель,,,,,Operational
bufr4/0/02/175/7-13,002175,Метод измерения осадков,7-13,Зарезервированы,,,,,Operational
bufr4/0/02/175/14,002175,Метод измерения осадков,14,Другие,,,,,Operational
bufr4/0/02/175/15,002175,Метод измерения осадков,15,Отсутствующее значение,,,,,Operational
bufr4/0/02/176/0,002176,Метод измерения состояния поверхности земли,0,Неавтоматизированные наблюдения,,,,,Operational
bufr4/0/02/176/1,002176,Метод измерения состояния поверхности земли,1,Метод видеокамеры,,,,,Operational
bufr4/0/02/176/2,002176,Метод измерения состояния поверхности земли,2,Инфракрасный метод,,,,,Operational
bufr4/0/02/176/3,002176,Метод измерения состояния поверхности земли,3,Лазерный метод,,,,,Operational
bufr4/0/02/176/4-13,002176,Метод измерения состояния поверхности земли,4-13,Зарезервированы,,,,,Operational
bufr4/0/02/176/14,002176,Метод измерения состояния поверхности земли,14,Другие,,,,,Operational
bufr4/0/02/176/15,002176,Метод измерения состояния поверхности земли,15,Отсутствующее значение,,,,,Operational
bufr4/0/02/177/0,002177,Метод измерения высоты снежного покрова,0,Неавтоматизированные наблюдения,,,,,Operational
bufr4/0/02/177/1,002177,Метод измерения высоты снежного покрова,1,Ультразвуковой метод,,,,,Operational
bufr4/0/02/177/2,002177,Метод измерения высоты снежного покрова,2,Метод видеокамеры,,,,,Operational
bufr4/0/02/177/3,002177,Метод измерения высоты снежного покрова,3,Лазерный метод,,,,,Operational
bufr4/0/02/177/4-13,002177,Метод измерения высоты снежного покрова,4-13,Зарезервированы,,,,,Operational
bufr4/0/02/177/14,002177,Метод измерения высоты снежного покрова,14,Другие,,,,,Operational
bufr4/0/02/177/15,002177,Метод измерения высоты снежного покрова,15,Отсутствующее значение,,,,,Operational
bufr4/0/02/178/0,002178,Метод измерения жидкой фазы осадков,0,Неавтоматизированные наблюдения,,,,,Operational
bufr4/0/02/178/1,002178,Метод измерения жидкой фазы осадков,1,Оптический метод,,,,,Operational
bufr4/0/02/178/2,002178,Метод измерения жидкой фазы осадков,2,Ёмкостный метод,,,,,Operational
bufr4/0/02/178/3-13,002178,Метод измерения жидкой фазы осадков,3-13,Зарезервированы,,,,,Operational
bufr4/0/02/178/14,002178,Метод измерения жидкой фазы осадков,14,Другие,,,,,Operational
bufr4/0/02/178/15,002178,Метод измерения жидкой фазы осадков,15,Отсутствующее значение,,,,,Operational
bufr4/0/02/179/0,002179,Тип алгоритма состояния неба,0,Неавтоматизированные наблюдения,,,,,Operational
bufr4/0/02/179/1,002179,Тип алгоритма состояния неба,1,Алгоритм ВАЙСАЛА,,,,,Operational
bufr4/0/02/179/2,002179,Тип алгоритма состояния неба,2,Алгоритм ASOS (FAA),,,,,Operational
bufr4/0/02/179/3,002179,Тип алгоритма состояния неба,3,Алгоритм AWOS (Канада),,,,,Operational
bufr4/0/02/179/4-13,002179,Тип алгоритма состояния неба,4-13,Зарезервированы,,,,,Operational
bufr4/0/02/179/14,002179,Тип алгоритма состояния неба,14,Другие,,,,,Operational
bufr4/0/02/179/15,002179,Тип алгоритма состояния неба,15,Отсутствующее значение,,,,,Operational
bufr4/0/02/180/0,002180,Основная система определения текущей погоды,0,Неавтоматизированные наблюдения,,,,,Operational
bufr4/0/02/180/1,002180,Основная система определения текущей погоды,1,Система оптического рассеяния в сочетании с системой зондирования выпадения осадков,,,,,Operational
bufr4/0/02/180/2,002180,Основная система определения текущей погоды,2,Система прямого и/или обратного рассеяния видимого излучения,,,,,Operational
bufr4/0/02/180/3,002180,Основная система определения текущей погоды,3,Система прямого и/или обратного рассеяния инфракрасного излучения,,,,,Operational
bufr4/0/02/180/4,002180,Основная система определения текущей погоды,4,Система диода инфракрасного излучения (IRED),,,,,Operational
bufr4/0/02/180/5,002180,Основная система определения текущей погоды,5,Система доплеровского радиолокатора,,,,,Operational
bufr4/0/02/180/6-13,002180,Основная система определения текущей погоды,6-13,Зарезервированы,,,,,Operational
bufr4/0/02/180/14,002180,Основная система определения текущей погоды,14,Другие,,,,,Operational
bufr4/0/02/180/15,002180,Основная система определения текущей погоды,15,Отсутствующее значение,,,,,Operational
bufr4/0/02/181/1,002181,Дополнительный датчик текущей погоды,1,Детектор дождя,,,,,Operational
bufr4/0/02/181/2,002181,Дополнительный датчик текущей погоды,2,Датчик замерзающего дождя,,,,,Operational
bufr4/0/02/181/3,002181,Дополнительный датчик текущей погоды,3,Датчик обнаружения льда,,,,,Operational
bufr4/0/02/181/4,002181,Дополнительный датчик текущей погоды,4,Датчик града и ледяного дождя,,,,,Operational
bufr4/0/02/181/5-19,002181,Дополнительный датчик текущей погоды,5-19,Зарезервированы,,,,,Operational
bufr4/0/02/181/20,002181,Дополнительный датчик текущей погоды,20,Другие,,,,,Operational
bufr4/0/02/181/All-21,002181,Дополнительный датчик текущей погоды,Все 21,Отсутствующее значение,,,,,Operational
bufr4/0/02/182/0,002182,Система измерения видимости,0,Неавтоматизированные наблюдения,,,,,Operational
bufr4/0/02/182/1,002182,Система измерения видимости,1,Система трансмиссометра (база ≥ 25 м),,,,,Operational
bufr4/0/02/182/2,002182,Система измерения видимости,2,Система трансмиссометра (база < 25 м),,,,,Operational
bufr4/0/02/182/3,002182,Система измерения видимости,3,Система прямого рассеяния,,,,,Operational
bufr4/0/02/182/4,002182,Система измерения видимости,4,Система обратного рассеяния,,,,,Operational
bufr4/0/02/182/5-13,002182,Система измерения видимости,5-13,Зарезервированы,,,,,Operational
bufr4/0/02/182/14,002182,Система измерения видимости,14,Другие,,,,,Operational
bufr4/0/02/182/15,002182,Система измерения видимости,15,Отсутствующее значение,,,,,Operational
bufr4/0/02/183/0,002183,Система обнаружения облаков,0,Неавтоматизированные наблюдения,,,,,Operational
bufr4/0/02/183/1,002183,Система обнаружения облаков,1,Система облакомера,,,,,Operational
bufr4/0/02/183/2,002183,Система обнаружения облаков,2,Система камеры инфракрасного излучения,,,,,Operational
bufr4/0/02/183/3,002183,Система обнаружения облаков,3,Система микроволновой визуальной камеры,,,,,Operational
bufr4/0/02/183/4,002183,Система обнаружения облаков,4,Система получения изображений неба,,,,,Operational
bufr4/0/02/183/5,002183,Система обнаружения облаков,5,Система видеокамеры замедленной съемки,,,,,Operational
bufr4/0/02/183/6,002183,Система обнаружения облаков,6,Система микроимпульского лидара (MPL),,,,,Operational
bufr4/0/02/183/7-13,002183,Система обнаружения облаков,7-13,Зарезервированы,,,,,Operational
bufr4/0/02/183/14,002183,Система обнаружения облаков,14,Другие,,,,,Operational
bufr4/0/02/183/15,002183,Система обнаружения облаков,15,Отсутствующее значение,,,,,Operational
bufr4/0/02/184/0,002184,Тип датчика обнаружения молний,0,Неавтоматизированные наблюдения,,,,,Operational
bufr4/0/02/184/1,002184,Тип датчика обнаружения молний,1,Датчик изображения молний,,,,,Operational
bufr4/0/02/184/2,002184,Тип датчика обнаружения молний,2,Датчик идентификации электрических бурь,,,,,Operational
bufr4/0/02/184/3,002184,Тип датчика обнаружения молний,3,Датчик магнитного пеленгатора,,,,,Operational
bufr4/0/02/184/4,002184,Тип датчика обнаружения молний,4,Датчик ударов молний,,,,,Operational
bufr4/0/02/184/5,002184,Тип датчика обнаружения молний,5,Счетчик вспышек,,,,,Operational
bufr4/0/02/184/6,002184,Тип датчика обнаружения молний,6,Датчик волновой корреляции ATDnet VLF,,,,,Operational
bufr4/0/02/184/7-13,002184,Тип датчика обнаружения молний,7-13,Зарезервированы,,,,,Operational
bufr4/0/02/184/14,002184,Тип датчика обнаружения молний,14,Другие,,,,,Operational
bufr4/0/02/184/15,002184,Тип датчика обнаружения молний,15,Отсутствующее значение,,,,,Operational
bufr4/0/02/185/0,002185,Метод измерения испарения,0,Неавтоматизированные измерения,,,,,Operational
bufr4/0/02/185/1,002185,Метод измерения испарения,1,Метод сбалансированного поплавкового прибора,,,,,Operational
bufr4/0/02/185/2,002185,Метод измерения испарения,2,Метод давления,,,,,Operational
bufr4/0/02/185/3,002185,Метод измерения испарения,3,Ультразвуковой метод,,,,,Operational
bufr4/0/02/185/4,002185,Метод измерения испарения,4,Гидравлический метод,,,,,Operational
bufr4/0/02/185/5-13,002185,Метод измерения испарения,5-13,Зарезервированы,,,,,Operational
bufr4/0/02/185/14,002185,Метод измерения испарения,14,Другие,,,,,Operational
bufr4/0/02/185/15,002185,Метод измерения испарения,15,Отсутствующее значение,,,,,Operational
bufr4/0/02/186/1,002186,Способность обнаруживать явления осадков,1,Тип осадков неизвестен,,,,,Operational
bufr4/0/02/186/2,002186,Способность обнаруживать явления осадков,2,"Жидкие осадки, незамерзающие",,,,,Operational
bufr4/0/02/186/3,002186,Способность обнаруживать явления осадков,3,"Жидкие осадки, замерзающие",,,,,Operational
bufr4/0/02/186/4,002186,Способность обнаруживать явления осадков,4,Морось,,,,,Operational
bufr4/0/02/186/5,002186,Способность обнаруживать явления осадков,5,Дождь,,,,,Operational
bufr4/0/02/186/6,002186,Способность обнаруживать явления осадков,6,Твердые осадки,,,,,Operational
bufr4/0/02/186/7,002186,Способность обнаруживать явления осадков,7,Снег,,,,,Operational
bufr4/0/02/186/8,002186,Способность обнаруживать явления осадков,8,Снежные зерна,,,,,Operational
bufr4/0/02/186/9,002186,Способность обнаруживать явления осадков,9,Снежная крупа,,,,,Operational
bufr4/0/02/186/10,002186,Способность обнаруживать явления осадков,10,Ледяная крупа,,,,,Operational
bufr4/0/02/186/11,002186,Способность обнаруживать явления осадков,11,Ледяные игольчатые кристаллы,,,,,Operational
bufr4/0/02/186/12,002186,Способность обнаруживать явления осадков,12,Алмазная пыль,,,,,Operational
bufr4/0/02/186/13,002186,Способность обнаруживать явления осадков,13,Мелкий град,,,,,Operational
bufr4/0/02/186/14,002186,Способность обнаруживать явления осадков,14,Град,,,,,Operational
bufr4/0/02/186/15,002186,Способность обнаруживать явления осадков,15,Гололед,,,,,Operational
bufr4/0/02/186/16,002186,Способность обнаруживать явления осадков,16,Изморозь,,,,,Operational
bufr4/0/02/186/17,002186,Способность обнаруживать явления осадков,17,Слабая изморозь,,,,,Operational
bufr4/0/02/186/18,002186,Способность обнаруживать явления осадков,18,Твердый налет,,,,,Operational
bufr4/0/02/186/19,002186,Способность обнаруживать явления осадков,19,Прозрачный лед,,,,,Operational
bufr4/0/02/186/20,002186,Способность обнаруживать явления осадков,20,Мокрый снег,,,,,Operational
bufr4/0/02/186/21,002186,Способность обнаруживать явления осадков,21,Иней,,,,,Operational
bufr4/0/02/186/22,002186,Способность обнаруживать явления осадков,22,Роса,,,,,Operational
bufr4/0/02/186/23,002186,Способность обнаруживать явления осадков,23,Замерзшая роса,,,,,Operational
bufr4/0/02/186/24,002186,Способность обнаруживать явления осадков,24,Осадки конвективного происхождения,,,,,Operational
bufr4/0/02/186/25-29,002186,Способность обнаруживать явления осадков,25-29,Зарезервированы,,,,,Operational
bufr4/0/02/186/All-30,002186,Способность обнаруживать явления осадков,Все 30,Отсутствующее значение,,,,,Operational
bufr4/0/02/187/1,002187,Способность обнаруживать другие явления погоды,1,Пыльный/песчаный вихрь,,,,,Operational
bufr4/0/02/187/2,002187,Способность обнаруживать другие явления погоды,2,Шквалы,,,,,Operational
bufr4/0/02/187/3,002187,Способность обнаруживать другие явления погоды,3,Песчаная буря,,,,,Operational
bufr4/0/02/187/4,002187,Способность обнаруживать другие явления погоды,4,Пыльная буря,,,,,Operational
bufr4/0/02/187/5,002187,Способность обнаруживать другие явления погоды,5,Молния — от облака к поверхности,,,,,Operational
bufr4/0/02/187/6,002187,Способность обнаруживать другие явления погоды,6,Молния — от облака к облаку,,,,,Operational
bufr4/0/02/187/7,002187,Способность обнаруживать другие явления погоды,7,Молния — отдаленная,,,,,Operational
bufr4/0/02/187/8,002187,Способность обнаруживать другие явления погоды,8,Гроза,,,,,Operational
bufr4/0/02/187/9,002187,Способность обнаруживать другие явления погоды,9,"Воронкообразное облако, не достигающее поверхности",,,,,Operational
bufr4/0/02/187/10,002187,Способность обнаруживать другие явления погоды,10,"Воронкообразное облако, достигающее поверхности",,,,,Operational
bufr4/0/02/187/11,002187,Способность обнаруживать другие явления погоды,11,Аэрозоль,,,,,Operational
bufr4/0/02/187/12-17,002187,Способность обнаруживать другие явления погоды,12-17,Зарезервированы,,,,,Operational
bufr4/0/02/187/All-18,002187,Способность обнаруживать другие явления погоды,Все 18,Отсутствующее значение,,,,,Operational
bufr4/0/02/188/1,002188,"Способность обнаруживать явления, ухудшающие видимость",1,Туман,,,,,Operational
bufr4/0/02/188/2,002188,"Способность обнаруживать явления, ухудшающие видимость",2,Ледяной туман,,,,,Operational
bufr4/0/02/188/3,002188,"Способность обнаруживать явления, ухудшающие видимость",3,Туман парения,,,,,Operational
bufr4/0/02/188/4-6,002188,"Способность обнаруживать явления, ухудшающие видимость",4-6,Зарезервированы,,,,,Operational
bufr4/0/02/188/7,002188,"Способность обнаруживать явления, ухудшающие видимость",7,Дымка,,,,,Operational
bufr4/0/02/188/8,002188,"Способность обнаруживать явления, ухудшающие видимость",8,Мгла,,,,,Operational
bufr4/0/02/188/9,002188,"Способность обнаруживать явления, ухудшающие видимость",9,Дым,,,,,Operational
bufr4/0/02/188/10,002188,"Способность обнаруживать явления, ухудшающие видимость",10,Вулканический пепел,,,,,Operational
bufr4/0/02/188/11,002188,"Способность обнаруживать явления, ухудшающие видимость",11,Пыль,,,,,Operational
bufr4/0/02/188/12,002188,"Способность обнаруживать явления, ухудшающие видимость",12,Песок,,,,,Operational
bufr4/0/02/188/13,002188,"Способность обнаруживать явления, ухудшающие видимость",13,Снег,,,,,Operational
bufr4/0/02/188/14-20,002188,"Способность обнаруживать явления, ухудшающие видимость",14-20,Зарезервированы,,,,,Operational
bufr4/0/02/188/All-21,002188,"Способность обнаруживать явления, ухудшающие видимость",Все 21,Отсутствующее значение,,,,,Operational
bufr4/0/02/189/1,002189,Способность различать удары молнии,1,Неавтоматизированные наблюдения,,,,,Operational
bufr4/0/02/189/2,002189,Способность различать удары молнии,2,Все удары молнии без различия,,,,,Operational
bufr4/0/02/189/3,002189,Способность различать удары молнии,3,Удары молнии только от облака к поверхности,,,,,Operational
bufr4/0/02/189/4,002189,Способность различать удары молнии,4,Все удары молнии с различием между молниями от облака к поверхности и от облака к облаку,,,,,Operational
bufr4/0/02/189/5-11,002189,Способность различать удары молнии,5-11,Зарезервированы,,,,,Operational
bufr4/0/02/189/All-12,002189,Способность различать удары молнии,Все 12,Отсутствующее значение,,,,,Operational
bufr4/0/02/191/0,002191,Расчет геопотенциальной высоты,0,"Геопотенциальная высота, рассчитанная по давлению",,,,,Operational
bufr4/0/02/191/1,002191,Расчет геопотенциальной высоты,1,"Геопотенциальная высота, рассчитанная по высоте, полученной по ГСОМ",,,,,Operational
bufr4/0/02/191/2,002191,Расчет геопотенциальной высоты,2,"Геопотенциальная высота, рассчитанная по высоте, полученной с помощью радиолокатора",,,,,Operational
bufr4/0/02/191/3-14,002191,Расчет геопотенциальной высоты,3-14,Зарезервированы,,,,,Operational
bufr4/0/02/191/15,002191,Расчет геопотенциальной высоты,15,Отсутствующее значение,,,,,Operational
