Id,Category,CategoryOfSequences_ru,FXY1,Title_ru,SubTitle_ru,FXY2,ElementName_ru,ElementDescription_ru,Note_ru,noteIDs,Status
bufr4/3/40/001/1/001007,40,Категория 40 — Дополнительные последовательности спутниковых сводок,340001,(Данные уровня 1с IASI),,001007,Указатель спутника,,,,Operational
bufr4/3/40/001/1/001031,40,Категория 40 — Дополнительные последовательности спутниковых сводок,340001,(Данные уровня 1с IASI),,001031,Идентификация центра-поставщика/производителя,,,,Operational
bufr4/3/40/001/1/002019,40,Категория 40 — Дополнительные последовательности спутниковых сводок,340001,(Данные уровня 1с IASI),,002019,Спутниковые приборы,,,,Operational
bufr4/3/40/001/1/002020,40,Категория 40 — Дополнительные последовательности спутниковых сводок,340001,(Данные уровня 1с IASI),,002020,Классификация спутников,,,,Operational
bufr4/3/40/001/1/004001,40,Категория 40 — Дополнительные последовательности спутниковых сводок,340001,(Данные уровня 1с IASI),,004001,Год,,,,Operational
bufr4/3/40/001/1/004002,40,Категория 40 — Дополнительные последовательности спутниковых сводок,340001,(Данные уровня 1с IASI),,004002,Месяц,,,,Operational
bufr4/3/40/001/1/004003,40,Категория 40 — Дополнительные последовательности спутниковых сводок,340001,(Данные уровня 1с IASI),,004003,День,,,,Operational
bufr4/3/40/001/1/004004,40,Категория 40 — Дополнительные последовательности спутниковых сводок,340001,(Данные уровня 1с IASI),,004004,Час,,,,Operational
bufr4/3/40/001/1/004005,40,Категория 40 — Дополнительные последовательности спутниковых сводок,340001,(Данные уровня 1с IASI),,004005,Минута,,,,Operational
bufr4/3/40/001/1/202131,40,Категория 40 — Дополнительные последовательности спутниковых сводок,340001,(Данные уровня 1с IASI),,202131,Добавить 3 к шкале Изменить масштаб,,,,Operational
bufr4/3/40/001/1/201138,40,Категория 40 — Дополнительные последовательности спутниковых сводок,340001,(Данные уровня 1с IASI),,201138,Добавить 10 к длине Изменить длину данных,,,,Operational
bufr4/3/40/001/1/004006,40,Категория 40 — Дополнительные последовательности спутниковых сводок,340001,(Данные уровня 1с IASI),,004006,Секунда,,,,Operational
bufr4/3/40/001/1/201000,40,Категория 40 — Дополнительные последовательности спутниковых сводок,340001,(Данные уровня 1с IASI),,201000,Отмена Изменить длину данных,,,,Operational
bufr4/3/40/001/1/202000,40,Категория 40 — Дополнительные последовательности спутниковых сводок,340001,(Данные уровня 1с IASI),,202000,Отмена Изменить масштаб,,,,Operational
bufr4/3/40/001/1/005001,40,Категория 40 — Дополнительные последовательности спутниковых сводок,340001,(Данные уровня 1с IASI),,005001,Широта (высокая точность),,,,Operational
bufr4/3/40/001/1/006001,40,Категория 40 — Дополнительные последовательности спутниковых сводок,340001,(Данные уровня 1с IASI),,006001,Долгота (высокая точность),,,,Operational
bufr4/3/40/001/1/007024,40,Категория 40 — Дополнительные последовательности спутниковых сводок,340001,(Данные уровня 1с IASI),,007024,Зенитный угол спутника,,,,Operational
bufr4/3/40/001/1/005021,40,Категория 40 — Дополнительные последовательности спутниковых сводок,340001,(Данные уровня 1с IASI),,005021,Пеленг или азимут,,,,Operational
bufr4/3/40/001/1/007025,40,Категория 40 — Дополнительные последовательности спутниковых сводок,340001,(Данные уровня 1с IASI),,007025,Зенитный угол Солнца,,,,Operational
bufr4/3/40/001/1/005022,40,Категория 40 — Дополнительные последовательности спутниковых сводок,340001,(Данные уровня 1с IASI),,005022,Азимут Солнца,,,,Operational
bufr4/3/40/001/1/005043,40,Категория 40 — Дополнительные последовательности спутниковых сводок,340001,(Данные уровня 1с IASI),,005043,Номер поля зрения,,,,Operational
bufr4/3/40/001/1/005040,40,Категория 40 — Дополнительные последовательности спутниковых сводок,340001,(Данные уровня 1с IASI),,005040,Номер орбиты,,,,Operational
bufr4/3/40/001/1/201133,40,Категория 40 — Дополнительные последовательности спутниковых сводок,340001,(Данные уровня 1с IASI),,201133,Добавить 5 к длине Изменить длину данных,,,,Operational
bufr4/3/40/001/1/005041,40,Категория 40 — Дополнительные последовательности спутниковых сводок,340001,(Данные уровня 1с IASI),,005041,Номер строки сканирования,,,,Operational
bufr4/3/40/001/2/201000,40,Категория 40 — Дополнительные последовательности спутниковых сводок,340001,(Данные уровня 1с IASI),,201000,Отмена Изменить длину данных,,,,Operational
bufr4/3/40/001/1/201132,40,Категория 40 — Дополнительные последовательности спутниковых сводок,340001,(Данные уровня 1с IASI),,201132,Добавить 4 к длине Изменить длину данных,,,,Operational
bufr4/3/40/001/1/025070,40,Категория 40 — Дополнительные последовательности спутниковых сводок,340001,(Данные уровня 1с IASI),,025070,Номер основного пакета данных,,,,Operational
bufr4/3/40/001/3/201000,40,Категория 40 — Дополнительные последовательности спутниковых сводок,340001,(Данные уровня 1с IASI),,201000,Отмена Изменить длину данных,,,,Operational
bufr4/3/40/001/1/202126,40,Категория 40 — Дополнительные последовательности спутниковых сводок,340001,(Данные уровня 1с IASI),,202126,Вычесть 2 из шкалы Изменить масштаб,,,,Operational
bufr4/3/40/001/1/007001,40,Категория 40 — Дополнительные последовательности спутниковых сводок,340001,(Данные уровня 1с IASI),,007001,Высота станции,,,,Operational
bufr4/3/40/001/2/202000,40,Категория 40 — Дополнительные последовательности спутниковых сводок,340001,(Данные уровня 1с IASI),,202000,Отмена Изменить масштаб,,,,Operational
bufr4/3/40/001/1/033060,40,Категория 40 — Дополнительные последовательности спутниковых сводок,340001,(Данные уровня 1с IASI),,033060,GqisFlagQual — флаг качества отдельной системы IASI,,,,Operational
bufr4/3/40/001/1/033061,40,Категория 40 — Дополнительные последовательности спутниковых сводок,340001,(Данные уровня 1с IASI),,033061,GqisQualIndex — указатель для шумовой характеристики прибора (вклады от спектральной и радиометрической калибровки),,,,Operational
bufr4/3/40/001/1/033062,40,Категория 40 — Дополнительные последовательности спутниковых сводок,340001,(Данные уровня 1с IASI),,033062,GqisQualIndexLoc — указатель для индекса геометрического качества,,,,Operational
bufr4/3/40/001/1/033063,40,Категория 40 — Дополнительные последовательности спутниковых сводок,340001,(Данные уровня 1с IASI),,033063,GqisQualIndexRad — указатель для шумовой характеристики прибора (вклады в результате радиометрической калибровки),,,,Operational
bufr4/3/40/001/1/033064,40,Категория 40 — Дополнительные последовательности спутниковых сводок,340001,(Данные уровня 1с IASI),,033064,GqisQualIndexSpect — указатель для шумовой характеристики прибора (вклады в результате спектральной калибровки),,,,Operational
bufr4/3/40/001/1/033065,40,Категория 40 — Дополнительные последовательности спутниковых сводок,340001,(Данные уровня 1с IASI),,033065,GqisSysTecSondQual — выходные данные функции качества системы ЦТЭ (центр технической экспертизы),,,,Operational
bufr4/3/40/001/1/101010,40,Категория 40 — Дополнительные последовательности спутниковых сводок,340001,(Данные уровня 1с IASI),,101010,Повторить 1 дескриптор 10 раз,,,,Operational
bufr4/3/40/001/1/340002,40,Категория 40 — Дополнительные последовательности спутниковых сводок,340001,(Данные уровня 1с IASI),,340002,Описание полосы,,,,Operational
bufr4/3/40/001/1/101087,40,Категория 40 — Дополнительные последовательности спутниковых сводок,340001,(Данные уровня 1с IASI),,101087,Повторить 1 дескриптор 87 раз,,,,Operational
bufr4/3/40/001/1/340003,40,Категория 40 — Дополнительные последовательности спутниковых сводок,340001,(Данные уровня 1с IASI),,340003,100 каналов уровня 1с IASI,,,,Operational
bufr4/3/40/001/2/002019,40,Категория 40 — Дополнительные последовательности спутниковых сводок,340001,(Данные уровня 1с IASI),,002019,Спутниковые приборы,,,,Operational
bufr4/3/40/001/1/025051,40,Категория 40 — Дополнительные последовательности спутниковых сводок,340001,(Данные уровня 1с IASI),,025051,Комбинация каналов AVHRR,,,,Operational
bufr4/3/40/001/1/101007,40,Категория 40 — Дополнительные последовательности спутниковых сводок,340001,(Данные уровня 1с IASI),,101007,Повторить 1 дескриптор 7 раз,,,,Operational
bufr4/3/40/001/1/340004,40,Категория 40 — Дополнительные последовательности спутниковых сводок,340001,(Данные уровня 1с IASI),,340004,Одно изображение AVHRR уровня 1c IASI I.2 – Табл. D BUFR/40 — 1,(продолж.),,,Operational
bufr4/3/40/002/1/025140,40,Категория 40 — Дополнительные последовательности спутниковых сводок,340002,(Описание полосы),,025140,Начальный канал,,,,Operational
bufr4/3/40/002/1/025141,40,Категория 40 — Дополнительные последовательности спутниковых сводок,340002,(Описание полосы),,025141,Конечный канал,,,,Operational
bufr4/3/40/002/1/025142,40,Категория 40 — Дополнительные последовательности спутниковых сводок,340002,(Описание полосы),,025142,Масштабный коэффициент канала,,,,Operational
bufr4/3/40/003/1/104100,40,Категория 40 — Дополнительные последовательности спутниковых сводок,340003,(100 каналов уровня 1с IASI),,104100,Повторить 4 дескриптора 100 раз,,,,Operational
bufr4/3/40/003/1/201136,40,Категория 40 — Дополнительные последовательности спутниковых сводок,340003,(100 каналов уровня 1с IASI),,201136,Добавить 8 к длине Изменить длину данных,,,,Operational
bufr4/3/40/003/1/005042,40,Категория 40 — Дополнительные последовательности спутниковых сводок,340003,(100 каналов уровня 1с IASI),,005042,Номер канала,,,,Operational
bufr4/3/40/003/1/201000,40,Категория 40 — Дополнительные последовательности спутниковых сводок,340003,(100 каналов уровня 1с IASI),,201000,Отмена Изменить длину данных,,,,Operational
bufr4/3/40/003/1/014046,40,Категория 40 — Дополнительные последовательности спутниковых сводок,340003,(100 каналов уровня 1с IASI),,014046,Масштабированное излучение,,,,Operational
bufr4/3/40/004/1/005060,40,Категория 40 — Дополнительные последовательности спутниковых сводок,340004,(Единое изображение AVHRR уровня 1c IASI),,005060,Угловая позиция Y из центра силы тяжести,,,,Operational
bufr4/3/40/004/1/005061,40,Категория 40 — Дополнительные последовательности спутниковых сводок,340004,(Единое изображение AVHRR уровня 1c IASI),,005061,Угловая позиция Z из центра силы тяжести,,,,Operational
bufr4/3/40/004/1/025085,40,Категория 40 — Дополнительные последовательности спутниковых сводок,340004,(Единое изображение AVHRR уровня 1c IASI),,025085,Доля четких элементов изображения в поле зрения HIRS FOV,,,,Operational
bufr4/3/40/004/1/105006,40,Категория 40 — Дополнительные последовательности спутниковых сводок,340004,(Единое изображение AVHRR уровня 1c IASI),,105006,Повторить 5 дескрипторов 6 раз,,,,Operational
bufr4/3/40/004/1/005042,40,Категория 40 — Дополнительные последовательности спутниковых сводок,340004,(Единое изображение AVHRR уровня 1c IASI),,005042,Номер канала,,,,Operational
bufr4/3/40/004/1/025142,40,Категория 40 — Дополнительные последовательности спутниковых сводок,340004,(Единое изображение AVHRR уровня 1c IASI),,025142,Масштабный коэффициент канала,,,,Operational
bufr4/3/40/004/1/014047,40,Категория 40 — Дополнительные последовательности спутниковых сводок,340004,(Единое изображение AVHRR уровня 1c IASI),,014047,Масштабированное среднее излучение AVHRR,,,,Operational
bufr4/3/40/004/2/025142,40,Категория 40 — Дополнительные последовательности спутниковых сводок,340004,(Единое изображение AVHRR уровня 1c IASI),,025142,Масштабный коэффициент канала,,,,Operational
bufr4/3/40/004/1/014048,40,Категория 40 — Дополнительные последовательности спутниковых сводок,340004,(Единое изображение AVHRR уровня 1c IASI),,014048,Масштабированное излучение AVHRR со стандартным отклонением,,,,Operational
bufr4/3/40/005/1/001007,40,Категория 40 — Дополнительные последовательности спутниковых сводок,340005,(Данные JASON2 OGDR),,001007,Указатель спутника,,,,Operational
bufr4/3/40/005/1/002019,40,Категория 40 — Дополнительные последовательности спутниковых сводок,340005,(Данные JASON2 OGDR),,002019,Спутниковые приборы,,,,Operational
bufr4/3/40/005/1/001096,40,Категория 40 — Дополнительные последовательности спутниковых сводок,340005,(Данные JASON2 OGDR),,001096,Станция приема,,,,Operational
bufr4/3/40/005/1/025061,40,Категория 40 — Дополнительные последовательности спутниковых сводок,340005,(Данные JASON2 OGDR),,025061,Идентификация программного обеспечения и номер версии,,,,Operational
bufr4/3/40/005/1/005044,40,Категория 40 — Дополнительные последовательности спутниковых сводок,340005,(Данные JASON2 OGDR),,005044,Номер цикла оборота спутника,,,,Operational
bufr4/3/40/005/1/005040,40,Категория 40 — Дополнительные последовательности спутниковых сводок,340005,(Данные JASON2 OGDR),,005040,Номер орбиты,,,,Operational
bufr4/3/40/005/1/001030,40,Категория 40 — Дополнительные последовательности спутниковых сводок,340005,(Данные JASON2 OGDR),,001030,Указатель численной модели Датировка,,,,Operational
bufr4/3/40/005/1/004001,40,Категория 40 — Дополнительные последовательности спутниковых сводок,340005,(Данные JASON2 OGDR),,004001,Год,,,,Operational
bufr4/3/40/005/1/004002,40,Категория 40 — Дополнительные последовательности спутниковых сводок,340005,(Данные JASON2 OGDR),,004002,Месяц,,,,Operational
bufr4/3/40/005/1/004003,40,Категория 40 — Дополнительные последовательности спутниковых сводок,340005,(Данные JASON2 OGDR),,004003,День,,,,Operational
bufr4/3/40/005/1/004004,40,Категория 40 — Дополнительные последовательности спутниковых сводок,340005,(Данные JASON2 OGDR),,004004,Час,,,,Operational
bufr4/3/40/005/1/004005,40,Категория 40 — Дополнительные последовательности спутниковых сводок,340005,(Данные JASON2 OGDR),,004005,Минута,,,,Operational
bufr4/3/40/005/1/004007,40,Категория 40 — Дополнительные последовательности спутниковых сводок,340005,(Данные JASON2 OGDR),,004007,Секунды в минуте (точность в микросекундах) Место и тип поверхности,,,,Operational
bufr4/3/40/005/1/005001,40,Категория 40 — Дополнительные последовательности спутниковых сводок,340005,(Данные JASON2 OGDR),,005001,Широта (высокая точность),,,,Operational
bufr4/3/40/005/1/006001,40,Категория 40 — Дополнительные последовательности спутниковых сводок,340005,(Данные JASON2 OGDR),,006001,Долгота (высокая точность),,,,Operational
bufr4/3/40/005/1/008029,40,Категория 40 — Дополнительные последовательности спутниковых сводок,340005,(Данные JASON2 OGDR),,008029,Тип поверхности,,,,Operational
bufr4/3/40/005/1/008074,40,Категория 40 — Дополнительные последовательности спутниковых сводок,340005,(Данные JASON2 OGDR),,008074,Тип отраженного сигнала альтиметра,,,,Operational
bufr4/3/40/005/1/008077,40,Категория 40 — Дополнительные последовательности спутниковых сводок,340005,(Данные JASON2 OGDR),,008077,"Тип поверхности, зондируемой радиометром Флаги",,,,Operational
bufr4/3/40/005/1/040011,40,Категория 40 — Дополнительные последовательности спутниковых сводок,340005,(Данные JASON2 OGDR),,040011,Флаг интерполяции,,,,Operational
bufr4/3/40/005/1/025097,40,Категория 40 — Дополнительные последовательности спутниковых сводок,340005,(Данные JASON2 OGDR),,025097,Трехмерная оценка ошибки орбиты навигатора,,,,Operational
bufr4/3/40/005/1/025095,40,Категория 40 — Дополнительные последовательности спутниковых сводок,340005,(Данные JASON2 OGDR),,025095,Флаг состояния альтиметра,,,,Operational
bufr4/3/40/005/1/025098,40,Категория 40 — Дополнительные последовательности спутниковых сводок,340005,(Данные JASON2 OGDR),,025098,Флаг качества данных альтиметра,,,,Operational
bufr4/3/40/005/1/025099,40,Категория 40 — Дополнительные последовательности спутниковых сводок,340005,(Данные JASON2 OGDR),,025099,Флаг качества коррекции альтиметра,,,,Operational
bufr4/3/40/005/1/021144,40,Категория 40 — Дополнительные последовательности спутниковых сводок,340005,(Данные JASON2 OGDR),,021144,Флаг дождя при работе альтиметра,,,,Operational
bufr4/3/40/005/1/025096,40,Категория 40 — Дополнительные последовательности спутниковых сводок,340005,(Данные JASON2 OGDR),,025096,Флаг состояния радиометра,,,,Operational
bufr4/3/40/005/1/040012,40,Категория 40 — Дополнительные последовательности спутниковых сводок,340005,(Данные JASON2 OGDR),,040012,Флаг качества данных радиометра,(продолж.),,,Operational
bufr4/3/40/005/1/040013,40,Категория 40 — Дополнительные последовательности спутниковых сводок,340005,,,040013,"Флаг интерпретации яркостной температуры, измеренной с помощью радиометра",,,,Operational
bufr4/3/40/005/1/021169,40,Категория 40 — Дополнительные последовательности спутниковых сводок,340005,,,021169,Указатель наличия льда Альтиметр: полоса частот Ku,,,,Operational
bufr4/3/40/005/1/022151,40,Категория 40 — Дополнительные последовательности спутниковых сводок,340005,,,022151,Диапазон данных по океану в полосе частот Ku,,,,Operational
bufr4/3/40/005/1/022162,40,Категория 40 — Дополнительные последовательности спутниковых сводок,340005,,,022162,СКО (20 Гц) значений данных по океану в полосе частот Ku,,,,Operational
bufr4/3/40/005/1/022163,40,Категория 40 — Дополнительные последовательности спутниковых сводок,340005,,,022163,Количество (20 Гц) годных точек для полосы частот Ku,,,,Operational
bufr4/3/40/005/1/025160,40,Категория 40 — Дополнительные последовательности спутниковых сводок,340005,,,025160,Чистая инструментальная поправка в полосе частот Ku,,,,Operational
bufr4/3/40/005/1/025133,40,Категория 40 — Дополнительные последовательности спутниковых сводок,340005,,,025133,Коррекция смещенности данных о состоянии моря в полосе частот Ku,,,,Operational
bufr4/3/40/005/1/022156,40,Категория 40 — Дополнительные последовательности спутниковых сводок,340005,,,022156,Высота значительной волны в полосе частот Ku,,,,Operational
bufr4/3/40/005/1/022164,40,Категория 40 — Дополнительные последовательности спутниковых сводок,340005,,,022164,СКО (20 Гц) значений высоты значительной волны в полосе частот Ku,,,,Operational
bufr4/3/40/005/1/022165,40,Категория 40 — Дополнительные последовательности спутниковых сводок,340005,,,022165,Количество (20 Гц) годных точек высоты значительной волны в полосе частот Ku,,,,Operational
bufr4/3/40/005/1/022166,40,Категория 40 — Дополнительные последовательности спутниковых сводок,340005,,,022166,Чистая инструментальная поправка в полосе частот Ku для высоты значительной волны,,,,Operational
bufr4/3/40/005/1/021137,40,Категория 40 — Дополнительные последовательности спутниковых сводок,340005,,,021137,Скорректированный коэффициент обратного рассеяния поверхностью океана в полосе частот Ku,,,,Operational
bufr4/3/40/005/1/021138,40,Категория 40 — Дополнительные последовательности спутниковых сводок,340005,,,021138,СТО скорректированного коэффициента обратного рассеяния поверхностью океана в полосе частот Ku,,,,Operational
bufr4/3/40/005/1/022167,40,Категория 40 — Дополнительные последовательности спутниковых сводок,340005,,,022167,Количество годных точек для коэффициента обратного рассеяния в полосе частот Ku,,,,Operational
bufr4/3/40/005/1/021139,40,Категория 40 — Дополнительные последовательности спутниковых сводок,340005,,,021139,Чистая инструментальная поправка в полосе частот Ku для АРУ,,,,Operational
bufr4/3/40/005/1/021118,40,Категория 40 — Дополнительные последовательности спутниковых сводок,340005,,,021118,Корректировка на ослабление параметра сигма-0,,,,Operational
bufr4/3/40/005/1/021145,40,Категория 40 — Дополнительные последовательности спутниковых сводок,340005,,,021145,Автоматическая регулировка усиления в полосе частот Ku,,,,Operational
bufr4/3/40/005/1/021146,40,Категория 40 — Дополнительные последовательности спутниковых сводок,340005,,,021146,СКО автоматической регулировки усиления в полосе частот Ku,,,,Operational
bufr4/3/40/005/1/021147,40,Категория 40 — Дополнительные последовательности спутниковых сводок,340005,,,021147,Количество годных точек для автоматической регулировки усиления в полосе частот Ku Альтиметр: полоса частот C,,,,Operational
bufr4/3/40/005/1/022168,40,Категория 40 — Дополнительные последовательности спутниковых сводок,340005,,,022168,Диапазон данных по океану в полосе частот C,,,,Operational
bufr4/3/40/005/1/022169,40,Категория 40 — Дополнительные последовательности спутниковых сводок,340005,,,022169,СКО значений данных по океану в полосе частот C,,,,Operational
bufr4/3/40/005/1/022170,40,Категория 40 — Дополнительные последовательности спутниковых сводок,340005,,,022170,Количество (20 Гц) годных точек для полосы частот С,,,,Operational
bufr4/3/40/005/1/025161,40,Категория 40 — Дополнительные последовательности спутниковых сводок,340005,,,025161,Чистая инструментальная поправка в полосе частот C,,,,Operational
bufr4/3/40/005/1/025162,40,Категория 40 — Дополнительные последовательности спутниковых сводок,340005,,,025162,Коррекция смещенности данных о состоянии моря в полосе частот C,,,,Operational
bufr4/3/40/005/1/022171,40,Категория 40 — Дополнительные последовательности спутниковых сводок,340005,,,022171,Высота значительной волны в полосе частот C,,,,Operational
bufr4/3/40/005/1/022172,40,Категория 40 — Дополнительные последовательности спутниковых сводок,340005,,,022172,СКО (20 Гц) высоты значительной волны в полосе частот C,,,,Operational
bufr4/3/40/005/1/022173,40,Категория 40 — Дополнительные последовательности спутниковых сводок,340005,,,022173,Количество (20 Гц) годных точек высоты значительной волны в полосе частот С,,,,Operational
bufr4/3/40/005/1/022174,40,Категория 40 — Дополнительные последовательности спутниковых сводок,340005,,,022174,Чистая инструментальная поправка в полосе частот С для высоты значительной волны,,,,Operational
bufr4/3/40/005/1/021170,40,Категория 40 — Дополнительные последовательности спутниковых сводок,340005,,,021170,Скорректированный коэффициент обратного рассеяния поверхностью океана в полосе частот C,,,,Operational
bufr4/3/40/005/1/021171,40,Категория 40 — Дополнительные последовательности спутниковых сводок,340005,,,021171,СКО скорректированного коэффициента обратного рассеяния поверхностью океана в полосе частот C,,,,Operational
bufr4/3/40/005/1/022175,40,Категория 40 — Дополнительные последовательности спутниковых сводок,340005,,,022175,Количество годных точек для коэффициента обратного рассеяния в полосе частот C,,,,Operational
bufr4/3/40/005/1/021172,40,Категория 40 — Дополнительные последовательности спутниковых сводок,340005,,,021172,Чистая инструментальная поправка в полосе частот С для АРУ I.2 – Табл. D BUFR/40 — 3,(продолж.),,,Operational
bufr4/3/40/005/2/021118,40,Категория 40 — Дополнительные последовательности спутниковых сводок,340005,,,021118,Корректировка на ослабление параметра сигма-0,,,,Operational
bufr4/3/40/005/1/021173,40,Категория 40 — Дополнительные последовательности спутниковых сводок,340005,,,021173,Автоматическая регулировка усиления в полосе частот C,,,,Operational
bufr4/3/40/005/1/021174,40,Категория 40 — Дополнительные последовательности спутниковых сводок,340005,,,021174,СКО автоматической регулировки усиления в полосе частот С,,,,Operational
bufr4/3/40/005/1/021175,40,Категория 40 — Дополнительные последовательности спутниковых сводок,340005,,,021175,Количество годных точек для автоматической регулировки усиления в полосе частот С Радиометр,,,,Operational
bufr4/3/40/005/1/002153,40,Категория 40 — Дополнительные последовательности спутниковых сводок,340005,,,002153,Центральная частота спутникового канала,,,,Operational
bufr4/3/40/005/1/012063,40,Категория 40 — Дополнительные последовательности спутниковых сводок,340005,,,012063,Яркостная температура,,,,Operational
bufr4/3/40/005/2/002153,40,Категория 40 — Дополнительные последовательности спутниковых сводок,340005,,,002153,Центральная частота спутникового канала,,,,Operational
bufr4/3/40/005/2/012063,40,Категория 40 — Дополнительные последовательности спутниковых сводок,340005,,,012063,Яркостная температура,,,,Operational
bufr4/3/40/005/3/002153,40,Категория 40 — Дополнительные последовательности спутниковых сводок,340005,,,002153,Центральная частота спутникового канала,,,,Operational
bufr4/3/40/005/3/012063,40,Категория 40 — Дополнительные последовательности спутниковых сводок,340005,,,012063,Яркостная температура,,,,Operational
bufr4/3/40/005/1/013090,40,Категория 40 — Дополнительные последовательности спутниковых сводок,340005,,,013090,"Содержание водяного пара, определяемое посредством радиометра",,,,Operational
bufr4/3/40/005/1/013091,40,Категория 40 — Дополнительные последовательности спутниковых сводок,340005,,,013091,"Содержание жидкости, определяемое посредством радиометра Ветер",,,,Operational
bufr4/3/40/005/1/007002,40,Категория 40 — Дополнительные последовательности спутниковых сводок,340005,,,007002,Высота или абсолютная высота,,,,Operational
bufr4/3/40/005/1/011097,40,Категория 40 — Дополнительные последовательности спутниковых сводок,340005,,,011097,Скорость ветра по альтиметру,,,,Operational
bufr4/3/40/005/1/011098,40,Категория 40 — Дополнительные последовательности спутниковых сводок,340005,,,011098,Скорость ветра по радиометру,,,,Operational
bufr4/3/40/005/2/007002,40,Категория 40 — Дополнительные последовательности спутниковых сводок,340005,,,007002,Высота или абсолютная высота,,,,Operational
bufr4/3/40/005/1/011095,40,Категория 40 — Дополнительные последовательности спутниковых сводок,340005,,,011095,"Компонента u вектора ветра, используемого в модели",,,,Operational
bufr4/3/40/005/1/011096,40,Категория 40 — Дополнительные последовательности спутниковых сводок,340005,,,011096,"Компонента v вектора ветра, используемого в модели Динамическая топография",,,,Operational
bufr4/3/40/005/1/010096,40,Категория 40 — Дополнительные последовательности спутниковых сводок,340005,,,010096,Средняя динамическая топография,,,,Operational
bufr4/3/40/005/1/010081,40,Категория 40 — Дополнительные последовательности спутниковых сводок,340005,,,010081,Высота центра тяжести (COG) над референс-эллипсоидом,,,,Operational
bufr4/3/40/005/1/010082,40,Категория 40 — Дополнительные последовательности спутниковых сводок,340005,,,010082,Мгновенная скорость изменения высоты,,,,Operational
bufr4/3/40/005/1/010083,40,Категория 40 — Дополнительные последовательности спутниковых сводок,340005,,,010083,Квадрат угла отклонения спутника от надира по данным с платформы,,,,Operational
bufr4/3/40/005/1/010101,40,Категория 40 — Дополнительные последовательности спутниковых сводок,340005,,,010101,Квадрат угла отклонения спутника от надира по данным о форме волны,,,,Operational
bufr4/3/40/005/1/025132,40,Категория 40 — Дополнительные последовательности спутниковых сводок,340005,,,025132,Ионосферная поправка по модели в полосе частот Ku,,,,Operational
bufr4/3/40/005/1/025163,40,Категория 40 — Дополнительные последовательности спутниковых сводок,340005,,,025163,Ионосферная поправка в измерении альтиметром в полосе частот Ku,,,,Operational
bufr4/3/40/005/1/025126,40,Категория 40 — Дополнительные последовательности спутниковых сводок,340005,,,025126,Поправка на сухую тропосферу в модели,,,,Operational
bufr4/3/40/005/1/025128,40,Категория 40 — Дополнительные последовательности спутниковых сводок,340005,,,025128,Поправка на влажную тропосферу в модели,,,,Operational
bufr4/3/40/005/1/025164,40,Категория 40 — Дополнительные последовательности спутниковых сводок,340005,,,025164,Поправка показаний радиометра на влажную тропосферу,,,,Operational
bufr4/3/40/005/1/010085,40,Категория 40 — Дополнительные последовательности спутниковых сводок,340005,,,010085,Средняя высота поверхности моря,,,,Operational
bufr4/3/40/005/1/010097,40,Категория 40 — Дополнительные последовательности спутниковых сводок,340005,,,010097,Средняя высота поверхности моря только по альтиметру,,,,Operational
bufr4/3/40/005/1/010086,40,Категория 40 — Дополнительные последовательности спутниковых сводок,340005,,,010086,Высота геоида,,,,Operational
bufr4/3/40/005/1/010087,40,Категория 40 — Дополнительные последовательности спутниковых сводок,340005,,,010087,Глубина океана/высота суши над уровнем моря,,,,Operational
bufr4/3/40/005/1/010092,40,Категория 40 — Дополнительные последовательности спутниковых сводок,340005,,,010092,Высота приливо-отливных явлений твердой оболочки Земли,,,,Operational
bufr4/3/40/005/1/010088,40,Категория 40 — Дополнительные последовательности спутниковых сводок,340005,,,010088,Геоцентрическая высота полного океанического прилива (решение 1),,,,Operational
bufr4/3/40/005/1/010089,40,Категория 40 — Дополнительные последовательности спутниковых сводок,340005,,,010089,Геоцентрическая высота полного океанического прилива (решение 2),,,,Operational
bufr4/3/40/005/1/010098,40,Категория 40 — Дополнительные последовательности спутниковых сводок,340005,,,010098,Геоцентрическая высота приливной нагрузки океанического прилива (решение 1),,,,Operational
bufr4/3/40/005/1/010099,40,Категория 40 — Дополнительные последовательности спутниковых сводок,340005,,,010099,Геоцентрическая высота приливной нагрузки океанического прилива (решение 2),(продолж.),,,Operational
bufr4/3/40/005/1/010090,40,Категория 40 — Дополнительные последовательности спутниковых сводок,340005,,,010090,Высота долгопериодного прилива,,,,Operational
bufr4/3/40/005/1/010100,40,Категория 40 — Дополнительные последовательности спутниковых сводок,340005,,,010100,Высота неравновесного долгопериодного прилива,,,,Operational
bufr4/3/40/005/1/010093,40,Категория 40 — Дополнительные последовательности спутниковых сводок,340005,,,010093,Геоцентрическая высота полюсного прилива,,,,Operational
bufr4/3/40/005/1/025127,40,Категория 40 — Дополнительные последовательности спутниковых сводок,340005,,,025127,Барометрическая поправка Барометрическая поправка к высоте поверхности моря,,,,Operational
bufr4/3/40/005/1/040014,40,Категория 40 — Дополнительные последовательности спутниковых сводок,340005,,,040014,Поправка на высокочастотные колебания топографии поверхности моря,,,,Operational
bufr4/3/40/007/1/001007,40,Категория 40 — Дополнительные последовательности спутниковых сводок,340007,,,001007,Указатель спутника,,,,Operational
bufr4/3/40/007/1/001031,40,Категория 40 — Дополнительные последовательности спутниковых сводок,340007,,,001031,Идентификация центра-поставщика/производителя,,,,Operational
bufr4/3/40/007/1/002019,40,Категория 40 — Дополнительные последовательности спутниковых сводок,340007,,,002019,Спутниковые приборы,,,,Operational
bufr4/3/40/007/1/002020,40,Категория 40 — Дополнительные последовательности спутниковых сводок,340007,,,002020,Классификация спутников,,,,Operational
bufr4/3/40/007/1/004001,40,Категория 40 — Дополнительные последовательности спутниковых сводок,340007,,,004001,Год,,,,Operational
bufr4/3/40/007/1/004002,40,Категория 40 — Дополнительные последовательности спутниковых сводок,340007,,,004002,Месяц,,,,Operational
bufr4/3/40/007/1/004003,40,Категория 40 — Дополнительные последовательности спутниковых сводок,340007,,,004003,День,,,,Operational
bufr4/3/40/007/1/004004,40,Категория 40 — Дополнительные последовательности спутниковых сводок,340007,,,004004,Час,,,,Operational
bufr4/3/40/007/1/004005,40,Категория 40 — Дополнительные последовательности спутниковых сводок,340007,,,004005,Минута,,,,Operational
bufr4/3/40/007/1/202131,40,Категория 40 — Дополнительные последовательности спутниковых сводок,340007,,,202131,Изменить масштаб Добавить 3 к шкале,,,,Operational
bufr4/3/40/007/1/201138,40,Категория 40 — Дополнительные последовательности спутниковых сводок,340007,,,201138,Изменить длину данных Добавить 10 к длине,,,,Operational
bufr4/3/40/007/1/004006,40,Категория 40 — Дополнительные последовательности спутниковых сводок,340007,,,004006,Секунда,,,,Operational
bufr4/3/40/007/1/201000,40,Категория 40 — Дополнительные последовательности спутниковых сводок,340007,,,201000,Изменить длину данных Отмена,,,,Operational
bufr4/3/40/007/1/202000,40,Категория 40 — Дополнительные последовательности спутниковых сводок,340007,,,202000,Изменить масштаб Отмена,,,,Operational
bufr4/3/40/007/1/005001,40,Категория 40 — Дополнительные последовательности спутниковых сводок,340007,,,005001,Широта (высокая точность),,,,Operational
bufr4/3/40/007/1/006001,40,Категория 40 — Дополнительные последовательности спутниковых сводок,340007,,,006001,Долгота (высокая точность),,,,Operational
bufr4/3/40/007/1/007024,40,Категория 40 — Дополнительные последовательности спутниковых сводок,340007,,,007024,Зенитный угол спутника,,,,Operational
bufr4/3/40/007/1/005021,40,Категория 40 — Дополнительные последовательности спутниковых сводок,340007,,,005021,Пеленг или азимут,,,,Operational
bufr4/3/40/007/1/007025,40,Категория 40 — Дополнительные последовательности спутниковых сводок,340007,,,007025,Зенитный угол Солнца,,,,Operational
bufr4/3/40/007/1/005022,40,Категория 40 — Дополнительные последовательности спутниковых сводок,340007,,,005022,Азимут Солнца,,,,Operational
bufr4/3/40/007/1/005043,40,Категория 40 — Дополнительные последовательности спутниковых сводок,340007,,,005043,Номер поля зрения,,,,Operational
bufr4/3/40/007/1/005040,40,Категория 40 — Дополнительные последовательности спутниковых сводок,340007,,,005040,Номер орбиты,,,,Operational
bufr4/3/40/007/1/201133,40,Категория 40 — Дополнительные последовательности спутниковых сводок,340007,,,201133,Изменить длину данных Добавить 5 к длине,,,,Operational
bufr4/3/40/007/1/005041,40,Категория 40 — Дополнительные последовательности спутниковых сводок,340007,,,005041,Номер строки сканирования,,,,Operational
bufr4/3/40/007/2/201000,40,Категория 40 — Дополнительные последовательности спутниковых сводок,340007,,,201000,Изменить длину данных Отмена,,,,Operational
bufr4/3/40/007/1/201132,40,Категория 40 — Дополнительные последовательности спутниковых сводок,340007,,,201132,Изменить длину данных Добавить 4 к длине,,,,Operational
bufr4/3/40/007/1/025070,40,Категория 40 — Дополнительные последовательности спутниковых сводок,340007,,,025070,Номер основного пакета данных,,,,Operational
bufr4/3/40/007/3/201000,40,Категория 40 — Дополнительные последовательности спутниковых сводок,340007,,,201000,Изменить длину данных Отмена,,,,Operational
bufr4/3/40/007/1/202126,40,Категория 40 — Дополнительные последовательности спутниковых сводок,340007,,,202126,Изменить масштаб Вычесть 2 из шкалы,,,,Operational
bufr4/3/40/007/1/007001,40,Категория 40 — Дополнительные последовательности спутниковых сводок,340007,,,007001,Высота станции,,,,Operational
bufr4/3/40/007/2/202000,40,Категория 40 — Дополнительные последовательности спутниковых сводок,340007,,,202000,Изменить масштаб Отмена,,,,Operational
bufr4/3/40/007/1/103003,40,Категория 40 — Дополнительные последовательности спутниковых сводок,340007,,,103003,Повторить 3 дескриптора 3 раза,,,,Operational
bufr4/3/40/007/1/025140,40,Категория 40 — Дополнительные последовательности спутниковых сводок,340007,,,025140,Начальный канал,,,,Operational
bufr4/3/40/007/1/025141,40,Категория 40 — Дополнительные последовательности спутниковых сводок,340007,,,025141,Конечный канал,,,,Operational
bufr4/3/40/007/1/033060,40,Категория 40 — Дополнительные последовательности спутниковых сводок,340007,,,033060,GqisFlagQual — флаг качества отдельной системы IASI,,,,Operational
bufr4/3/40/007/1/033061,40,Категория 40 — Дополнительные последовательности спутниковых сводок,340007,,,033061,GqisQualIndex — указатель для шумовой характеристики прибора (вклады от спектральной и радиометрической калибровки),,,,Operational
bufr4/3/40/007/1/033062,40,Категория 40 — Дополнительные последовательности спутниковых сводок,340007,,,033062,GqisQualIndexLoc — указатель для индекса геометрического качества,,,,Operational
bufr4/3/40/007/1/033063,40,Категория 40 — Дополнительные последовательности спутниковых сводок,340007,,,033063,GqisQualIndexRad — указатель для шумовой характеристики прибора (вклады в результате радиометрической калибровки),,,,Operational
bufr4/3/40/007/1/033064,40,Категория 40 — Дополнительные последовательности спутниковых сводок,340007,,,033064,GqisQualIndexSpect — указатель для шумовой характеристики прибора (вклады в результате спектральной калибровки) I.2 – Табл. D BUFR/40 — 5,(продолж.),,,Operational
bufr4/3/40/007/1/033065,40,Категория 40 — Дополнительные последовательности спутниковых сводок,340007,,,033065,GqisSysTecSondQual — выходные данные функции качества системы ЦТЭ (центр технической экспертизы),,,,Operational
bufr4/3/40/007/1/040020,40,Категория 40 — Дополнительные последовательности спутниковых сводок,340007,,,040020,GqisFlagQualDetailed — флаг качества для системы,,,,Operational
bufr4/3/40/007/1/101010,40,Категория 40 — Дополнительные последовательности спутниковых сводок,340007,,,101010,Повторить 1 дескриптор 10 раз,,,,Operational
bufr4/3/40/007/1/340002,40,Категория 40 — Дополнительные последовательности спутниковых сводок,340007,,,340002,Описание полосы,,,,Operational
bufr4/3/40/007/1/101087,40,Категория 40 — Дополнительные последовательности спутниковых сводок,340007,,,101087,Повторить 1 дескриптор 87 раз,,,,Operational
bufr4/3/40/007/1/340003,40,Категория 40 — Дополнительные последовательности спутниковых сводок,340007,,,340003,100 каналов уровня 1с IASI,,,,Operational
bufr4/3/40/007/2/002019,40,Категория 40 — Дополнительные последовательности спутниковых сводок,340007,,,002019,Спутниковые приборы,,,,Operational
bufr4/3/40/007/1/025051,40,Категория 40 — Дополнительные последовательности спутниковых сводок,340007,,,025051,Комбинация каналов AVHRR,,,,Operational
bufr4/3/40/007/1/101007,40,Категория 40 — Дополнительные последовательности спутниковых сводок,340007,,,101007,Повторить 1 дескриптор 7 раз,,,,Operational
bufr4/3/40/007/1/340004,40,Категория 40 — Дополнительные последовательности спутниковых сводок,340007,,,340004,Одно изображение AVHRR уровня 1с IASI,,,,Operational
bufr4/3/40/007/1/020081,40,Категория 40 — Дополнительные последовательности спутниковых сводок,340007,,,020081,Облачность в сегменте,,,,Operational
bufr4/3/40/007/1/008029,40,Категория 40 — Дополнительные последовательности спутниковых сводок,340007,,,008029,Тип поверхности,,,,Operational
bufr4/3/40/007/1/020083,40,Категория 40 — Дополнительные последовательности спутниковых сводок,340007,,,020083,Количество сегментов в изображении,,,,Operational
bufr4/3/40/007/2/008029,40,Категория 40 — Дополнительные последовательности спутниковых сводок,340007,,,008029,Тип поверхности,,,,Operational
bufr4/3/40/007/1/040018,40,Категория 40 — Дополнительные последовательности спутниковых сводок,340007,,,040018,GIacAvgImagIIS — среднее значение измерений формирователя изображений,,,,Operational
bufr4/3/40/007/1/004019,40,Категория 40 — Дополнительные последовательности спутниковых сводок,340007,,,004019,GIacVarImagIIS — дисперсия значений измерений формирователя изображений,,,,Operational
bufr4/3/40/007/1/040021,40,Категория 40 — Дополнительные последовательности спутниковых сводок,340007,,,040021,"Фрагмент взвешенного элемента изображения AVHRR в IASI FOV, покрытого снегом/льдом",,,,Operational
bufr4/3/40/007/1/040022,40,Категория 40 — Дополнительные последовательности спутниковых сводок,340007,,,040022,"Количество отсутствующих, плохих или искаженных элементов изображения AVHRR",,,,Operational
bufr4/3/40/008/1/001007,40,Категория 40 — Дополнительные последовательности спутниковых сводок,340008,"(Последовательность IASI, объединяющая количественные показатели основного компонента, выбор канала и расширенные данные)",,001007,Указатель спутника,,,,Operational
bufr4/3/40/008/1/001031,40,Категория 40 — Дополнительные последовательности спутниковых сводок,340008,"(Последовательность IASI, объединяющая количественные показатели основного компонента, выбор канала и расширенные данные)",,001031,Идентификация центра-поставщика/производителя,,,,Operational
bufr4/3/40/008/1/002019,40,Категория 40 — Дополнительные последовательности спутниковых сводок,340008,"(Последовательность IASI, объединяющая количественные показатели основного компонента, выбор канала и расширенные данные)",,002019,Спутниковые приборы,,,,Operational
bufr4/3/40/008/1/002020,40,Категория 40 — Дополнительные последовательности спутниковых сводок,340008,"(Последовательность IASI, объединяющая количественные показатели основного компонента, выбор канала и расширенные данные)",,002020,Классификация спутников Дата и время,,,,Operational
bufr4/3/40/008/1/004001,40,Категория 40 — Дополнительные последовательности спутниковых сводок,340008,"(Последовательность IASI, объединяющая количественные показатели основного компонента, выбор канала и расширенные данные)",,004001,Год,,,,Operational
bufr4/3/40/008/1/004002,40,Категория 40 — Дополнительные последовательности спутниковых сводок,340008,"(Последовательность IASI, объединяющая количественные показатели основного компонента, выбор канала и расширенные данные)",,004002,Месяц,,,,Operational
bufr4/3/40/008/1/004003,40,Категория 40 — Дополнительные последовательности спутниковых сводок,340008,"(Последовательность IASI, объединяющая количественные показатели основного компонента, выбор канала и расширенные данные)",,004003,День,,,,Operational
bufr4/3/40/008/1/004004,40,Категория 40 — Дополнительные последовательности спутниковых сводок,340008,"(Последовательность IASI, объединяющая количественные показатели основного компонента, выбор канала и расширенные данные)",,004004,Час,,,,Operational
bufr4/3/40/008/1/004005,40,Категория 40 — Дополнительные последовательности спутниковых сводок,340008,"(Последовательность IASI, объединяющая количественные показатели основного компонента, выбор канала и расширенные данные)",,004005,Минута,,,,Operational
bufr4/3/40/008/1/202131,40,Категория 40 — Дополнительные последовательности спутниковых сводок,340008,"(Последовательность IASI, объединяющая количественные показатели основного компонента, выбор канала и расширенные данные)",,202131,Добавить 3 к шкале Изменить масштаб,,,,Operational
bufr4/3/40/008/1/201138,40,Категория 40 — Дополнительные последовательности спутниковых сводок,340008,"(Последовательность IASI, объединяющая количественные показатели основного компонента, выбор канала и расширенные данные)",,201138,Добавить 10 к длине Изменить длину данных,,,,Operational
bufr4/3/40/008/1/004006,40,Категория 40 — Дополнительные последовательности спутниковых сводок,340008,"(Последовательность IASI, объединяющая количественные показатели основного компонента, выбор канала и расширенные данные)",,004006,Секунда,,,,Operational
bufr4/3/40/008/1/201000,40,Категория 40 — Дополнительные последовательности спутниковых сводок,340008,"(Последовательность IASI, объединяющая количественные показатели основного компонента, выбор канала и расширенные данные)",,201000,Отмена Изменить длину данных,,,,Operational
bufr4/3/40/008/1/202000,40,Категория 40 — Дополнительные последовательности спутниковых сводок,340008,"(Последовательность IASI, объединяющая количественные показатели основного компонента, выбор канала и расширенные данные)",,202000,Отмена Изменить масштаб Информация о местоположении,,,,Operational
bufr4/3/40/008/1/005001,40,Категория 40 — Дополнительные последовательности спутниковых сводок,340008,"(Последовательность IASI, объединяющая количественные показатели основного компонента, выбор канала и расширенные данные)",,005001,Широта (высокая точность),,,,Operational
bufr4/3/40/008/1/006001,40,Категория 40 — Дополнительные последовательности спутниковых сводок,340008,"(Последовательность IASI, объединяющая количественные показатели основного компонента, выбор канала и расширенные данные)",,006001,Долгота (высокая точность),,,,Operational
bufr4/3/40/008/1/007024,40,Категория 40 — Дополнительные последовательности спутниковых сводок,340008,"(Последовательность IASI, объединяющая количественные показатели основного компонента, выбор канала и расширенные данные)",,007024,Зенитный угол спутника,,,,Operational
bufr4/3/40/008/1/005021,40,Категория 40 — Дополнительные последовательности спутниковых сводок,340008,"(Последовательность IASI, объединяющая количественные показатели основного компонента, выбор канала и расширенные данные)",,005021,Пеленг или азимут,,,,Operational
bufr4/3/40/008/1/007025,40,Категория 40 — Дополнительные последовательности спутниковых сводок,340008,"(Последовательность IASI, объединяющая количественные показатели основного компонента, выбор канала и расширенные данные)",,007025,Зенитный угол Солнца,,,,Operational
bufr4/3/40/008/1/005022,40,Категория 40 — Дополнительные последовательности спутниковых сводок,340008,"(Последовательность IASI, объединяющая количественные показатели основного компонента, выбор канала и расширенные данные)",,005022,Азимут Солнца,,,,Operational
bufr4/3/40/008/1/005043,40,Категория 40 — Дополнительные последовательности спутниковых сводок,340008,"(Последовательность IASI, объединяющая количественные показатели основного компонента, выбор канала и расширенные данные)",,005043,Номер поля зрения,,,,Operational
bufr4/3/40/008/1/005040,40,Категория 40 — Дополнительные последовательности спутниковых сводок,340008,"(Последовательность IASI, объединяющая количественные показатели основного компонента, выбор канала и расширенные данные)",,005040,Номер орбиты,,,,Operational
bufr4/3/40/008/1/201133,40,Категория 40 — Дополнительные последовательности спутниковых сводок,340008,"(Последовательность IASI, объединяющая количественные показатели основного компонента, выбор канала и расширенные данные)",,201133,Добавить 5 к длине Изменить длину данных,,,,Operational
bufr4/3/40/008/1/005041,40,Категория 40 — Дополнительные последовательности спутниковых сводок,340008,"(Последовательность IASI, объединяющая количественные показатели основного компонента, выбор канала и расширенные данные)",,005041,Номер строки сканирования,,,,Operational
bufr4/3/40/008/2/201000,40,Категория 40 — Дополнительные последовательности спутниковых сводок,340008,"(Последовательность IASI, объединяющая количественные показатели основного компонента, выбор канала и расширенные данные)",,201000,Отмена Изменить длину данных,(продолж.),,,Operational
bufr4/3/40/008/1/201132,40,Категория 40 — Дополнительные последовательности спутниковых сводок,340008,,,201132,Добавить 4 к длине Изменить длину данных,,,,Operational
bufr4/3/40/008/1/025070,40,Категория 40 — Дополнительные последовательности спутниковых сводок,340008,,,025070,Номер основного пакета данных,,,,Operational
bufr4/3/40/008/3/201000,40,Категория 40 — Дополнительные последовательности спутниковых сводок,340008,,,201000,Отмена Изменить длину данных,,,,Operational
bufr4/3/40/008/1/202126,40,Категория 40 — Дополнительные последовательности спутниковых сводок,340008,,,202126,Вычесть 2 из шкалы Изменить масштаб,,,,Operational
bufr4/3/40/008/1/007001,40,Категория 40 — Дополнительные последовательности спутниковых сводок,340008,,,007001,Высота станции,,,,Operational
bufr4/3/40/008/2/202000,40,Категория 40 — Дополнительные последовательности спутниковых сводок,340008,,,202000,Отмена Изменить масштаб Информация о качестве,,,,Operational
bufr4/3/40/008/1/103003,40,Категория 40 — Дополнительные последовательности спутниковых сводок,340008,,,103003,Повторить 3 дескриптора 3 раза,,,,Operational
bufr4/3/40/008/1/025140,40,Категория 40 — Дополнительные последовательности спутниковых сводок,340008,,,025140,Начальный канал,,,,Operational
bufr4/3/40/008/1/025141,40,Категория 40 — Дополнительные последовательности спутниковых сводок,340008,,,025141,Конечный канал,,,,Operational
bufr4/3/40/008/1/033060,40,Категория 40 — Дополнительные последовательности спутниковых сводок,340008,,,033060,GqisFlagQual — флаг качества отдельной системы IASI,,,,Operational
bufr4/3/40/008/1/033061,40,Категория 40 — Дополнительные последовательности спутниковых сводок,340008,,,033061,GqisQualIndex — указатель для шумовой характеристики прибора (вклады от спектральной и радиометрической калибровки),,,,Operational
bufr4/3/40/008/1/033062,40,Категория 40 — Дополнительные последовательности спутниковых сводок,340008,,,033062,GqisQualIndexLoc — указатель для индекса геометрического качества,,,,Operational
bufr4/3/40/008/1/033063,40,Категория 40 — Дополнительные последовательности спутниковых сводок,340008,,,033063,GqisQualIndexRad — указатель для шумовой характеристики прибора (вклады в результате радиометрической калибровки),,,,Operational
bufr4/3/40/008/1/033064,40,Категория 40 — Дополнительные последовательности спутниковых сводок,340008,,,033064,GqisQualIndexSpect — указатель для шумовой характеристики прибора (вклады в результате спектральной калибровки),,,,Operational
bufr4/3/40/008/1/033065,40,Категория 40 — Дополнительные последовательности спутниковых сводок,340008,,,033065,GqisSysTecSondQual — выходные данные функции качества системы ЦТЭ (центр технической экспертизы),,,,Operational
bufr4/3/40/008/1/040020,40,Категория 40 — Дополнительные последовательности спутниковых сводок,340008,,,040020,GqisFlagQualDetailed — флаг качества для системы Подмножество каналов IASI,,,,Operational
bufr4/3/40/008/1/101010,40,Категория 40 — Дополнительные последовательности спутниковых сводок,340008,,,101010,Повторить 1 дескриптор 10 раз,,,,Operational
bufr4/3/40/008/1/340002,40,Категория 40 — Дополнительные последовательности спутниковых сводок,340008,,,340002,Описание полосы,,,,Operational
bufr4/3/40/008/1/104000,40,Категория 40 — Дополнительные последовательности спутниковых сводок,340008,,,104000,Повторение с задержкой 4 дескрипторов,,,,Operational
bufr4/3/40/008/1/031002,40,Категория 40 — Дополнительные последовательности спутниковых сводок,340008,,,031002,Коэффициент повторения расширенного дескриптора с задержкой,,,,Operational
bufr4/3/40/008/1/201136,40,Категория 40 — Дополнительные последовательности спутниковых сводок,340008,,,201136,Добавить 8 к длине Изменить длину данных,,,,Operational
bufr4/3/40/008/1/005042,40,Категория 40 — Дополнительные последовательности спутниковых сводок,340008,,,005042,Номер канала,,,,Operational
bufr4/3/40/008/4/201000,40,Категория 40 — Дополнительные последовательности спутниковых сводок,340008,,,201000,Отмена Изменить длину данных,,,,Operational
bufr4/3/40/008/1/014046,40,Категория 40 — Дополнительные последовательности спутниковых сводок,340008,,,014046,Масштабированное излучение Определение полосы частот прибора,,,,Operational
bufr4/3/40/008/1/108003,40,Категория 40 — Дополнительные последовательности спутниковых сводок,340008,,,108003,Повторить 8 дескрипторов 3 раза,,,,Operational
bufr4/3/40/008/2/025140,40,Категория 40 — Дополнительные последовательности спутниковых сводок,340008,,,025140,Начальный канал,,,,Operational
bufr4/3/40/008/2/025141,40,Категория 40 — Дополнительные последовательности спутниковых сводок,340008,,,025141,Конечный канал,,,,Operational
bufr4/3/40/008/1/040026,40,Категория 40 — Дополнительные последовательности спутниковых сводок,340008,,,040026,Коэффициент квантования,,,,Operational
bufr4/3/40/008/1/040016,40,Категория 40 — Дополнительные последовательности спутниковых сводок,340008,,,040016,Остаточное СКО в полосе частот,,,,Operational
bufr4/3/40/008/1/025062,40,Категория 40 — Дополнительные последовательности спутниковых сводок,340008,,,025062,Идентификация базы данных Количественные показатели основного компонента для полосы частот,,,,Operational
bufr4/3/40/008/1/101000,40,Категория 40 — Дополнительные последовательности спутниковых сводок,340008,,,101000,Повторение с задержкой 1 дескриптора,,,,Operational
bufr4/3/40/008/2/031002,40,Категория 40 — Дополнительные последовательности спутниковых сводок,340008,,,031002,Коэффициент повторения расширенного дескриптора с задержкой,,,,Operational
bufr4/3/40/008/1/040017,40,Категория 40 — Дополнительные последовательности спутниковых сводок,340008,,,040017,Ненормализованная величина основного компонента Анализ изображения AVHRR,,,,Operational
bufr4/3/40/008/2/002019,40,Категория 40 — Дополнительные последовательности спутниковых сводок,340008,,,002019,Спутниковые приборы,,,,Operational
bufr4/3/40/008/1/025051,40,Категория 40 — Дополнительные последовательности спутниковых сводок,340008,,,025051,Комбинация каналов AVHRR,,,,Operational
bufr4/3/40/008/1/101007,40,Категория 40 — Дополнительные последовательности спутниковых сводок,340008,,,101007,Повторить 1 дескриптор 7 раз,,,,Operational
bufr4/3/40/008/1/340004,40,Категория 40 — Дополнительные последовательности спутниковых сводок,340008,,,340004,Одно изображение AVHRR уровня 1с IASI,,,,Operational
bufr4/3/40/008/1/020081,40,Категория 40 — Дополнительные последовательности спутниковых сводок,340008,,,020081,Облачность в сегменте,,,,Operational
bufr4/3/40/008/1/008029,40,Категория 40 — Дополнительные последовательности спутниковых сводок,340008,,,008029,Тип поверхности I.2 – Табл. D BUFR/40 — 7,(продолж.),,,Operational
bufr4/3/40/008/1/020083,40,Категория 40 — Дополнительные последовательности спутниковых сводок,340008,,,020083,Количество сегментов в изображении,,,,Operational
bufr4/3/40/008/2/008029,40,Категория 40 — Дополнительные последовательности спутниковых сводок,340008,,,008029,Тип поверхности,,,,Operational
bufr4/3/40/008/1/040018,40,Категория 40 — Дополнительные последовательности спутниковых сводок,340008,,,040018,GIacAvgImagIIS— среднее значение измерений формирователя изображений,,,,Operational
bufr4/3/40/008/1/040019,40,Категория 40 — Дополнительные последовательности спутниковых сводок,340008,,,040019,GIacVarImagIIS — дисперсия значений измерений формирователя изображений,,,,Operational
bufr4/3/40/008/1/040021,40,Категория 40 — Дополнительные последовательности спутниковых сводок,340008,,,040021,Фрагмент взвешенного элемента изображения AVHRR в IASI FOV покрытого снегом/льдом,,,,Operational
bufr4/3/40/008/1/040022,40,Категория 40 — Дополнительные последовательности спутниковых сводок,340008,,,040022,"Количество отсутствующих, плохих или искаженных элементов изображения AVHRR",,,,Operational
bufr4/3/40/009/1/001007,40,Категория 40 — Дополнительные последовательности спутниковых сводок,340009,(Стандартизованный индекс различий растительного покрова (НДВИ),,001007,Указатель спутника,,,,Operational
bufr4/3/40/009/1/001031,40,Категория 40 — Дополнительные последовательности спутниковых сводок,340009,(Стандартизованный индекс различий растительного покрова (НДВИ),,001031,Идентификация центра-поставщика/производителя,,,,Operational
bufr4/3/40/009/1/002019,40,Категория 40 — Дополнительные последовательности спутниковых сводок,340009,(Стандартизованный индекс различий растительного покрова (НДВИ),,002019,Спутниковые приборы,,,,Operational
bufr4/3/40/009/1/002020,40,Категория 40 — Дополнительные последовательности спутниковых сводок,340009,(Стандартизованный индекс различий растительного покрова (НДВИ),,002020,Классификация спутников,,,,Operational
bufr4/3/40/009/1/301011,40,Категория 40 — Дополнительные последовательности спутниковых сводок,340009,(Стандартизованный индекс различий растительного покрова (НДВИ),,301011,"Год, месяц, день",,,,Operational
bufr4/3/40/009/1/301013,40,Категория 40 — Дополнительные последовательности спутниковых сводок,340009,(Стандартизованный индекс различий растительного покрова (НДВИ),,301013,"Час, минута, секунда",,,,Operational
bufr4/3/40/009/1/005040,40,Категория 40 — Дополнительные последовательности спутниковых сводок,340009,(Стандартизованный индекс различий растительного покрова (НДВИ),,005040,Номер орбиты,,,,Operational
bufr4/3/40/009/1/201136,40,Категория 40 — Дополнительные последовательности спутниковых сводок,340009,(Стандартизованный индекс различий растительного покрова (НДВИ),,201136,Изменить длину данных Добавить 8 к длине,,,,Operational
bufr4/3/40/009/1/005041,40,Категория 40 — Дополнительные последовательности спутниковых сводок,340009,(Стандартизованный индекс различий растительного покрова (НДВИ),,005041,Номер строки сканирования,,,,Operational
bufr4/3/40/009/1/201000,40,Категория 40 — Дополнительные последовательности спутниковых сводок,340009,(Стандартизованный индекс различий растительного покрова (НДВИ),,201000,Изменить длину данных Отмена,,,,Operational
bufr4/3/40/009/1/025071,40,Категория 40 — Дополнительные последовательности спутниковых сводок,340009,(Стандартизованный индекс различий растительного покрова (НДВИ),,025071,Номер пакета данных,,,,Operational
bufr4/3/40/009/1/005001,40,Категория 40 — Дополнительные последовательности спутниковых сводок,340009,(Стандартизованный индекс различий растительного покрова (НДВИ),,005001,Широта (высокая точность),,,,Operational
bufr4/3/40/009/2/005001,40,Категория 40 — Дополнительные последовательности спутниковых сводок,340009,(Стандартизованный индекс различий растительного покрова (НДВИ),,005001,Широта (высокая точность),,,,Operational
bufr4/3/40/009/1/006001,40,Категория 40 — Дополнительные последовательности спутниковых сводок,340009,(Стандартизованный индекс различий растительного покрова (НДВИ),,006001,Долгота (высокая точность),,,,Operational
bufr4/3/40/009/2/006001,40,Категория 40 — Дополнительные последовательности спутниковых сводок,340009,(Стандартизованный индекс различий растительного покрова (НДВИ),,006001,Долгота (высокая точность),,,,Operational
bufr4/3/40/009/1/107064,40,Категория 40 — Дополнительные последовательности спутниковых сводок,340009,(Стандартизованный индекс различий растительного покрова (НДВИ),,107064,Повторить 7 дескрипторов 64 раза,,,,Operational
bufr4/3/40/009/1/106032,40,Категория 40 — Дополнительные последовательности спутниковых сводок,340009,(Стандартизованный индекс различий растительного покрова (НДВИ),,106032,Повторить 6 дескрипторов 32 раза,,,,Operational
bufr4/3/40/009/1/008012,40,Категория 40 — Дополнительные последовательности спутниковых сводок,340009,(Стандартизованный индекс различий растительного покрова (НДВИ),,008012,Описатель суши/моря,,,,Operational
bufr4/3/40/009/1/008013,40,Категория 40 — Дополнительные последовательности спутниковых сводок,340009,(Стандартизованный индекс различий растительного покрова (НДВИ),,008013,Описатель дня/ночи,,,,Operational
bufr4/3/40/009/1/008065,40,Категория 40 — Дополнительные последовательности спутниковых сводок,340009,(Стандартизованный индекс различий растительного покрова (НДВИ),,008065,Указатель солнечных бликов,,,,Operational
bufr4/3/40/009/1/008072,40,Категория 40 — Дополнительные последовательности спутниковых сводок,340009,(Стандартизованный индекс различий растительного покрова (НДВИ),,008072,Тип элемента(ов) изображения,,,,Operational
bufr4/3/40/009/1/013039,40,Категория 40 — Дополнительные последовательности спутниковых сводок,340009,(Стандартизованный индекс различий растительного покрова (НДВИ),,013039,Тип поверхности (лед/снег),,,,Operational
bufr4/3/40/009/1/040015,40,Категория 40 — Дополнительные последовательности спутниковых сводок,340009,(Стандартизованный индекс различий растительного покрова (НДВИ),,040015,Стандартизованный индекс различий растительного покрова (НДВИ),,,,Operational
bufr4/3/40/010/1/001007,40,Категория 40 — Дополнительные последовательности спутниковых сводок,340010,(Данные JASON-2 OGDR),,001007,Указатель спутника,,,,Operational
bufr4/3/40/010/1/002019,40,Категория 40 — Дополнительные последовательности спутниковых сводок,340010,(Данные JASON-2 OGDR),,002019,Спутниковые приборы,,,,Operational
bufr4/3/40/010/1/001096,40,Категория 40 — Дополнительные последовательности спутниковых сводок,340010,(Данные JASON-2 OGDR),,001096,Станция приема,,,,Operational
bufr4/3/40/010/1/025061,40,Категория 40 — Дополнительные последовательности спутниковых сводок,340010,(Данные JASON-2 OGDR),,025061,Идентификация программного обеспечения и номер версии,,,,Operational
bufr4/3/40/010/1/005044,40,Категория 40 — Дополнительные последовательности спутниковых сводок,340010,(Данные JASON-2 OGDR),,005044,Номер цикла оборота спутника,,,,Operational
bufr4/3/40/010/1/005040,40,Категория 40 — Дополнительные последовательности спутниковых сводок,340010,(Данные JASON-2 OGDR),,005040,Номер орбиты,,,,Operational
bufr4/3/40/010/1/001030,40,Категория 40 — Дополнительные последовательности спутниковых сводок,340010,(Данные JASON-2 OGDR),,001030,Указатель численной модели Датировка,,,,Operational
bufr4/3/40/010/1/004001,40,Категория 40 — Дополнительные последовательности спутниковых сводок,340010,(Данные JASON-2 OGDR),,004001,Год,,,,Operational
bufr4/3/40/010/1/004002,40,Категория 40 — Дополнительные последовательности спутниковых сводок,340010,(Данные JASON-2 OGDR),,004002,Месяц,,,,Operational
bufr4/3/40/010/1/004003,40,Категория 40 — Дополнительные последовательности спутниковых сводок,340010,(Данные JASON-2 OGDR),,004003,День,,,,Operational
bufr4/3/40/010/1/004004,40,Категория 40 — Дополнительные последовательности спутниковых сводок,340010,(Данные JASON-2 OGDR),,004004,Час,,,,Operational
bufr4/3/40/010/1/004005,40,Категория 40 — Дополнительные последовательности спутниковых сводок,340010,(Данные JASON-2 OGDR),,004005,Минута,,,,Operational
bufr4/3/40/010/1/004007,40,Категория 40 — Дополнительные последовательности спутниковых сводок,340010,(Данные JASON-2 OGDR),,004007,Секунды в минуте (точность в микросекундах),(продолж.),,,Operational
bufr4/3/40/010/1/005001,40,Категория 40 — Дополнительные последовательности спутниковых сводок,340010,,,005001,Широта (высокая точность),,,,Operational
bufr4/3/40/010/1/006001,40,Категория 40 — Дополнительные последовательности спутниковых сводок,340010,,,006001,Долгота (высокая точность),,,,Operational
bufr4/3/40/010/1/008029,40,Категория 40 — Дополнительные последовательности спутниковых сводок,340010,,,008029,Тип поверхности,,,,Operational
bufr4/3/40/010/1/008074,40,Категория 40 — Дополнительные последовательности спутниковых сводок,340010,,,008074,Тип отраженного сигнала альтиметра,,,,Operational
bufr4/3/40/010/1/008077,40,Категория 40 — Дополнительные последовательности спутниковых сводок,340010,,,008077,"Тип поверхности, зондируемой радиометром Флаги",,,,Operational
bufr4/3/40/010/1/040011,40,Категория 40 — Дополнительные последовательности спутниковых сводок,340010,,,040011,Флаг интерполяции,,,,Operational
bufr4/3/40/010/1/025097,40,Категория 40 — Дополнительные последовательности спутниковых сводок,340010,,,025097,Трехмерная оценка ошибки орбиты навигатора,,,,Operational
bufr4/3/40/010/1/025095,40,Категория 40 — Дополнительные последовательности спутниковых сводок,340010,,,025095,Флаг состояния альтиметра,,,,Operational
bufr4/3/40/010/1/025098,40,Категория 40 — Дополнительные последовательности спутниковых сводок,340010,,,025098,Флаг качества данных альтиметра,,,,Operational
bufr4/3/40/010/1/025099,40,Категория 40 — Дополнительные последовательности спутниковых сводок,340010,,,025099,Флаг качества коррекции альтиметра,,,,Operational
bufr4/3/40/010/1/021144,40,Категория 40 — Дополнительные последовательности спутниковых сводок,340010,,,021144,Флаг дождя при работе альтиметра,,,,Operational
bufr4/3/40/010/1/025096,40,Категория 40 — Дополнительные последовательности спутниковых сводок,340010,,,025096,Флаг состояния радиометра,,,,Operational
bufr4/3/40/010/1/040012,40,Категория 40 — Дополнительные последовательности спутниковых сводок,340010,,,040012,Флаг качества данных радиометра,,,,Operational
bufr4/3/40/010/1/040013,40,Категория 40 — Дополнительные последовательности спутниковых сводок,340010,,,040013,"Флаг интерпретации яркостной температуры, измеренной с помощью радиометра",,,,Operational
bufr4/3/40/010/1/021169,40,Категория 40 — Дополнительные последовательности спутниковых сводок,340010,,,021169,Указатель наличия льда,,,,Operational
bufr4/3/40/010/1/040023,40,Категория 40 — Дополнительные последовательности спутниковых сводок,340010,,,040023,Вспомогательные флаги состояния альтиметра,,,,Operational
bufr4/3/40/010/1/040024,40,Категория 40 — Дополнительные последовательности спутниковых сводок,340010,,,040024,Наличие метеорологической карты,,,,Operational
bufr4/3/40/010/1/040025,40,Категория 40 — Дополнительные последовательности спутниковых сводок,340010,,,040025,Флаг интерполяции для среднего значения величины суточного прилива Альтиметр: полоса частот Ku,,,,Operational
bufr4/3/40/010/1/022151,40,Категория 40 — Дополнительные последовательности спутниковых сводок,340010,,,022151,Диапазон данных по океану в полосе частот Ku,,,,Operational
bufr4/3/40/010/1/022162,40,Категория 40 — Дополнительные последовательности спутниковых сводок,340010,,,022162,СКО (20 Гц) значений данных по океану в полосе частот Ku,,,,Operational
bufr4/3/40/010/1/022163,40,Категория 40 — Дополнительные последовательности спутниковых сводок,340010,,,022163,Количество (20 Гц) годных точек для полосы частот Ku,,,,Operational
bufr4/3/40/010/1/025160,40,Категория 40 — Дополнительные последовательности спутниковых сводок,340010,,,025160,Чистая инструментальная поправка в полосе частот Ku,,,,Operational
bufr4/3/40/010/1/025133,40,Категория 40 — Дополнительные последовательности спутниковых сводок,340010,,,025133,Коррекция смещенности данных о состоянии моря в полосе частот Ku,,,,Operational
bufr4/3/40/010/1/022156,40,Категория 40 — Дополнительные последовательности спутниковых сводок,340010,,,022156,Высота значительной волны в полосе частот Ku,,,,Operational
bufr4/3/40/010/1/022164,40,Категория 40 — Дополнительные последовательности спутниковых сводок,340010,,,022164,СКО (20 Гц) значений высоты значительной волны в полосе частот Ku,,,,Operational
bufr4/3/40/010/1/022165,40,Категория 40 — Дополнительные последовательности спутниковых сводок,340010,,,022165,Количество (20 Гц) годных точек для высоты значительной волны в полосе частот Ku,,,,Operational
bufr4/3/40/010/1/022166,40,Категория 40 — Дополнительные последовательности спутниковых сводок,340010,,,022166,Чистая инструментальная поправка в полосе частот Ku для высоты значительной волны,,,,Operational
bufr4/3/40/010/1/021137,40,Категория 40 — Дополнительные последовательности спутниковых сводок,340010,,,021137,Скорректированный коэффициент обратного рассеяния поверхностью океана в полосе частот Ku,,,,Operational
bufr4/3/40/010/1/021138,40,Категория 40 — Дополнительные последовательности спутниковых сводок,340010,,,021138,СТО скорректированного коэффициента обратного рассеяния поверхностью океана в полосе частот Ku,,,,Operational
bufr4/3/40/010/1/022167,40,Категория 40 — Дополнительные последовательности спутниковых сводок,340010,,,022167,Количество годных точек для коэффициента обратного рассеяния в полосе частот Ku,,,,Operational
bufr4/3/40/010/1/021139,40,Категория 40 — Дополнительные последовательности спутниковых сводок,340010,,,021139,Чистая инструментальная поправка в полосе частот Ku для АРУ,,,,Operational
bufr4/3/40/010/1/021118,40,Категория 40 — Дополнительные последовательности спутниковых сводок,340010,,,021118,Корректировка на ослабление параметра сигма-0,,,,Operational
bufr4/3/40/010/1/021145,40,Категория 40 — Дополнительные последовательности спутниковых сводок,340010,,,021145,Автоматическая регулировка усиления в полосе частот Ku,,,,Operational
bufr4/3/40/010/1/021146,40,Категория 40 — Дополнительные последовательности спутниковых сводок,340010,,,021146,СКО автоматической регулировки усиления в полосе частот Ku,,,,Operational
bufr4/3/40/010/1/021147,40,Категория 40 — Дополнительные последовательности спутниковых сводок,340010,,,021147,Количество годных точек для автоматической регулировки усиления в полосе частот Ku Альтиметр: полоса частот C,,,,Operational
bufr4/3/40/010/1/022168,40,Категория 40 — Дополнительные последовательности спутниковых сводок,340010,,,022168,Диапазон данных по океану в полосе частот С,,,,Operational
bufr4/3/40/010/1/022169,40,Категория 40 — Дополнительные последовательности спутниковых сводок,340010,,,022169,СКО значений данных по океану в полосе частот С I.2 – Табл. D BUFR/40 — 9,(продолж.),,,Operational
bufr4/3/40/010/1/022170,40,Категория 40 — Дополнительные последовательности спутниковых сводок,340010,,,022170,Количество (20 Гц) годных точек для полосы частот С,,,,Operational
bufr4/3/40/010/1/025161,40,Категория 40 — Дополнительные последовательности спутниковых сводок,340010,,,025161,Чистая инструментальная поправка в полосе частот C,,,,Operational
bufr4/3/40/010/1/025162,40,Категория 40 — Дополнительные последовательности спутниковых сводок,340010,,,025162,Коррекция смещенности данных о состоянии моря в полосе частот C,,,,Operational
bufr4/3/40/010/1/022171,40,Категория 40 — Дополнительные последовательности спутниковых сводок,340010,,,022171,Высота значительной волны в полосе частот C,,,,Operational
bufr4/3/40/010/1/022172,40,Категория 40 — Дополнительные последовательности спутниковых сводок,340010,,,022172,СКО (20 Гц) значений высоты значительной волны в полосе частот C,,,,Operational
bufr4/3/40/010/1/022173,40,Категория 40 — Дополнительные последовательности спутниковых сводок,340010,,,022173,Количество (20 Гц) годных точек высоты значительной волны в полосе частот С,,,,Operational
bufr4/3/40/010/1/022174,40,Категория 40 — Дополнительные последовательности спутниковых сводок,340010,,,022174,Чистая инструментальная поправка в полосе частот С для высоты значительной волны,,,,Operational
bufr4/3/40/010/1/021170,40,Категория 40 — Дополнительные последовательности спутниковых сводок,340010,,,021170,Скорректированный коэффициент обратного рассеяния поверхностью океана в полосе частот C,,,,Operational
bufr4/3/40/010/1/021171,40,Категория 40 — Дополнительные последовательности спутниковых сводок,340010,,,021171,СКО скорректированного коэффициента обратного рассеяния поверхностью океана в полосе частот C,,,,Operational
bufr4/3/40/010/1/022175,40,Категория 40 — Дополнительные последовательности спутниковых сводок,340010,,,022175,Количество годных точек для коэффициента обратного рассеяния в полосе частот C,,,,Operational
bufr4/3/40/010/1/021172,40,Категория 40 — Дополнительные последовательности спутниковых сводок,340010,,,021172,Чистая инструментальная поправка в полосе частот С для АРУ,,,,Operational
bufr4/3/40/010/2/021118,40,Категория 40 — Дополнительные последовательности спутниковых сводок,340010,,,021118,Корректировка на ослабление параметра сигма-0,,,,Operational
bufr4/3/40/010/1/021173,40,Категория 40 — Дополнительные последовательности спутниковых сводок,340010,,,021173,Автоматическая регулировка усиления в полосе частот C,,,,Operational
bufr4/3/40/010/1/021174,40,Категория 40 — Дополнительные последовательности спутниковых сводок,340010,,,021174,СКО автоматической регулировки усиления в полосе частот С,,,,Operational
bufr4/3/40/010/1/021175,40,Категория 40 — Дополнительные последовательности спутниковых сводок,340010,,,021175,Количество годных точек для автоматической регулировки усиления в полосе частот С Радиометр,,,,Operational
bufr4/3/40/010/1/002153,40,Категория 40 — Дополнительные последовательности спутниковых сводок,340010,,,002153,Центральная частота спутникового канала,,,,Operational
bufr4/3/40/010/1/012063,40,Категория 40 — Дополнительные последовательности спутниковых сводок,340010,,,012063,Яркостная температура,,,,Operational
bufr4/3/40/010/2/002153,40,Категория 40 — Дополнительные последовательности спутниковых сводок,340010,,,002153,Центральная частота спутникового канала,,,,Operational
bufr4/3/40/010/2/012063,40,Категория 40 — Дополнительные последовательности спутниковых сводок,340010,,,012063,Яркостная температура,,,,Operational
bufr4/3/40/010/3/002153,40,Категория 40 — Дополнительные последовательности спутниковых сводок,340010,,,002153,Центральная частота спутникового канала,,,,Operational
bufr4/3/40/010/3/012063,40,Категория 40 — Дополнительные последовательности спутниковых сводок,340010,,,012063,Яркостная температура,,,,Operational
bufr4/3/40/010/1/013090,40,Категория 40 — Дополнительные последовательности спутниковых сводок,340010,,,013090,"Содержание водяного пара, определяемое посредством радиометра",,,,Operational
bufr4/3/40/010/1/013091,40,Категория 40 — Дополнительные последовательности спутниковых сводок,340010,,,013091,"Содержание жидкости, определяемое посредством радиометра Ветер",,,,Operational
bufr4/3/40/010/1/007002,40,Категория 40 — Дополнительные последовательности спутниковых сводок,340010,,,007002,Высота или абсолютная высота,,,,Operational
bufr4/3/40/010/1/011097,40,Категория 40 — Дополнительные последовательности спутниковых сводок,340010,,,011097,Скорость ветра по альтиметру,,,,Operational
bufr4/3/40/010/1/011098,40,Категория 40 — Дополнительные последовательности спутниковых сводок,340010,,,011098,Скорость ветра по радиометру,,,,Operational
bufr4/3/40/010/2/007002,40,Категория 40 — Дополнительные последовательности спутниковых сводок,340010,,,007002,Высота или абсолютная высота,,,,Operational
bufr4/3/40/010/1/011095,40,Категория 40 — Дополнительные последовательности спутниковых сводок,340010,,,011095,"Компонент u вектора ветра, используемого в модели",,,,Operational
bufr4/3/40/010/1/011096,40,Категория 40 — Дополнительные последовательности спутниковых сводок,340010,,,011096,"Компонент v вектора ветра, используемого в модели Динамическая топография",,,,Operational
bufr4/3/40/010/1/010096,40,Категория 40 — Дополнительные последовательности спутниковых сводок,340010,,,010096,Средняя динамическая топография,,,,Operational
bufr4/3/40/010/1/010081,40,Категория 40 — Дополнительные последовательности спутниковых сводок,340010,,,010081,Высота центра тяжести (COG) над референс-эллипсоидом,,,,Operational
bufr4/3/40/010/1/010082,40,Категория 40 — Дополнительные последовательности спутниковых сводок,340010,,,010082,Мгновенная скорость изменения высоты,,,,Operational
bufr4/3/40/010/1/010083,40,Категория 40 — Дополнительные последовательности спутниковых сводок,340010,,,010083,Квадрат угла отклонения спутника от надира по данным с платформы,,,,Operational
bufr4/3/40/010/1/010101,40,Категория 40 — Дополнительные последовательности спутниковых сводок,340010,,,010101,Квадрат угла отклонения спутника от надира по данным о форме волны,,,,Operational
bufr4/3/40/010/1/025132,40,Категория 40 — Дополнительные последовательности спутниковых сводок,340010,,,025132,Ионосферная поправка по модели в полосе частот Ku,,,,Operational
bufr4/3/40/010/1/025163,40,Категория 40 — Дополнительные последовательности спутниковых сводок,340010,,,025163,Ионосферная поправка в измерении альтиметром в полосе частот Ku,(продолж.),,,Operational
bufr4/3/40/010/1/025126,40,Категория 40 — Дополнительные последовательности спутниковых сводок,340010,,,025126,Поправка на сухую тропосферу в модели,,,,Operational
bufr4/3/40/010/1/025128,40,Категория 40 — Дополнительные последовательности спутниковых сводок,340010,,,025128,Поправка на влажную тропосферу в модели,,,,Operational
bufr4/3/40/010/1/025164,40,Категория 40 — Дополнительные последовательности спутниковых сводок,340010,,,025164,Поправка показаний радиометра на влажную тропосферу,,,,Operational
bufr4/3/40/010/1/010085,40,Категория 40 — Дополнительные последовательности спутниковых сводок,340010,,,010085,Средняя высота поверхности моря,,,,Operational
bufr4/3/40/010/1/010097,40,Категория 40 — Дополнительные последовательности спутниковых сводок,340010,,,010097,Средняя высота поверхности моря только по альтиметру,,,,Operational
bufr4/3/40/010/1/010086,40,Категория 40 — Дополнительные последовательности спутниковых сводок,340010,,,010086,Высота геоида,,,,Operational
bufr4/3/40/010/1/010087,40,Категория 40 — Дополнительные последовательности спутниковых сводок,340010,,,010087,Глубина океана/высота суши над уровнем моря,,,,Operational
bufr4/3/40/010/1/010092,40,Категория 40 — Дополнительные последовательности спутниковых сводок,340010,,,010092,Высота приливо-отливных явлений твердой оболочки Земли,,,,Operational
bufr4/3/40/010/1/010088,40,Категория 40 — Дополнительные последовательности спутниковых сводок,340010,,,010088,Геоцентрическая высота полного океанического прилива (решение 1),,,,Operational
bufr4/3/40/010/1/010089,40,Категория 40 — Дополнительные последовательности спутниковых сводок,340010,,,010089,Геоцентрическая высота полного океанического прилива (решение 2),,,,Operational
bufr4/3/40/010/1/010098,40,Категория 40 — Дополнительные последовательности спутниковых сводок,340010,,,010098,Геоцентрическая высота приливной нагрузки океанического прилива (решение 1),,,,Operational
bufr4/3/40/010/1/010099,40,Категория 40 — Дополнительные последовательности спутниковых сводок,340010,,,010099,Геоцентрическая высота приливной нагрузки океанического прилива (решение 2),,,,Operational
bufr4/3/40/010/1/010090,40,Категория 40 — Дополнительные последовательности спутниковых сводок,340010,,,010090,Высота долгопериодного прилива,,,,Operational
bufr4/3/40/010/1/010100,40,Категория 40 — Дополнительные последовательности спутниковых сводок,340010,,,010100,Высота неравновесного долгопериодного прилива,,,,Operational
bufr4/3/40/010/1/010093,40,Категория 40 — Дополнительные последовательности спутниковых сводок,340010,,,010093,Геоцентрическая высота полюсного прилива,,,,Operational
bufr4/3/40/010/1/025127,40,Категория 40 — Дополнительные последовательности спутниковых сводок,340010,,,025127,Барометрическая поправка Барометрическая поправка к высоте поверхности моря,,,,Operational
bufr4/3/40/010/1/040014,40,Категория 40 — Дополнительные последовательности спутниковых сводок,340010,,,040014,Поправка на высокочастотные колебания топографии поверхности моря,,,,Operational
bufr4/3/40/010/1/010102,40,Категория 40 — Дополнительные последовательности спутниковых сводок,340010,,,010102,Аномалия высоты поверхности моря,,,,Operational
bufr4/3/40/011/1/001007,40,Категория 40 — Дополнительные последовательности спутниковых сводок,340011,(SARAL Altika),,001007,Указатель спутника,,,,Operational
bufr4/3/40/011/1/002019,40,Категория 40 — Дополнительные последовательности спутниковых сводок,340011,(SARAL Altika),,002019,Спутниковые приборы,,,,Operational
bufr4/3/40/011/1/001096,40,Категория 40 — Дополнительные последовательности спутниковых сводок,340011,(SARAL Altika),,001096,Станция приема,,,,Operational
bufr4/3/40/011/1/025061,40,Категория 40 — Дополнительные последовательности спутниковых сводок,340011,(SARAL Altika),,025061,Идентификация программного обеспечения и номер версии,,,,Operational
bufr4/3/40/011/1/005044,40,Категория 40 — Дополнительные последовательности спутниковых сводок,340011,(SARAL Altika),,005044,Номер цикла оборота спутника,,,,Operational
bufr4/3/40/011/1/005040,40,Категория 40 — Дополнительные последовательности спутниковых сводок,340011,(SARAL Altika),,005040,Номер орбиты,,,,Operational
bufr4/3/40/011/1/001030,40,Категория 40 — Дополнительные последовательности спутниковых сводок,340011,(SARAL Altika),,001030,Указатель численной модели,,,,Operational
bufr4/3/40/011/1/004001,40,Категория 40 — Дополнительные последовательности спутниковых сводок,340011,(SARAL Altika),,004001,Год,,,,Operational
bufr4/3/40/011/1/004002,40,Категория 40 — Дополнительные последовательности спутниковых сводок,340011,(SARAL Altika),,004002,Месяц,,,,Operational
bufr4/3/40/011/1/004003,40,Категория 40 — Дополнительные последовательности спутниковых сводок,340011,(SARAL Altika),,004003,День,,,,Operational
bufr4/3/40/011/1/004004,40,Категория 40 — Дополнительные последовательности спутниковых сводок,340011,(SARAL Altika),,004004,Час,,,,Operational
bufr4/3/40/011/1/004005,40,Категория 40 — Дополнительные последовательности спутниковых сводок,340011,(SARAL Altika),,004005,Минута,,,,Operational
bufr4/3/40/011/1/004007,40,Категория 40 — Дополнительные последовательности спутниковых сводок,340011,(SARAL Altika),,004007,Секунды в минуте (точность до микросекунд),,,,Operational
bufr4/3/40/011/1/005001,40,Категория 40 — Дополнительные последовательности спутниковых сводок,340011,(SARAL Altika),,005001,Широта (высокая точность),,,,Operational
bufr4/3/40/011/1/006001,40,Категория 40 — Дополнительные последовательности спутниковых сводок,340011,(SARAL Altika),,006001,Долгота (высокая точность),,,,Operational
bufr4/3/40/011/1/008029,40,Категория 40 — Дополнительные последовательности спутниковых сводок,340011,(SARAL Altika),,008029,Тип поверхности,,,,Operational
bufr4/3/40/011/1/008077,40,Категория 40 — Дополнительные последовательности спутниковых сводок,340011,(SARAL Altika),,008077,"Тип поверхности, зондируемой радиометром",,,,Operational
bufr4/3/40/011/1/040011,40,Категория 40 — Дополнительные последовательности спутниковых сводок,340011,(SARAL Altika),,040011,Флаг интерполяции,,,,Operational
bufr4/3/40/011/1/025097,40,Категория 40 — Дополнительные последовательности спутниковых сводок,340011,(SARAL Altika),,025097,Трехмерная оценка ошибки орбиты навигатора,,,,Operational
bufr4/3/40/011/1/025112,40,Категория 40 — Дополнительные последовательности спутниковых сводок,340011,(SARAL Altika),,025112,Флаг качества данных альтиметра для специфической полосы частот,,,,Operational
bufr4/3/40/011/1/025113,40,Категория 40 — Дополнительные последовательности спутниковых сводок,340011,(SARAL Altika),,025113,Флаг качества коррекции альтиметра для специфической полосы частот I.2 – Табл. D BUFR/40 — 11,(продолж.),,,Operational
bufr4/3/40/011/1/021148,40,Категория 40 — Дополнительные последовательности спутниковых сводок,340011,,,021148,Флаг отклонения заднего фронта импульса,,,,Operational
bufr4/3/40/011/1/021169,40,Категория 40 — Дополнительные последовательности спутниковых сводок,340011,,,021169,Указатель наличия льда,,,,Operational
bufr4/3/40/011/1/040024,40,Категория 40 — Дополнительные последовательности спутниковых сводок,340011,,,040024,Наличие метеорологической карты,,,,Operational
bufr4/3/40/011/1/040025,40,Категория 40 — Дополнительные последовательности спутниковых сводок,340011,,,040025,Флаг интерполяции для среднего значения величины суточного прилива,,,,Operational
bufr4/3/40/011/1/002153,40,Категория 40 — Дополнительные последовательности спутниковых сводок,340011,,,002153,Центральная частота спутникового канала,,,,Operational
bufr4/3/40/011/1/022189,40,Категория 40 — Дополнительные последовательности спутниковых сводок,340011,,,022189,Диапазон данных по океану в специфической полосе частот,,,,Operational
bufr4/3/40/011/1/022191,40,Категория 40 — Дополнительные последовательности спутниковых сводок,340011,,,022191,СКО диапазона данных по океану в специфической полосе частот,,,,Operational
bufr4/3/40/011/1/022130,40,Категория 40 — Дополнительные последовательности спутниковых сводок,340011,,,022130,Количество годных точек для специфической полосы частот,,,,Operational
bufr4/3/40/011/1/025167,40,Категория 40 — Дополнительные последовательности спутниковых сводок,340011,,,025167,Чистая инструментальная поправка в специфической полосе частот,,,,Operational
bufr4/3/40/011/1/025166,40,Категория 40 — Дополнительные последовательности спутниковых сводок,340011,,,025166,Коррекция смещенности данных о состоянии моря в специфической полосе частот,,,,Operational
bufr4/3/40/011/1/022190,40,Категория 40 — Дополнительные последовательности спутниковых сводок,340011,,,022190,Высота значительной волны в специфической полосе частот,,,,Operational
bufr4/3/40/011/1/022131,40,Категория 40 — Дополнительные последовательности спутниковых сводок,340011,,,022131,СКО значений высоты значительной волны в специфической полосе частот,,,,Operational
bufr4/3/40/011/1/022132,40,Категория 40 — Дополнительные последовательности спутниковых сводок,340011,,,022132,Количество годных точек для высоты значительной волны в специфической полосе частот,,,,Operational
bufr4/3/40/011/1/022133,40,Категория 40 — Дополнительные последовательности спутниковых сводок,340011,,,022133,Чистая инструментальная поправка в специфической полосе частот для высоты значительной волны,,,,Operational
bufr4/3/40/011/1/021183,40,Категория 40 — Дополнительные последовательности спутниковых сводок,340011,,,021183,Скорректированный коэффициент обратного рассеяния поверхностью океана в специфической полосе частот,,,,Operational
bufr4/3/40/011/1/021184,40,Категория 40 — Дополнительные последовательности спутниковых сводок,340011,,,021184,Стандартное отклонение скорректированного коэффициента обратного рассеяния поверхностью океана в специфической полосе частот,,,,Operational
bufr4/3/40/011/1/022134,40,Категория 40 — Дополнительные последовательности спутниковых сводок,340011,,,022134,Количество годных точек в специфической полосе частот для обратного рассеяния,,,,Operational
bufr4/3/40/011/1/021185,40,Категория 40 — Дополнительные последовательности спутниковых сводок,340011,,,021185,Чистая инструментальная поправка в специфической полосе частот для АРУ,,,,Operational
bufr4/3/40/011/1/021118,40,Категория 40 — Дополнительные последовательности спутниковых сводок,340011,,,021118,Корректировка на ослабление параметра сигма-0,,,,Operational
bufr4/3/40/011/1/021186,40,Категория 40 — Дополнительные последовательности спутниковых сводок,340011,,,021186,Автоматическая регулировка усиления в специфической полосе частот,,,,Operational
bufr4/3/40/011/1/021187,40,Категория 40 — Дополнительные последовательности спутниковых сводок,340011,,,021187,СКО автоматической регулировки усиления в специфической полосе частот,,,,Operational
bufr4/3/40/011/1/021188,40,Категория 40 — Дополнительные последовательности спутниковых сводок,340011,,,021188,Количество годных точек для автоматической регулировки усиления в специфической полосе частот,,,,Operational
bufr4/3/40/011/2/002153,40,Категория 40 — Дополнительные последовательности спутниковых сводок,340011,,,002153,Центральная частота спутникового канала,,,,Operational
bufr4/3/40/011/1/012063,40,Категория 40 — Дополнительные последовательности спутниковых сводок,340011,,,012063,Яркостная температура,,,,Operational
bufr4/3/40/011/3/002153,40,Категория 40 — Дополнительные последовательности спутниковых сводок,340011,,,002153,Центральная частота спутникового канала,,,,Operational
bufr4/3/40/011/2/012063,40,Категория 40 — Дополнительные последовательности спутниковых сводок,340011,,,012063,Яркостная температура,,,,Operational
bufr4/3/40/011/1/013090,40,Категория 40 — Дополнительные последовательности спутниковых сводок,340011,,,013090,"Содержание водяного пара, определяемое посредством радиометра",,,,Operational
bufr4/3/40/011/1/013160,40,Категория 40 — Дополнительные последовательности спутниковых сводок,340011,,,013160,"Содержание жидкости, определяемое посредством радиометра",,,,Operational
bufr4/3/40/011/1/007002,40,Категория 40 — Дополнительные последовательности спутниковых сводок,340011,,,007002,Высота или абсолютная высота,,,,Operational
bufr4/3/40/011/1/011097,40,Категория 40 — Дополнительные последовательности спутниковых сводок,340011,,,011097,Скорость ветра по альтиметру,,,,Operational
bufr4/3/40/011/2/007002,40,Категория 40 — Дополнительные последовательности спутниковых сводок,340011,,,007002,Высота или абсолютная высота,,,,Operational
bufr4/3/40/011/1/011095,40,Категория 40 — Дополнительные последовательности спутниковых сводок,340011,,,011095,"Компонента u вектора ветра, используемого в модели",,,,Operational
bufr4/3/40/011/1/011096,40,Категория 40 — Дополнительные последовательности спутниковых сводок,340011,,,011096,"Компонента v вектора ветра, используемого в модели",(продолж.),,,Operational
bufr4/3/40/011/1/010096,40,Категория 40 — Дополнительные последовательности спутниковых сводок,340011,,,010096,Средняя динамическая топография,,,,Operational
bufr4/3/40/011/1/010081,40,Категория 40 — Дополнительные последовательности спутниковых сводок,340011,,,010081,Высота центра тяжести (COG) над референс-эллипсоидом,,,,Operational
bufr4/3/40/011/1/010082,40,Категория 40 — Дополнительные последовательности спутниковых сводок,340011,,,010082,Мгновенная скорость изменения высоты,,,,Operational
bufr4/3/40/011/1/010083,40,Категория 40 — Дополнительные последовательности спутниковых сводок,340011,,,010083,Квадрат угла отклонения спутника от надира по данным с платформы,,,,Operational
bufr4/3/40/011/1/010101,40,Категория 40 — Дополнительные последовательности спутниковых сводок,340011,,,010101,Квадрат угла отклонения спутника от надира по данным о форме волны,,,,Operational
bufr4/3/40/011/4/002153,40,Категория 40 — Дополнительные последовательности спутниковых сводок,340011,,,002153,Центральная частота спутникового канала,,,,Operational
bufr4/3/40/011/1/025165,40,Категория 40 — Дополнительные последовательности спутниковых сводок,340011,,,025165,Ионосферная коррекция по модели в специфической полосе частот,,,,Operational
bufr4/3/40/011/1/025126,40,Категория 40 — Дополнительные последовательности спутниковых сводок,340011,,,025126,Поправка на сухую тропосферу в модели,,,,Operational
bufr4/3/40/011/1/025128,40,Категория 40 — Дополнительные последовательности спутниковых сводок,340011,,,025128,Поправка на влажную тропосферу в модели,,,,Operational
bufr4/3/40/011/1/025164,40,Категория 40 — Дополнительные последовательности спутниковых сводок,340011,,,025164,Поправка показаний радиометра на влажную тропосферу,,,,Operational
bufr4/3/40/011/1/010085,40,Категория 40 — Дополнительные последовательности спутниковых сводок,340011,,,010085,Средняя высота поверхности моря,,,,Operational
bufr4/3/40/011/1/010086,40,Категория 40 — Дополнительные последовательности спутниковых сводок,340011,,,010086,Высота геоида,,,,Operational
bufr4/3/40/011/1/010087,40,Категория 40 — Дополнительные последовательности спутниковых сводок,340011,,,010087,Глубина океана/высота суши над уровнем моря,,,,Operational
bufr4/3/40/011/1/010092,40,Категория 40 — Дополнительные последовательности спутниковых сводок,340011,,,010092,Высота приливно-отливных явлений твердой оболочки Земли,,,,Operational
bufr4/3/40/011/1/010088,40,Категория 40 — Дополнительные последовательности спутниковых сводок,340011,,,010088,Геоцентрическая высота полного океанического прилива (решение 1),,,,Operational
bufr4/3/40/011/1/010089,40,Категория 40 — Дополнительные последовательности спутниковых сводок,340011,,,010089,Геоцентрическая высота полного океанического прилива (решение 2),,,,Operational
bufr4/3/40/011/1/010098,40,Категория 40 — Дополнительные последовательности спутниковых сводок,340011,,,010098,Геоцентрическая высота приливной нагрузки океанического прилива (решение 1),,,,Operational
bufr4/3/40/011/1/010099,40,Категория 40 — Дополнительные последовательности спутниковых сводок,340011,,,010099,Геоцентрическая высота приливной нагрузки океанического прилива (решение 2),,,,Operational
bufr4/3/40/011/1/010090,40,Категория 40 — Дополнительные последовательности спутниковых сводок,340011,,,010090,Высота долгопериодного прилива,,,,Operational
bufr4/3/40/011/1/010100,40,Категория 40 — Дополнительные последовательности спутниковых сводок,340011,,,010100,Высота неравновесного долгопериодного прилива,,,,Operational
bufr4/3/40/011/1/010093,40,Категория 40 — Дополнительные последовательности спутниковых сводок,340011,,,010093,Геоцентрическоая высота полюсного прилива,,,,Operational
bufr4/3/40/011/1/025127,40,Категория 40 — Дополнительные последовательности спутниковых сводок,340011,,,025127,Барометрическая поправка,,,,Operational
bufr4/3/40/011/1/040014,40,Категория 40 — Дополнительные последовательности спутниковых сводок,340011,,,040014,Поправка на высокочастотные колебания топографии поверхности моря,,,,Operational
bufr4/3/40/011/1/010102,40,Категория 40 — Дополнительные последовательности спутниковых сводок,340011,,,010102,Аномалия высоты поверхности моря,,,,Operational
bufr4/3/40/012/1/001007,40,Категория 40 — Дополнительные последовательности спутниковых сводок,340012,(Микроволновой прибор получения изображений для глобальных измерений осадков (GMI)),,001007,Указатель спутника,,,,Operational
bufr4/3/40/012/1/002019,40,Категория 40 — Дополнительные последовательности спутниковых сводок,340012,(Микроволновой прибор получения изображений для глобальных измерений осадков (GMI)),,002019,Спутниковые приборы,,,,Operational
bufr4/3/40/012/1/008091,40,Категория 40 — Дополнительные последовательности спутниковых сводок,340012,(Микроволновой прибор получения изображений для глобальных измерений осадков (GMI)),,008091,Значимость координат = 0 Координаты спутника,,,,Operational
bufr4/3/40/012/1/005001,40,Категория 40 — Дополнительные последовательности спутниковых сводок,340012,(Микроволновой прибор получения изображений для глобальных измерений осадков (GMI)),,005001,Широта (высокая точность),,,,Operational
bufr4/3/40/012/1/006001,40,Категория 40 — Дополнительные последовательности спутниковых сводок,340012,(Микроволновой прибор получения изображений для глобальных измерений осадков (GMI)),,006001,Долгота (высокая точность),,,,Operational
bufr4/3/40/012/1/007002,40,Категория 40 — Дополнительные последовательности спутниковых сводок,340012,(Микроволновой прибор получения изображений для глобальных измерений осадков (GMI)),,007002,Высота или абсолютная высота,,,,Operational
bufr4/3/40/012/1/005063,40,Категория 40 — Дополнительные последовательности спутниковых сводок,340012,(Микроволновой прибор получения изображений для глобальных измерений осадков (GMI)),,005063,Крен космического аппарата,,,,Operational
bufr4/3/40/012/1/005064,40,Категория 40 — Дополнительные последовательности спутниковых сводок,340012,(Микроволновой прибор получения изображений для глобальных измерений осадков (GMI)),,005064,Тангаж космического аппарата,,,,Operational
bufr4/3/40/012/1/005066,40,Категория 40 — Дополнительные последовательности спутниковых сводок,340012,(Микроволновой прибор получения изображений для глобальных измерений осадков (GMI)),,005066,Рыскание космического аппарата,,,,Operational
bufr4/3/40/012/1/005041,40,Категория 40 — Дополнительные последовательности спутниковых сводок,340012,(Микроволновой прибор получения изображений для глобальных измерений осадков (GMI)),,005041,Номер строки сканирования,,,,Operational
bufr4/3/40/012/1/005067,40,Категория 40 — Дополнительные последовательности спутниковых сводок,340012,(Микроволновой прибор получения изображений для глобальных измерений осадков (GMI)),,005067,Количество строк сканирования,,,,Operational
bufr4/3/40/012/1/301011,40,Категория 40 — Дополнительные последовательности спутниковых сводок,340012,(Микроволновой прибор получения изображений для глобальных измерений осадков (GMI)),,301011,"Год, месяц, день",,,,Operational
bufr4/3/40/012/1/301012,40,Категория 40 — Дополнительные последовательности спутниковых сводок,340012,(Микроволновой прибор получения изображений для глобальных измерений осадков (GMI)),,301012,"Час, минута",,,,Operational
bufr4/3/40/012/1/004007,40,Категория 40 — Дополнительные последовательности спутниковых сводок,340012,(Микроволновой прибор получения изображений для глобальных измерений осадков (GMI)),,004007,Секунды в минуте (точность до микросекунд),,,,Operational
bufr4/3/40/012/2/008091,40,Категория 40 — Дополнительные последовательности спутниковых сводок,340012,(Микроволновой прибор получения изображений для глобальных измерений осадков (GMI)),,008091,Значимость координат = 1 Координаты наблюдения I.2 – Табл. D BUFR/40 — 13,,,,Operational
bufr4/3/40/012/2/005001,40,Категория 40 — Дополнительные последовательности спутниковых сводок,340012,,,005001,Широта (высокая точность),,,,Operational
bufr4/3/40/012/2/006001,40,Категория 40 — Дополнительные последовательности спутниковых сводок,340012,,,006001,Долгота (высокая точность),,,,Operational
bufr4/3/40/012/1/107000,40,Категория 40 — Дополнительные последовательности спутниковых сводок,340012,,,107000,Повторение с задержкой 7 дескрипторов,,,,Operational
bufr4/3/40/012/1/031001,40,Категория 40 — Дополнительные последовательности спутниковых сводок,340012,,,031001,Коэффициент повторения дескриптора с задержкой,,,,Operational
bufr4/3/40/012/1/005042,40,Категория 40 — Дополнительные последовательности спутниковых сводок,340012,,,005042,Номер канала,,,,Operational
bufr4/3/40/012/1/002153,40,Категория 40 — Дополнительные последовательности спутниковых сводок,340012,,,002153,Центральная частота спутникового канала,,,,Operational
bufr4/3/40/012/1/002104,40,Категория 40 — Дополнительные последовательности спутниковых сводок,340012,,,002104,Поляризация антенны,,,,Operational
bufr4/3/40/012/1/040028,40,Категория 40 — Дополнительные последовательности спутниковых сводок,340012,,,040028,Флаг качества GMI,,,,Operational
bufr4/3/40/012/1/007024,40,Категория 40 — Дополнительные последовательности спутниковых сводок,340012,,,007024,Зенитный угол спутника,,,,Operational
bufr4/3/40/012/1/040027,40,Категория 40 — Дополнительные последовательности спутниковых сводок,340012,,,040027,Угол солнечного блика,,,,Operational
bufr4/3/40/012/1/012063,40,Категория 40 — Дополнительные последовательности спутниковых сводок,340012,,,012063,Яркостная температура,,,,Operational
bufr4/3/40/013/1/001007,40,Категория 40 — Дополнительные последовательности спутниковых сводок,340013,(Данные L2b лазерного доплеровского прибора для зондирования атмосферы (ALADIN)),,001007,Указатель спутника,,,,Operational
bufr4/3/40/013/1/002019,40,Категория 40 — Дополнительные последовательности спутниковых сводок,340013,(Данные L2b лазерного доплеровского прибора для зондирования атмосферы (ALADIN)),,002019,Спутниковые приборы,,,,Operational
bufr4/3/40/013/1/001033,40,Категория 40 — Дополнительные последовательности спутниковых сводок,340013,(Данные L2b лазерного доплеровского прибора для зондирования атмосферы (ALADIN)),,001033,Идентификация центра-поставщика/производителя,,,,Operational
bufr4/3/40/013/1/001034,40,Категория 40 — Дополнительные последовательности спутниковых сводок,340013,(Данные L2b лазерного доплеровского прибора для зондирования атмосферы (ALADIN)),,001034,Идентификация подцентра-поставщика/ производителя,,,,Operational
bufr4/3/40/013/1/004001,40,Категория 40 — Дополнительные последовательности спутниковых сводок,340013,(Данные L2b лазерного доплеровского прибора для зондирования атмосферы (ALADIN)),,004001,Год,,,,Operational
bufr4/3/40/013/1/004002,40,Категория 40 — Дополнительные последовательности спутниковых сводок,340013,(Данные L2b лазерного доплеровского прибора для зондирования атмосферы (ALADIN)),,004002,Месяц,,,,Operational
bufr4/3/40/013/1/004003,40,Категория 40 — Дополнительные последовательности спутниковых сводок,340013,(Данные L2b лазерного доплеровского прибора для зондирования атмосферы (ALADIN)),,004003,День,,,,Operational
bufr4/3/40/013/1/004004,40,Категория 40 — Дополнительные последовательности спутниковых сводок,340013,(Данные L2b лазерного доплеровского прибора для зондирования атмосферы (ALADIN)),,004004,Час,,,,Operational
bufr4/3/40/013/1/004005,40,Категория 40 — Дополнительные последовательности спутниковых сводок,340013,(Данные L2b лазерного доплеровского прибора для зондирования атмосферы (ALADIN)),,004005,Минута,,,,Operational
bufr4/3/40/013/1/004007,40,Категория 40 — Дополнительные последовательности спутниковых сводок,340013,(Данные L2b лазерного доплеровского прибора для зондирования атмосферы (ALADIN)),,004007,Секунды в минуте (точность в микросекундах),,,,Operational
bufr4/3/40/013/1/005068,40,Категория 40 — Дополнительные последовательности спутниковых сводок,340013,(Данные L2b лазерного доплеровского прибора для зондирования атмосферы (ALADIN)),,005068,Номер профиля,,,,Operational
bufr4/3/40/013/1/005070,40,Категория 40 — Дополнительные последовательности спутниковых сводок,340013,(Данные L2b лазерного доплеровского прибора для зондирования атмосферы (ALADIN)),,005070,Идентификатор наблюдения,,,,Operational
bufr4/3/40/013/1/005069,40,Категория 40 — Дополнительные последовательности спутниковых сводок,340013,(Данные L2b лазерного доплеровского прибора для зондирования атмосферы (ALADIN)),,005069,Канал приема,,,,Operational
bufr4/3/40/013/1/040036,40,Категория 40 — Дополнительные последовательности спутниковых сводок,340013,(Данные L2b лазерного доплеровского прибора для зондирования атмосферы (ALADIN)),,040036,Классификационный тип лидара L2b,,,,Operational
bufr4/3/40/013/1/008091,40,Категория 40 — Дополнительные последовательности спутниковых сводок,340013,(Данные L2b лазерного доплеровского прибора для зондирования атмосферы (ALADIN)),,008091,Значимость координат = 2 Начало наблюдения,,,,Operational
bufr4/3/40/013/1/005001,40,Категория 40 — Дополнительные последовательности спутниковых сводок,340013,(Данные L2b лазерного доплеровского прибора для зондирования атмосферы (ALADIN)),,005001,Широта (высокая точность),,,,Operational
bufr4/3/40/013/1/006001,40,Категория 40 — Дополнительные последовательности спутниковых сводок,340013,(Данные L2b лазерного доплеровского прибора для зондирования атмосферы (ALADIN)),,006001,Долгота (высокая точность),,,,Operational
bufr4/3/40/013/1/004016,40,Категория 40 — Дополнительные последовательности спутниковых сводок,340013,(Данные L2b лазерного доплеровского прибора для зондирования атмосферы (ALADIN)),,004016,Временной инкремент,,,,Operational
bufr4/3/40/013/2/008091,40,Категория 40 — Дополнительные последовательности спутниковых сводок,340013,(Данные L2b лазерного доплеровского прибора для зондирования атмосферы (ALADIN)),,008091,Значимость координат = 3 Конец наблюдения,,,,Operational
bufr4/3/40/013/2/005001,40,Категория 40 — Дополнительные последовательности спутниковых сводок,340013,(Данные L2b лазерного доплеровского прибора для зондирования атмосферы (ALADIN)),,005001,Широта (высокая точность),,,,Operational
bufr4/3/40/013/2/006001,40,Категория 40 — Дополнительные последовательности спутниковых сводок,340013,(Данные L2b лазерного доплеровского прибора для зондирования атмосферы (ALADIN)),,006001,Долгота (высокая точность),,,,Operational
bufr4/3/40/013/2/004016,40,Категория 40 — Дополнительные последовательности спутниковых сводок,340013,(Данные L2b лазерного доплеровского прибора для зондирования атмосферы (ALADIN)),,004016,Временной инкремент,,,,Operational
bufr4/3/40/013/3/008091,40,Категория 40 — Дополнительные последовательности спутниковых сводок,340013,(Данные L2b лазерного доплеровского прибора для зондирования атмосферы (ALADIN)),,008091,= 4 Горизонталь-Значимость координат ный центр тяжести наблюдения,,,,Operational
bufr4/3/40/013/3/005001,40,Категория 40 — Дополнительные последовательности спутниковых сводок,340013,(Данные L2b лазерного доплеровского прибора для зондирования атмосферы (ALADIN)),,005001,Широта (высокая точность),,,,Operational
bufr4/3/40/013/3/006001,40,Категория 40 — Дополнительные последовательности спутниковых сводок,340013,(Данные L2b лазерного доплеровского прибора для зондирования атмосферы (ALADIN)),,006001,Долгота (высокая точность),,,,Operational
bufr4/3/40/013/3/004016,40,Категория 40 — Дополнительные последовательности спутниковых сводок,340013,(Данные L2b лазерного доплеровского прибора для зондирования атмосферы (ALADIN)),,004016,Временной инкремент,,,,Operational
bufr4/3/40/013/4/008091,40,Категория 40 — Дополнительные последовательности спутниковых сводок,340013,(Данные L2b лазерного доплеровского прибора для зондирования атмосферы (ALADIN)),,008091,Значимость координат = 6 Верхняя точка наблюдения,,,,Operational
bufr4/3/40/013/1/007071,40,Категория 40 — Дополнительные последовательности спутниковых сводок,340013,(Данные L2b лазерного доплеровского прибора для зондирования атмосферы (ALADIN)),,007071,Высота (высокое разрешение),,,,Operational
bufr4/3/40/013/1/005021,40,Категория 40 — Дополнительные последовательности спутниковых сводок,340013,(Данные L2b лазерного доплеровского прибора для зондирования атмосферы (ALADIN)),,005021,Пеленг или азимут,,,,Operational
bufr4/3/40/013/1/007021,40,Категория 40 — Дополнительные последовательности спутниковых сводок,340013,(Данные L2b лазерного доплеровского прибора для зондирования атмосферы (ALADIN)),,007021,Возвышение,,,,Operational
bufr4/3/40/013/1/040035,40,Категория 40 — Дополнительные последовательности спутниковых сводок,340013,(Данные L2b лазерного доплеровского прибора для зондирования атмосферы (ALADIN)),,040035,Дальность спутника,,,,Operational
bufr4/3/40/013/5/008091,40,Категория 40 — Дополнительные последовательности спутниковых сводок,340013,(Данные L2b лазерного доплеровского прибора для зондирования атмосферы (ALADIN)),,008091,Значимость координат = 7 Нижняя точка наблюдения,,,,Operational
bufr4/3/40/013/2/007071,40,Категория 40 — Дополнительные последовательности спутниковых сводок,340013,(Данные L2b лазерного доплеровского прибора для зондирования атмосферы (ALADIN)),,007071,Высота (высокое разрешение),,,,Operational
bufr4/3/40/013/2/005021,40,Категория 40 — Дополнительные последовательности спутниковых сводок,340013,(Данные L2b лазерного доплеровского прибора для зондирования атмосферы (ALADIN)),,005021,Пеленг или азимут,,,,Operational
bufr4/3/40/013/2/007021,40,Категория 40 — Дополнительные последовательности спутниковых сводок,340013,(Данные L2b лазерного доплеровского прибора для зондирования атмосферы (ALADIN)),,007021,Возвышение,,,,Operational
bufr4/3/40/013/2/040035,40,Категория 40 — Дополнительные последовательности спутниковых сводок,340013,(Данные L2b лазерного доплеровского прибора для зондирования атмосферы (ALADIN)),,040035,Дальность спутника,(продолж.),,,Operational
bufr4/3/40/013/6/008091,40,Категория 40 — Дополнительные последовательности спутниковых сводок,340013,,,008091,Значимость координат = 5 Вертикальный центр тяжести наблюдения,,,,Operational
bufr4/3/40/013/3/007071,40,Категория 40 — Дополнительные последовательности спутниковых сводок,340013,,,007071,Высота (высокое разрешение),,,,Operational
bufr4/3/40/013/3/005021,40,Категория 40 — Дополнительные последовательности спутниковых сводок,340013,,,005021,Пеленг или азимут,,,,Operational
bufr4/3/40/013/3/007021,40,Категория 40 — Дополнительные последовательности спутниковых сводок,340013,,,007021,Возвышение,,,,Operational
bufr4/3/40/013/3/040035,40,Категория 40 — Дополнительные последовательности спутниковых сводок,340013,,,040035,Дальность спутника,,,,Operational
bufr4/3/40/013/1/040029,40,Категория 40 — Дополнительные последовательности спутниковых сводок,340013,,,040029,Расстояние по горизонтали для интеграции наблюдения,,,,Operational
bufr4/3/40/013/1/040030,40,Категория 40 — Дополнительные последовательности спутниковых сводок,340013,,,040030,Ветер по горизонтальной линии прямой видимости,,,,Operational
bufr4/3/40/013/1/040031,40,Категория 40 — Дополнительные последовательности спутниковых сводок,340013,,,040031,Оценка погрешности ветра по горизонтальной линии прямой видимости,,,,Operational
bufr4/3/40/013/1/025187,40,Категория 40 — Дополнительные последовательности спутниковых сводок,340013,,,025187,Флаг достоверности,,,,Operational
bufr4/3/40/013/1/010004,40,Категория 40 — Дополнительные последовательности спутниковых сводок,340013,,,010004,Давление,,,,Operational
bufr4/3/40/013/1/012001,40,Категория 40 — Дополнительные последовательности спутниковых сводок,340013,,,012001,Температура/температура воздуха,,,,Operational
bufr4/3/40/013/1/040037,40,Категория 40 — Дополнительные последовательности спутниковых сводок,340013,,,040037,Коэффициент обратного рассеяния,,,,Operational
bufr4/3/40/013/1/040032,40,Категория 40 — Дополнительные последовательности спутниковых сводок,340013,,,040032,Отношение производной ветра к давлению,,,,Operational
bufr4/3/40/013/1/040033,40,Категория 40 — Дополнительные последовательности спутниковых сводок,340013,,,040033,Отношение производной ветра к температуре,,,,Operational
bufr4/3/40/013/1/040034,40,Категория 40 — Дополнительные последовательности спутниковых сводок,340013,,,040034,Отношение производной ветра к обратному рассеянию,,,,Operational
bufr4/3/40/015/1/001007,40,Категория 40 — Дополнительные последовательности спутниковых сводок,340015,"(Данные об осадках, полученные в рамках Программы глобальных измерений осадков (ГИО))",,001007,Указатель спутника,,,,Operational
bufr4/3/40/015/1/002019,40,Категория 40 — Дополнительные последовательности спутниковых сводок,340015,"(Данные об осадках, полученные в рамках Программы глобальных измерений осадков (ГИО))",,002019,Спутниковые приборы,,,,Operational
bufr4/3/40/015/1/301011,40,Категория 40 — Дополнительные последовательности спутниковых сводок,340015,"(Данные об осадках, полученные в рамках Программы глобальных измерений осадков (ГИО))",,301011,"Год, месяц, день",,,,Operational
bufr4/3/40/015/1/301012,40,Категория 40 — Дополнительные последовательности спутниковых сводок,340015,"(Данные об осадках, полученные в рамках Программы глобальных измерений осадков (ГИО))",,301012,"Час, минута",,,,Operational
bufr4/3/40/015/1/004007,40,Категория 40 — Дополнительные последовательности спутниковых сводок,340015,"(Данные об осадках, полученные в рамках Программы глобальных измерений осадков (ГИО))",,004007,Секунды в минуте (точность в микросекундах),,,,Operational
bufr4/3/40/015/1/201133,40,Категория 40 — Дополнительные последовательности спутниковых сводок,340015,"(Данные об осадках, полученные в рамках Программы глобальных измерений осадков (ГИО))",,201133,Изменить длину данных Увеличить битовую ширину,,,,Operational
bufr4/3/40/015/1/005041,40,Категория 40 — Дополнительные последовательности спутниковых сводок,340015,"(Данные об осадках, полученные в рамках Программы глобальных измерений осадков (ГИО))",,005041,Номер строки сканирования,,,,Operational
bufr4/3/40/015/1/201000,40,Категория 40 — Дополнительные последовательности спутниковых сводок,340015,"(Данные об осадках, полученные в рамках Программы глобальных измерений осадков (ГИО))",,201000,Отменить увели-Изменить длину данных чение битовой ширины,,,,Operational
bufr4/3/40/015/1/201130,40,Категория 40 — Дополнительные последовательности спутниковых сводок,340015,"(Данные об осадках, полученные в рамках Программы глобальных измерений осадков (ГИО))",,201130,Изменить длину данных Увеличить битовую ширину,,,,Operational
bufr4/3/40/015/1/005043,40,Категория 40 — Дополнительные последовательности спутниковых сводок,340015,"(Данные об осадках, полученные в рамках Программы глобальных измерений осадков (ГИО))",,005043,Номер поля зрения,,,,Operational
bufr4/3/40/015/2/201000,40,Категория 40 — Дополнительные последовательности спутниковых сводок,340015,"(Данные об осадках, полученные в рамках Программы глобальных измерений осадков (ГИО))",,201000,Отменить увели-Изменить длину данных чение битовой ширины,,,,Operational
bufr4/3/40/015/1/207001,40,Категория 40 — Дополнительные последовательности спутниковых сводок,340015,"(Данные об осадках, полученные в рамках Программы глобальных измерений осадков (ГИО))",,207001,"Увеличить масштаб, величину начала отсчета и длину данных",,,,Operational
bufr4/3/40/015/1/005002,40,Категория 40 — Дополнительные последовательности спутниковых сводок,340015,"(Данные об осадках, полученные в рамках Программы глобальных измерений осадков (ГИО))",,005002,Широта (низкая точность),,,,Operational
bufr4/3/40/015/1/006002,40,Категория 40 — Дополнительные последовательности спутниковых сводок,340015,"(Данные об осадках, полученные в рамках Программы глобальных измерений осадков (ГИО))",,006002,Долгота (низкая точность),,,,Operational
bufr4/3/40/015/1/207000,40,Категория 40 — Дополнительные последовательности спутниковых сводок,340015,"(Данные об осадках, полученные в рамках Программы глобальных измерений осадков (ГИО))",,207000,"Увеличить масштаб, величину начала отсчета и длину Отменить данных",,,,Operational
bufr4/3/40/015/1/040027,40,Категория 40 — Дополнительные последовательности спутниковых сводок,340015,"(Данные об осадках, полученные в рамках Программы глобальных измерений осадков (ГИО))",,040027,Угол солнечного блика,,,,Operational
bufr4/3/40/015/1/013040,40,Категория 40 — Дополнительные последовательности спутниковых сводок,340015,"(Данные об осадках, полученные в рамках Программы глобальных измерений осадков (ГИО))",,013040,Флаг поверхности,,,,Operational
bufr4/3/40/015/1/021120,40,Категория 40 — Дополнительные последовательности спутниковых сводок,340015,"(Данные об осадках, полученные в рамках Программы глобальных измерений осадков (ГИО))",,021120,Вероятность дождя,,,,Operational
bufr4/3/40/015/1/207003,40,Категория 40 — Дополнительные последовательности спутниковых сводок,340015,"(Данные об осадках, полученные в рамках Программы глобальных измерений осадков (ГИО))",,207003,"Увеличить масштаб, величину начала отсчета и длину данных",,,,Operational
bufr4/3/40/015/1/102003,40,Категория 40 — Дополнительные последовательности спутниковых сводок,340015,"(Данные об осадках, полученные в рамках Программы глобальных измерений осадков (ГИО))",,102003,Повторить 2 дескриптора 3 раза I.2 – Табл. D BUFR/40 — 15,(продолж.),,,Operational
bufr4/3/40/015/1/002186,40,Категория 40 — Дополнительные последовательности спутниковых сводок,340015,,,002186,/см. колонку слева Способность обнаруживать явления осадков Первое повторение: установить бит 1 = неизвестно/не определено (общее количество осадков); второе повторение: установить бит 6 = твердые осадки; третье повторение: установить бит 24 = конвективные осадки,,,,Operational
bufr4/3/40/015/1/013155,40,Категория 40 — Дополнительные последовательности спутниковых сводок,340015,,,013155,Интенсивность осадков (высокая точность),,,,Operational
bufr4/3/40/015/2/207000,40,Категория 40 — Дополнительные последовательности спутниковых сводок,340015,,,207000,"Увеличить масштаб, величину начала отсчета и длину Отменить данных",,,,Operational
bufr4/3/40/015/1/033003,40,Категория 40 — Дополнительные последовательности спутниковых сводок,340015,,,033003,Информация о качестве,,,,Operational
bufr4/3/40/016/1/301129,40,Категория 40 — Дополнительные последовательности спутниковых сводок,340016,"(Количественные показатели основного компонента, выбор канала и расширенные данные, собранные на борту геостационарной платформы)",,301129,Спутник и приборы для наблюдений,,,,Operational
bufr4/3/40/016/1/301130,40,Категория 40 — Дополнительные последовательности спутниковых сводок,340016,"(Количественные показатели основного компонента, выбор канала и расширенные данные, собранные на борту геостационарной платформы)",,301130,Высокоточная метка времени,,,,Operational
bufr4/3/40/016/1/301131,40,Категория 40 — Дополнительные последовательности спутниковых сводок,340016,"(Количественные показатели основного компонента, выбор канала и расширенные данные, собранные на борту геостационарной платформы)",,301131,Пиксельная геолокация,,,,Operational
bufr4/3/40/016/1/202134,40,Категория 40 — Дополнительные последовательности спутниковых сводок,340016,"(Количественные показатели основного компонента, выбор канала и расширенные данные, собранные на борту геостационарной платформы)",,202134,Изменить масштаб Добавить 6 к шкале,,,,Operational
bufr4/3/40/016/1/007001,40,Категория 40 — Дополнительные последовательности спутниковых сводок,340016,"(Количественные показатели основного компонента, выбор канала и расширенные данные, собранные на борту геостационарной платформы)",,007001,Высота станции,,,,Operational
bufr4/3/40/016/1/202000,40,Категория 40 — Дополнительные последовательности спутниковых сводок,340016,"(Количественные показатели основного компонента, выбор канала и расширенные данные, собранные на борту геостационарной платформы)",,202000,Изменить масштаб Отмена,,,,Operational
bufr4/3/40/016/1/101000,40,Категория 40 — Дополнительные последовательности спутниковых сводок,340016,"(Количественные показатели основного компонента, выбор канала и расширенные данные, собранные на борту геостационарной платформы)",,101000,Повторение с задержкой 1 дескриптора,,,,Operational
bufr4/3/40/016/1/031002,40,Категория 40 — Дополнительные последовательности спутниковых сводок,340016,"(Количественные показатели основного компонента, выбор канала и расширенные данные, собранные на борту геостационарной платформы)",,031002,Коэффициент повторения расширенного дескриптора с задержкой,,,,Operational
bufr4/3/40/016/1/340002,40,Категория 40 — Дополнительные последовательности спутниковых сводок,340016,"(Количественные показатели основного компонента, выбор канала и расширенные данные, собранные на борту геостационарной платформы)",,340002,Описание полосы,,,,Operational
bufr4/3/40/016/2/101000,40,Категория 40 — Дополнительные последовательности спутниковых сводок,340016,"(Количественные показатели основного компонента, выбор канала и расширенные данные, собранные на борту геостационарной платформы)",,101000,Повторение с задержкой 1 дескриптора,,,,Operational
bufr4/3/40/016/2/031002,40,Категория 40 — Дополнительные последовательности спутниковых сводок,340016,"(Количественные показатели основного компонента, выбор канала и расширенные данные, собранные на борту геостационарной платформы)",,031002,Коэффициент повторения расширенного дескриптора с задержкой,,,,Operational
bufr4/3/40/016/1/304039,40,Категория 40 — Дополнительные последовательности спутниковых сводок,340016,"(Количественные показатели основного компонента, выбор канала и расширенные данные, собранные на борту геостационарной платформы)",,304039,Излучение в канале,,,,Operational
bufr4/3/40/016/1/001000,40,Категория 40 — Дополнительные последовательности спутниковых сводок,340016,"(Количественные показатели основного компонента, выбор канала и расширенные данные, собранные на борту геостационарной платформы)",,001000,Повторение с задержкой 1 дескриптора,,,,Operational
bufr4/3/40/016/3/031002,40,Категория 40 — Дополнительные последовательности спутниковых сводок,340016,"(Количественные показатели основного компонента, выбор канала и расширенные данные, собранные на борту геостационарной платформы)",,031002,Коэффициент повторения расширенного дескриптора с задержкой,,,,Operational
bufr4/3/40/016/1/304040,40,Категория 40 — Дополнительные последовательности спутниковых сводок,340016,"(Количественные показатели основного компонента, выбор канала и расширенные данные, собранные на борту геостационарной платформы)",,304040,Количественный показатель главного компонента в полосе частот,,,,Operational
bufr4/3/40/017/1/001007,40,Категория 40 — Дополнительные последовательности спутниковых сводок,340017,(Гидрологическая продукция уровня 2 Sentinel-3 (S3)),,001007,Указатель спутника 61 (Sentinel 3A) или 65 (Sentinel 3B),,,,Operational
bufr4/3/40/017/1/002019,40,Категория 40 — Дополнительные последовательности спутниковых сводок,340017,(Гидрологическая продукция уровня 2 Sentinel-3 (S3)),,002019,Спутниковые приборы 178 (SRAL),,,,Operational
bufr4/3/40/017/1/005044,40,Категория 40 — Дополнительные последовательности спутниковых сводок,340017,(Гидрологическая продукция уровня 2 Sentinel-3 (S3)),,005044,Номер цикла оборота спутника,,,,Operational
bufr4/3/40/017/1/001096,40,Категория 40 — Дополнительные последовательности спутниковых сводок,340017,(Гидрологическая продукция уровня 2 Sentinel-3 (S3)),,001096,Станция приема,,,,Operational
bufr4/3/40/017/1/005040,40,Категория 40 — Дополнительные последовательности спутниковых сводок,340017,(Гидрологическая продукция уровня 2 Sentinel-3 (S3)),,005040,Номер орбиты,,,,Operational
bufr4/3/40/017/1/001040,40,Категория 40 — Дополнительные последовательности спутниковых сводок,340017,(Гидрологическая продукция уровня 2 Sentinel-3 (S3)),,001040,Код-идентификатор центра обработки данных,,,,Operational
bufr4/3/40/017/1/025061,40,Категория 40 — Дополнительные последовательности спутниковых сводок,340017,(Гидрологическая продукция уровня 2 Sentinel-3 (S3)),,025061,Идентификация программного обеспечения и номер версии,,,,Operational
bufr4/3/40/017/1/025182,40,Категория 40 — Дополнительные последовательности спутниковых сводок,340017,(Гидрологическая продукция уровня 2 Sentinel-3 (S3)),,025182,Флаг обработки данных L1,,,,Operational
bufr4/3/40/017/1/025183,40,Категория 40 — Дополнительные последовательности спутниковых сводок,340017,(Гидрологическая продукция уровня 2 Sentinel-3 (S3)),,025183,Качество обработки данных L1,,,,Operational
bufr4/3/40/017/1/025181,40,Категория 40 — Дополнительные последовательности спутниковых сводок,340017,(Гидрологическая продукция уровня 2 Sentinel-3 (S3)),,025181,Флаг обработки данных L2,,,,Operational
bufr4/3/40/017/1/025184,40,Категория 40 — Дополнительные последовательности спутниковых сводок,340017,(Гидрологическая продукция уровня 2 Sentinel-3 (S3)),,025184,Статус продукции L2,,,,Operational
bufr4/3/40/017/1/301011,40,Категория 40 — Дополнительные последовательности спутниковых сводок,340017,(Гидрологическая продукция уровня 2 Sentinel-3 (S3)),,301011,"Год, месяц, день",,,,Operational
bufr4/3/40/017/1/301013,40,Категория 40 — Дополнительные последовательности спутниковых сводок,340017,(Гидрологическая продукция уровня 2 Sentinel-3 (S3)),,301013,"Час, минута, секунда",,,,Operational
bufr4/3/40/017/1/004007,40,Категория 40 — Дополнительные последовательности спутниковых сводок,340017,(Гидрологическая продукция уровня 2 Sentinel-3 (S3)),,004007,Секунды в минуте (точность в микросекундах),,,,Operational
bufr4/3/40/017/1/301021,40,Категория 40 — Дополнительные последовательности спутниковых сводок,340017,(Гидрологическая продукция уровня 2 Sentinel-3 (S3)),,301021,Широта/долгота (высокая точность),,,,Operational
bufr4/3/40/017/1/005063,40,Категория 40 — Дополнительные последовательности спутниковых сводок,340017,(Гидрологическая продукция уровня 2 Sentinel-3 (S3)),,005063,Крен космического аппарата,,,,Operational
bufr4/3/40/017/1/005064,40,Категория 40 — Дополнительные последовательности спутниковых сводок,340017,(Гидрологическая продукция уровня 2 Sentinel-3 (S3)),,005064,Тангаж космического аппарата,(продолж.),,,Operational
bufr4/3/40/017/1/005066,40,Категория 40 — Дополнительные последовательности спутниковых сводок,340017,,,005066,Рыскание космического аппарата,,,,Operational
bufr4/3/40/017/1/010081,40,Категория 40 — Дополнительные последовательности спутниковых сводок,340017,,,010081,Высота центра тяжести (COG) над референс-эллипсоидом,,,,Operational
bufr4/3/40/017/1/010082,40,Категория 40 — Дополнительные последовательности спутниковых сводок,340017,,,010082,Мгновенная скорость изменения высоты,,,,Operational
bufr4/3/40/017/1/008075,40,Категория 40 — Дополнительные последовательности спутниковых сводок,340017,,,008075,Определитель восходящей/нисходящей орбиты,,,,Operational
bufr4/3/40/017/1/025090,40,Категория 40 — Дополнительные последовательности спутниковых сводок,340017,,,025090,Флаг характеристики орбиты,,,,Operational
bufr4/3/40/017/1/008029,40,Категория 40 — Дополнительные последовательности спутниковых сводок,340017,,,008029,Тип поверхности,,,,Operational
bufr4/3/40/017/1/201137,40,Категория 40 — Дополнительные последовательности спутниковых сводок,340017,,,201137,Изменить длину данных Увеличить длину данных на 9 бит,,,,Operational
bufr4/3/40/017/1/202129,40,Категория 40 — Дополнительные последовательности спутниковых сводок,340017,,,202129,Изменить масштаб Добавить 1 к шкале,,,,Operational
bufr4/3/40/017/1/006021,40,Категория 40 — Дополнительные последовательности спутниковых сводок,340017,,,006021,Расстояние,,,,Operational
bufr4/3/40/017/1/202000,40,Категория 40 — Дополнительные последовательности спутниковых сводок,340017,,,202000,Изменить масштаб Отмена,,,,Operational
bufr4/3/40/017/1/201000,40,Категория 40 — Дополнительные последовательности спутниковых сводок,340017,,,201000,Изменить длину данных Отмена,,,,Operational
bufr4/3/40/017/1/010087,40,Категория 40 — Дополнительные последовательности спутниковых сводок,340017,,,010087,Глубина океана/высота суши над уровнем моря,,,,Operational
bufr4/3/40/017/1/025096,40,Категория 40 — Дополнительные последовательности спутниковых сводок,340017,,,025096,Флаг состояния радиометра,,,,Operational
bufr4/3/40/017/1/040012,40,Категория 40 — Дополнительные последовательности спутниковых сводок,340017,,,040012,Флаг качества данных радиометра,,,,Operational
bufr4/3/40/017/1/008077,40,Категория 40 — Дополнительные последовательности спутниковых сводок,340017,,,008077,"Тип поверхности, зондируемой радиометром",,,,Operational
bufr4/3/40/017/1/104002,40,Категория 40 — Дополнительные последовательности спутниковых сводок,340017,,,104002,Повторить 4 дескриптора 2 раза,,,,Operational
bufr4/3/40/017/1/002153,40,Категория 40 — Дополнительные последовательности спутниковых сводок,340017,,,002153,Центральная частота спутникового канала,,,,Operational
bufr4/3/40/017/1/012063,40,Категория 40 — Дополнительные последовательности спутниковых сводок,340017,,,012063,Яркостная температура,,,,Operational
bufr4/3/40/017/1/012065,40,Категория 40 — Дополнительные последовательности спутниковых сводок,340017,,,012065,Стандартное отклонение яркостной температуры,,,,Operational
bufr4/3/40/017/1/040013,40,Категория 40 — Дополнительные последовательности спутниковых сводок,340017,,,040013,"Флаг интерпретации яркостной температуры, измеренной с помощью радиометра",,,,Operational
bufr4/3/40/017/1/007002,40,Категория 40 — Дополнительные последовательности спутниковых сводок,340017,,,007002,Высота или абсолютная высота,,,,Operational
bufr4/3/40/017/1/011098,40,Категория 40 — Дополнительные последовательности спутниковых сводок,340017,,,011098,Скорость ветра по радиометру,,,,Operational
bufr4/3/40/017/1/013090,40,Категория 40 — Дополнительные последовательности спутниковых сводок,340017,,,013090,"Содержание водяного пара, определяемое посредством радиометра",,,,Operational
bufr4/3/40/017/1/013091,40,Категория 40 — Дополнительные последовательности спутниковых сводок,340017,,,013091,"Содержание жидкости, определяемое посредством радиометра",,,,Operational
bufr4/3/40/017/1/025164,40,Категория 40 — Дополнительные последовательности спутниковых сводок,340017,,,025164,Поправка показаний радиометра на влажную тропосферу,,,,Operational
bufr4/3/40/017/1/025095,40,Категория 40 — Дополнительные последовательности спутниковых сводок,340017,,,025095,Флаг состояния высотомера,,,,Operational
bufr4/3/40/017/1/040023,40,Категория 40 — Дополнительные последовательности спутниковых сводок,340017,,,040023,Вспомогательные флаги состояния альтиметра,,,,Operational
bufr4/3/40/017/1/025113,40,Категория 40 — Дополнительные последовательности спутниковых сводок,340017,,,025113,Флаг качества коррекции альтиметра для специфической полосы частот,,,,Operational
bufr4/3/40/017/1/008074,40,Категория 40 — Дополнительные последовательности спутниковых сводок,340017,,,008074,Тип отраженного сигнала альтиметра,,,,Operational
bufr4/3/40/017/1/025190,40,Категория 40 — Дополнительные последовательности спутниковых сводок,340017,,,025190,Режим обработки отраженного сигнала альтиметра,,,,Operational
bufr4/3/40/017/1/021144,40,Категория 40 — Дополнительные последовательности спутниковых сводок,340017,,,021144,Флаг дождя при работе альтиметра,,,,Operational
bufr4/3/40/017/1/025191,40,Категория 40 — Дополнительные последовательности спутниковых сводок,340017,,,025191,Режим слежения за альтиметром,,,,Operational
bufr4/3/40/017/1/021143,40,Категория 40 — Дополнительные последовательности спутниковых сводок,340017,,,021143,Ослабление из-за дождя сигнала в полосе частот Ku,,,,Operational
bufr4/3/40/017/1/013055,40,Категория 40 — Дополнительные последовательности спутниковых сводок,340017,,,013055,Интенсивность осадков,,,,Operational
bufr4/3/40/017/1/021169,40,Категория 40 — Дополнительные последовательности спутниковых сводок,340017,,,021169,Указатель наличия льда,,,,Operational
bufr4/3/40/017/1/010101,40,Категория 40 — Дополнительные последовательности спутниковых сводок,340017,,,010101,Квадрат угла отклонения спутника от надира по данным о форме волны,,,,Operational
bufr4/3/40/017/1/015012,40,Категория 40 — Дополнительные последовательности спутниковых сводок,340017,,,015012,Общее число электронов на квадратный метр,,,,Operational
bufr4/3/40/017/2/007002,40,Категория 40 — Дополнительные последовательности спутниковых сводок,340017,,,007002,Высота или абсолютная высота,,,,Operational
bufr4/3/40/017/1/011097,40,Категория 40 — Дополнительные последовательности спутниковых сводок,340017,,,011097,Скорость ветра по альтиметру,,,,Operational
bufr4/3/40/017/1/040024,40,Категория 40 — Дополнительные последовательности спутниковых сводок,340017,,,040024,Наличие метеорологической карты,,,,Operational
bufr4/3/40/017/3/007002,40,Категория 40 — Дополнительные последовательности спутниковых сводок,340017,,,007002,Высота или абсолютная высота,,,,Operational
bufr4/3/40/017/1/025126,40,Категория 40 — Дополнительные последовательности спутниковых сводок,340017,,,025126,Поправка на сухую тропосферу в модели,,,,Operational
bufr4/3/40/017/1/025128,40,Категория 40 — Дополнительные последовательности спутниковых сводок,340017,,,025128,Поправка на влажную тропосферу в модели,,,,Operational
bufr4/3/40/017/1/040011,40,Категория 40 — Дополнительные последовательности спутниковых сводок,340017,,,040011,Флаг интерполяции,,,,Operational
bufr4/3/40/017/4/007002,40,Категория 40 — Дополнительные последовательности спутниковых сводок,340017,,,007002,Высота или абсолютная высота,,,,Operational
bufr4/3/40/017/1/011095,40,Категория 40 — Дополнительные последовательности спутниковых сводок,340017,,,011095,"Компонента u вектора ветра, используемого в модели",,,,Operational
bufr4/3/40/017/1/011096,40,Категория 40 — Дополнительные последовательности спутниковых сводок,340017,,,011096,"Компонента v вектора ветра, используемого в модели I.2 – Табл. D BUFR/40 — 17",(продолж.),,,Operational
bufr4/3/40/017/1/010088,40,Категория 40 — Дополнительные последовательности спутниковых сводок,340017,,,010088,Геоцентрическая высота полного океанического прилива (решение 1),,,,Operational
bufr4/3/40/017/1/010089,40,Категория 40 — Дополнительные последовательности спутниковых сводок,340017,,,010089,Геоцентрическая высота полного океанического прилива (решение 2),,,,Operational
bufr4/3/40/017/1/010090,40,Категория 40 — Дополнительные последовательности спутниковых сводок,340017,,,010090,Высота долгопериодного прилива,,,,Operational
bufr4/3/40/017/1/010092,40,Категория 40 — Дополнительные последовательности спутниковых сводок,340017,,,010092,Высота приливно-отливных явлений твердой оболочки Земли,,,,Operational
bufr4/3/40/017/1/010093,40,Категория 40 — Дополнительные последовательности спутниковых сводок,340017,,,010093,Геоцентрическоая высота полюсного прилива,,,,Operational
bufr4/3/40/017/1/010098,40,Категория 40 — Дополнительные последовательности спутниковых сводок,340017,,,010098,Геоцентрическая высота приливной нагрузки океанического прилива (решение 1),,,,Operational
bufr4/3/40/017/1/010099,40,Категория 40 — Дополнительные последовательности спутниковых сводок,340017,,,010099,Геоцентрическая высота приливной нагрузки океанического прилива (решение 2),,,,Operational
bufr4/3/40/017/1/010100,40,Категория 40 — Дополнительные последовательности спутниковых сводок,340017,,,010100,Высота неравновесного долгопериодного прилива,,,,Operational
bufr4/3/40/017/1/025127,40,Категория 40 — Дополнительные последовательности спутниковых сводок,340017,,,025127,Барометрическая поправка,,,,Operational
bufr4/3/40/017/1/040014,40,Категория 40 — Дополнительные последовательности спутниковых сводок,340017,,,040014,Поправка на высокочастотные колебания топографии поверхности моря,,,,Operational
bufr4/3/40/017/1/010085,40,Категория 40 — Дополнительные последовательности спутниковых сводок,340017,,,010085,Средняя высота поверхности моря,,,,Operational
bufr4/3/40/017/1/010086,40,Категория 40 — Дополнительные последовательности спутниковых сводок,340017,,,010086,Высота геоида,,,,Operational
bufr4/3/40/017/1/010096,40,Категория 40 — Дополнительные последовательности спутниковых сводок,340017,,,010096,Средняя динамическая топография,,,,Operational
bufr4/3/40/017/1/010103,40,Категория 40 — Дополнительные последовательности спутниковых сводок,340017,,,010103,Точность средней динамической топографии,,,,Operational
bufr4/3/40/017/1/010102,40,Категория 40 — Дополнительные последовательности спутниковых сводок,340017,,,010102,Аномалия высоты поверхности моря,,,,Operational
bufr4/3/40/017/1/022080,40,Категория 40 — Дополнительные последовательности спутниковых сводок,340017,,,022080,Центральная частота диапазона волны,,,,Operational
bufr4/3/40/017/1/008076,40,Категория 40 — Дополнительные последовательности спутниковых сводок,340017,,,008076,Тип полосы,,,,Operational
bufr4/3/40/017/1/022189,40,Категория 40 — Дополнительные последовательности спутниковых сводок,340017,,,022189,Диапазон данных по океану в специфической полосе частот,,,,Operational
bufr4/3/40/017/1/022191,40,Категория 40 — Дополнительные последовательности спутниковых сводок,340017,,,022191,СКО диапазона данных по океану в специфической полосе частот,,,,Operational
bufr4/3/40/017/1/022130,40,Категория 40 — Дополнительные последовательности спутниковых сводок,340017,,,022130,Количество годных точек для специфической полосы частот,,,,Operational
bufr4/3/40/017/1/025165,40,Категория 40 — Дополнительные последовательности спутниковых сводок,340017,,,025165,Ионосферная коррекция по модели в специфической полосе частот,,,,Operational
bufr4/3/40/017/1/025166,40,Категория 40 — Дополнительные последовательности спутниковых сводок,340017,,,025166,Коррекция смещенности данных о состоянии моря в специфической полосе частот,,,,Operational
bufr4/3/40/017/1/025167,40,Категория 40 — Дополнительные последовательности спутниковых сводок,340017,,,025167,Чистая инструментальная поправка в специфической полосе частот,,,,Operational
bufr4/3/40/017/1/021183,40,Категория 40 — Дополнительные последовательности спутниковых сводок,340017,,,021183,Скорректированный коэффициент обратного рассеяния поверхностью океана в специфической полосе частот,,,,Operational
bufr4/3/40/017/1/021184,40,Категория 40 — Дополнительные последовательности спутниковых сводок,340017,,,021184,Стандартное отклонение скорректированного коэффициента обратного рассеяния поверхностью океана в специфической полосе частот,,,,Operational
bufr4/3/40/017/1/022134,40,Категория 40 — Дополнительные последовательности спутниковых сводок,340017,,,022134,Количество годных точек в специфической полосе частот для обратного рассеяния,,,,Operational
bufr4/3/40/017/1/021122,40,Категория 40 — Дополнительные последовательности спутниковых сводок,340017,,,021122,Корректировка ослабления по сигме-0 (из tb),,,,Operational
bufr4/3/40/017/1/022190,40,Категория 40 — Дополнительные последовательности спутниковых сводок,340017,,,022190,Высота значительной волны в специфической полосе частот,,,,Operational
bufr4/3/40/017/1/022131,40,Категория 40 — Дополнительные последовательности спутниковых сводок,340017,,,022131,СКО значений высоты значительной волны в специфической полосе частот,,,,Operational
bufr4/3/40/017/1/022132,40,Категория 40 — Дополнительные последовательности спутниковых сводок,340017,,,022132,Количество годных точек для высоты значительной волны в специфической полосе частот,,,,Operational
bufr4/3/40/017/1/022133,40,Категория 40 — Дополнительные последовательности спутниковых сводок,340017,,,022133,Чистая инструментальная поправка в специфической полосе частот для высоты значительной волны,,,,Operational
bufr4/3/40/017/1/021186,40,Категория 40 — Дополнительные последовательности спутниковых сводок,340017,,,021186,Автоматическая регулировка усиления в специфической полосе частот,,,,Operational
bufr4/3/40/017/1/021187,40,Категория 40 — Дополнительные последовательности спутниковых сводок,340017,,,021187,СКО автоматической регулировки усиления в специфической полосе частот,(продолж.),,,Operational
bufr4/3/40/017/1/021188,40,Категория 40 — Дополнительные последовательности спутниковых сводок,340017,,,021188,Количество годных точек для автоматической регулировки усиления в специфической полосе частот,,,,Operational
bufr4/3/40/017/1/021185,40,Категория 40 — Дополнительные последовательности спутниковых сводок,340017,,,021185,Чистая инструментальная поправка в специфической полосе частот для АРУ,,,,Operational
bufr4/3/40/017/1/025112,40,Категория 40 — Дополнительные последовательности спутниковых сводок,340017,,,025112,Флаг качества данных альтиметра для специфической полосы частот,,,,Operational
bufr4/3/40/017/2/025113,40,Категория 40 — Дополнительные последовательности спутниковых сводок,340017,,,025113,Флаг качества коррекции альтиметра для специфической полосы частот,,,,Operational
bufr4/3/40/017/1/033092,40,Категория 40 — Дополнительные последовательности спутниковых сводок,340017,,,033092,Флаг качества океана для специфической полосы частот,,,,Operational
bufr4/3/40/017/2/008076,40,Категория 40 — Дополнительные последовательности спутниковых сводок,340017,,,008076,Тип полосы,,,,Operational
bufr4/3/40/017/2/022189,40,Категория 40 — Дополнительные последовательности спутниковых сводок,340017,,,022189,Диапазон данных по океану в специфической полосе частот,,,,Operational
bufr4/3/40/017/2/022191,40,Категория 40 — Дополнительные последовательности спутниковых сводок,340017,,,022191,СКО диапазона данных по океану в специфической полосе частот,,,,Operational
bufr4/3/40/017/2/022130,40,Категория 40 — Дополнительные последовательности спутниковых сводок,340017,,,022130,Количество годных точек для специфической полосы частот,,,,Operational
bufr4/3/40/017/2/025165,40,Категория 40 — Дополнительные последовательности спутниковых сводок,340017,,,025165,Ионосферная коррекция по модели в специфической полосе частот,,,,Operational
bufr4/3/40/017/2/025166,40,Категория 40 — Дополнительные последовательности спутниковых сводок,340017,,,025166,Коррекция смещенности данных о состоянии моря в специфической полосе частот,,,,Operational
bufr4/3/40/017/2/025167,40,Категория 40 — Дополнительные последовательности спутниковых сводок,340017,,,025167,Чистая инструментальная поправка в специфической полосе частот,,,,Operational
bufr4/3/40/017/2/021183,40,Категория 40 — Дополнительные последовательности спутниковых сводок,340017,,,021183,Скорректированный коэффициент обратного рассеяния поверхностью океана в специфической полосе частот,,,,Operational
bufr4/3/40/017/2/021184,40,Категория 40 — Дополнительные последовательности спутниковых сводок,340017,,,021184,Стандартное отклонение скорректированного коэффициента обратного рассеяния поверхностью океана в специфической полосе частот,,,,Operational
bufr4/3/40/017/2/022134,40,Категория 40 — Дополнительные последовательности спутниковых сводок,340017,,,022134,Количество годных точек в специфической полосе частот для обратного рассеяния,,,,Operational
bufr4/3/40/017/2/021122,40,Категория 40 — Дополнительные последовательности спутниковых сводок,340017,,,021122,Корректировка ослабления по сигме-0 (из tb),,,,Operational
bufr4/3/40/017/2/022190,40,Категория 40 — Дополнительные последовательности спутниковых сводок,340017,,,022190,Высота значительной волны в специфической полосе частот,,,,Operational
bufr4/3/40/017/2/022131,40,Категория 40 — Дополнительные последовательности спутниковых сводок,340017,,,022131,СКО значений высоты значительной волны в специфической полосе частот,,,,Operational
bufr4/3/40/017/2/022132,40,Категория 40 — Дополнительные последовательности спутниковых сводок,340017,,,022132,Количество годных точек для высоты значительной волны в специфической полосе частот,,,,Operational
bufr4/3/40/017/2/022133,40,Категория 40 — Дополнительные последовательности спутниковых сводок,340017,,,022133,Чистая инструментальная поправка в специфической полосе частот для высоты значительной волны,,,,Operational
bufr4/3/40/017/2/021186,40,Категория 40 — Дополнительные последовательности спутниковых сводок,340017,,,021186,Автоматическая регулировка усиления в специфической полосе частот,,,,Operational
bufr4/3/40/017/2/021187,40,Категория 40 — Дополнительные последовательности спутниковых сводок,340017,,,021187,СКО автоматической регулировки усиления в специфической полосе частот,,,,Operational
bufr4/3/40/017/2/021188,40,Категория 40 — Дополнительные последовательности спутниковых сводок,340017,,,021188,Количество годных точек для автоматической регулировки усиления в специфической полосе частот,,,,Operational
bufr4/3/40/017/2/021185,40,Категория 40 — Дополнительные последовательности спутниковых сводок,340017,,,021185,Чистая инструментальная поправка в специфической полосе частот для АРУ,,,,Operational
bufr4/3/40/017/2/025112,40,Категория 40 — Дополнительные последовательности спутниковых сводок,340017,,,025112,Флаг качества данных альтиметра для специфической полосы частот,,,,Operational
bufr4/3/40/017/3/025113,40,Категория 40 — Дополнительные последовательности спутниковых сводок,340017,,,025113,Флаг качества коррекции альтиметра для специфической полосы частот,,,,Operational
bufr4/3/40/017/2/033092,40,Категория 40 — Дополнительные последовательности спутниковых сводок,340017,,,033092,Флаг качества океана для специфической полосы частот I.2 – Табл. D BUFR/40 — 19,(продолж.),,,Operational
bufr4/3/40/017/2/025190,40,Категория 40 — Дополнительные последовательности спутниковых сводок,340017,,,025190,Режим обработки отраженного сигнала альтиметра,,,,Operational
bufr4/3/40/017/2/011097,40,Категория 40 — Дополнительные последовательности спутниковых сводок,340017,,,011097,Скорость ветра по альтиметру,,,,Operational
bufr4/3/40/017/2/013090,40,Категория 40 — Дополнительные последовательности спутниковых сводок,340017,,,013090,"Содержание водяного пара, определяемое посредством радиометра",,,,Operational
bufr4/3/40/017/2/013091,40,Категория 40 — Дополнительные последовательности спутниковых сводок,340017,,,013091,"Содержание жидкости, определяемое посредством радиометра",,,,Operational
bufr4/3/40/017/2/021143,40,Категория 40 — Дополнительные последовательности спутниковых сводок,340017,,,021143,Ослабление из-за дождя сигнала в полосе частот Ku,,,,Operational
bufr4/3/40/017/3/021184,40,Категория 40 — Дополнительные последовательности спутниковых сводок,340017,,,021184,Стандартное отклонение скорректированного коэффициента обратного рассеяния поверхностью океана в специфической полосе частот,,,,Operational
bufr4/3/40/017/2/025128,40,Категория 40 — Дополнительные последовательности спутниковых сводок,340017,,,025128,Поправка на влажную тропосферу в модели,,,,Operational
bufr4/3/40/017/1/025163,40,Категория 40 — Дополнительные последовательности спутниковых сводок,340017,,,025163,Ионосферная поправка в измерении альтиметром в полосе частот Ku,,,,Operational
bufr4/3/40/017/2/025164,40,Категория 40 — Дополнительные последовательности спутниковых сводок,340017,,,025164,Поправка показаний радиометра на влажную тропосферу,,,,Operational
bufr4/3/40/017/2/010102,40,Категория 40 — Дополнительные последовательности спутниковых сводок,340017,,,010102,Аномалия высоты поверхности моря,,,,Operational
bufr4/3/40/017/3/022189,40,Категория 40 — Дополнительные последовательности спутниковых сводок,340017,,,022189,Центральная частота диапазона волны,,,,Operational
bufr4/3/40/017/3/022191,40,Категория 40 — Дополнительные последовательности спутниковых сводок,340017,,,022191,СКО диапазона данных по океану в специфической полосе частот,,,,Operational
bufr4/3/40/017/3/022130,40,Категория 40 — Дополнительные последовательности спутниковых сводок,340017,,,022130,Количество годных точек для специфической полосы частот,,,,Operational
bufr4/3/40/017/3/025166,40,Категория 40 — Дополнительные последовательности спутниковых сводок,340017,,,025166,Коррекция смещенности данных о состоянии моря в специфической полосе частот,,,,Operational
bufr4/3/40/017/3/021183,40,Категория 40 — Дополнительные последовательности спутниковых сводок,340017,,,021183,Скорректированный коэффициент обратного рассеяния поверхностью океана в специфической полосе частот,,,,Operational
bufr4/3/40/017/4/021184,40,Категория 40 — Дополнительные последовательности спутниковых сводок,340017,,,021184,Стандартное отклонение скорректированного коэффициента обратного рассеяния поверхностью океана в специфической полосе частот,,,,Operational
bufr4/3/40/017/3/022134,40,Категория 40 — Дополнительные последовательности спутниковых сводок,340017,,,022134,Количество годных точек в специфической полосе частот для обратного рассеяния,,,,Operational
bufr4/3/40/017/3/022190,40,Категория 40 — Дополнительные последовательности спутниковых сводок,340017,,,022190,Высота значительной волны в специфической полосе частот,,,,Operational
bufr4/3/40/017/3/022131,40,Категория 40 — Дополнительные последовательности спутниковых сводок,340017,,,022131,СКО значений высоты значительной волны в специфической полосе частот,,,,Operational
bufr4/3/40/017/3/022132,40,Категория 40 — Дополнительные последовательности спутниковых сводок,340017,,,022132,Количество годных точек для высоты значительной волны в специфической полосе частот,,,,Operational
bufr4/3/40/017/3/025112,40,Категория 40 — Дополнительные последовательности спутниковых сводок,340017,,,025112,Флаг качества данных альтиметра для специфической полосы частот,,,,Operational
bufr4/3/40/017/4/025113,40,Категория 40 — Дополнительные последовательности спутниковых сводок,340017,,,025113,Флаг качества коррекции альтиметра для специфической полосы частот,,,,Operational
bufr4/3/40/017/3/033092,40,Категория 40 — Дополнительные последовательности спутниковых сводок,340017,,,033092,Флаг качества океана для специфической полосы частот,,,,Operational
bufr4/3/40/017/1/008049,40,Категория 40 — Дополнительные последовательности спутниковых сводок,340017,,,008049,Количество наблюдений,,,,Operational
bufr4/3/40/017/2/022080,40,Категория 40 — Дополнительные последовательности спутниковых сводок,340017,,,022080,Центральная частота диапазона волны,,,,Operational
bufr4/3/40/017/1/134021,40,Категория 40 — Дополнительные последовательности спутниковых сводок,340017,,,134021,Повторить 34 дескриптора 21 раз,,,,Operational
bufr4/3/40/017/2/301011,40,Категория 40 — Дополнительные последовательности спутниковых сводок,340017,,,301011,"Год, месяц, день",,,,Operational
bufr4/3/40/017/2/301013,40,Категория 40 — Дополнительные последовательности спутниковых сводок,340017,,,301013,"Час, минута, секунда",,,,Operational
bufr4/3/40/017/2/004007,40,Категория 40 — Дополнительные последовательности спутниковых сводок,340017,,,004007,Секунды в минуте (точность в микросекундах),,,,Operational
bufr4/3/40/017/2/301021,40,Категория 40 — Дополнительные последовательности спутниковых сводок,340017,,,301021,Широта/долгота (высокая точность),,,,Operational
bufr4/3/40/017/2/010081,40,Категория 40 — Дополнительные последовательности спутниковых сводок,340017,,,010081,Высота центра тяжести (COG) над референс-эллипсоидом,,,,Operational
bufr4/3/40/017/2/010082,40,Категория 40 — Дополнительные последовательности спутниковых сводок,340017,,,010082,Мгновенная скорость изменения высоты,,,,Operational
bufr4/3/40/017/2/008029,40,Категория 40 — Дополнительные последовательности спутниковых сводок,340017,,,008029,Тип поверхности,,,,Operational
bufr4/3/40/017/2/201137,40,Категория 40 — Дополнительные последовательности спутниковых сводок,340017,,,201137,Изменить длину данных Увеличить длину данных на 9 бит,(продолж.),,,Operational
bufr4/3/40/017/2/202129,40,Категория 40 — Дополнительные последовательности спутниковых сводок,340017,,,202129,Изменить масштаб Добавить 1 к шкале,,,,Operational
bufr4/3/40/017/2/006021,40,Категория 40 — Дополнительные последовательности спутниковых сводок,340017,,,006021,Расстояние,,,,Operational
bufr4/3/40/017/2/202000,40,Категория 40 — Дополнительные последовательности спутниковых сводок,340017,,,202000,Изменить масштаб Отмена,,,,Operational
bufr4/3/40/017/2/201000,40,Категория 40 — Дополнительные последовательности спутниковых сводок,340017,,,201000,Изменить длину данных Отмена,,,,Operational
bufr4/3/40/017/2/025191,40,Категория 40 — Дополнительные последовательности спутниковых сводок,340017,,,025191,Режим слежения за альтиметром,,,,Operational
bufr4/3/40/017/1/021071,40,Категория 40 — Дополнительные последовательности спутниковых сводок,340017,,,021071,Максимальные значения,,,,Operational
bufr4/3/40/017/2/010085,40,Категория 40 — Дополнительные последовательности спутниковых сводок,340017,,,010085,Средняя высота поверхности моря,,,,Operational
bufr4/3/40/017/2/040011,40,Категория 40 — Дополнительные последовательности спутниковых сводок,340017,,,040011,Флаг интерполяции,,,,Operational
bufr4/3/40/017/3/010102,40,Категория 40 — Дополнительные последовательности спутниковых сводок,340017,,,010102,Аномалия высоты поверхности моря,,,,Operational
bufr4/3/40/017/4/022189,40,Категория 40 — Дополнительные последовательности спутниковых сводок,340017,,,022189,Центральная частота диапазона волны,,,,Operational
bufr4/3/40/017/1/022146,40,Категория 40 — Дополнительные последовательности спутниковых сводок,340017,,,022146,Диапазон OCOG,,,,Operational
bufr4/3/40/017/3/025165,40,Категория 40 — Дополнительные последовательности спутниковых сводок,340017,,,025165,Ионосферная коррекция по модели в специфической полосе частот,,,,Operational
bufr4/3/40/017/3/025167,40,Категория 40 — Дополнительные последовательности спутниковых сводок,340017,,,025167,Чистая инструментальная поправка в специфической полосе частот,,,,Operational
bufr4/3/40/017/4/021183,40,Категория 40 — Дополнительные последовательности спутниковых сводок,340017,,,021183,Скорректированный коэффициент обратного рассеяния поверхностью океана в специфической полосе частот,,,,Operational
bufr4/3/40/017/4/022190,40,Категория 40 — Дополнительные последовательности спутниковых сводок,340017,,,022190,Высота значительной волны в специфической полосе частот,,,,Operational
bufr4/3/40/017/3/022133,40,Категория 40 — Дополнительные последовательности спутниковых сводок,340017,,,022133,Чистая инструментальная поправка в специфической полосе частот для высоты значительной волны,,,,Operational
bufr4/3/40/017/1/021177,40,Категория 40 — Дополнительные последовательности спутниковых сводок,340017,,,021177,"Коэффициент обратного рассеяния, скорректированный с учетом OCOG",,,,Operational
bufr4/3/40/017/3/021185,40,Категория 40 — Дополнительные последовательности спутниковых сводок,340017,,,021185,Чистая инструментальная поправка в специфической полосе частот для АРУ,,,,Operational
bufr4/3/40/017/1/013163,40,Категория 40 — Дополнительные последовательности спутниковых сводок,340017,,,013163,Надводная часть морского льда,,,,Operational
bufr4/3/40/017/1/202126,40,Категория 40 — Дополнительные последовательности спутниковых сводок,340017,,,202126,Изменить масштаб Вычесть 2 бита из шкалы,,,,Operational
bufr4/3/40/017/1/022046,40,Категория 40 — Дополнительные последовательности спутниковых сводок,340017,,,022046,Доля морского льда,,,,Operational
bufr4/3/40/017/3/202000,40,Категория 40 — Дополнительные последовательности спутниковых сводок,340017,,,202000,Изменить масштаб Отмена,,,,Operational
bufr4/3/40/017/1/013117,40,Категория 40 — Дополнительные последовательности спутниковых сводок,340017,,,013117,Плотность снега (содержание жидкой воды),,,,Operational
bufr4/3/40/017/1/013013,40,Категория 40 — Дополнительные последовательности спутниковых сводок,340017,,,013013,Суммарная высота снежного покрова,,,,Operational
bufr4/3/40/017/4/025112,40,Категория 40 — Дополнительные последовательности спутниковых сводок,340017,,,025112,Флаг качества данных альтиметра для специфической полосы частот,,,,Operational
bufr4/3/40/017/4/033092,40,Категория 40 — Дополнительные последовательности спутниковых сводок,340017,,,033092,Флаг качества океана для специфической полосы частот I.2 – Табл. D BUFR/40 — 21,,,,Operational
