Id,Category,CategoryOfSequences_ru,FXY1,Title_ru,SubTitle_ru,FXY2,ElementName_ru,ElementDescription_ru,Note_ru,noteIDs,Status
bufr4/3/10/001/1/301042,10,Категория 10 — Последовательности вертикального зондирования,310001,(спутниковые данные),,301042,"Указатель спутника, прибор, методика обработки данных, дата/время, местоположение",,,,Operational
bufr4/3/10/001/1/303031,10,Категория 10 — Последовательности вертикального зондирования,310001,(спутниковые данные),,303031,"Данные о значимости, суша/море, температура поверхностного слоя",,,,Operational
bufr4/3/10/001/1/303032,10,Категория 10 — Последовательности вертикального зондирования,310001,(спутниковые данные),,303032,Облака,,,,Operational
bufr4/3/10/001/1/101026,10,Категория 10 — Последовательности вертикального зондирования,310001,(спутниковые данные),,101026,Повторить 1 дескриптор 26 раз,,,,Operational
bufr4/3/10/001/1/303025,10,Категория 10 — Последовательности вертикального зондирования,310001,(спутниковые данные),,303025,Спутниковый канал и яркостная температура,,,,Operational
bufr4/3/10/002/1/301042,10,Категория 10 — Последовательности вертикального зондирования,310002,(Спутник — низкий уровень),,301042,"Указатель спутника, прибор, методика обработки данных, дата/время, местоположение",,,,Operational
bufr4/3/10/002/1/303031,10,Категория 10 — Последовательности вертикального зондирования,310002,(Спутник — низкий уровень),,303031,"Данные о значимости, суша/море, температура поверхностного слоя",,,,Operational
bufr4/3/10/002/1/303032,10,Категория 10 — Последовательности вертикального зондирования,310002,(Спутник — низкий уровень),,303032,Облака,,,,Operational
bufr4/3/10/002/1/101009,10,Категория 10 — Последовательности вертикального зондирования,310002,(Спутник — низкий уровень),,101009,Повторить 1 дескриптор 9 раз,,,,Operational
bufr4/3/10/002/1/303023,10,Категория 10 — Последовательности вертикального зондирования,310002,(Спутник — низкий уровень),,303023,Средняя температура по слою,,,,Operational
bufr4/3/10/003/1/301042,10,Категория 10 — Последовательности вертикального зондирования,310003,(Спутник — высокий уровень),,301042,"Указатель спутника, прибор, методика обработки данных, дата/время, местоположение",,,,Operational
bufr4/3/10/003/1/303031,10,Категория 10 — Последовательности вертикального зондирования,310003,(Спутник — высокий уровень),,303031,"Данные о значимости, суша/море, температура поверхностного слоя",,,,Operational
bufr4/3/10/003/1/303032,10,Категория 10 — Последовательности вертикального зондирования,310003,(Спутник — высокий уровень),,303032,Облака,,,,Operational
bufr4/3/10/003/1/101006,10,Категория 10 — Последовательности вертикального зондирования,310003,(Спутник — высокий уровень),,101006,Повторить 1 дескриптор 6 раз,,,,Operational
bufr4/3/10/003/1/303023,10,Категория 10 — Последовательности вертикального зондирования,310003,(Спутник — высокий уровень),,303023,Средняя температура по слою,,,,Operational
bufr4/3/10/004/1/301042,10,Категория 10 — Последовательности вертикального зондирования,310004,(Спутник — осаждаемая вода),,301042,"Указатель спутника, прибор, методика обработки данных, дата/время, местоположение",,,,Operational
bufr4/3/10/004/1/303031,10,Категория 10 — Последовательности вертикального зондирования,310004,(Спутник — осаждаемая вода),,303031,"Данные о значимости, суша/море, температура поверхностного слоя",,,,Operational
bufr4/3/10/004/1/303032,10,Категория 10 — Последовательности вертикального зондирования,310004,(Спутник — осаждаемая вода),,303032,Облака,,,,Operational
bufr4/3/10/004/1/101003,10,Категория 10 — Последовательности вертикального зондирования,310004,(Спутник — осаждаемая вода),,101003,Повторить 1 дескриптор 3 раза,,,,Operational
bufr4/3/10/004/1/303024,10,Категория 10 — Последовательности вертикального зондирования,310004,(Спутник — осаждаемая вода),,303024,Осаждаемая вода,,,,Operational
bufr4/3/10/005/1/301042,10,Категория 10 — Последовательности вертикального зондирования,310005,,,301042,"Указатель спутника, прибор, методика обработки данных, дата/время, местоположение",,,,Operational
bufr4/3/10/005/1/303031,10,Категория 10 — Последовательности вертикального зондирования,310005,,,303031,"Данные о значимости, суша/море, температура поверхностного слоя",,,,Operational
bufr4/3/10/005/1/303033,10,Категория 10 — Последовательности вертикального зондирования,310005,,,303033,Облака,,,,Operational
bufr4/3/10/005/1/101000,10,Категория 10 — Последовательности вертикального зондирования,310005,,,101000,Повторение с задержкой 1 дескриптора,,,,Operational
bufr4/3/10/005/1/031001,10,Категория 10 — Последовательности вертикального зондирования,310005,,,031001,Коэффициент повторения дескриптора с задержкой,,,,Operational
bufr4/3/10/005/1/303025,10,Категория 10 — Последовательности вертикального зондирования,310005,,,303025,Спутниковый канал и яркостная температура,,,,Operational
bufr4/3/10/006/1/301042,10,Категория 10 — Последовательности вертикального зондирования,310006,,,301042,"Указатель спутника, прибор, методика обработки данных, дата/время, местоположение",,,,Operational
bufr4/3/10/006/1/303031,10,Категория 10 — Последовательности вертикального зондирования,310006,,,303031,"Данные о значимости, суша/море, температура поверхностного слоя",,,,Operational
bufr4/3/10/006/1/303033,10,Категория 10 — Последовательности вертикального зондирования,310006,,,303033,Облака,,,,Operational
bufr4/3/10/006/1/101000,10,Категория 10 — Последовательности вертикального зондирования,310006,,,101000,Повторение с задержкой 1 дескриптора,,,,Operational
bufr4/3/10/006/1/031001,10,Категория 10 — Последовательности вертикального зондирования,310006,,,031001,Коэффициент повторения дескриптора с задержкой,,,,Operational
bufr4/3/10/006/1/303023,10,Категория 10 — Последовательности вертикального зондирования,310006,,,303023,Средняя температура по слою I.2 — Табл. D BUFR/10 — 1,(продолж.),,,Operational
bufr4/3/10/007/1/301042,10,Категория 10 — Последовательности вертикального зондирования,310007,,,301042,"Указатель спутника, прибор, методика обработки данных, дата/время, местоположение",,,,Operational
bufr4/3/10/007/1/303031,10,Категория 10 — Последовательности вертикального зондирования,310007,,,303031,"Данные о значимости, суша/море, температура поверхностного слоя",,,,Operational
bufr4/3/10/007/1/303033,10,Категория 10 — Последовательности вертикального зондирования,310007,,,303033,Облака,,,,Operational
bufr4/3/10/007/1/101000,10,Категория 10 — Последовательности вертикального зондирования,310007,,,101000,Повторение с задержкой 1 дескриптора,,,,Operational
bufr4/3/10/007/1/031001,10,Категория 10 — Последовательности вертикального зондирования,310007,,,031001,Коэффициент повторения дескриптора с задержкой,,,,Operational
bufr4/3/10/007/1/303024,10,Категория 10 — Последовательности вертикального зондирования,310007,,,303024,Осаждаемая вода,,,,Operational
bufr4/3/10/008/1/310011,10,Категория 10 — Последовательности вертикального зондирования,310008,(Сводка с ATOVS HIRS),,310011,Параметры поля зрения ATOVS,,,,Operational
bufr4/3/10/008/1/101019,10,Категория 10 — Последовательности вертикального зондирования,310008,(Сводка с ATOVS HIRS),,101019,Повторить 1 дескриптор 19 раз,,,,Operational
bufr4/3/10/008/1/310012,10,Категория 10 — Последовательности вертикального зондирования,310008,(Сводка с ATOVS HIRS),,310012,Параметры канала ATOVS,,,,Operational
bufr4/3/10/008/1/002150,10,Категория 10 — Последовательности вертикального зондирования,310008,(Сводка с ATOVS HIRS),,002150,Номер канала используемого прибора TOVS/ATOVS/ AVHRR,,,,Operational
bufr4/3/10/008/1/025079,10,Категория 10 — Последовательности вертикального зондирования,310008,(Сводка с ATOVS HIRS),,025079,"Альбедо-энергетическая освещенность после фильтрации солнечного излучения, ATOVS",,,,Operational
bufr4/3/10/008/1/025080,10,Категория 10 — Последовательности вертикального зондирования,310008,(Сводка с ATOVS HIRS),,025080,"Альбедо-эквивалентная ширина фильтрации излучения, ATOVS",,,,Operational
bufr4/3/10/008/1/033032,10,Категория 10 — Последовательности вертикального зондирования,310008,(Сводка с ATOVS HIRS),,033032,Флаги качества каналов ATOVS,,,,Operational
bufr4/3/10/008/1/014045,10,Категория 10 — Последовательности вертикального зондирования,310008,(Сводка с ATOVS HIRS),,014045,Излучение в канале,,,,Operational
bufr4/3/10/009/1/310011,10,Категория 10 — Последовательности вертикального зондирования,310009,(Сводка с AMSU–A ATOVS),,310011,Параметры поля зрения ATOVS,,,,Operational
bufr4/3/10/009/1/101015,10,Категория 10 — Последовательности вертикального зондирования,310009,(Сводка с AMSU–A ATOVS),,101015,Повторить 1 дескриптор 15 раз,,,,Operational
bufr4/3/10/009/1/310012,10,Категория 10 — Последовательности вертикального зондирования,310009,(Сводка с AMSU–A ATOVS),,310012,Параметры канала ATOVS,,,,Operational
bufr4/3/10/010/1/310011,10,Категория 10 — Последовательности вертикального зондирования,310010,(Сводка с AMSU–B/MHS ATOVS),,310011,Параметры поля зрения ATOVS,,,,Operational
bufr4/3/10/010/1/101005,10,Категория 10 — Последовательности вертикального зондирования,310010,(Сводка с AMSU–B/MHS ATOVS),,101005,Повторить 1 дескриптор 5 раз,,,,Operational
bufr4/3/10/010/1/310012,10,Категория 10 — Последовательности вертикального зондирования,310010,(Сводка с AMSU–B/MHS ATOVS),,310012,Параметры канала ATOVS,,,,Operational
bufr4/3/10/011/1/008070,10,Категория 10 — Последовательности вертикального зондирования,310011,(Параметры поля зрения ATOVS),,008070,Описатель продукции вертикального зондирования,,,,Operational
bufr4/3/10/011/1/001033,10,Категория 10 — Последовательности вертикального зондирования,310011,(Параметры поля зрения ATOVS),,001033,Идентификация центра-поставщика/производителя,,,,Operational
bufr4/3/10/011/1/001034,10,Категория 10 — Последовательности вертикального зондирования,310011,(Параметры поля зрения ATOVS),,001034,Идентификация подцентра-поставщика/ производителя,,,,Operational
bufr4/3/10/011/2/008070,10,Категория 10 — Последовательности вертикального зондирования,310011,(Параметры поля зрения ATOVS),,008070,Описатель продукции вертикального зондирования,,,,Operational
bufr4/3/10/011/2/001033,10,Категория 10 — Последовательности вертикального зондирования,310011,(Параметры поля зрения ATOVS),,001033,Идентификация центра-поставщика/производителя,,,,Operational
bufr4/3/10/011/2/001034,10,Категория 10 — Последовательности вертикального зондирования,310011,(Параметры поля зрения ATOVS),,001034,Идентификация подцентра-поставщика/ производителя,,,,Operational
bufr4/3/10/011/1/001007,10,Категория 10 — Последовательности вертикального зондирования,310011,(Параметры поля зрения ATOVS),,001007,Указатель спутника,,,,Operational
bufr4/3/10/011/1/002048,10,Категория 10 — Последовательности вертикального зондирования,310011,(Параметры поля зрения ATOVS),,002048,Указатель спутникового датчика,,,,Operational
bufr4/3/10/011/1/005040,10,Категория 10 — Последовательности вертикального зондирования,310011,(Параметры поля зрения ATOVS),,005040,Номер орбиты,,,,Operational
bufr4/3/10/011/1/025075,10,Категория 10 — Последовательности вертикального зондирования,310011,(Параметры поля зрения ATOVS),,025075,Номер варианта коррекции спутниковой антенны,,,,Operational
bufr4/3/10/011/1/201133,10,Категория 10 — Последовательности вертикального зондирования,310011,(Параметры поля зрения ATOVS),,201133,Изменить длину данных,,,,Operational
bufr4/3/10/011/1/005041,10,Категория 10 — Последовательности вертикального зондирования,310011,(Параметры поля зрения ATOVS),,005041,Номер строки сканирования,,,,Operational
bufr4/3/10/011/1/201000,10,Категория 10 — Последовательности вертикального зондирования,310011,(Параметры поля зрения ATOVS),,201000,Изменить длину данных,,,,Operational
bufr4/3/10/011/1/005043,10,Категория 10 — Последовательности вертикального зондирования,310011,(Параметры поля зрения ATOVS),,005043,Номер поля зрения,,,,Operational
bufr4/3/10/011/1/025070,10,Категория 10 — Последовательности вертикального зондирования,310011,(Параметры поля зрения ATOVS),,025070,Номер основного пакета данных,,,,Operational
bufr4/3/10/011/1/033030,10,Категория 10 — Последовательности вертикального зондирования,310011,(Параметры поля зрения ATOVS),,033030,Флаги статуса сканирующей строки ATOVS,,,,Operational
bufr4/3/10/011/1/033031,10,Категория 10 — Последовательности вертикального зондирования,310011,(Параметры поля зрения ATOVS),,033031,Флаги качества сканирующей строки ATOVS,,,,Operational
bufr4/3/10/011/1/004001,10,Категория 10 — Последовательности вертикального зондирования,310011,(Параметры поля зрения ATOVS),,004001,Год,,,,Operational
bufr4/3/10/011/1/004002,10,Категория 10 — Последовательности вертикального зондирования,310011,(Параметры поля зрения ATOVS),,004002,Месяц,,,,Operational
bufr4/3/10/011/1/004003,10,Категория 10 — Последовательности вертикального зондирования,310011,(Параметры поля зрения ATOVS),,004003,День,,,,Operational
bufr4/3/10/011/1/004004,10,Категория 10 — Последовательности вертикального зондирования,310011,(Параметры поля зрения ATOVS),,004004,Час,,,,Operational
bufr4/3/10/011/1/004005,10,Категория 10 — Последовательности вертикального зондирования,310011,(Параметры поля зрения ATOVS),,004005,Минута,(продолж.),,,Operational
bufr4/3/10/011/1/202131,10,Категория 10 — Последовательности вертикального зондирования,310011,,,202131,Изменить масштаб,,,,Operational
bufr4/3/10/011/1/201138,10,Категория 10 — Последовательности вертикального зондирования,310011,,,201138,Изменить длину данных,,,,Operational
bufr4/3/10/011/1/004006,10,Категория 10 — Последовательности вертикального зондирования,310011,,,004006,Секунда,,,,Operational
bufr4/3/10/011/2/201000,10,Категория 10 — Последовательности вертикального зондирования,310011,,,201000,Изменить длину данных,,,,Operational
bufr4/3/10/011/1/202000,10,Категория 10 — Последовательности вертикального зондирования,310011,,,202000,Изменить масштаб,,,,Operational
bufr4/3/10/011/1/005001,10,Категория 10 — Последовательности вертикального зондирования,310011,,,005001,Широта (высокая точность),,,,Operational
bufr4/3/10/011/1/006001,10,Категория 10 — Последовательности вертикального зондирования,310011,,,006001,Долгота (высокая точность),,,,Operational
bufr4/3/10/011/1/202126,10,Категория 10 — Последовательности вертикального зондирования,310011,,,202126,Изменить масштаб,,,,Operational
bufr4/3/10/011/1/007001,10,Категория 10 — Последовательности вертикального зондирования,310011,,,007001,Высота станции,,,,Operational
bufr4/3/10/011/2/202000,10,Категория 10 — Последовательности вертикального зондирования,310011,,,202000,Изменить масштаб,,,,Operational
bufr4/3/10/011/1/007024,10,Категория 10 — Последовательности вертикального зондирования,310011,,,007024,Зенитный угол спутника,,,,Operational
bufr4/3/10/011/1/005021,10,Категория 10 — Последовательности вертикального зондирования,310011,,,005021,Пеленг или азимут Азимут спутника,,,,Operational
bufr4/3/10/011/1/007025,10,Категория 10 — Последовательности вертикального зондирования,310011,,,007025,Зенитный угол Солнца,,,,Operational
bufr4/3/10/011/1/005022,10,Категория 10 — Последовательности вертикального зондирования,310011,,,005022,Азимут Солнца,,,,Operational
bufr4/3/10/011/1/033033,10,Категория 10 — Последовательности вертикального зондирования,310011,,,033033,Флаги качества поля зрения ATOVS,,,,Operational
bufr4/3/10/011/1/002151,10,Категория 10 — Последовательности вертикального зондирования,310011,,,002151,Указатель радиометра,,,,Operational
bufr4/3/10/011/1/012064,10,Категория 10 — Последовательности вертикального зондирования,310011,,,012064,Температура прибора,,,,Operational
bufr4/3/10/011/2/002151,10,Категория 10 — Последовательности вертикального зондирования,310011,,,002151,Указатель радиометра,,,,Operational
bufr4/3/10/011/2/012064,10,Категория 10 — Последовательности вертикального зондирования,310011,,,012064,Температура прибора,,,,Operational
bufr4/3/10/011/3/002151,10,Категория 10 — Последовательности вертикального зондирования,310011,,,002151,Указатель радиометра,,,,Operational
bufr4/3/10/011/3/012064,10,Категория 10 — Последовательности вертикального зондирования,310011,,,012064,Температура прибора,,,,Operational
bufr4/3/10/011/4/002151,10,Категория 10 — Последовательности вертикального зондирования,310011,,,002151,Указатель радиометра,,,,Operational
bufr4/3/10/011/4/012064,10,Категория 10 — Последовательности вертикального зондирования,310011,,,012064,Температура прибора,,,,Operational
bufr4/3/10/012/1/002150,10,Категория 10 — Последовательности вертикального зондирования,310012,(Параметры канала ATOVS),,002150,Номер канала используемого прибора TOVS/ATOVS/ AVHRR,,,,Operational
bufr4/3/10/012/1/025076,10,Категория 10 — Последовательности вертикального зондирования,310012,(Параметры канала ATOVS),,025076,(центрального волнового числа температуры — Log 10 излучения) ATOVS,,,,Operational
bufr4/3/10/012/1/025077,10,Категория 10 — Последовательности вертикального зондирования,310012,(Параметры канала ATOVS),,025077,Коэффициент 1 коррекции ширины полосы,,,,Operational
bufr4/3/10/012/1/025078,10,Категория 10 — Последовательности вертикального зондирования,310012,(Параметры канала ATOVS),,025078,Коэффициент 2 коррекции ширины полосы,,,,Operational
bufr4/3/10/012/1/033032,10,Категория 10 — Последовательности вертикального зондирования,310012,(Параметры канала ATOVS),,033032,Флаги качества каналов ATOVS,,,,Operational
bufr4/3/10/012/1/201132,10,Категория 10 — Последовательности вертикального зондирования,310012,(Параметры канала ATOVS),,201132,Изменить длину данных,,,,Operational
bufr4/3/10/012/1/202129,10,Категория 10 — Последовательности вертикального зондирования,310012,(Параметры канала ATOVS),,202129,Изменить масштаб,,,,Operational
bufr4/3/10/012/1/012063,10,Категория 10 — Последовательности вертикального зондирования,310012,(Параметры канала ATOVS),,012063,Яркостная температура,,,,Operational
bufr4/3/10/012/1/202000,10,Категория 10 — Последовательности вертикального зондирования,310012,(Параметры канала ATOVS),,202000,Изменить масштаб,,,,Operational
bufr4/3/10/012/1/201000,10,Категория 10 — Последовательности вертикального зондирования,310012,(Параметры канала ATOVS),,201000,Изменить длину данных (Сводка с AVHRR (GAC)),,,,Operational
bufr4/3/10/013/1/001007,10,Категория 10 — Последовательности вертикального зондирования,310013,(центрального волнового числа температуры — Log 10 излучения) ATOVS Коэффициент 1 коррекции ширины полосы Коэффициент 2 коррекции ширины полосы Флаги качества каналов ATOVS Изменить длину данных Изменить масштаб Яркостная температура Изменить масштаб Изменить длину данных (Сводка с AVHRR (GAC)),,001007,Указатель спутника,,,,Operational
bufr4/3/10/013/1/005040,10,Категория 10 — Последовательности вертикального зондирования,310013,(центрального волнового числа температуры — Log 10 излучения) ATOVS Коэффициент 1 коррекции ширины полосы Коэффициент 2 коррекции ширины полосы Флаги качества каналов ATOVS Изменить длину данных Изменить масштаб Яркостная температура Изменить масштаб Изменить длину данных (Сводка с AVHRR (GAC)),,005040,Номер орбиты,,,,Operational
bufr4/3/10/013/1/004001,10,Категория 10 — Последовательности вертикального зондирования,310013,(центрального волнового числа температуры — Log 10 излучения) ATOVS Коэффициент 1 коррекции ширины полосы Коэффициент 2 коррекции ширины полосы Флаги качества каналов ATOVS Изменить длину данных Изменить масштаб Яркостная температура Изменить масштаб Изменить длину данных (Сводка с AVHRR (GAC)),,004001,Год,,,,Operational
bufr4/3/10/013/1/004002,10,Категория 10 — Последовательности вертикального зондирования,310013,(центрального волнового числа температуры — Log 10 излучения) ATOVS Коэффициент 1 коррекции ширины полосы Коэффициент 2 коррекции ширины полосы Флаги качества каналов ATOVS Изменить длину данных Изменить масштаб Яркостная температура Изменить масштаб Изменить длину данных (Сводка с AVHRR (GAC)),,004002,Месяц,,,,Operational
bufr4/3/10/013/1/004003,10,Категория 10 — Последовательности вертикального зондирования,310013,(центрального волнового числа температуры — Log 10 излучения) ATOVS Коэффициент 1 коррекции ширины полосы Коэффициент 2 коррекции ширины полосы Флаги качества каналов ATOVS Изменить длину данных Изменить масштаб Яркостная температура Изменить масштаб Изменить длину данных (Сводка с AVHRR (GAC)),,004003,День,,,,Operational
bufr4/3/10/013/1/004004,10,Категория 10 — Последовательности вертикального зондирования,310013,(центрального волнового числа температуры — Log 10 излучения) ATOVS Коэффициент 1 коррекции ширины полосы Коэффициент 2 коррекции ширины полосы Флаги качества каналов ATOVS Изменить длину данных Изменить масштаб Яркостная температура Изменить масштаб Изменить длину данных (Сводка с AVHRR (GAC)),,004004,Час,,,,Operational
bufr4/3/10/013/1/004005,10,Категория 10 — Последовательности вертикального зондирования,310013,(центрального волнового числа температуры — Log 10 излучения) ATOVS Коэффициент 1 коррекции ширины полосы Коэффициент 2 коррекции ширины полосы Флаги качества каналов ATOVS Изменить длину данных Изменить масштаб Яркостная температура Изменить масштаб Изменить длину данных (Сводка с AVHRR (GAC)),,004005,Минута,,,,Operational
bufr4/3/10/013/1/004006,10,Категория 10 — Последовательности вертикального зондирования,310013,(центрального волнового числа температуры — Log 10 излучения) ATOVS Коэффициент 1 коррекции ширины полосы Коэффициент 2 коррекции ширины полосы Флаги качества каналов ATOVS Изменить длину данных Изменить масштаб Яркостная температура Изменить масштаб Изменить длину данных (Сводка с AVHRR (GAC)),,004006,Секунда,,,,Operational
bufr4/3/10/013/1/005001,10,Категория 10 — Последовательности вертикального зондирования,310013,(центрального волнового числа температуры — Log 10 излучения) ATOVS Коэффициент 1 коррекции ширины полосы Коэффициент 2 коррекции ширины полосы Флаги качества каналов ATOVS Изменить длину данных Изменить масштаб Яркостная температура Изменить масштаб Изменить длину данных (Сводка с AVHRR (GAC)),,005001,Широта (высокая точность),,,,Operational
bufr4/3/10/013/1/006001,10,Категория 10 — Последовательности вертикального зондирования,310013,(центрального волнового числа температуры — Log 10 излучения) ATOVS Коэффициент 1 коррекции ширины полосы Коэффициент 2 коррекции ширины полосы Флаги качества каналов ATOVS Изменить длину данных Изменить масштаб Яркостная температура Изменить масштаб Изменить длину данных (Сводка с AVHRR (GAC)),,006001,Долгота (высокая точность),,,,Operational
bufr4/3/10/013/1/007025,10,Категория 10 — Последовательности вертикального зондирования,310013,(центрального волнового числа температуры — Log 10 излучения) ATOVS Коэффициент 1 коррекции ширины полосы Коэффициент 2 коррекции ширины полосы Флаги качества каналов ATOVS Изменить длину данных Изменить масштаб Яркостная температура Изменить масштаб Изменить длину данных (Сводка с AVHRR (GAC)),,007025,Зенитный угол Солнца,,,,Operational
bufr4/3/10/013/1/005043,10,Категория 10 — Последовательности вертикального зондирования,310013,(центрального волнового числа температуры — Log 10 излучения) ATOVS Коэффициент 1 коррекции ширины полосы Коэффициент 2 коррекции ширины полосы Флаги качества каналов ATOVS Изменить длину данных Изменить масштаб Яркостная температура Изменить масштаб Изменить длину данных (Сводка с AVHRR (GAC)),,005043,Номер поля зрения,,,,Operational
bufr4/3/10/013/1/025085,10,Категория 10 — Последовательности вертикального зондирования,310013,(центрального волнового числа температуры — Log 10 излучения) ATOVS Коэффициент 1 коррекции ширины полосы Коэффициент 2 коррекции ширины полосы Флаги качества каналов ATOVS Изменить длину данных Изменить масштаб Яркостная температура Изменить масштаб Изменить длину данных (Сводка с AVHRR (GAC)),,025085,Доля четких элементов изображения в поле зрения HIRS,,,,Operational
bufr4/3/10/013/1/201131,10,Категория 10 — Последовательности вертикального зондирования,310013,(центрального волнового числа температуры — Log 10 излучения) ATOVS Коэффициент 1 коррекции ширины полосы Коэффициент 2 коррекции ширины полосы Флаги качества каналов ATOVS Изменить длину данных Изменить масштаб Яркостная температура Изменить масштаб Изменить длину данных (Сводка с AVHRR (GAC)),,201131,Изменить длину данных,,,,Operational
bufr4/3/10/013/1/202129,10,Категория 10 — Последовательности вертикального зондирования,310013,(центрального волнового числа температуры — Log 10 излучения) ATOVS Коэффициент 1 коррекции ширины полосы Коэффициент 2 коррекции ширины полосы Флаги качества каналов ATOVS Изменить длину данных Изменить масштаб Яркостная температура Изменить масштаб Изменить длину данных (Сводка с AVHRR (GAC)),,202129,Изменить масштаб,,,,Operational
bufr4/3/10/013/1/002150,10,Категория 10 — Последовательности вертикального зондирования,310013,(центрального волнового числа температуры — Log 10 излучения) ATOVS Коэффициент 1 коррекции ширины полосы Коэффициент 2 коррекции ширины полосы Флаги качества каналов ATOVS Изменить длину данных Изменить масштаб Яркостная температура Изменить масштаб Изменить длину данных (Сводка с AVHRR (GAC)),,002150,Номер канала используемого прибора TOVS/ATOVS/ AVHRR I.2 – Табл. D BUFR/10 — 3,(продолж.),,,Operational
bufr4/3/10/013/1/008023,10,Категория 10 — Последовательности вертикального зондирования,310013,,,008023,Статистические данные первого порядка,,,,Operational
bufr4/3/10/013/1/008072,10,Категория 10 — Последовательности вертикального зондирования,310013,,,008072,Тип элемента(ов) изображения,,,,Operational
bufr4/3/10/013/1/014027,10,Категория 10 — Последовательности вертикального зондирования,310013,,,014027,Альбедо,,,,Operational
bufr4/3/10/013/2/008072,10,Категория 10 — Последовательности вертикального зондирования,310013,,,008072,Тип элемента(ов) изображения,,,,Operational
bufr4/3/10/013/2/014027,10,Категория 10 — Последовательности вертикального зондирования,310013,,,014027,Альбедо,,,,Operational
bufr4/3/10/013/2/002150,10,Категория 10 — Последовательности вертикального зондирования,310013,,,002150,Номер канала используемого прибора TOVS/ATOVS/ AVHRR,,,,Operational
bufr4/3/10/013/2/008023,10,Категория 10 — Последовательности вертикального зондирования,310013,,,008023,Статистические данные первого порядка,,,,Operational
bufr4/3/10/013/3/008072,10,Категория 10 — Последовательности вертикального зондирования,310013,,,008072,Тип элемента(ов) изображения,,,,Operational
bufr4/3/10/013/3/014027,10,Категория 10 — Последовательности вертикального зондирования,310013,,,014027,Альбедо,,,,Operational
bufr4/3/10/013/4/008072,10,Категория 10 — Последовательности вертикального зондирования,310013,,,008072,Тип элемента(ов) изображения,,,,Operational
bufr4/3/10/013/4/014027,10,Категория 10 — Последовательности вертикального зондирования,310013,,,014027,Альбедо,,,,Operational
bufr4/3/10/013/3/002150,10,Категория 10 — Последовательности вертикального зондирования,310013,,,002150,Номер канала используемого прибора TOVS/ATOVS/ AVHRR,,,,Operational
bufr4/3/10/013/3/008023,10,Категория 10 — Последовательности вертикального зондирования,310013,,,008023,Статистические данные первого порядка,,,,Operational
bufr4/3/10/013/5/008072,10,Категория 10 — Последовательности вертикального зондирования,310013,,,008072,Тип элемента(ов) изображения,,,,Operational
bufr4/3/10/013/5/014027,10,Категория 10 — Последовательности вертикального зондирования,310013,,,014027,Альбедо,,,,Operational
bufr4/3/10/013/6/008072,10,Категория 10 — Последовательности вертикального зондирования,310013,,,008072,Тип элемента(ов) изображения,,,,Operational
bufr4/3/10/013/6/014027,10,Категория 10 — Последовательности вертикального зондирования,310013,,,014027,Альбедо,,,,Operational
bufr4/3/10/013/1/202000,10,Категория 10 — Последовательности вертикального зондирования,310013,,,202000,Изменить масштаб,,,,Operational
bufr4/3/10/013/1/201000,10,Категория 10 — Последовательности вертикального зондирования,310013,,,201000,Изменить длину данных,,,,Operational
bufr4/3/10/013/1/201132,10,Категория 10 — Последовательности вертикального зондирования,310013,,,201132,Изменить длину данных,,,,Operational
bufr4/3/10/013/2/202129,10,Категория 10 — Последовательности вертикального зондирования,310013,,,202129,Изменить масштаб,,,,Operational
bufr4/3/10/013/4/002150,10,Категория 10 — Последовательности вертикального зондирования,310013,,,002150,Номер канала используемого прибора TOVS/ATOVS/ AVHRR,,,,Operational
bufr4/3/10/013/4/008023,10,Категория 10 — Последовательности вертикального зондирования,310013,,,008023,Статистические данные первого порядка,,,,Operational
bufr4/3/10/013/7/008072,10,Категория 10 — Последовательности вертикального зондирования,310013,,,008072,Тип элемента(ов) изображения,,,,Operational
bufr4/3/10/013/1/012063,10,Категория 10 — Последовательности вертикального зондирования,310013,,,012063,Яркостная температура,,,,Operational
bufr4/3/10/013/8/008072,10,Категория 10 — Последовательности вертикального зондирования,310013,,,008072,Тип элемента(ов) изображения,,,,Operational
bufr4/3/10/013/2/012063,10,Категория 10 — Последовательности вертикального зондирования,310013,,,012063,Яркостная температура,,,,Operational
bufr4/3/10/013/5/002150,10,Категория 10 — Последовательности вертикального зондирования,310013,,,002150,Номер канала используемого прибора TOVS/ATOVS/ AVHRR,,,,Operational
bufr4/3/10/013/5/008023,10,Категория 10 — Последовательности вертикального зондирования,310013,,,008023,Статистические данные первого порядка,,,,Operational
bufr4/3/10/013/9/008072,10,Категория 10 — Последовательности вертикального зондирования,310013,,,008072,Тип элемента(ов) изображения,,,,Operational
bufr4/3/10/013/3/012063,10,Категория 10 — Последовательности вертикального зондирования,310013,,,012063,Яркостная температура,,,,Operational
bufr4/3/10/013/10/008072,10,Категория 10 — Последовательности вертикального зондирования,310013,,,008072,Тип элемента(ов) изображения,,,,Operational
bufr4/3/10/013/4/012063,10,Категория 10 — Последовательности вертикального зондирования,310013,,,012063,Яркостная температура,,,,Operational
bufr4/3/10/013/6/008023,10,Категория 10 — Последовательности вертикального зондирования,310013,,,008023,Статистические данные первого порядка,,,,Operational
bufr4/3/10/013/11/008072,10,Категория 10 — Последовательности вертикального зондирования,310013,,,008072,Тип элемента(ов) изображения,,,,Operational
bufr4/3/10/013/5/012063,10,Категория 10 — Последовательности вертикального зондирования,310013,,,012063,Яркостная температура,,,,Operational
bufr4/3/10/013/12/008072,10,Категория 10 — Последовательности вертикального зондирования,310013,,,008072,Тип элемента(ов) изображения,,,,Operational
bufr4/3/10/013/6/012063,10,Категория 10 — Последовательности вертикального зондирования,310013,,,012063,Яркостная температура,,,,Operational
bufr4/3/10/013/6/002150,10,Категория 10 — Последовательности вертикального зондирования,310013,,,002150,Номер канала используемого прибора TOVS/ATOVS/ AVHRR,,,,Operational
bufr4/3/10/013/7/008023,10,Категория 10 — Последовательности вертикального зондирования,310013,,,008023,Статистические данные первого порядка,,,,Operational
bufr4/3/10/013/13/008072,10,Категория 10 — Последовательности вертикального зондирования,310013,,,008072,Тип элемента(ов) изображения,,,,Operational
bufr4/3/10/013/7/012063,10,Категория 10 — Последовательности вертикального зондирования,310013,,,012063,Яркостная температура,,,,Operational
bufr4/3/10/013/14/008072,10,Категория 10 — Последовательности вертикального зондирования,310013,,,008072,Тип элемента(ов) изображения,,,,Operational
bufr4/3/10/013/8/012063,10,Категория 10 — Последовательности вертикального зондирования,310013,,,012063,Яркостная температура,,,,Operational
bufr4/3/10/013/2/202000,10,Категория 10 — Последовательности вертикального зондирования,310013,,,202000,Изменить масштаб,,,,Operational
bufr4/3/10/013/2/201000,10,Категория 10 — Последовательности вертикального зондирования,310013,,,201000,Изменить длину данных,(продолж.),,,Operational
bufr4/3/10/014/1/301072,10,Категория 10 — Последовательности вертикального зондирования,310014,(Данные о ветре c геостационарного спутника),,301072,"Идентификация спутника Идентификация спутника, дата/ время, широта/ долгота",,,,Operational
bufr4/3/10/014/1/303041,10,Категория 10 — Последовательности вертикального зондирования,310014,(Данные о ветре c геостационарного спутника),,303041,Последовательность данных о ветре,,,,Operational
bufr4/3/10/014/1/304011,10,Категория 10 — Последовательности вертикального зондирования,310014,(Данные о ветре c геостационарного спутника),,304011,Информация GOES-I/M,,,,Operational
bufr4/3/10/015/1/301072,10,Категория 10 — Последовательности вертикального зондирования,310015,(Данные Метеосат об излучении),,301072,Идентификация спутника,,,,Operational
bufr4/3/10/015/1/007024,10,Категория 10 — Последовательности вертикального зондирования,310015,(Данные Метеосат об излучении),,007024,Зенитный угол спутника,,,,Operational
bufr4/3/10/015/1/010002,10,Категория 10 — Последовательности вертикального зондирования,310015,(Данные Метеосат об излучении),,010002,Высота,,,,Operational
bufr4/3/10/015/1/303041,10,Категория 10 — Последовательности вертикального зондирования,310015,(Данные Метеосат об излучении),,303041,Последовательность данных о ветре,,,,Operational
bufr4/3/10/015/1/101003,10,Категория 10 — Последовательности вертикального зондирования,310015,(Данные Метеосат об излучении),,101003,Повторить 1 дескриптор 3 раза,,,,Operational
bufr4/3/10/015/1/304032,10,Категория 10 — Последовательности вертикального зондирования,310015,(Данные Метеосат об излучении),,304032,Часть облачности,,,,Operational
bufr4/3/10/015/1/002152,10,Категория 10 — Последовательности вертикального зондирования,310015,(Данные Метеосат об излучении),,002152,"Спутниковый прибор, используемый при обработке данных",,,,Operational
bufr4/3/10/015/1/002024,10,Категория 10 — Последовательности вертикального зондирования,310015,(Данные Метеосат об излучении),,002024,Метод расчета интегрированной средней влажности,,,,Operational
bufr4/3/10/015/1/007004,10,Категория 10 — Последовательности вертикального зондирования,310015,(Данные Метеосат об излучении),,007004,Давление,,,,Operational
bufr4/3/10/015/2/007004,10,Категория 10 — Последовательности вертикального зондирования,310015,(Данные Метеосат об излучении),,007004,Давление,,,,Operational
bufr4/3/10/015/1/013003,10,Категория 10 — Последовательности вертикального зондирования,310015,(Данные Метеосат об излучении),,013003,Относительная влажность,,,,Operational
bufr4/3/10/015/2/101003,10,Категория 10 — Последовательности вертикального зондирования,310015,(Данные Метеосат об излучении),,101003,Повторить 1 дескриптор 3 раза,,,,Operational
bufr4/3/10/015/1/304033,10,Категория 10 — Последовательности вертикального зондирования,310015,(Данные Метеосат об излучении),,304033,Излучение ясного неба,,,,Operational
bufr4/3/10/016/1/301072,10,Категория 10 — Последовательности вертикального зондирования,310016,(Данные об излучении со спутника Метеосат второго поколения (МВП)),,301072,Идентификация спутника,,,,Operational
bufr4/3/10/016/1/007024,10,Категория 10 — Последовательности вертикального зондирования,310016,(Данные об излучении со спутника Метеосат второго поколения (МВП)),,007024,Зенитный угол спутника,,,,Operational
bufr4/3/10/016/1/010002,10,Категория 10 — Последовательности вертикального зондирования,310016,(Данные об излучении со спутника Метеосат второго поколения (МВП)),,010002,Высота,,,,Operational
bufr4/3/10/016/1/303041,10,Категория 10 — Последовательности вертикального зондирования,310016,(Данные об излучении со спутника Метеосат второго поколения (МВП)),,303041,Последовательность данных о ветре,,,,Operational
bufr4/3/10/016/1/101012,10,Категория 10 — Последовательности вертикального зондирования,310016,(Данные об излучении со спутника Метеосат второго поколения (МВП)),,101012,Повторить 1 дескриптор 12 раз,,,,Operational
bufr4/3/10/016/1/304032,10,Категория 10 — Последовательности вертикального зондирования,310016,(Данные об излучении со спутника Метеосат второго поколения (МВП)),,304032,Часть облачности,,,,Operational
bufr4/3/10/016/1/002152,10,Категория 10 — Последовательности вертикального зондирования,310016,(Данные об излучении со спутника Метеосат второго поколения (МВП)),,002152,"Спутниковый прибор, используемый при обработке данных",,,,Operational
bufr4/3/10/016/1/002024,10,Категория 10 — Последовательности вертикального зондирования,310016,(Данные об излучении со спутника Метеосат второго поколения (МВП)),,002024,Метод расчета интегрированной средней влажности,,,,Operational
bufr4/3/10/016/1/007004,10,Категория 10 — Последовательности вертикального зондирования,310016,(Данные об излучении со спутника Метеосат второго поколения (МВП)),,007004,Давление,,,,Operational
bufr4/3/10/016/2/007004,10,Категория 10 — Последовательности вертикального зондирования,310016,(Данные об излучении со спутника Метеосат второго поколения (МВП)),,007004,Давление,,,,Operational
bufr4/3/10/016/1/013003,10,Категория 10 — Последовательности вертикального зондирования,310016,(Данные об излучении со спутника Метеосат второго поколения (МВП)),,013003,Относительная влажность,,,,Operational
bufr4/3/10/016/2/101012,10,Категория 10 — Последовательности вертикального зондирования,310016,(Данные об излучении со спутника Метеосат второго поколения (МВП)),,101012,Повторить 1 дескриптор 12 раз,,,,Operational
bufr4/3/10/016/1/304033,10,Категория 10 — Последовательности вертикального зондирования,310016,(Данные об излучении со спутника Метеосат второго поколения (МВП)),,304033,Излучение ясного неба,,,,Operational
bufr4/3/10/018/1/001007,10,Категория 10 — Последовательности вертикального зондирования,310018,(Данные по озону),,001007,Указатель спутника,,,,Operational
bufr4/3/10/018/1/005040,10,Категория 10 — Последовательности вертикального зондирования,310018,(Данные по озону),,005040,Номер орбиты,,,,Operational
bufr4/3/10/018/1/004001,10,Категория 10 — Последовательности вертикального зондирования,310018,(Данные по озону),,004001,Год,,,,Operational
bufr4/3/10/018/1/004043,10,Категория 10 — Последовательности вертикального зондирования,310018,(Данные по озону),,004043,День года,,,,Operational
bufr4/3/10/018/1/004004,10,Категория 10 — Последовательности вертикального зондирования,310018,(Данные по озону),,004004,Час,,,,Operational
bufr4/3/10/018/1/004005,10,Категория 10 — Последовательности вертикального зондирования,310018,(Данные по озону),,004005,Минута,,,,Operational
bufr4/3/10/018/1/004006,10,Категория 10 — Последовательности вертикального зондирования,310018,(Данные по озону),,004006,Секунда,,,,Operational
bufr4/3/10/018/1/207002,10,Категория 10 — Последовательности вертикального зондирования,310018,(Данные по озону),,207002,"Увеличить масштаб, величину начала отсчета и длину данных",,,,Operational
bufr4/3/10/018/1/026030,10,Категория 10 — Последовательности вертикального зондирования,310018,(Данные по озону),,026030,Время интеграции измерения,,,,Operational
bufr4/3/10/018/1/207000,10,Категория 10 — Последовательности вертикального зондирования,310018,(Данные по озону),,207000,"Увеличить масштаб, величину начала отсчета и длину Отмена данных",,,,Operational
bufr4/3/10/018/1/005002,10,Категория 10 — Последовательности вертикального зондирования,310018,(Данные по озону),,005002,Широта (низкая точность),,,,Operational
bufr4/3/10/018/1/006002,10,Категория 10 — Последовательности вертикального зондирования,310018,(Данные по озону),,006002,Долгота (низкая точность) I.2 – Табл. D BUFR/10 — 5,(продолж.),,,Operational
bufr4/3/10/018/1/033072,10,Категория 10 — Последовательности вертикального зондирования,310018,,,033072,Ошибка в измерении озона,,,,Operational
bufr4/3/10/018/1/007025,10,Категория 10 — Последовательности вертикального зондирования,310018,,,007025,Зенитный угол Солнца,,,,Operational
bufr4/3/10/018/1/005022,10,Категория 10 — Последовательности вертикального зондирования,310018,,,005022,Азимут Солнца,,,,Operational
bufr4/3/10/018/2/207002,10,Категория 10 — Последовательности вертикального зондирования,310018,,,207002,"Увеличить масштаб, величину начала отсчета и длину данных",,,,Operational
bufr4/3/10/018/1/015001,10,Категория 10 — Последовательности вертикального зондирования,310018,,,015001,Общее содержание озона,,,,Operational
bufr4/3/10/018/2/207000,10,Категория 10 — Последовательности вертикального зондирования,310018,,,207000,"Увеличить масштаб, величину начала отсчета и длину Отмена данных",,,,Operational
bufr4/3/10/018/1/008003,10,Категория 10 — Последовательности вертикального зондирования,310018,,,008003,Вертикальная значимость (спутниковые наблюдения) = 0 Поверхность,,,,Operational
bufr4/3/10/018/1/207001,10,Категория 10 — Последовательности вертикального зондирования,310018,,,207001,"Увеличить масштаб, величину начала отсчета и длину данных",,,,Operational
bufr4/3/10/018/1/010004,10,Категория 10 — Последовательности вертикального зондирования,310018,,,010004,Давление = У поверхности земли,,,,Operational
bufr4/3/10/018/3/207000,10,Категория 10 — Последовательности вертикального зондирования,310018,,,207000,"Увеличить масштаб, величину начала отсчета и длину Отмена данных",,,,Operational
bufr4/3/10/018/2/008003,10,Категория 10 — Последовательности вертикального зондирования,310018,,,008003,Вертикальная значимость (спутниковые наблюдения) Установлено на отсутствующее значение (отмена),,,,Operational
bufr4/3/10/018/3/008003,10,Категория 10 — Последовательности вертикального зондирования,310018,,,008003,Вертикальная значимость (спутниковые наблюдения) = 2 Верхняя граница облаков,,,,Operational
bufr4/3/10/018/1/033042,10,Категория 10 — Последовательности вертикального зондирования,310018,,,033042,"Тип предела, представленный последующим = 0 Исключая значением нижний предел",,,,Operational
bufr4/3/10/018/2/207001,10,Категория 10 — Последовательности вертикального зондирования,310018,,,207001,"Увеличить масштаб, величину начала отсчета и длину данных",,,,Operational
bufr4/3/10/018/1/007004,10,Категория 10 — Последовательности вертикального зондирования,310018,,,007004,Давление,,,,Operational
bufr4/3/10/018/4/207000,10,Категория 10 — Последовательности вертикального зондирования,310018,,,207000,"Увеличить масштаб, величину начала отсчета и длину Отмена данных",,,,Operational
bufr4/3/10/018/3/207002,10,Категория 10 — Последовательности вертикального зондирования,310018,,,207002,"Увеличить масштаб, величину начала отсчета и длину данных",,,,Operational
bufr4/3/10/018/2/015001,10,Категория 10 — Последовательности вертикального зондирования,310018,,,015001,Общее содержание озона Давление ниже верхней границы облаков,,,,Operational
bufr4/3/10/018/5/207000,10,Категория 10 — Последовательности вертикального зондирования,310018,,,207000,"Увеличить масштаб, величину начала отсчета и длину Отмена данных",,,,Operational
bufr4/3/10/018/4/008003,10,Категория 10 — Последовательности вертикального зондирования,310018,,,008003,Вертикальная значимость (спутниковые наблюдения) Установлено на отсутствующее значение (отмена),,,,Operational
bufr4/3/10/018/4/207002,10,Категория 10 — Последовательности вертикального зондирования,310018,,,207002,"Увеличить масштаб, величину начала отсчета и длину данных",,,,Operational
bufr4/3/10/018/1/020081,10,Категория 10 — Последовательности вертикального зондирования,310018,,,020081,Облачность в сегменте Доля облачности,,,,Operational
bufr4/3/10/018/6/207000,10,Категория 10 — Последовательности вертикального зондирования,310018,,,207000,"Увеличить масштаб, величину начала отсчета и длину Отмена данных",,,,Operational
bufr4/3/10/018/1/020065,10,Категория 10 — Последовательности вертикального зондирования,310018,,,020065,Снежный покров,,,,Operational
bufr4/3/10/018/1/008029,10,Категория 10 — Последовательности вертикального зондирования,310018,,,008029,Тип поверхности,,,,Operational
bufr4/3/10/018/1/207004,10,Категория 10 — Последовательности вертикального зондирования,310018,,,207004,"Увеличить масштаб, величину начала отсчета и длину данных",,,,Operational
bufr4/3/10/018/1/015030,10,Категория 10 — Последовательности вертикального зондирования,310018,,,015030,Индекс аэрозольного загрязнения,,,,Operational
bufr4/3/10/018/7/207000,10,Категория 10 — Последовательности вертикального зондирования,310018,,,207000,"Увеличить масштаб, величину начала отсчета и длину Отмена данных",,,,Operational
bufr4/3/10/018/1/008075,10,Категория 10 — Последовательности вертикального зондирования,310018,,,008075,Определитель восходящей/нисходящей орбиты,,,,Operational
bufr4/3/10/019/1/001007,10,Категория 10 — Последовательности вертикального зондирования,310019,(Данные по озону),,001007,Указатель спутника,,,,Operational
bufr4/3/10/019/1/002019,10,Категория 10 — Последовательности вертикального зондирования,310019,(Данные по озону),,002019,Спутниковые приборы = 624 SBUV/2,,,,Operational
bufr4/3/10/019/1/301011,10,Категория 10 — Последовательности вертикального зондирования,310019,(Данные по озону),,301011,"Год, месяц, день",,,,Operational
bufr4/3/10/019/1/301013,10,Категория 10 — Последовательности вертикального зондирования,310019,(Данные по озону),,301013,"Час, минута, секунда",(продолж.),,,Operational
bufr4/3/10/019/1/301023,10,Категория 10 — Последовательности вертикального зондирования,310019,,,301023,Широта/долгота (низкая точность),,,,Operational
bufr4/3/10/019/1/007025,10,Категория 10 — Последовательности вертикального зондирования,310019,,,007025,Зенитный угол Солнца,,,,Operational
bufr4/3/10/019/1/008021,10,Категория 10 — Последовательности вертикального зондирования,310019,,,008021,= 28 Начало скани-Значимость времени рования,,,,Operational
bufr4/3/10/019/2/007025,10,Категория 10 — Последовательности вертикального зондирования,310019,,,007025,Зенитный угол Солнца,,,,Operational
bufr4/3/10/019/2/008021,10,Категория 10 — Последовательности вертикального зондирования,310019,,,008021,Значимость времени = 29 Окончание сканирования,,,,Operational
bufr4/3/10/019/3/007025,10,Категория 10 — Последовательности вертикального зондирования,310019,,,007025,Зенитный угол Солнца,,,,Operational
bufr4/3/10/019/3/008021,10,Категория 10 — Последовательности вертикального зондирования,310019,,,008021,Значимость времени Установлено на отсутствующее значение (отмена),,,,Operational
bufr4/3/10/019/1/008029,10,Категория 10 — Последовательности вертикального зондирования,310019,,,008029,Тип поверхности,,,,Operational
bufr4/3/10/019/1/005040,10,Категория 10 — Последовательности вертикального зондирования,310019,,,005040,Номер орбиты,,,,Operational
bufr4/3/10/019/1/008075,10,Категория 10 — Последовательности вертикального зондирования,310019,,,008075,Определить восходящей/нисходящей орбиты,,,,Operational
bufr4/3/10/019/1/008003,10,Категория 10 — Последовательности вертикального зондирования,310019,,,008003,Вертикальная значимость (спутниковые наблюдения) = 0 Поверхность,,,,Operational
bufr4/3/10/019/1/010004,10,Категория 10 — Последовательности вертикального зондирования,310019,,,010004,Давление = У поверхности земли,,,,Operational
bufr4/3/10/019/2/008003,10,Категория 10 — Последовательности вертикального зондирования,310019,,,008003,Вертикальная значимость (спутниковые наблюдения) Установлено на отсутствующее значение (отмена),,,,Operational
bufr4/3/10/019/1/207002,10,Категория 10 — Последовательности вертикального зондирования,310019,,,207002,"Увеличить масштаб, величину начала отсчета и длину данных",,,,Operational
bufr4/3/10/019/1/015001,10,Категория 10 — Последовательности вертикального зондирования,310019,,,015001,Общее содержание озона,,,,Operational
bufr4/3/10/019/1/207000,10,Категория 10 — Последовательности вертикального зондирования,310019,,,207000,"Увеличить масштаб, величину начала отсчета и длину Отмена данных",,,,Operational
bufr4/3/10/019/1/033070,10,Категория 10 — Последовательности вертикального зондирования,310019,,,033070,Качество измерений общего содержания озона,,,,Operational
bufr4/3/10/019/1/015030,10,Категория 10 — Последовательности вертикального зондирования,310019,,,015030,Индекс аэрозольного загрязнения,,,,Operational
bufr4/3/10/019/2/207002,10,Категория 10 — Последовательности вертикального зондирования,310019,,,207002,"Увеличить масштаб, величину начала отсчета и длину данных",,,,Operational
bufr4/3/10/019/1/020081,10,Категория 10 — Последовательности вертикального зондирования,310019,,,020081,Облачность в сегменте Доля облачности,,,,Operational
bufr4/3/10/019/2/207000,10,Категория 10 — Последовательности вертикального зондирования,310019,,,207000,"Увеличить масштаб, величину начала отсчета и длину Отмена данных",,,,Operational
bufr4/3/10/019/3/008003,10,Категория 10 — Последовательности вертикального зондирования,310019,,,008003,Вертикальная значимость (спутниковые наблюдения) = 2 Верхняя граница облаков,,,,Operational
bufr4/3/10/019/1/033042,10,Категория 10 — Последовательности вертикального зондирования,310019,,,033042,"Тип предела, представленный последующим = 0 Исключая значением нижний предел",,,,Operational
bufr4/3/10/019/1/007004,10,Категория 10 — Последовательности вертикального зондирования,310019,,,007004,Давление,,,,Operational
bufr4/3/10/019/3/207002,10,Категория 10 — Последовательности вертикального зондирования,310019,,,207002,"Увеличить масштаб, величину начала отсчета и длину данных",,,,Operational
bufr4/3/10/019/2/015001,10,Категория 10 — Последовательности вертикального зондирования,310019,,,015001,Общее содержание озона Давление ниже верхней границы облаков,,,,Operational
bufr4/3/10/019/3/207000,10,Категория 10 — Последовательности вертикального зондирования,310019,,,207000,"Увеличить масштаб, величину начала отсчета и длину Отмена данных",,,,Operational
bufr4/3/10/019/4/008003,10,Категория 10 — Последовательности вертикального зондирования,310019,,,008003,Вертикальная значимость (спутниковые наблюдения) Установлено на отсутствующее значение (отмена),,,,Operational
bufr4/3/10/019/1/113021,10,Категория 10 — Последовательности вертикального зондирования,310019,,,113021,Повторить 13 дескрипторов 21 раз,,,,Operational
bufr4/3/10/019/2/007004,10,Категория 10 — Последовательности вертикального зондирования,310019,,,007004,Давление На нижней границе слоя,,,,Operational
bufr4/3/10/019/3/007004,10,Категория 10 — Последовательности вертикального зондирования,310019,,,007004,Давление На верхней границе слоя,,,,Operational
bufr4/3/10/019/4/207002,10,Категория 10 — Последовательности вертикального зондирования,310019,,,207002,"Увеличить масштаб, величину начала отсчета и длину данных",,,,Operational
bufr4/3/10/019/4/008021,10,Категория 10 — Последовательности вертикального зондирования,310019,,,008021,Значимость времени = 27 В нулевом приближении I.2 – Табл. D BUFR/10 — 7,(продолж.),,,Operational
bufr4/3/10/019/1/015005,10,Категория 10 — Последовательности вертикального зондирования,310019,,,015005,p озона,,,,Operational
bufr4/3/10/019/5/008021,10,Категория 10 — Последовательности вертикального зондирования,310019,,,008021,Значимость времени Установлено на отсутствующее значение (отмена),,,,Operational
bufr4/3/10/019/2/015005,10,Категория 10 — Последовательности вертикального зондирования,310019,,,015005,p озона,,,,Operational
bufr4/3/10/019/1/033007,10,Категория 10 — Последовательности вертикального зондирования,310019,,,033007,Процент достоверности,,,,Operational
bufr4/3/10/019/4/207000,10,Категория 10 — Последовательности вертикального зондирования,310019,,,207000,"Увеличить масштаб, величину начала отсчета и длину Отмена данных",,,,Operational
bufr4/3/10/019/1/008026,10,Категория 10 — Последовательности вертикального зондирования,310019,,,008026,= 0 Строка осред-Матричная значимость нения ядра матрицы,,,,Operational
bufr4/3/10/019/1/101020,10,Категория 10 — Последовательности вертикального зондирования,310019,,,101020,Повторить 1 дескриптор 20 раз,,,,Operational
bufr4/3/10/019/1/025143,10,Категория 10 — Последовательности вертикального зондирования,310019,,,025143,Линейный коэффициент,,,,Operational
bufr4/3/10/019/2/008026,10,Категория 10 — Последовательности вертикального зондирования,310019,,,008026,Матричная значимость Установлено на отсутствующее значение (отмена),,,,Operational
bufr4/3/10/019/1/008043,10,Категория 10 — Последовательности вертикального зондирования,310019,,,008043,Тип химических или физических составляющих = 0 Озон атмосферы,,,,Operational
bufr4/3/10/019/1/109015,10,Категория 10 — Последовательности вертикального зондирования,310019,,,109015,Повторить 9 дескрипторов 15 раз,,,,Operational
bufr4/3/10/019/4/007004,10,Категория 10 — Последовательности вертикального зондирования,310019,,,007004,Давление,,,,Operational
bufr4/3/10/019/1/008090,10,Категория 10 — Последовательности вертикального зондирования,310019,,,008090,Десятичный масштаб следующих мантисс,,,,Operational
bufr4/3/10/019/1/207006,10,Категория 10 — Последовательности вертикального зондирования,310019,,,207006,"Увеличить масштаб, величину начала отсчета и длину данных",,,,Operational
bufr4/3/10/019/1/015008,10,Категория 10 — Последовательности вертикального зондирования,310019,,,015008,Существенный компонент состава смеси (по объему),,,,Operational
bufr4/3/10/019/5/207000,10,Категория 10 — Последовательности вертикального зондирования,310019,,,207000,"Увеличить масштаб, величину начала отсчета и длину Отмена данных",,,,Operational
bufr4/3/10/019/2/008090,10,Категория 10 — Последовательности вертикального зондирования,310019,,,008090,Десятичный масштаб следующих мантисс Установлено на отсутствующее значение (отмена),,,,Operational
bufr4/3/10/019/5/207002,10,Категория 10 — Последовательности вертикального зондирования,310019,,,207002,"Увеличить масштаб, величину начала отсчета и длину данных",,,,Operational
bufr4/3/10/019/2/033007,10,Категория 10 — Последовательности вертикального зондирования,310019,,,033007,Процент достоверности,,,,Operational
bufr4/3/10/019/6/207000,10,Категория 10 — Последовательности вертикального зондирования,310019,,,207000,"Увеличить масштаб, величину начала отсчета и длину Отмена данных",,,,Operational
bufr4/3/10/019/2/008043,10,Категория 10 — Последовательности вертикального зондирования,310019,,,008043,Тип химических или физических составляющих Установлено на атмосферы отсутствующее значение (отмена),,,,Operational
bufr4/3/10/019/1/033071,10,Категория 10 — Последовательности вертикального зондирования,310019,,,033071,Качество измерений профиля озона,,,,Operational
bufr4/3/10/019/1/108008,10,Категория 10 — Последовательности вертикального зондирования,310019,,,108008,Повторить 8 дескрипторов 8 раз,,,,Operational
bufr4/3/10/019/1/202124,10,Категория 10 — Последовательности вертикального зондирования,310019,,,202124,Изменить масштаб,,,,Operational
bufr4/3/10/019/1/201107,10,Категория 10 — Последовательности вертикального зондирования,310019,,,201107,Изменить длину данных,,,,Operational
bufr4/3/10/019/1/002071,10,Категория 10 — Последовательности вертикального зондирования,310019,,,002071,Рабочая длина волны спектрографа,,,,Operational
bufr4/3/10/019/1/201000,10,Категория 10 — Последовательности вертикального зондирования,310019,,,201000,Измененить длину данных Отмена,,,,Operational
bufr4/3/10/019/1/202000,10,Категория 10 — Последовательности вертикального зондирования,310019,,,202000,Изменениеть масштаб Отмена,,,,Operational
bufr4/3/10/019/6/207002,10,Категория 10 — Последовательности вертикального зондирования,310019,,,207002,"Увеличить масштаб, величину начала отсчета и длину данных",,,,Operational
bufr4/3/10/019/2/020081,10,Категория 10 — Последовательности вертикального зондирования,310019,,,020081,Облачность в сегменте Доля облачности,,,,Operational
bufr4/3/10/019/7/207000,10,Категория 10 — Последовательности вертикального зондирования,310019,,,207000,"Увеличить масштаб, величину начала отсчета и длину Отмена данных",,,,Operational
bufr4/3/10/020/1/310022,10,Категория 10 — Последовательности вертикального зондирования,310020,(Восстановленные данные по озону),,310022,"Указатель спутника, прибор, тип продукции",,,,Operational
bufr4/3/10/020/1/301011,10,Категория 10 — Последовательности вертикального зондирования,310020,(Восстановленные данные по озону),,301011,"Год, месяц, день",,,,Operational
bufr4/3/10/020/1/301013,10,Категория 10 — Последовательности вертикального зондирования,310020,(Восстановленные данные по озону),,301013,"Час, минута, секунда",,,,Operational
bufr4/3/10/020/1/301021,10,Категория 10 — Последовательности вертикального зондирования,310020,(Восстановленные данные по озону),,301021,Широта/долгота (высокая точность),(продолж.),,,Operational
bufr4/3/10/020/1/304034,10,Категория 10 — Последовательности вертикального зондирования,310020,,,304034,"Широта/долгота, возвышение солнца, количество слоев",,,,Operational
bufr4/3/10/020/1/310021,10,Категория 10 — Последовательности вертикального зондирования,310020,,,310021,"Интегральная плотность озона, высота определяемого слоя",,,,Operational
bufr4/3/10/021/1/108000,10,Категория 10 — Последовательности вертикального зондирования,310021,"(Интегральная плотность озона, высота определяемого слоя)",,108000,Повторение с задержкой 8 дескрипторов,,,,Operational
bufr4/3/10/021/1/031001,10,Категория 10 — Последовательности вертикального зондирования,310021,"(Интегральная плотность озона, высота определяемого слоя)",,031001,Коэффициент повторения дескриптора с задержкой,,,,Operational
bufr4/3/10/021/1/201131,10,Категория 10 — Последовательности вертикального зондирования,310021,"(Интегральная плотность озона, высота определяемого слоя)",,201131,Изменить длину данных,,,,Operational
bufr4/3/10/021/1/202129,10,Категория 10 — Последовательности вертикального зондирования,310021,"(Интегральная плотность озона, высота определяемого слоя)",,202129,Изменить масштаб,,,,Operational
bufr4/3/10/021/1/007004,10,Категория 10 — Последовательности вертикального зондирования,310021,"(Интегральная плотность озона, высота определяемого слоя)",,007004,Давление,,,,Operational
bufr4/3/10/021/2/007004,10,Категория 10 — Последовательности вертикального зондирования,310021,"(Интегральная плотность озона, высота определяемого слоя)",,007004,Давление,,,,Operational
bufr4/3/10/021/1/202000,10,Категория 10 — Последовательности вертикального зондирования,310021,"(Интегральная плотность озона, высота определяемого слоя)",,202000,Изменить масштаб Отмена,,,,Operational
bufr4/3/10/021/1/201000,10,Категория 10 — Последовательности вертикального зондирования,310021,"(Интегральная плотность озона, высота определяемого слоя)",,201000,Изменить длину данных Отмена,,,,Operational
bufr4/3/10/021/1/015020,10,Категория 10 — Последовательности вертикального зондирования,310021,"(Интегральная плотность озона, высота определяемого слоя)",,015020,Интегральная плотность озона,,,,Operational
bufr4/3/10/021/1/010002,10,Категория 10 — Последовательности вертикального зондирования,310021,"(Интегральная плотность озона, высота определяемого слоя)",,010002,Высота,,,,Operational
bufr4/3/10/022/1/001007,10,Категория 10 — Последовательности вертикального зондирования,310022,"(Указатель спутника, прибор и тип продукции)",,001007,Указатель спутника,,,,Operational
bufr4/3/10/022/1/002019,10,Категория 10 — Последовательности вертикального зондирования,310022,"(Указатель спутника, прибор и тип продукции)",,002019,Спутниковые приборы,,,,Operational
bufr4/3/10/022/1/001033,10,Категория 10 — Последовательности вертикального зондирования,310022,"(Указатель спутника, прибор и тип продукции)",,001033,Идентификация центра-поставщика/производителя,,,,Operational
bufr4/3/10/022/1/002172,10,Категория 10 — Последовательности вертикального зондирования,310022,"(Указатель спутника, прибор и тип продукции)",,002172,Тип продукции по атмосферным газам,,,,Operational
bufr4/3/10/023/1/301072,10,Категория 10 — Последовательности вертикального зондирования,310023,(восстановленной по спутниковым данным),,301072,Идентификация спутника,,,,Operational
bufr4/3/10/023/1/030021,10,Категория 10 — Последовательности вертикального зондирования,310023,(восстановленной по спутниковым данным),,030021,Количество элементов изображения в строке,,,,Operational
bufr4/3/10/023/1/030022,10,Категория 10 — Последовательности вертикального зондирования,310023,(восстановленной по спутниковым данным),,030022,Количество элементов изображения в колонке,,,,Operational
bufr4/3/10/023/1/008012,10,Категория 10 — Последовательности вертикального зондирования,310023,(восстановленной по спутниковым данным),,008012,Описатель суши/моря,,,,Operational
bufr4/3/10/023/1/007024,10,Категория 10 — Последовательности вертикального зондирования,310023,(восстановленной по спутниковым данным),,007024,Зенитный угол спутника,,,,Operational
bufr4/3/10/023/1/007025,10,Категория 10 — Последовательности вертикального зондирования,310023,(восстановленной по спутниковым данным),,007025,Зенитный угол Солнца,,,,Operational
bufr4/3/10/023/1/010002,10,Категория 10 — Последовательности вертикального зондирования,310023,(восстановленной по спутниковым данным),,010002,Высота,,,,Operational
bufr4/3/10/023/1/101012,10,Категория 10 — Последовательности вертикального зондирования,310023,(восстановленной по спутниковым данным),,101012,Повторить 1 дескриптор 12 раз,,,,Operational
bufr4/3/10/023/1/304032,10,Категория 10 — Последовательности вертикального зондирования,310023,(восстановленной по спутниковым данным),,304032,Часть облачности,,,,Operational
bufr4/3/10/023/1/105002,10,Категория 10 — Последовательности вертикального зондирования,310023,(восстановленной по спутниковым данным),,105002,Повторить 5 дескрипторов 2 раза,,,,Operational
bufr4/3/10/023/1/002152,10,Категория 10 — Последовательности вертикального зондирования,310023,(восстановленной по спутниковым данным),,002152,"Спутниковый прибор, используемый при обработке данных",,,,Operational
bufr4/3/10/023/1/002024,10,Категория 10 — Последовательности вертикального зондирования,310023,(восстановленной по спутниковым данным),,002024,Метод вычисления средней влажности по слою,,,,Operational
bufr4/3/10/023/1/007004,10,Категория 10 — Последовательности вертикального зондирования,310023,(восстановленной по спутниковым данным),,007004,Давление,,,,Operational
bufr4/3/10/023/2/007004,10,Категория 10 — Последовательности вертикального зондирования,310023,(восстановленной по спутниковым данным),,007004,Давление,,,,Operational
bufr4/3/10/023/1/013003,10,Категория 10 — Последовательности вертикального зондирования,310023,(восстановленной по спутниковым данным),,013003,Относительная влажность,,,,Operational
bufr4/3/10/023/2/101012,10,Категория 10 — Последовательности вертикального зондирования,310023,(восстановленной по спутниковым данным),,101012,Повторить 1 дескриптор 12 раз,,,,Operational
bufr4/3/10/023/1/304033,10,Категория 10 — Последовательности вертикального зондирования,310023,(восстановленной по спутниковым данным),,304033,Излучение ясного неба,,,,Operational
bufr4/3/10/024/1/301072,10,Категория 10 — Последовательности вертикального зондирования,310024,(Данные об излучении с геостационарного трехканального спутника),,301072,Идентификация спутника,,,,Operational
bufr4/3/10/024/1/030021,10,Категория 10 — Последовательности вертикального зондирования,310024,(Данные об излучении с геостационарного трехканального спутника),,030021,Количество элементов изображения в строке,,,,Operational
bufr4/3/10/024/1/030022,10,Категория 10 — Последовательности вертикального зондирования,310024,(Данные об излучении с геостационарного трехканального спутника),,030022,Количество элементов изображения в колонке,,,,Operational
bufr4/3/10/024/1/008012,10,Категория 10 — Последовательности вертикального зондирования,310024,(Данные об излучении с геостационарного трехканального спутника),,008012,Описатель суши/моря,,,,Operational
bufr4/3/10/024/1/007024,10,Категория 10 — Последовательности вертикального зондирования,310024,(Данные об излучении с геостационарного трехканального спутника),,007024,Зенитный угол спутника,,,,Operational
bufr4/3/10/024/1/007025,10,Категория 10 — Последовательности вертикального зондирования,310024,(Данные об излучении с геостационарного трехканального спутника),,007025,Зенитный угол Солнца,,,,Operational
bufr4/3/10/024/1/010002,10,Категория 10 — Последовательности вертикального зондирования,310024,(Данные об излучении с геостационарного трехканального спутника),,010002,Высота,,,,Operational
bufr4/3/10/024/1/101003,10,Категория 10 — Последовательности вертикального зондирования,310024,(Данные об излучении с геостационарного трехканального спутника),,101003,Повторить 1 дескриптор 3 раза,,,,Operational
bufr4/3/10/024/1/304032,10,Категория 10 — Последовательности вертикального зондирования,310024,(Данные об излучении с геостационарного трехканального спутника),,304032,Часть облачности I.2 – Табл. D BUFR/10 — 9,(продолж.),,,Operational
bufr4/3/10/024/1/105002,10,Категория 10 — Последовательности вертикального зондирования,310024,,,105002,Повторить 5 дескрипторов 2 раза,,,,Operational
bufr4/3/10/024/1/002152,10,Категория 10 — Последовательности вертикального зондирования,310024,,,002152,"Спутниковый прибор, используемый при обработке данных",,,,Operational
bufr4/3/10/024/1/002024,10,Категория 10 — Последовательности вертикального зондирования,310024,,,002024,Метод вычисления средней влажности по слою,,,,Operational
bufr4/3/10/024/1/007004,10,Категория 10 — Последовательности вертикального зондирования,310024,,,007004,Давление,,,,Operational
bufr4/3/10/024/2/007004,10,Категория 10 — Последовательности вертикального зондирования,310024,,,007004,Давление,,,,Operational
bufr4/3/10/024/1/013003,10,Категория 10 — Последовательности вертикального зондирования,310024,,,013003,Относительная влажность,,,,Operational
bufr4/3/10/024/2/101003,10,Категория 10 — Последовательности вертикального зондирования,310024,,,101003,Повторить 1 дескриптор 3 раза,,,,Operational
bufr4/3/10/024/1/304033,10,Категория 10 — Последовательности вертикального зондирования,310024,,,304033,Излучение ясного неба,,,,Operational
bufr4/3/10/025/1/001007,10,Категория 10 — Последовательности вертикального зондирования,310025,(Запись данных о температуре SSMIS),,001007,Указатель спутника,,,,Operational
bufr4/3/10/025/1/008021,10,Категория 10 — Последовательности вертикального зондирования,310025,(Запись данных о температуре SSMIS),,008021,Начало сканиро-Значимость времени вания,,,,Operational
bufr4/3/10/025/1/004001,10,Категория 10 — Последовательности вертикального зондирования,310025,(Запись данных о температуре SSMIS),,004001,Год,,,,Operational
bufr4/3/10/025/1/004002,10,Категория 10 — Последовательности вертикального зондирования,310025,(Запись данных о температуре SSMIS),,004002,Месяц,,,,Operational
bufr4/3/10/025/1/004003,10,Категория 10 — Последовательности вертикального зондирования,310025,(Запись данных о температуре SSMIS),,004003,День,,,,Operational
bufr4/3/10/025/1/004004,10,Категория 10 — Последовательности вертикального зондирования,310025,(Запись данных о температуре SSMIS),,004004,Час,,,,Operational
bufr4/3/10/025/1/004005,10,Категория 10 — Последовательности вертикального зондирования,310025,(Запись данных о температуре SSMIS),,004005,Минута,,,,Operational
bufr4/3/10/025/1/201138,10,Категория 10 — Последовательности вертикального зондирования,310025,(Запись данных о температуре SSMIS),,201138,Изменить длину данных,,,,Operational
bufr4/3/10/025/1/202131,10,Категория 10 — Последовательности вертикального зондирования,310025,(Запись данных о температуре SSMIS),,202131,Изменить масштаб,,,,Operational
bufr4/3/10/025/1/004006,10,Категория 10 — Последовательности вертикального зондирования,310025,(Запись данных о температуре SSMIS),,004006,Секунда Миллисекунды,,,,Operational
bufr4/3/10/025/1/202000,10,Категория 10 — Последовательности вертикального зондирования,310025,(Запись данных о температуре SSMIS),,202000,Изменить масштаб,,,,Operational
bufr4/3/10/025/1/201000,10,Категория 10 — Последовательности вертикального зондирования,310025,(Запись данных о температуре SSMIS),,201000,Изменить длину данных,,,,Operational
bufr4/3/10/025/1/201132,10,Категория 10 — Последовательности вертикального зондирования,310025,(Запись данных о температуре SSMIS),,201132,Изменить длину данных,,,,Operational
bufr4/3/10/025/1/005041,10,Категория 10 — Последовательности вертикального зондирования,310025,(Запись данных о температуре SSMIS),,005041,Номер строки сканирования Номер точки сканирования,,,,Operational
bufr4/3/10/025/2/201000,10,Категория 10 — Последовательности вертикального зондирования,310025,(Запись данных о температуре SSMIS),,201000,Изменить длину данных,,,,Operational
bufr4/3/10/025/1/201129,10,Категория 10 — Последовательности вертикального зондирования,310025,(Запись данных о температуре SSMIS),,201129,Изменить длину данных,,,,Operational
bufr4/3/10/025/1/005043,10,Категория 10 — Последовательности вертикального зондирования,310025,(Запись данных о температуре SSMIS),,005043,Номер поля зрения Номер кадра,,,,Operational
bufr4/3/10/025/3/201000,10,Категория 10 — Последовательности вертикального зондирования,310025,(Запись данных о температуре SSMIS),,201000,Изменить длину данных,,,,Operational
bufr4/3/10/025/1/005002,10,Категория 10 — Последовательности вертикального зондирования,310025,(Запись данных о температуре SSMIS),,005002,Широта (низкая точность),,,,Operational
bufr4/3/10/025/1/006002,10,Категория 10 — Последовательности вертикального зондирования,310025,(Запись данных о температуре SSMIS),,006002,Долгота (низкая точность),,,,Operational
bufr4/3/10/025/1/013040,10,Категория 10 — Последовательности вертикального зондирования,310025,(Запись данных о температуре SSMIS),,013040,Флаг поверхности,,,,Operational
bufr4/3/10/025/1/020029,10,Категория 10 — Последовательности вертикального зондирования,310025,(Запись данных о температуре SSMIS),,020029,Флаг дождя,,,,Operational
bufr4/3/10/025/1/104024,10,Категория 10 — Последовательности вертикального зондирования,310025,(Запись данных о температуре SSMIS),,104024,Повторить 4 дескриптора 24 раза,,,,Operational
bufr4/3/10/025/1/005042,10,Категория 10 — Последовательности вертикального зондирования,310025,(Запись данных о температуре SSMIS),,005042,Номер канала,,,,Operational
bufr4/3/10/025/1/012163,10,Категория 10 — Последовательности вертикального зондирования,310025,(Запись данных о температуре SSMIS),,012163,Яркостная температура,,,,Operational
bufr4/3/10/025/1/021083,10,Категория 10 — Последовательности вертикального зондирования,310025,(Запись данных о температуре SSMIS),,021083,Калибровка по теплой мишени,,,,Operational
bufr4/3/10/025/1/021084,10,Категория 10 — Последовательности вертикального зондирования,310025,(Запись данных о температуре SSMIS),,021084,Калибровка по холодной мишени,,,,Operational
bufr4/3/10/025/1/115003,10,Категория 10 — Последовательности вертикального зондирования,310025,(Запись данных о температуре SSMIS),,115003,Повторить 15 десрипторов 3 раза,,,,Operational
bufr4/3/10/025/2/004001,10,Категория 10 — Последовательности вертикального зондирования,310025,(Запись данных о температуре SSMIS),,004001,Год,,,,Operational
bufr4/3/10/025/2/004002,10,Категория 10 — Последовательности вертикального зондирования,310025,(Запись данных о температуре SSMIS),,004002,Месяц,,,,Operational
bufr4/3/10/025/2/004003,10,Категория 10 — Последовательности вертикального зондирования,310025,(Запись данных о температуре SSMIS),,004003,День,,,,Operational
bufr4/3/10/025/1/201142,10,Категория 10 — Последовательности вертикального зондирования,310025,(Запись данных о температуре SSMIS),,201142,Изменить длину данных,,,,Operational
bufr4/3/10/025/2/202131,10,Категория 10 — Последовательности вертикального зондирования,310025,(Запись данных о температуре SSMIS),,202131,Изменить масштаб,,,,Operational
bufr4/3/10/025/1/004026,10,Категория 10 — Последовательности вертикального зондирования,310025,(Запись данных о температуре SSMIS),,004026,Временной период или отклонение Эфемеридные миллисекунды,,,,Operational
bufr4/3/10/025/2/202000,10,Категория 10 — Последовательности вертикального зондирования,310025,(Запись данных о температуре SSMIS),,202000,Изменить масштаб,,,,Operational
bufr4/3/10/025/4/201000,10,Категория 10 — Последовательности вертикального зондирования,310025,(Запись данных о температуре SSMIS),,201000,Изменить длину данных,,,,Operational
bufr4/3/10/025/1/005001,10,Категория 10 — Последовательности вертикального зондирования,310025,(Запись данных о температуре SSMIS),,005001,Широта (высокая точность) Эфемеридная,,,,Operational
bufr4/3/10/025/1/006001,10,Категория 10 — Последовательности вертикального зондирования,310025,(Запись данных о температуре SSMIS),,006001,Долгота (высокая точность) Эфемеридная,,,,Operational
bufr4/3/10/025/2/201138,10,Категория 10 — Последовательности вертикального зондирования,310025,(Запись данных о температуре SSMIS),,201138,Изменить длину данных,,,,Operational
bufr4/3/10/025/1/202129,10,Категория 10 — Последовательности вертикального зондирования,310025,(Запись данных о температуре SSMIS),,202129,Изменить масштаб,,,,Operational
bufr4/3/10/025/1/007001,10,Категория 10 — Последовательности вертикального зондирования,310025,(Запись данных о температуре SSMIS),,007001,Высота станции Эфемеридная,,,,Operational
bufr4/3/10/025/3/202000,10,Категория 10 — Последовательности вертикального зондирования,310025,(Запись данных о температуре SSMIS),,202000,Изменить масштаб,,,,Operational
bufr4/3/10/025/5/201000,10,Категория 10 — Последовательности вертикального зондирования,310025,(Запись данных о температуре SSMIS),,201000,Изменить длину данных,(продолж.),,,Operational
bufr4/3/10/025/2/008021,10,Категория 10 — Последовательности вертикального зондирования,310025,,,008021,Значимость времени Начало орбиты,,,,Operational
bufr4/3/10/025/3/004001,10,Категория 10 — Последовательности вертикального зондирования,310025,,,004001,Год,,,,Operational
bufr4/3/10/025/3/004002,10,Категория 10 — Последовательности вертикального зондирования,310025,,,004002,Месяц,,,,Operational
bufr4/3/10/025/3/004003,10,Категория 10 — Последовательности вертикального зондирования,310025,,,004003,День,,,,Operational
bufr4/3/10/025/2/004004,10,Категория 10 — Последовательности вертикального зондирования,310025,,,004004,Час,,,,Operational
bufr4/3/10/025/2/004005,10,Категория 10 — Последовательности вертикального зондирования,310025,,,004005,Минута,,,,Operational
bufr4/3/10/025/1/005040,10,Категория 10 — Последовательности вертикального зондирования,310025,,,005040,Номер орбиты,,,,Operational
bufr4/3/10/025/1/101003,10,Категория 10 — Последовательности вертикального зондирования,310025,,,101003,Повторить 1 дескриптор 3 раза,,,,Operational
bufr4/3/10/025/1/012070,10,Категория 10 — Последовательности вертикального зондирования,310025,,,012070,Температура теплой нагрузки,,,,Operational
bufr4/3/10/025/1/025054,10,Категория 10 — Последовательности вертикального зондирования,310025,,,025054,Идентификационный номер субкадра SSMIS,,,,Operational
bufr4/3/10/025/1/101004,10,Категория 10 — Последовательности вертикального зондирования,310025,,,101004,Повторить 1 дескриптор 4 раза,,,,Operational
bufr4/3/10/025/1/025055,10,Категория 10 — Последовательности вертикального зондирования,310025,,,025055,Обслуживание мультиплексора,,,,Operational
bufr4/3/10/025/1/008007,10,Категория 10 — Последовательности вертикального зондирования,310025,,,008007,Значимость размера Строка,,,,Operational
bufr4/3/10/025/1/104028,10,Категория 10 — Последовательности вертикального зондирования,310025,,,104028,Повторить 4 дескриптора 28 раз,,,,Operational
bufr4/3/10/025/2/005002,10,Категория 10 — Последовательности вертикального зондирования,310025,,,005002,Широта (низкая точность),,,,Operational
bufr4/3/10/025/2/006002,10,Категория 10 — Последовательности вертикального зондирования,310025,,,006002,Долгота (низкая точность),,,,Operational
bufr4/3/10/025/1/002111,10,Категория 10 — Последовательности вертикального зондирования,310025,,,002111,Угол падения луча радиолокатора Угол земной оси,,,,Operational
bufr4/3/10/025/1/005021,10,Категория 10 — Последовательности вертикального зондирования,310025,,,005021,Пеленг или азимут,,,,Operational
bufr4/3/10/026/1/310022,10,Категория 10 — Последовательности вертикального зондирования,310026,(Спутниковые данные о радиозатмении),,310022,"Указатель спутника, прибор и тип продукции",,,,Operational
bufr4/3/10/026/1/025060,10,Категория 10 — Последовательности вертикального зондирования,310026,(Спутниковые данные о радиозатмении),,025060,Идентификация программного обеспечения,,,,Operational
bufr4/3/10/026/1/008021,10,Категория 10 — Последовательности вертикального зондирования,310026,(Спутниковые данные о радиозатмении),,008021,Значимость времени = 17 Начало явления,,,,Operational
bufr4/3/10/026/1/301011,10,Категория 10 — Последовательности вертикального зондирования,310026,(Спутниковые данные о радиозатмении),,301011,"Год, месяц, день",,,,Operational
bufr4/3/10/026/1/301012,10,Категория 10 — Последовательности вертикального зондирования,310026,(Спутниковые данные о радиозатмении),,301012,"Час, минута",,,,Operational
bufr4/3/10/026/1/201138,10,Категория 10 — Последовательности вертикального зондирования,310026,(Спутниковые данные о радиозатмении),,201138,Изменить длину данных Длина 16 битов,,,,Operational
bufr4/3/10/026/1/202131,10,Категория 10 — Последовательности вертикального зондирования,310026,(Спутниковые данные о радиозатмении),,202131,Изменить масштаб Масштаб: 3,,,,Operational
bufr4/3/10/026/1/004006,10,Категория 10 — Последовательности вертикального зондирования,310026,(Спутниковые данные о радиозатмении),,004006,Секунда,,,,Operational
bufr4/3/10/026/1/202000,10,Категория 10 — Последовательности вертикального зондирования,310026,(Спутниковые данные о радиозатмении),,202000,Изменить масштаб Отмена,,,,Operational
bufr4/3/10/026/1/201000,10,Категория 10 — Последовательности вертикального зондирования,310026,(Спутниковые данные о радиозатмении),,201000,Изменить длину данных Отмена,,,,Operational
bufr4/3/10/026/1/033039,10,Категория 10 — Последовательности вертикального зондирования,310026,(Спутниковые данные о радиозатмении),,033039,Флаги качества для данных о радиозатмении,,,,Operational
bufr4/3/10/026/1/033007,10,Категория 10 — Последовательности вертикального зондирования,310026,(Спутниковые данные о радиозатмении),,033007,Процент достоверности Все сообщение,,,,Operational
bufr4/3/10/026/1/304030,10,Категория 10 — Последовательности вертикального зондирования,310026,(Спутниковые данные о радиозатмении),,304030,Местоположение платформы,,,,Operational
bufr4/3/10/026/1/304031,10,Категория 10 — Последовательности вертикального зондирования,310026,(Спутниковые данные о радиозатмении),,304031,Скорость платформы,,,,Operational
bufr4/3/10/026/1/002020,10,Категория 10 — Последовательности вертикального зондирования,310026,(Спутниковые данные о радиозатмении),,002020,Классификация спутников,,,,Operational
bufr4/3/10/026/1/001050,10,Категория 10 — Последовательности вертикального зондирования,310026,(Спутниковые данные о радиозатмении),,001050,Идентификационный номер передатчика платформы,,,,Operational
bufr4/3/10/026/1/202127,10,Категория 10 — Последовательности вертикального зондирования,310026,(Спутниковые данные о радиозатмении),,202127,Изменить масштаб Масштаб: 1,,,,Operational
bufr4/3/10/026/2/304030,10,Категория 10 — Последовательности вертикального зондирования,310026,(Спутниковые данные о радиозатмении),,304030,Местоположение платформы,,,,Operational
bufr4/3/10/026/2/202000,10,Категория 10 — Последовательности вертикального зондирования,310026,(Спутниковые данные о радиозатмении),,202000,Изменить масштаб Отмена,,,,Operational
bufr4/3/10/026/2/304031,10,Категория 10 — Последовательности вертикального зондирования,310026,(Спутниковые данные о радиозатмении),,304031,Скорость платформы,,,,Operational
bufr4/3/10/026/1/201133,10,Категория 10 — Последовательности вертикального зондирования,310026,(Спутниковые данные о радиозатмении),,201133,Изменить длину данных Длина 18 битов,,,,Operational
bufr4/3/10/026/2/202131,10,Категория 10 — Последовательности вертикального зондирования,310026,(Спутниковые данные о радиозатмении),,202131,Изменить масштаб Масштаб: 3,,,,Operational
bufr4/3/10/026/1/004016,10,Категория 10 — Последовательности вертикального зондирования,310026,(Спутниковые данные о радиозатмении),,004016,Временной инкремент,,,,Operational
bufr4/3/10/026/3/202000,10,Категория 10 — Последовательности вертикального зондирования,310026,(Спутниковые данные о радиозатмении),,202000,Изменить масштаб Отмена,,,,Operational
bufr4/3/10/026/2/201000,10,Категория 10 — Последовательности вертикального зондирования,310026,(Спутниковые данные о радиозатмении),,201000,Изменить длину данных Отмена,,,,Operational
bufr4/3/10/026/1/301021,10,Категория 10 — Последовательности вертикального зондирования,310026,(Спутниковые данные о радиозатмении),,301021,Широта/долгота (высокая точность),,,,Operational
bufr4/3/10/026/3/304030,10,Категория 10 — Последовательности вертикального зондирования,310026,(Спутниковые данные о радиозатмении),,304030,Местоположение платформы,,,,Operational
bufr4/3/10/026/1/010035,10,Категория 10 — Последовательности вертикального зондирования,310026,(Спутниковые данные о радиозатмении),,010035,Местный радиус кривизны Земли,,,,Operational
bufr4/3/10/026/1/005021,10,Категория 10 — Последовательности вертикального зондирования,310026,(Спутниковые данные о радиозатмении),,005021,Пеленг или азимут,,,,Operational
bufr4/3/10/026/1/010036,10,Категория 10 — Последовательности вертикального зондирования,310026,(Спутниковые данные о радиозатмении),,010036,Неровность геоида,,,,Operational
bufr4/3/10/026/1/113000,10,Категория 10 — Последовательности вертикального зондирования,310026,(Спутниковые данные о радиозатмении),,113000,Повторение с задержкой 13 дескрипторов,,,,Operational
bufr4/3/10/026/1/031002,10,Категория 10 — Последовательности вертикального зондирования,310026,(Спутниковые данные о радиозатмении),,031002,Коэффициент повторения расширенного дескриптора с задержкой,,,,Operational
bufr4/3/10/026/2/301021,10,Категория 10 — Последовательности вертикального зондирования,310026,(Спутниковые данные о радиозатмении),,301021,Широта/долгота (высокая точность),,,,Operational
bufr4/3/10/026/2/005021,10,Категория 10 — Последовательности вертикального зондирования,310026,(Спутниковые данные о радиозатмении),,005021,Пеленг или азимут,,,,Operational
bufr4/3/10/026/1/108000,10,Категория 10 — Последовательности вертикального зондирования,310026,(Спутниковые данные о радиозатмении),,108000,Повторение с задержкой 8 дескрипторов I.2 – Табл. D BUFR/10 — 11,(продолж.),,,Operational
bufr4/3/10/026/1/031001,10,Категория 10 — Последовательности вертикального зондирования,310026,,,031001,Коэффициент повторения дескриптора с задержкой,,,,Operational
bufr4/3/10/026/1/002121,10,Категория 10 — Последовательности вертикального зондирования,310026,,,002121,Средняя частота,,,,Operational
bufr4/3/10/026/1/007040,10,Категория 10 — Последовательности вертикального зондирования,310026,,,007040,Параметр воздействия,,,,Operational
bufr4/3/10/026/1/015037,10,Категория 10 — Последовательности вертикального зондирования,310026,,,015037,Угол изгиба,,,,Operational
bufr4/3/10/026/1/008023,10,Категория 10 — Последовательности вертикального зондирования,310026,,,008023,= 13 Среднеква-Статистические данные первого порядка дратическое,,,,Operational
bufr4/3/10/026/1/201125,10,Категория 10 — Последовательности вертикального зондирования,310026,,,201125,Изменить длину данных Длина 20 битов,,,,Operational
bufr4/3/10/026/2/015037,10,Категория 10 — Последовательности вертикального зондирования,310026,,,015037,Угол изгиба,,,,Operational
bufr4/3/10/026/3/201000,10,Категория 10 — Последовательности вертикального зондирования,310026,,,201000,Изменить длину данных Отмена,,,,Operational
bufr4/3/10/026/2/008023,10,Категория 10 — Последовательности вертикального зондирования,310026,,,008023,Статистические данные первого порядка Установлено на отсутствующее значение,,,,Operational
bufr4/3/10/026/2/033007,10,Категория 10 — Последовательности вертикального зондирования,310026,,,033007,Процент достоверности Все данные для текущего повто-рения,,,,Operational
bufr4/3/10/026/2/108000,10,Категория 10 — Последовательности вертикального зондирования,310026,,,108000,Повторение с задержкой 8 дескрипторов,,,,Operational
bufr4/3/10/026/2/031002,10,Категория 10 — Последовательности вертикального зондирования,310026,,,031002,Коэффициент повторения расширенного дескриптора с задержкой,,,,Operational
bufr4/3/10/026/1/007007,10,Категория 10 — Последовательности вертикального зондирования,310026,,,007007,Высота,,,,Operational
bufr4/3/10/026/1/015036,10,Категория 10 — Последовательности вертикального зондирования,310026,,,015036,Атмосферная преломляющая способность,,,,Operational
bufr4/3/10/026/3/008023,10,Категория 10 — Последовательности вертикального зондирования,310026,,,008023,= 13 Среднеква-Статистические данные первого порядка дратическое,,,,Operational
bufr4/3/10/026/1/201123,10,Категория 10 — Последовательности вертикального зондирования,310026,,,201123,Изменить длину данных Длина 14 битов,,,,Operational
bufr4/3/10/026/2/015036,10,Категория 10 — Последовательности вертикального зондирования,310026,,,015036,Атмосферная преломляющая способность,,,,Operational
bufr4/3/10/026/4/201000,10,Категория 10 — Последовательности вертикального зондирования,310026,,,201000,Изменить длину данных Отмена,,,,Operational
bufr4/3/10/026/4/008023,10,Категория 10 — Последовательности вертикального зондирования,310026,,,008023,Статистические данные первого порядка Установлено на отсутствующее значение,,,,Operational
bufr4/3/10/026/3/033007,10,Категория 10 — Последовательности вертикального зондирования,310026,,,033007,Процент достоверности Все данные для текущей высоты,,,,Operational
bufr4/3/10/026/1/116000,10,Категория 10 — Последовательности вертикального зондирования,310026,,,116000,Повторение с задержкой 16 дескрипторов,,,,Operational
bufr4/3/10/026/3/031002,10,Категория 10 — Последовательности вертикального зондирования,310026,,,031002,Коэффициент повторения расширенного дескриптора с задержкой,,,,Operational
bufr4/3/10/026/1/007009,10,Категория 10 — Последовательности вертикального зондирования,310026,,,007009,Геопотенциальная высота,,,,Operational
bufr4/3/10/026/1/010004,10,Категория 10 — Последовательности вертикального зондирования,310026,,,010004,Давление,,,,Operational
bufr4/3/10/026/1/012001,10,Категория 10 — Последовательности вертикального зондирования,310026,,,012001,Температура/температура воздуха,,,,Operational
bufr4/3/10/026/1/013001,10,Категория 10 — Последовательности вертикального зондирования,310026,,,013001,Удельная влажность,,,,Operational
bufr4/3/10/026/5/008023,10,Категория 10 — Последовательности вертикального зондирования,310026,,,008023,= 13 Среднеква-Статистические данные первого порядка дратическое,,,,Operational
bufr4/3/10/026/1/201120,10,Категория 10 — Последовательности вертикального зондирования,310026,,,201120,Изменить длину данных Длина 6 битов,,,,Operational
bufr4/3/10/026/2/010004,10,Категория 10 — Последовательности вертикального зондирования,310026,,,010004,Давление,,,,Operational
bufr4/3/10/026/5/201000,10,Категория 10 — Последовательности вертикального зондирования,310026,,,201000,Изменить длину данных Отмена,,,,Operational
bufr4/3/10/026/1/201122,10,Категория 10 — Последовательности вертикального зондирования,310026,,,201122,Изменить длину данных Длина 6 битов,,,,Operational
bufr4/3/10/026/2/012001,10,Категория 10 — Последовательности вертикального зондирования,310026,,,012001,Температура/температура воздуха,,,,Operational
bufr4/3/10/026/6/201000,10,Категория 10 — Последовательности вертикального зондирования,310026,,,201000,Изменить длину данных Отмена,,,,Operational
bufr4/3/10/026/2/201123,10,Категория 10 — Последовательности вертикального зондирования,310026,,,201123,Изменить длину данных Длина 9 битов,,,,Operational
bufr4/3/10/026/2/013001,10,Категория 10 — Последовательности вертикального зондирования,310026,,,013001,Удельная влажность,,,,Operational
bufr4/3/10/026/7/201000,10,Категория 10 — Последовательности вертикального зондирования,310026,,,201000,Изменить длину данных Отмена,,,,Operational
bufr4/3/10/026/6/008023,10,Категория 10 — Последовательности вертикального зондирования,310026,,,008023,Статистические данные первого порядка Установлено на отсутствующее значение,,,,Operational
bufr4/3/10/026/4/033007,10,Категория 10 — Последовательности вертикального зондирования,310026,,,033007,Процент достоверности Все данные для текущей высоты,,,,Operational
bufr4/3/10/026/1/008003,10,Категория 10 — Последовательности вертикального зондирования,310026,,,008003,Вертикальная значимость (спутниковые наблюдения) = 0 Поверхность,,,,Operational
bufr4/3/10/026/2/007009,10,Категория 10 — Последовательности вертикального зондирования,310026,,,007009,Геопотенциальная высота,,,,Operational
bufr4/3/10/026/3/010004,10,Категория 10 — Последовательности вертикального зондирования,310026,,,010004,Давление,(продолж.),,,Operational
bufr4/3/10/026/7/008023,10,Категория 10 — Последовательности вертикального зондирования,310026,,,008023,Статистические данные первого порядка = 13 Среднеква-дратическое,,,,Operational
bufr4/3/10/026/2/201120,10,Категория 10 — Последовательности вертикального зондирования,310026,,,201120,Изменить длину данных Длина 6 битов,,,,Operational
bufr4/3/10/026/4/010004,10,Категория 10 — Последовательности вертикального зондирования,310026,,,010004,Давление,,,,Operational
bufr4/3/10/026/8/201000,10,Категория 10 — Последовательности вертикального зондирования,310026,,,201000,Изменить длину данных Отмена,,,,Operational
bufr4/3/10/026/8/008023,10,Категория 10 — Последовательности вертикального зондирования,310026,,,008023,Статистические данные первого порядка Установлено на отсутствующее значение,,,,Operational
bufr4/3/10/026/5/033007,10,Категория 10 — Последовательности вертикального зондирования,310026,,,033007,Процент достоверности Приземные данные,,,,Operational
bufr4/3/10/027/1/301071,10,Категория 10 — Последовательности вертикального зондирования,310027,(Основная последовательность продукции по суммарному излучению неба),,301071,Указатель спутника/разрешение после обработки Информация о продукции,,,,Operational
bufr4/3/10/027/1/301011,10,Категория 10 — Последовательности вертикального зондирования,310027,(Основная последовательность продукции по суммарному излучению неба),,301011,"Год, месяц, день",,,,Operational
bufr4/3/10/027/1/301013,10,Категория 10 — Последовательности вертикального зондирования,310027,(Основная последовательность продукции по суммарному излучению неба),,301013,"Час, минута, секунда",,,,Operational
bufr4/3/10/027/1/301021,10,Категория 10 — Последовательности вертикального зондирования,310027,(Основная последовательность продукции по суммарному излучению неба),,301021,Широта/долгота (высокая точность),,,,Operational
bufr4/3/10/027/1/030021,10,Категория 10 — Последовательности вертикального зондирования,310027,(Основная последовательность продукции по суммарному излучению неба),,030021,Число элементов изображения в строке,,,,Operational
bufr4/3/10/027/1/030022,10,Категория 10 — Последовательности вертикального зондирования,310027,(Основная последовательность продукции по суммарному излучению неба),,030022,Число элементов изображения в колонке,,,,Operational
bufr4/3/10/027/1/010002,10,Категория 10 — Последовательности вертикального зондирования,310027,(Основная последовательность продукции по суммарному излучению неба),,010002,Высота Высота орбиты,,,,Operational
bufr4/3/10/027/1/304036,10,Категория 10 — Последовательности вертикального зондирования,310027,(Основная последовательность продукции по суммарному излучению неба),,304036,Облачное покрытие,,,,Operational
bufr4/3/10/027/1/002152,10,Категория 10 — Последовательности вертикального зондирования,310027,(Основная последовательность продукции по суммарному излучению неба),,002152,"Спутниковый прибор, используемый при обработке данных",,,,Operational
bufr4/3/10/027/1/002167,10,Категория 10 — Последовательности вертикального зондирования,310027,(Основная последовательность продукции по суммарному излучению неба),,002167,Метод расчета излучения,,,,Operational
bufr4/3/10/027/1/101011,10,Категория 10 — Последовательности вертикального зондирования,310027,(Основная последовательность продукции по суммарному излучению неба),,101011,Повторить 1 дескриптор 11 раз,,,,Operational
bufr4/3/10/027/1/304035,10,Категория 10 — Последовательности вертикального зондирования,310027,(Основная последовательность продукции по суммарному излучению неба),,304035,Данные по суммарному излучению неба,,,,Operational
bufr4/3/10/028/1/301071,10,Категория 10 — Последовательности вертикального зондирования,310028,(Основная последовательность продукции по суммарному излучению неба),,301071,Указатель спутника/разрешение после обработки Информация о продукции,,,,Operational
bufr4/3/10/028/1/301011,10,Категория 10 — Последовательности вертикального зондирования,310028,(Основная последовательность продукции по суммарному излучению неба),,301011,"Год, месяц, день",,,,Operational
bufr4/3/10/028/1/301013,10,Категория 10 — Последовательности вертикального зондирования,310028,(Основная последовательность продукции по суммарному излучению неба),,301013,"Час, минута, секунда",,,,Operational
bufr4/3/10/028/1/301021,10,Категория 10 — Последовательности вертикального зондирования,310028,(Основная последовательность продукции по суммарному излучению неба),,301021,Широта/долгота (высокая точность),,,,Operational
bufr4/3/10/028/1/030021,10,Категория 10 — Последовательности вертикального зондирования,310028,(Основная последовательность продукции по суммарному излучению неба),,030021,Число элементов изображения в строке,,,,Operational
bufr4/3/10/028/1/030022,10,Категория 10 — Последовательности вертикального зондирования,310028,(Основная последовательность продукции по суммарному излучению неба),,030022,Число элементов изображения в колонке,,,,Operational
bufr4/3/10/028/1/010002,10,Категория 10 — Последовательности вертикального зондирования,310028,(Основная последовательность продукции по суммарному излучению неба),,010002,Высота Высота орбиты,,,,Operational
bufr4/3/10/028/1/304036,10,Категория 10 — Последовательности вертикального зондирования,310028,(Основная последовательность продукции по суммарному излучению неба),,304036,Облачное покрытие,,,,Operational
bufr4/3/10/028/1/002152,10,Категория 10 — Последовательности вертикального зондирования,310028,(Основная последовательность продукции по суммарному излучению неба),,002152,"Спутниковый прибор, используемый при обработке данных",,,,Operational
bufr4/3/10/028/1/002167,10,Категория 10 — Последовательности вертикального зондирования,310028,(Основная последовательность продукции по суммарному излучению неба),,002167,Метод расчета излучения,,,,Operational
bufr4/3/10/028/1/101011,10,Категория 10 — Последовательности вертикального зондирования,310028,(Основная последовательность продукции по суммарному излучению неба),,101011,Повторить 1 дескриптор 11 раз,,,,Operational
bufr4/3/10/028/1/304037,10,Категория 10 — Последовательности вертикального зондирования,310028,(Основная последовательность продукции по суммарному излучению неба),,304037,Данные по суммарному излучению неба,,,,Operational
bufr4/3/10/029/1/110000,10,Категория 10 — Последовательности вертикального зондирования,310029,"(Слой, озон, высота, температура и водяной пар)",,110000,Повторение с задержкой 10 дескрипторов,,,,Operational
bufr4/3/10/029/1/031001,10,Категория 10 — Последовательности вертикального зондирования,310029,"(Слой, озон, высота, температура и водяной пар)",,031001,Коэффициент повторения дескриптора с задержкой,,,,Operational
bufr4/3/10/029/1/201138,10,Категория 10 — Последовательности вертикального зондирования,310029,"(Слой, озон, высота, температура и водяной пар)",,201138,Изменить длину данных,,,,Operational
bufr4/3/10/029/1/202130,10,Категория 10 — Последовательности вертикального зондирования,310029,"(Слой, озон, высота, температура и водяной пар)",,202130,Изменить масштаб,,,,Operational
bufr4/3/10/029/1/007004,10,Категория 10 — Последовательности вертикального зондирования,310029,"(Слой, озон, высота, температура и водяной пар)",,007004,Давление,,,,Operational
bufr4/3/10/029/2/007004,10,Категория 10 — Последовательности вертикального зондирования,310029,"(Слой, озон, высота, температура и водяной пар)",,007004,Давление,,,,Operational
bufr4/3/10/029/1/202000,10,Категория 10 — Последовательности вертикального зондирования,310029,"(Слой, озон, высота, температура и водяной пар)",,202000,Изменить масштаб Отмена,,,,Operational
bufr4/3/10/029/1/201000,10,Категория 10 — Последовательности вертикального зондирования,310029,"(Слой, озон, высота, температура и водяной пар)",,201000,Изменить длину данных Отмена,,,,Operational
bufr4/3/10/029/1/015020,10,Категория 10 — Последовательности вертикального зондирования,310029,"(Слой, озон, высота, температура и водяной пар)",,015020,Интегральная плотность озона,,,,Operational
bufr4/3/10/029/1/010002,10,Категория 10 — Последовательности вертикального зондирования,310029,"(Слой, озон, высота, температура и водяной пар)",,010002,Высота I.2 – Табл. D BUFR/10 — 13,(продолж.),,,Operational
bufr4/3/10/029/1/012101,10,Категория 10 — Последовательности вертикального зондирования,310029,,,012101,Температура/температура воздуха,,,,Operational
bufr4/3/10/029/1/013098,10,Категория 10 — Последовательности вертикального зондирования,310029,,,013098,Интегральная плотность водяных паров,,,,Operational
bufr4/3/10/030/1/310022,10,Категория 10 — Последовательности вертикального зондирования,310030,"(Передача данных, полученных с помощью приборов MIPAS или GOMOS)",,310022,"Указатель спутника, прибор и тип продукции",,,,Operational
bufr4/3/10/030/1/301011,10,Категория 10 — Последовательности вертикального зондирования,310030,"(Передача данных, полученных с помощью приборов MIPAS или GOMOS)",,301011,"Год, месяц, день",,,,Operational
bufr4/3/10/030/1/301013,10,Категория 10 — Последовательности вертикального зондирования,310030,"(Передача данных, полученных с помощью приборов MIPAS или GOMOS)",,301013,"Час, минута, секунда",,,,Operational
bufr4/3/10/030/1/301021,10,Категория 10 — Последовательности вертикального зондирования,310030,"(Передача данных, полученных с помощью приборов MIPAS или GOMOS)",,301021,Широта/долгота (высокая точность),,,,Operational
bufr4/3/10/030/1/304034,10,Категория 10 — Последовательности вертикального зондирования,310030,"(Передача данных, полученных с помощью приборов MIPAS или GOMOS)",,304034,"Широта/долгота, угол возвышения Солнца, число слоев",,,,Operational
bufr4/3/10/030/1/310029,10,Категория 10 — Последовательности вертикального зондирования,310030,"(Передача данных, полученных с помощью приборов MIPAS или GOMOS)",,310029,"Слой, озон, высота, температура и водяной пар",,,,Operational
bufr4/3/10/050/1/310051,10,Категория 10 — Последовательности вертикального зондирования,310050,"(Передача данных со спутников, совместно расположенных на уровне 1C, с тремя приборами)",,310051,Местоположение спутника и температуры приборов,,,,Operational
bufr4/3/10/050/1/310052,10,Категория 10 — Последовательности вертикального зондирования,310050,"(Передача данных со спутников, совместно расположенных на уровне 1C, с тремя приборами)",,310052,Тип спутникового прибора и его положение AIRS,,,,Operational
bufr4/3/10/050/1/101000,10,Категория 10 — Последовательности вертикального зондирования,310050,"(Передача данных со спутников, совместно расположенных на уровне 1C, с тремя приборами)",,101000,Повторение с задержкой 1 дескриптора,,,,Operational
bufr4/3/10/050/1/031002,10,Категория 10 — Последовательности вертикального зондирования,310050,"(Передача данных со спутников, совместно расположенных на уровне 1C, с тремя приборами)",,031002,Коэффициент повторения расширенного дескриптора с задержкой,,,,Operational
bufr4/3/10/050/1/310053,10,Категория 10 — Последовательности вертикального зондирования,310050,"(Передача данных со спутников, совместно расположенных на уровне 1C, с тремя приборами)",,310053,Спутниковые каналы и яркостные температуры с AIRS расширенным множеством каналов,,,,Operational
bufr4/3/10/050/1/101004,10,Категория 10 — Последовательности вертикального зондирования,310050,"(Передача данных со спутников, совместно расположенных на уровне 1C, с тремя приборами)",,101004,Повторить 1 дескриптор 4 раза,,,,Operational
bufr4/3/10/050/1/310054,10,Категория 10 — Последовательности вертикального зондирования,310050,"(Передача данных со спутников, совместно расположенных на уровне 1C, с тремя приборами)",,310054,Спутниковые видимые каналы и альбедо с расширенным множеством каналов,,,,Operational
bufr4/3/10/050/1/020010,10,Категория 10 — Последовательности вертикального зондирования,310050,"(Передача данных со спутников, совместно расположенных на уровне 1C, с тремя приборами)",,020010,Облачность (общая),,,,Operational
bufr4/3/10/050/2/310052,10,Категория 10 — Последовательности вертикального зондирования,310050,"(Передача данных со спутников, совместно расположенных на уровне 1C, с тремя приборами)",,310052,Тип спутникового прибора и его положение AMSU-A,,,,Operational
bufr4/3/10/050/1/101015,10,Категория 10 — Последовательности вертикального зондирования,310050,"(Передача данных со спутников, совместно расположенных на уровне 1C, с тремя приборами)",,101015,Повторить 1 дескриптор 15 раз,,,,Operational
bufr4/3/10/050/2/310053,10,Категория 10 — Последовательности вертикального зондирования,310050,"(Передача данных со спутников, совместно расположенных на уровне 1C, с тремя приборами)",,310053,Спутниковые каналы и яркостные температуры с AMSU-A расширенным множеством каналов,,,,Operational
bufr4/3/10/050/3/310052,10,Категория 10 — Последовательности вертикального зондирования,310050,"(Передача данных со спутников, совместно расположенных на уровне 1C, с тремя приборами)",,310052,Тип спутникового прибора и его положение HSB,,,,Operational
bufr4/3/10/050/1/101005,10,Категория 10 — Последовательности вертикального зондирования,310050,"(Передача данных со спутников, совместно расположенных на уровне 1C, с тремя приборами)",,101005,Повторить 1 дескриптор 5 раз,,,,Operational
bufr4/3/10/050/3/310053,10,Категория 10 — Последовательности вертикального зондирования,310050,"(Передача данных со спутников, совместно расположенных на уровне 1C, с тремя приборами)",,310053,Спутниковые каналы и яркостные температуры с HSB расширенным множеством каналов,,,,Operational
bufr4/3/10/051/1/001007,10,Категория 10 — Последовательности вертикального зондирования,310051,(Местоположение спутника и температуры приборов),,001007,Указатель спутника,,,,Operational
bufr4/3/10/051/1/005040,10,Категория 10 — Последовательности вертикального зондирования,310051,(Местоположение спутника и температуры приборов),,005040,Номер орбиты,,,,Operational
bufr4/3/10/051/1/201133,10,Категория 10 — Последовательности вертикального зондирования,310051,(Местоположение спутника и температуры приборов),,201133,Изменить длину данных,,,,Operational
bufr4/3/10/051/1/005041,10,Категория 10 — Последовательности вертикального зондирования,310051,(Местоположение спутника и температуры приборов),,005041,Номер строки сканирования,,,,Operational
bufr4/3/10/051/1/201000,10,Категория 10 — Последовательности вертикального зондирования,310051,(Местоположение спутника и температуры приборов),,201000,Изменить длину данных Отмена,,,,Operational
bufr4/3/10/051/1/201132,10,Категория 10 — Последовательности вертикального зондирования,310051,(Местоположение спутника и температуры приборов),,201132,Изменить длину данных,,,,Operational
bufr4/3/10/051/1/025070,10,Категория 10 — Последовательности вертикального зондирования,310051,(Местоположение спутника и температуры приборов),,025070,Номер основного пакета данных,,,,Operational
bufr4/3/10/051/2/201000,10,Категория 10 — Последовательности вертикального зондирования,310051,(Местоположение спутника и температуры приборов),,201000,Изменить длину данных Отмена,,,,Operational
bufr4/3/10/051/1/202126,10,Категория 10 — Последовательности вертикального зондирования,310051,(Местоположение спутника и температуры приборов),,202126,Изменить масштаб,,,,Operational
bufr4/3/10/051/1/007001,10,Категория 10 — Последовательности вертикального зондирования,310051,(Местоположение спутника и температуры приборов),,007001,Высота станции,,,,Operational
bufr4/3/10/051/1/202000,10,Категория 10 — Последовательности вертикального зондирования,310051,(Местоположение спутника и температуры приборов),,202000,Изменить масштаб Отмена,,,,Operational
bufr4/3/10/051/1/007025,10,Категория 10 — Последовательности вертикального зондирования,310051,(Местоположение спутника и температуры приборов),,007025,Зенитный угол Солнца,,,,Operational
bufr4/3/10/051/1/005022,10,Категория 10 — Последовательности вертикального зондирования,310051,(Местоположение спутника и температуры приборов),,005022,Азимут Солнца,,,,Operational
bufr4/3/10/051/1/102009,10,Категория 10 — Последовательности вертикального зондирования,310051,(Местоположение спутника и температуры приборов),,102009,Повторить 2 дескриптора 9 раз,,,,Operational
bufr4/3/10/051/1/002151,10,Категория 10 — Последовательности вертикального зондирования,310051,(Местоположение спутника и температуры приборов),,002151,Идентификатор радиометра,,,,Operational
bufr4/3/10/051/1/012064,10,Категория 10 — Последовательности вертикального зондирования,310051,(Местоположение спутника и температуры приборов),,012064,Температура прибора,(продолж.),,,Operational
bufr4/3/10/052/1/002019,10,Категория 10 — Последовательности вертикального зондирования,310052,(Тип спутникового прибора и его положение),,002019,Спутниковые приборы,,,,Operational
bufr4/3/10/052/1/301011,10,Категория 10 — Последовательности вертикального зондирования,310052,(Тип спутникового прибора и его положение),,301011,"Год, месяц, день",,,,Operational
bufr4/3/10/052/1/301012,10,Категория 10 — Последовательности вертикального зондирования,310052,(Тип спутникового прибора и его положение),,301012,"Час, минута",,,,Operational
bufr4/3/10/052/1/202131,10,Категория 10 — Последовательности вертикального зондирования,310052,(Тип спутникового прибора и его положение),,202131,Изменить масштаб,,,,Operational
bufr4/3/10/052/1/201138,10,Категория 10 — Последовательности вертикального зондирования,310052,(Тип спутникового прибора и его положение),,201138,Изменить длину данных,,,,Operational
bufr4/3/10/052/1/004006,10,Категория 10 — Последовательности вертикального зондирования,310052,(Тип спутникового прибора и его положение),,004006,Секунды,,,,Operational
bufr4/3/10/052/1/201000,10,Категория 10 — Последовательности вертикального зондирования,310052,(Тип спутникового прибора и его положение),,201000,Изменить длину данных Отмена,,,,Operational
bufr4/3/10/052/1/202000,10,Категория 10 — Последовательности вертикального зондирования,310052,(Тип спутникового прибора и его положение),,202000,Изменить масштаб Отмена,,,,Operational
bufr4/3/10/052/1/301021,10,Категория 10 — Последовательности вертикального зондирования,310052,(Тип спутникового прибора и его положение),,301021,Широта/долгота (высокая точность),,,,Operational
bufr4/3/10/052/1/007024,10,Категория 10 — Последовательности вертикального зондирования,310052,(Тип спутникового прибора и его положение),,007024,Зенитный угол спутника,,,,Operational
bufr4/3/10/052/1/005021,10,Категория 10 — Последовательности вертикального зондирования,310052,(Тип спутникового прибора и его положение),,005021,Пеленг или азимут,,,,Operational
bufr4/3/10/052/1/005043,10,Категория 10 — Последовательности вертикального зондирования,310052,(Тип спутникового прибора и его положение),,005043,Номер поля зрения,,,,Operational
bufr4/3/10/053/1/201134,10,Категория 10 — Последовательности вертикального зондирования,310053,(Спутниковые каналы и яркостные температуры с расширенным множеством каналов),,201134,Изменить длину данных,,,,Operational
bufr4/3/10/053/1/005042,10,Категория 10 — Последовательности вертикального зондирования,310053,(Спутниковые каналы и яркостные температуры с расширенным множеством каналов),,005042,Номер канала,,,,Operational
bufr4/3/10/053/1/201000,10,Категория 10 — Последовательности вертикального зондирования,310053,(Спутниковые каналы и яркостные температуры с расширенным множеством каналов),,201000,Изменение длину данных Отмена,,,,Operational
bufr4/3/10/053/1/025076,10,Категория 10 — Последовательности вертикального зондирования,310053,(Спутниковые каналы и яркостные температуры с расширенным множеством каналов),,025076,(центрального волнового числа температуры — Log 10 излучения) ATOVS,,,,Operational
bufr4/3/10/053/1/033032,10,Категория 10 — Последовательности вертикального зондирования,310053,(Спутниковые каналы и яркостные температуры с расширенным множеством каналов),,033032,Флаги качества каналов ATOVS,,,,Operational
bufr4/3/10/053/1/012163,10,Категория 10 — Последовательности вертикального зондирования,310053,(Спутниковые каналы и яркостные температуры с расширенным множеством каналов),,012163,Яркостная температура Масштаб: 2 (Спутниковые каналы в видимом диапазоне и альбедо с расширенным множеством каналов),,,,Operational
bufr4/3/10/054/1/201134,10,Категория 10 — Последовательности вертикального зондирования,310054,(центрального волнового числа температуры — Log 10 излучения) ATOVS Флаги качества каналов ATOVS Яркостная температура Масштаб: 2 (Спутниковые каналы в видимом диапазоне и альбедо с расширенным множеством каналов),,201134,Изменить длину данных,,,,Operational
bufr4/3/10/054/1/005042,10,Категория 10 — Последовательности вертикального зондирования,310054,(центрального волнового числа температуры — Log 10 излучения) ATOVS Флаги качества каналов ATOVS Яркостная температура Масштаб: 2 (Спутниковые каналы в видимом диапазоне и альбедо с расширенным множеством каналов),,005042,Номер канала,,,,Operational
bufr4/3/10/054/1/201000,10,Категория 10 — Последовательности вертикального зондирования,310054,(центрального волнового числа температуры — Log 10 излучения) ATOVS Флаги качества каналов ATOVS Яркостная температура Масштаб: 2 (Спутниковые каналы в видимом диапазоне и альбедо с расширенным множеством каналов),,201000,Изменить длину данных Отмена,,,,Operational
bufr4/3/10/054/1/025076,10,Категория 10 — Последовательности вертикального зондирования,310054,(центрального волнового числа температуры — Log 10 излучения) ATOVS Флаги качества каналов ATOVS Яркостная температура Масштаб: 2 (Спутниковые каналы в видимом диапазоне и альбедо с расширенным множеством каналов),,025076,(центрального волнового числа температуры — Log 10 излучения) ATOVS,,,,Operational
bufr4/3/10/054/1/033032,10,Категория 10 — Последовательности вертикального зондирования,310054,(центрального волнового числа температуры — Log 10 излучения) ATOVS Флаги качества каналов ATOVS Яркостная температура Масштаб: 2 (Спутниковые каналы в видимом диапазоне и альбедо с расширенным множеством каналов),,033032,Флаги качества каналов ATOVS,,,,Operational
bufr4/3/10/054/1/201131,10,Категория 10 — Последовательности вертикального зондирования,310054,(центрального волнового числа температуры — Log 10 излучения) ATOVS Флаги качества каналов ATOVS Яркостная температура Масштаб: 2 (Спутниковые каналы в видимом диапазоне и альбедо с расширенным множеством каналов),,201131,Изменить длину данных,,,,Operational
bufr4/3/10/054/1/202129,10,Категория 10 — Последовательности вертикального зондирования,310054,(центрального волнового числа температуры — Log 10 излучения) ATOVS Флаги качества каналов ATOVS Яркостная температура Масштаб: 2 (Спутниковые каналы в видимом диапазоне и альбедо с расширенным множеством каналов),,202129,Изменить масштаб,,,,Operational
bufr4/3/10/054/1/102002,10,Категория 10 — Последовательности вертикального зондирования,310054,(центрального волнового числа температуры — Log 10 излучения) ATOVS Флаги качества каналов ATOVS Яркостная температура Масштаб: 2 (Спутниковые каналы в видимом диапазоне и альбедо с расширенным множеством каналов),,102002,Повторить 2 дескриптора 2 раза,,,,Operational
bufr4/3/10/054/1/008023,10,Категория 10 — Последовательности вертикального зондирования,310054,(центрального волнового числа температуры — Log 10 излучения) ATOVS Флаги качества каналов ATOVS Яркостная температура Масштаб: 2 (Спутниковые каналы в видимом диапазоне и альбедо с расширенным множеством каналов),,008023,Статистические данные первого порядка,,,,Operational
bufr4/3/10/054/1/014027,10,Категория 10 — Последовательности вертикального зондирования,310054,(центрального волнового числа температуры — Log 10 излучения) ATOVS Флаги качества каналов ATOVS Яркостная температура Масштаб: 2 (Спутниковые каналы в видимом диапазоне и альбедо с расширенным множеством каналов),,014027,Альбедо,,,,Operational
bufr4/3/10/054/2/008023,10,Категория 10 — Последовательности вертикального зондирования,310054,(центрального волнового числа температуры — Log 10 излучения) ATOVS Флаги качества каналов ATOVS Яркостная температура Масштаб: 2 (Спутниковые каналы в видимом диапазоне и альбедо с расширенным множеством каналов),,008023,Статистические данные первого порядка,,,,Operational
bufr4/3/10/054/1/202000,10,Категория 10 — Последовательности вертикального зондирования,310054,(центрального волнового числа температуры — Log 10 излучения) ATOVS Флаги качества каналов ATOVS Яркостная температура Масштаб: 2 (Спутниковые каналы в видимом диапазоне и альбедо с расширенным множеством каналов),,202000,Изменить масштаб Отмена,,,,Operational
bufr4/3/10/054/2/201000,10,Категория 10 — Последовательности вертикального зондирования,310054,(центрального волнового числа температуры — Log 10 излучения) ATOVS Флаги качества каналов ATOVS Яркостная температура Масштаб: 2 (Спутниковые каналы в видимом диапазоне и альбедо с расширенным множеством каналов),,201000,Изменить длину данных Отмена (Измеренное спутником излучение/основные компоненты каналов),,,,Operational
bufr4/3/10/055/1/310051,10,Категория 10 — Последовательности вертикального зондирования,310055,(центрального волнового числа температуры — Log 10 излучения) ATOVS Флаги качества каналов ATOVS Изменить длину данных Изменить масштаб Повторить 2 дескриптора 2 раза Статистические данные первого порядка Альбедо Статистические данные первого порядка Изменить масштаб Отмена Изменить длину данных Отмена (Измеренное спутником излучение/основные компоненты каналов),,310051,Местоположение спутника и температуры приборов,,,,Operational
bufr4/3/10/055/1/310052,10,Категория 10 — Последовательности вертикального зондирования,310055,(центрального волнового числа температуры — Log 10 излучения) ATOVS Флаги качества каналов ATOVS Изменить длину данных Изменить масштаб Повторить 2 дескриптора 2 раза Статистические данные первого порядка Альбедо Статистические данные первого порядка Изменить масштаб Отмена Изменить длину данных Отмена (Измеренное спутником излучение/основные компоненты каналов),,310052,Тип спутникового прибора и его положение AIRS,,,,Operational
bufr4/3/10/055/1/102020,10,Категория 10 — Последовательности вертикального зондирования,310055,(центрального волнового числа температуры — Log 10 излучения) ATOVS Флаги качества каналов ATOVS Изменить длину данных Изменить масштаб Повторить 2 дескриптора 2 раза Статистические данные первого порядка Альбедо Статистические данные первого порядка Изменить масштаб Отмена Изменить длину данных Отмена (Измеренное спутником излучение/основные компоненты каналов),,102020,Повторить 2 дескриптора 20 раз,,,,Operational
bufr4/3/10/055/1/025076,10,Категория 10 — Последовательности вертикального зондирования,310055,(центрального волнового числа температуры — Log 10 излучения) ATOVS Флаги качества каналов ATOVS Изменить длину данных Изменить масштаб Повторить 2 дескриптора 2 раза Статистические данные первого порядка Альбедо Статистические данные первого порядка Изменить масштаб Отмена Изменить длину данных Отмена (Измеренное спутником излучение/основные компоненты каналов),,025076,(центрального волнового числа температуры — Log 10 излучения) ATOVS,,,,Operational
bufr4/3/10/055/1/025052,10,Категория 10 — Последовательности вертикального зондирования,310055,(центрального волнового числа температуры — Log 10 излучения) ATOVS Флаги качества каналов ATOVS Изменить длину данных Изменить масштаб Повторить 2 дескриптора 2 раза Статистические данные первого порядка Альбедо Статистические данные первого порядка Изменить масштаб Отмена Изменить длину данных Отмена (Измеренное спутником излучение/основные компоненты каналов),,025052,"основных компонентов, нормализованных в Log 10 соответствии с данными",,,,Operational
bufr4/3/10/055/1/101000,10,Категория 10 — Последовательности вертикального зондирования,310055,(центрального волнового числа температуры — Log 10 излучения) ATOVS Флаги качества каналов ATOVS Изменить длину данных Изменить масштаб Повторить 2 дескриптора 2 раза Статистические данные первого порядка Альбедо Статистические данные первого порядка Изменить масштаб Отмена Изменить длину данных Отмена (Измеренное спутником излучение/основные компоненты каналов),,101000,Повторение с задержкой 1 дескриптора,,,,Operational
bufr4/3/10/055/1/031002,10,Категория 10 — Последовательности вертикального зондирования,310055,(центрального волнового числа температуры — Log 10 излучения) ATOVS Флаги качества каналов ATOVS Изменить длину данных Изменить масштаб Повторить 2 дескриптора 2 раза Статистические данные первого порядка Альбедо Статистические данные первого порядка Изменить масштаб Отмена Изменить длину данных Отмена (Измеренное спутником излучение/основные компоненты каналов),,031002,Коэффициент повторения расширенного дескриптора с задержкой,,,,Operational
bufr4/3/10/055/1/025050,10,Категория 10 — Последовательности вертикального зондирования,310055,(центрального волнового числа температуры — Log 10 излучения) ATOVS Флаги качества каналов ATOVS Изменить длину данных Изменить масштаб Повторить 2 дескриптора 2 раза Статистические данные первого порядка Альбедо Статистические данные первого порядка Изменить масштаб Отмена Изменить длину данных Отмена (Измеренное спутником излучение/основные компоненты каналов),,025050,Измеренное спут-Количественный показатель главного компонента ником излучение I.2 – Табл. D BUFR/10 — 15,(продолж.),,,Operational
bufr4/3/10/060/1/001007,10,Категория 10 — Последовательности вертикального зондирования,310060,(Полученные с CrIS (инфракрасный зонд для зондирования поперек трассы) данные об излучении),,001007,Указатель спутника,,,,Operational
bufr4/3/10/060/1/001033,10,Категория 10 — Последовательности вертикального зондирования,310060,(Полученные с CrIS (инфракрасный зонд для зондирования поперек трассы) данные об излучении),,001033,Идентификация центра-постовщика/производителя,,,,Operational
bufr4/3/10/060/1/002019,10,Категория 10 — Последовательности вертикального зондирования,310060,(Полученные с CrIS (инфракрасный зонд для зондирования поперек трассы) данные об излучении),,002019,Спутниковые приборы,,,,Operational
bufr4/3/10/060/1/002020,10,Категория 10 — Последовательности вертикального зондирования,310060,(Полученные с CrIS (инфракрасный зонд для зондирования поперек трассы) данные об излучении),,002020,Классификация спутников,,,,Operational
bufr4/3/10/060/1/301011,10,Категория 10 — Последовательности вертикального зондирования,310060,(Полученные с CrIS (инфракрасный зонд для зондирования поперек трассы) данные об излучении),,301011,"Год, месяц, день",,,,Operational
bufr4/3/10/060/1/301012,10,Категория 10 — Последовательности вертикального зондирования,310060,(Полученные с CrIS (инфракрасный зонд для зондирования поперек трассы) данные об излучении),,301012,"Час, минута",,,,Operational
bufr4/3/10/060/1/207003,10,Категория 10 — Последовательности вертикального зондирования,310060,(Полученные с CrIS (инфракрасный зонд для зондирования поперек трассы) данные об излучении),,207003,"Увеличить масштаб, величину начала отсчета и длину данных",,,,Operational
bufr4/3/10/060/1/004006,10,Категория 10 — Последовательности вертикального зондирования,310060,(Полученные с CrIS (инфракрасный зонд для зондирования поперек трассы) данные об излучении),,004006,Секунда,,,,Operational
bufr4/3/10/060/1/207000,10,Категория 10 — Последовательности вертикального зондирования,310060,(Полученные с CrIS (инфракрасный зонд для зондирования поперек трассы) данные об излучении),,207000,"Увеличить масштаб, величину начала отсчета и длину Отмена данных",,,,Operational
bufr4/3/10/060/1/304030,10,Категория 10 — Последовательности вертикального зондирования,310060,(Полученные с CrIS (инфракрасный зонд для зондирования поперек трассы) данные об излучении),,304030,Местоположение платформы,,,,Operational
bufr4/3/10/060/1/301021,10,Категория 10 — Последовательности вертикального зондирования,310060,(Полученные с CrIS (инфракрасный зонд для зондирования поперек трассы) данные об излучении),,301021,Широта/долгота (высокая точность),,,,Operational
bufr4/3/10/060/1/007024,10,Категория 10 — Последовательности вертикального зондирования,310060,(Полученные с CrIS (инфракрасный зонд для зондирования поперек трассы) данные об излучении),,007024,Зенитный угол спутника,,,,Operational
bufr4/3/10/060/1/005021,10,Категория 10 — Последовательности вертикального зондирования,310060,(Полученные с CrIS (инфракрасный зонд для зондирования поперек трассы) данные об излучении),,005021,Пеленг или азимут,,,,Operational
bufr4/3/10/060/1/007025,10,Категория 10 — Последовательности вертикального зондирования,310060,(Полученные с CrIS (инфракрасный зонд для зондирования поперек трассы) данные об излучении),,007025,Зенитный угол Солнца,,,,Operational
bufr4/3/10/060/1/005022,10,Категория 10 — Последовательности вертикального зондирования,310060,(Полученные с CrIS (инфракрасный зонд для зондирования поперек трассы) данные об излучении),,005022,Азимут Солнца,,,,Operational
bufr4/3/10/060/1/008075,10,Категория 10 — Последовательности вертикального зондирования,310060,(Полученные с CrIS (инфракрасный зонд для зондирования поперек трассы) данные об излучении),,008075,Определитель восходящей/нисходящей орбиты,,,,Operational
bufr4/3/10/060/1/201133,10,Категория 10 — Последовательности вертикального зондирования,310060,(Полученные с CrIS (инфракрасный зонд для зондирования поперек трассы) данные об излучении),,201133,Изменить длину данных Увеличить битовую ширину,,,,Operational
bufr4/3/10/060/1/005041,10,Категория 10 — Последовательности вертикального зондирования,310060,(Полученные с CrIS (инфракрасный зонд для зондирования поперек трассы) данные об излучении),,005041,Номер строки сканирования,,,,Operational
bufr4/3/10/060/1/201000,10,Категория 10 — Последовательности вертикального зондирования,310060,(Полученные с CrIS (инфракрасный зонд для зондирования поперек трассы) данные об излучении),,201000,Отменить увели-Изменить длину данных чение битовой ширины,,,,Operational
bufr4/3/10/060/1/005045,10,Категория 10 — Последовательности вертикального зондирования,310060,(Полученные с CrIS (инфракрасный зонд для зондирования поперек трассы) данные об излучении),,005045,Номер эффективного поля зрения,,,,Operational
bufr4/3/10/060/1/005043,10,Категория 10 — Последовательности вертикального зондирования,310060,(Полученные с CrIS (инфракрасный зонд для зондирования поперек трассы) данные об излучении),,005043,Номер поля зрения,,,,Operational
bufr4/3/10/060/1/005040,10,Категория 10 — Последовательности вертикального зондирования,310060,(Полученные с CrIS (инфракрасный зонд для зондирования поперек трассы) данные об излучении),,005040,Номер орбиты,,,,Operational
bufr4/3/10/060/1/010001,10,Категория 10 — Последовательности вертикального зондирования,310060,(Полученные с CrIS (инфракрасный зонд для зондирования поперек трассы) данные об излучении),,010001,Высота поверхности суши,,,,Operational
bufr4/3/10/060/1/201129,10,Категория 10 — Последовательности вертикального зондирования,310060,(Полученные с CrIS (инфракрасный зонд для зондирования поперек трассы) данные об излучении),,201129,Изменить длину данных Увеличить битовую ширину,,,,Operational
bufr4/3/10/060/1/007002,10,Категория 10 — Последовательности вертикального зондирования,310060,(Полученные с CrIS (инфракрасный зонд для зондирования поперек трассы) данные об излучении),,007002,Высота или абсолютная высота,,,,Operational
bufr4/3/10/060/2/201000,10,Категория 10 — Последовательности вертикального зондирования,310060,(Полученные с CrIS (инфракрасный зонд для зондирования поперек трассы) данные об излучении),,201000,Изменить длину данных Отменить увеличение битовой ширины,,,,Operational
bufr4/3/10/060/1/202127,10,Категория 10 — Последовательности вертикального зондирования,310060,(Полученные с CrIS (инфракрасный зонд для зондирования поперек трассы) данные об излучении),,202127,Изменить масштаб Увеличить масштаб,,,,Operational
bufr4/3/10/060/1/201125,10,Категория 10 — Последовательности вертикального зондирования,310060,(Полученные с CrIS (инфракрасный зонд для зондирования поперек трассы) данные об излучении),,201125,Изменить длину данных Увеличить битовую ширину,,,,Operational
bufr4/3/10/060/1/021166,10,Категория 10 — Последовательности вертикального зондирования,310060,(Полученные с CrIS (инфракрасный зонд для зондирования поперек трассы) данные об излучении),,021166,Доля суши,,,,Operational
bufr4/3/10/060/3/201000,10,Категория 10 — Последовательности вертикального зондирования,310060,(Полученные с CrIS (инфракрасный зонд для зондирования поперек трассы) данные об излучении),,201000,Изменить длину данных Отменить увеличение битовой ширины,,,,Operational
bufr4/3/10/060/1/202000,10,Категория 10 — Последовательности вертикального зондирования,310060,(Полученные с CrIS (инфракрасный зонд для зондирования поперек трассы) данные об излучении),,202000,Отменить увеличе-Изменить масштаб ние масштаба,,,,Operational
bufr4/3/10/060/1/008012,10,Категория 10 — Последовательности вертикального зондирования,310060,(Полученные с CrIS (инфракрасный зонд для зондирования поперек трассы) данные об излучении),,008012,Описатель суши/моря,,,,Operational
bufr4/3/10/060/1/020010,10,Категория 10 — Последовательности вертикального зондирования,310060,(Полученные с CrIS (инфракрасный зонд для зондирования поперек трассы) данные об излучении),,020010,Облачность (общая),,,,Operational
bufr4/3/10/060/1/020014,10,Категория 10 — Последовательности вертикального зондирования,310060,(Полученные с CrIS (инфракрасный зонд для зондирования поперек трассы) данные об излучении),,020014,Высота верхней границы облаков,,,,Operational
bufr4/3/10/060/1/002165,10,Категория 10 — Последовательности вертикального зондирования,310060,(Полученные с CrIS (инфракрасный зонд для зондирования поперек трассы) данные об излучении),,002165,Флаги типа излучения,,,,Operational
bufr4/3/10/060/1/033075,10,Категория 10 — Последовательности вертикального зондирования,310060,(Полученные с CrIS (инфракрасный зонд для зондирования поперек трассы) данные об излучении),,033075,Флаги качества на уровне сканирования,,,,Operational
bufr4/3/10/060/1/107003,10,Категория 10 — Последовательности вертикального зондирования,310060,(Полученные с CrIS (инфракрасный зонд для зондирования поперек трассы) данные об излучении),,107003,Повторить 7 дескрипторов 3 раза,,,,Operational
bufr4/3/10/060/1/008076,10,Категория 10 — Последовательности вертикального зондирования,310060,(Полученные с CrIS (инфракрасный зонд для зондирования поперек трассы) данные об излучении),,008076,Тип полосы,,,,Operational
bufr4/3/10/060/1/006029,10,Категория 10 — Последовательности вертикального зондирования,310060,(Полученные с CrIS (инфракрасный зонд для зондирования поперек трассы) данные об излучении),,006029,Волновое число Начало диапазона,,,,Operational
bufr4/3/10/060/2/006029,10,Категория 10 — Последовательности вертикального зондирования,310060,(Полученные с CrIS (инфракрасный зонд для зондирования поперек трассы) данные об излучении),,006029,Волновое число Конец диапазона,,,,Operational
bufr4/3/10/060/1/025140,10,Категория 10 — Последовательности вертикального зондирования,310060,(Полученные с CrIS (инфракрасный зонд для зондирования поперек трассы) данные об излучении),,025140,Начальный канал,,,,Operational
bufr4/3/10/060/1/025141,10,Категория 10 — Последовательности вертикального зондирования,310060,(Полученные с CrIS (инфракрасный зонд для зондирования поперек трассы) данные об излучении),,025141,Конечный канал,(продолж.),,,Operational
bufr4/3/10/060/1/033076,10,Категория 10 — Последовательности вертикального зондирования,310060,,,033076,Флаги качества калибровки,,,,Operational
bufr4/3/10/060/1/033077,10,Категория 10 — Последовательности вертикального зондирования,310060,,,033077,Флаги качества поля зрения,,,,Operational
bufr4/3/10/060/2/008076,10,Категория 10 — Последовательности вертикального зондирования,310060,,,008076,Тип полосы Установлено на отсутствующее значение (отмена),,,,Operational
bufr4/3/10/060/1/033078,10,Категория 10 — Последовательности вертикального зондирования,310060,,,033078,Качество геоположения,,,,Operational
bufr4/3/10/060/1/033003,10,Категория 10 — Последовательности вертикального зондирования,310060,,,033003,Информация о качестве,,,,Operational
bufr4/3/10/060/1/104000,10,Категория 10 — Последовательности вертикального зондирования,310060,,,104000,Повторение 4 дескрипторов с задержкой,,,,Operational
bufr4/3/10/060/1/031002,10,Категория 10 — Последовательности вертикального зондирования,310060,,,031002,Коэффициент повторения расширенного дескриптора с задержкой,,,,Operational
bufr4/3/10/060/2/201133,10,Категория 10 — Последовательности вертикального зондирования,310060,,,201133,Изменить длину данных Увеличить битовую ширину,,,,Operational
bufr4/3/10/060/1/005042,10,Категория 10 — Последовательности вертикального зондирования,310060,,,005042,Номер канала,,,,Operational
bufr4/3/10/060/4/201000,10,Категория 10 — Последовательности вертикального зондирования,310060,,,201000,Отменить увели-Изменить длину данных чение битовой ширины,,,,Operational
bufr4/3/10/060/1/014044,10,Категория 10 — Последовательности вертикального зондирования,310060,,,014044,Излучение в канале,,,,Operational
bufr4/3/10/061/1/001007,10,Категория 10 — Последовательности вертикального зондирования,310061,(Данные ATMS (микроволновый зонд с использованием усовершенствованной технологии),,001007,Указатель спутника,,,,Operational
bufr4/3/10/061/1/001033,10,Категория 10 — Последовательности вертикального зондирования,310061,(Данные ATMS (микроволновый зонд с использованием усовершенствованной технологии),,001033,Идентификация центра-поставщика/производителя,,,,Operational
bufr4/3/10/061/1/001034,10,Категория 10 — Последовательности вертикального зондирования,310061,(Данные ATMS (микроволновый зонд с использованием усовершенствованной технологии),,001034,Идентификация подцентра-поставщика/ производителя,,,,Operational
bufr4/3/10/061/1/002019,10,Категория 10 — Последовательности вертикального зондирования,310061,(Данные ATMS (микроволновый зонд с использованием усовершенствованной технологии),,002019,Спутниковые приборы,,,,Operational
bufr4/3/10/061/1/002020,10,Категория 10 — Последовательности вертикального зондирования,310061,(Данные ATMS (микроволновый зонд с использованием усовершенствованной технологии),,002020,Классификация спутников,,,,Operational
bufr4/3/10/061/1/301011,10,Категория 10 — Последовательности вертикального зондирования,310061,(Данные ATMS (микроволновый зонд с использованием усовершенствованной технологии),,301011,"Год, месяц, день",,,,Operational
bufr4/3/10/061/1/301012,10,Категория 10 — Последовательности вертикального зондирования,310061,(Данные ATMS (микроволновый зонд с использованием усовершенствованной технологии),,301012,"Час, минуты",,,,Operational
bufr4/3/10/061/1/207003,10,Категория 10 — Последовательности вертикального зондирования,310061,(Данные ATMS (микроволновый зонд с использованием усовершенствованной технологии),,207003,"Увеличить масштаб, величину начала отсчета и длину данных",,,,Operational
bufr4/3/10/061/1/004006,10,Категория 10 — Последовательности вертикального зондирования,310061,(Данные ATMS (микроволновый зонд с использованием усовершенствованной технологии),,004006,Секунды,,,,Operational
bufr4/3/10/061/1/207000,10,Категория 10 — Последовательности вертикального зондирования,310061,(Данные ATMS (микроволновый зонд с использованием усовершенствованной технологии),,207000,"Увеличить масштаб, величину начала отсчета и длину Отмена данных",,,,Operational
bufr4/3/10/061/1/005040,10,Категория 10 — Последовательности вертикального зондирования,310061,(Данные ATMS (микроволновый зонд с использованием усовершенствованной технологии),,005040,Номер орбиты,,,,Operational
bufr4/3/10/061/1/005041,10,Категория 10 — Последовательности вертикального зондирования,310061,(Данные ATMS (микроволновый зонд с использованием усовершенствованной технологии),,005041,Номер строки сканирования,,,,Operational
bufr4/3/10/061/1/005043,10,Категория 10 — Последовательности вертикального зондирования,310061,(Данные ATMS (микроволновый зонд с использованием усовершенствованной технологии),,005043,Номер поля зрения,,,,Operational
bufr4/3/10/061/1/033079,10,Категория 10 — Последовательности вертикального зондирования,310061,(Данные ATMS (микроволновый зонд с использованием усовершенствованной технологии),,033079,Флаги качества на уровне гранул,,,,Operational
bufr4/3/10/061/1/033080,10,Категория 10 — Последовательности вертикального зондирования,310061,(Данные ATMS (микроволновый зонд с использованием усовершенствованной технологии),,033080,Флаги качества на уровне сканирования,,,,Operational
bufr4/3/10/061/1/033078,10,Категория 10 — Последовательности вертикального зондирования,310061,(Данные ATMS (микроволновый зонд с использованием усовершенствованной технологии),,033078,Качество геоположения,,,,Operational
bufr4/3/10/061/1/301021,10,Категория 10 — Последовательности вертикального зондирования,310061,(Данные ATMS (микроволновый зонд с использованием усовершенствованной технологии),,301021,Широта/долгота (высокая точность),,,,Operational
bufr4/3/10/061/1/201129,10,Категория 10 — Последовательности вертикального зондирования,310061,(Данные ATMS (микроволновый зонд с использованием усовершенствованной технологии),,201129,Изменить длину данных Увеличить битовую ширину,,,,Operational
bufr4/3/10/061/1/007002,10,Категория 10 — Последовательности вертикального зондирования,310061,(Данные ATMS (микроволновый зонд с использованием усовершенствованной технологии),,007002,Высота или абсолютна высота,,,,Operational
bufr4/3/10/061/1/201000,10,Категория 10 — Последовательности вертикального зондирования,310061,(Данные ATMS (микроволновый зонд с использованием усовершенствованной технологии),,201000,Отменить увели-Изменить длину данных чение битовой ширины,,,,Operational
bufr4/3/10/061/1/007024,10,Категория 10 — Последовательности вертикального зондирования,310061,(Данные ATMS (микроволновый зонд с использованием усовершенствованной технологии),,007024,Зенитный угол спутника,,,,Operational
bufr4/3/10/061/1/005021,10,Категория 10 — Последовательности вертикального зондирования,310061,(Данные ATMS (микроволновый зонд с использованием усовершенствованной технологии),,005021,Пеленг или азимут,,,,Operational
bufr4/3/10/061/1/007025,10,Категория 10 — Последовательности вертикального зондирования,310061,(Данные ATMS (микроволновый зонд с использованием усовершенствованной технологии),,007025,Зенитный угол Солнца,,,,Operational
bufr4/3/10/061/1/005022,10,Категория 10 — Последовательности вертикального зондирования,310061,(Данные ATMS (микроволновый зонд с использованием усовершенствованной технологии),,005022,Азимут Солнца,,,,Operational
bufr4/3/10/061/1/025075,10,Категория 10 — Последовательности вертикального зондирования,310061,(Данные ATMS (микроволновый зонд с использованием усовершенствованной технологии),,025075,Номер варианта коррекций спутниковой антенны,,,,Operational
bufr4/3/10/061/1/111000,10,Категория 10 — Последовательности вертикального зондирования,310061,(Данные ATMS (микроволновый зонд с использованием усовершенствованной технологии),,111000,Повторение 11 дескрипторов с задержкой,,,,Operational
bufr4/3/10/061/1/031002,10,Категория 10 — Последовательности вертикального зондирования,310061,(Данные ATMS (микроволновый зонд с использованием усовершенствованной технологии),,031002,Коэффициент повторения расширенного дескриптора с задержкой,,,,Operational
bufr4/3/10/061/1/005042,10,Категория 10 — Последовательности вертикального зондирования,310061,(Данные ATMS (микроволновый зонд с использованием усовершенствованной технологии),,005042,Номер канала I.2 – Табл. D BUFR/10 — 17,(продолж.),,,Operational
bufr4/3/10/061/1/202131,10,Категория 10 — Последовательности вертикального зондирования,310061,,,202131,Изменить масштаб Увеличить масштаб на 3,,,,Operational
bufr4/3/10/061/1/002153,10,Категория 10 — Последовательности вертикального зондирования,310061,,,002153,Центральная частота спутникового канала,,,,Operational
bufr4/3/10/061/1/002154,10,Категория 10 — Последовательности вертикального зондирования,310061,,,002154,Ширина полосы частот спутникового канала,,,,Operational
bufr4/3/10/061/1/202000,10,Категория 10 — Последовательности вертикального зондирования,310061,,,202000,Отменить увеличе-Изменить масштаб ние масштаба,,,,Operational
bufr4/3/10/061/1/002104,10,Категория 10 — Последовательности вертикального зондирования,310061,,,002104,Поляризация антенны,,,,Operational
bufr4/3/10/061/1/012066,10,Категория 10 — Последовательности вертикального зондирования,310061,,,012066,Температура антенны,,,,Operational
bufr4/3/10/061/1/012163,10,Категория 10 — Последовательности вертикального зондирования,310061,,,012163,Яркостная температура,,,,Operational
bufr4/3/10/061/1/012158,10,Категория 10 — Последовательности вертикального зондирования,310061,,,012158,Эквивалентная шуму разница температуры при визировании холодной мишени,,,,Operational
bufr4/3/10/061/1/012159,10,Категория 10 — Последовательности вертикального зондирования,310061,,,012159,Эквивалентная шуму разница температуры при визировании теплой мишени,,,,Operational
bufr4/3/10/061/1/033081,10,Категория 10 — Последовательности вертикального зондирования,310061,,,033081,Флаги качества данных канала,,,,Operational
bufr4/3/10/062/1/001007,10,Категория 10 — Последовательности вертикального зондирования,310062,(Данные VIIRS (Радиометрический блок для получения изображений в видимом/ИК диапазонах),,001007,Указатель спутника,,,,Operational
bufr4/3/10/062/1/001033,10,Категория 10 — Последовательности вертикального зондирования,310062,(Данные VIIRS (Радиометрический блок для получения изображений в видимом/ИК диапазонах),,001033,Идентификация центра-поставщика/производителя,,,,Operational
bufr4/3/10/062/1/001034,10,Категория 10 — Последовательности вертикального зондирования,310062,(Данные VIIRS (Радиометрический блок для получения изображений в видимом/ИК диапазонах),,001034,Идентификация подцентра-поставщика/ производителя,,,,Operational
bufr4/3/10/062/1/002019,10,Категория 10 — Последовательности вертикального зондирования,310062,(Данные VIIRS (Радиометрический блок для получения изображений в видимом/ИК диапазонах),,002019,Спутниковые приборы,,,,Operational
bufr4/3/10/062/1/002020,10,Категория 10 — Последовательности вертикального зондирования,310062,(Данные VIIRS (Радиометрический блок для получения изображений в видимом/ИК диапазонах),,002020,Классификация спутников,,,,Operational
bufr4/3/10/062/1/301011,10,Категория 10 — Последовательности вертикального зондирования,310062,(Данные VIIRS (Радиометрический блок для получения изображений в видимом/ИК диапазонах),,301011,"Год, месяц, день",,,,Operational
bufr4/3/10/062/1/301012,10,Категория 10 — Последовательности вертикального зондирования,310062,(Данные VIIRS (Радиометрический блок для получения изображений в видимом/ИК диапазонах),,301012,"Час, минута",,,,Operational
bufr4/3/10/062/1/207003,10,Категория 10 — Последовательности вертикального зондирования,310062,(Данные VIIRS (Радиометрический блок для получения изображений в видимом/ИК диапазонах),,207003,"Увеличить масштаб, величину начала отсчета и длину данных",,,,Operational
bufr4/3/10/062/1/004006,10,Категория 10 — Последовательности вертикального зондирования,310062,(Данные VIIRS (Радиометрический блок для получения изображений в видимом/ИК диапазонах),,004006,Секунда,,,,Operational
bufr4/3/10/062/1/207000,10,Категория 10 — Последовательности вертикального зондирования,310062,(Данные VIIRS (Радиометрический блок для получения изображений в видимом/ИК диапазонах),,207000,"Увеличить масштаб, величину начала отсчета и длину Отмена данных",,,,Operational
bufr4/3/10/062/1/005040,10,Категория 10 — Последовательности вертикального зондирования,310062,(Данные VIIRS (Радиометрический блок для получения изображений в видимом/ИК диапазонах),,005040,Номер орбиты,,,,Operational
bufr4/3/10/062/1/201133,10,Категория 10 — Последовательности вертикального зондирования,310062,(Данные VIIRS (Радиометрический блок для получения изображений в видимом/ИК диапазонах),,201133,Изменить длину данных Увеличить битовую ширину,,,,Operational
bufr4/3/10/062/1/005041,10,Категория 10 — Последовательности вертикального зондирования,310062,(Данные VIIRS (Радиометрический блок для получения изображений в видимом/ИК диапазонах),,005041,Номер строки сканирования,,,,Operational
bufr4/3/10/062/1/005043,10,Категория 10 — Последовательности вертикального зондирования,310062,(Данные VIIRS (Радиометрический блок для получения изображений в видимом/ИК диапазонах),,005043,Номер поля зрения,,,,Operational
bufr4/3/10/062/1/201000,10,Категория 10 — Последовательности вертикального зондирования,310062,(Данные VIIRS (Радиометрический блок для получения изображений в видимом/ИК диапазонах),,201000,Отменить увели-Изменить длину данных чение битовой ширины,,,,Operational
bufr4/3/10/062/1/008076,10,Категория 10 — Последовательности вертикального зондирования,310062,(Данные VIIRS (Радиометрический блок для получения изображений в видимом/ИК диапазонах),,008076,Тип полосы,,,,Operational
bufr4/3/10/062/1/033082,10,Категория 10 — Последовательности вертикального зондирования,310062,(Данные VIIRS (Радиометрический блок для получения изображений в видимом/ИК диапазонах),,033082,Флаги качества геоположения,,,,Operational
bufr4/3/10/062/1/301021,10,Категория 10 — Последовательности вертикального зондирования,310062,(Данные VIIRS (Радиометрический блок для получения изображений в видимом/ИК диапазонах),,301021,Широта/долгота (высокая точность),,,,Operational
bufr4/3/10/062/1/201129,10,Категория 10 — Последовательности вертикального зондирования,310062,(Данные VIIRS (Радиометрический блок для получения изображений в видимом/ИК диапазонах),,201129,Изменить длину данных Увеличить битовую ширину,,,,Operational
bufr4/3/10/062/1/007002,10,Категория 10 — Последовательности вертикального зондирования,310062,(Данные VIIRS (Радиометрический блок для получения изображений в видимом/ИК диапазонах),,007002,Высота или абсолютная высота,,,,Operational
bufr4/3/10/062/2/201000,10,Категория 10 — Последовательности вертикального зондирования,310062,(Данные VIIRS (Радиометрический блок для получения изображений в видимом/ИК диапазонах),,201000,Отменить увели-Изменить длину данных чение битовой ширины,,,,Operational
bufr4/3/10/062/1/007024,10,Категория 10 — Последовательности вертикального зондирования,310062,(Данные VIIRS (Радиометрический блок для получения изображений в видимом/ИК диапазонах),,007024,Зенитный угол спутника,,,,Operational
bufr4/3/10/062/1/005021,10,Категория 10 — Последовательности вертикального зондирования,310062,(Данные VIIRS (Радиометрический блок для получения изображений в видимом/ИК диапазонах),,005021,Пеленг или азимут,,,,Operational
bufr4/3/10/062/1/007025,10,Категория 10 — Последовательности вертикального зондирования,310062,(Данные VIIRS (Радиометрический блок для получения изображений в видимом/ИК диапазонах),,007025,Зенитный угол Солнца,,,,Operational
bufr4/3/10/062/1/005022,10,Категория 10 — Последовательности вертикального зондирования,310062,(Данные VIIRS (Радиометрический блок для получения изображений в видимом/ИК диапазонах),,005022,Азимут Солнца,,,,Operational
bufr4/3/10/062/1/008072,10,Категория 10 — Последовательности вертикального зондирования,310062,(Данные VIIRS (Радиометрический блок для получения изображений в видимом/ИК диапазонах),,008072,Тип элемента(ов) изображения,,,,Operational
bufr4/3/10/062/1/008029,10,Категория 10 — Последовательности вертикального зондирования,310062,(Данные VIIRS (Радиометрический блок для получения изображений в видимом/ИК диапазонах),,008029,Тип поверхности,,,,Operational
bufr4/3/10/062/1/105000,10,Категория 10 — Последовательности вертикального зондирования,310062,(Данные VIIRS (Радиометрический блок для получения изображений в видимом/ИК диапазонах),,105000,Повторение с задержкой 5 дескрипторов,,,,Operational
bufr4/3/10/062/1/031002,10,Категория 10 — Последовательности вертикального зондирования,310062,(Данные VIIRS (Радиометрический блок для получения изображений в видимом/ИК диапазонах),,031002,Коэффициент повторения расширенного дескриптора с задержкой,(продолж.),,,Operational
bufr4/3/10/062/1/005042,10,Категория 10 — Последовательности вертикального зондирования,310062,,,005042,Номер канала,,,,Operational
bufr4/3/10/062/1/002155,10,Категория 10 — Последовательности вертикального зондирования,310062,,,002155,Длина волны спутникового канала,,,,Operational
bufr4/3/10/062/1/033083,10,Категория 10 — Последовательности вертикального зондирования,310062,,,033083,Флаги качества данных по излучению,,,,Operational
bufr4/3/10/062/1/014043,10,Категория 10 — Последовательности вертикального зондирования,310062,,,014043,Излучение в канале,,,,Operational
bufr4/3/10/062/1/015042,10,Категория 10 — Последовательности вертикального зондирования,310062,,,015042,Отражательная способность,,,,Operational
bufr4/3/10/063/1/001007,10,Категория 10 — Последовательности вертикального зондирования,310063,(Данные по ТПМ (температура поверхности моря)),,001007,Указатель спутника,,,,Operational
bufr4/3/10/063/1/001033,10,Категория 10 — Последовательности вертикального зондирования,310063,(Данные по ТПМ (температура поверхности моря)),,001033,Идентификация центра-поставщика/производителя,,,,Operational
bufr4/3/10/063/1/001034,10,Категория 10 — Последовательности вертикального зондирования,310063,(Данные по ТПМ (температура поверхности моря)),,001034,Идентификация подцентра-поставщика/ производителя,,,,Operational
bufr4/3/10/063/1/002019,10,Категория 10 — Последовательности вертикального зондирования,310063,(Данные по ТПМ (температура поверхности моря)),,002019,Спутниковые приборы,,,,Operational
bufr4/3/10/063/1/002020,10,Категория 10 — Последовательности вертикального зондирования,310063,(Данные по ТПМ (температура поверхности моря)),,002020,Классификация спутников,,,,Operational
bufr4/3/10/063/1/301011,10,Категория 10 — Последовательности вертикального зондирования,310063,(Данные по ТПМ (температура поверхности моря)),,301011,"Год, месяц, день",,,,Operational
bufr4/3/10/063/1/301012,10,Категория 10 — Последовательности вертикального зондирования,310063,(Данные по ТПМ (температура поверхности моря)),,301012,"Час, минута",,,,Operational
bufr4/3/10/063/1/207003,10,Категория 10 — Последовательности вертикального зондирования,310063,(Данные по ТПМ (температура поверхности моря)),,207003,"Увеличить масштаб, величину начала отсчета и длину данных",,,,Operational
bufr4/3/10/063/1/004006,10,Категория 10 — Последовательности вертикального зондирования,310063,(Данные по ТПМ (температура поверхности моря)),,004006,Секунда,,,,Operational
bufr4/3/10/063/1/207000,10,Категория 10 — Последовательности вертикального зондирования,310063,(Данные по ТПМ (температура поверхности моря)),,207000,"Увеличить масштаб, величину начала отсчета и длину Отмена данных",,,,Operational
bufr4/3/10/063/1/005040,10,Категория 10 — Последовательности вертикального зондирования,310063,(Данные по ТПМ (температура поверхности моря)),,005040,Номер орбиты,,,,Operational
bufr4/3/10/063/1/201133,10,Категория 10 — Последовательности вертикального зондирования,310063,(Данные по ТПМ (температура поверхности моря)),,201133,Изменить длину данных Увеличить битовую ширину,,,,Operational
bufr4/3/10/063/1/005041,10,Категория 10 — Последовательности вертикального зондирования,310063,(Данные по ТПМ (температура поверхности моря)),,005041,Номер строки сканирования,,,,Operational
bufr4/3/10/063/1/005043,10,Категория 10 — Последовательности вертикального зондирования,310063,(Данные по ТПМ (температура поверхности моря)),,005043,Номер поля зрения,,,,Operational
bufr4/3/10/063/1/201000,10,Категория 10 — Последовательности вертикального зондирования,310063,(Данные по ТПМ (температура поверхности моря)),,201000,Отменить увели-Изменить длину данных чение битовой ширины,,,,Operational
bufr4/3/10/063/1/033082,10,Категория 10 — Последовательности вертикального зондирования,310063,(Данные по ТПМ (температура поверхности моря)),,033082,Флаги качества геоположения,,,,Operational
bufr4/3/10/063/1/301021,10,Категория 10 — Последовательности вертикального зондирования,310063,(Данные по ТПМ (температура поверхности моря)),,301021,Широта/долгота (высокая точность),,,,Operational
bufr4/3/10/063/1/201129,10,Категория 10 — Последовательности вертикального зондирования,310063,(Данные по ТПМ (температура поверхности моря)),,201129,Изменить длину данных Увеличить битовую ширину,,,,Operational
bufr4/3/10/063/1/007002,10,Категория 10 — Последовательности вертикального зондирования,310063,(Данные по ТПМ (температура поверхности моря)),,007002,Высота или абсолютная высота,,,,Operational
bufr4/3/10/063/2/201000,10,Категория 10 — Последовательности вертикального зондирования,310063,(Данные по ТПМ (температура поверхности моря)),,201000,Отменить увели-Изменить длину данных чение битовой ширины,,,,Operational
bufr4/3/10/063/1/007024,10,Категория 10 — Последовательности вертикального зондирования,310063,(Данные по ТПМ (температура поверхности моря)),,007024,Зенитный угол спутника,,,,Operational
bufr4/3/10/063/1/005021,10,Категория 10 — Последовательности вертикального зондирования,310063,(Данные по ТПМ (температура поверхности моря)),,005021,Пеленг или азимут,,,,Operational
bufr4/3/10/063/1/007025,10,Категория 10 — Последовательности вертикального зондирования,310063,(Данные по ТПМ (температура поверхности моря)),,007025,Зенитный угол Солнца,,,,Operational
bufr4/3/10/063/1/005022,10,Категория 10 — Последовательности вертикального зондирования,310063,(Данные по ТПМ (температура поверхности моря)),,005022,Азимут Солнца,,,,Operational
bufr4/3/10/063/1/008075,10,Категория 10 — Последовательности вертикального зондирования,310063,(Данные по ТПМ (температура поверхности моря)),,008075,Определитель восходящей/нисходящей орбиты,,,,Operational
bufr4/3/10/063/1/008013,10,Категория 10 — Последовательности вертикального зондирования,310063,(Данные по ТПМ (температура поверхности моря)),,008013,Описатель дня/ночи,,,,Operational
bufr4/3/10/063/1/008072,10,Категория 10 — Последовательности вертикального зондирования,310063,(Данные по ТПМ (температура поверхности моря)),,008072,Тип элемента(ов) изображения,,,,Operational
bufr4/3/10/063/1/033084,10,Категория 10 — Последовательности вертикального зондирования,310063,(Данные по ТПМ (температура поверхности моря)),,033084,Флаги качества уровня элемента изображения,,,,Operational
bufr4/3/10/063/1/007062,10,Категория 10 — Последовательности вертикального зондирования,310063,(Данные по ТПМ (температура поверхности моря)),,007062,Глубина от поверхности моря/водной поверхности,,,,Operational
bufr4/3/10/063/1/033086,10,Категория 10 — Последовательности вертикального зондирования,310063,(Данные по ТПМ (температура поверхности моря)),,033086,Качество воспроизведения на уровне элемента изображения,,,,Operational
bufr4/3/10/063/1/022043,10,Категория 10 — Последовательности вертикального зондирования,310063,(Данные по ТПМ (температура поверхности моря)),,022043,Температура моря/воды,,,,Operational
bufr4/3/10/063/2/007062,10,Категория 10 — Последовательности вертикального зондирования,310063,(Данные по ТПМ (температура поверхности моря)),,007062,Глубина от поверхности моря/водной поверхности Верхняя граница слоя,,,,Operational
bufr4/3/10/063/3/007062,10,Категория 10 — Последовательности вертикального зондирования,310063,(Данные по ТПМ (температура поверхности моря)),,007062,Глубина от поверхности моря/водной поверхности Нижняя граница слоя,,,,Operational
bufr4/3/10/063/2/033086,10,Категория 10 — Последовательности вертикального зондирования,310063,(Данные по ТПМ (температура поверхности моря)),,033086,Качество воспроизведения на уровне элемента изображения,,,,Operational
bufr4/3/10/063/2/022043,10,Категория 10 — Последовательности вертикального зондирования,310063,(Данные по ТПМ (температура поверхности моря)),,022043,Температура моря/воды I.2 – Табл. D BUFR/10 — 19,(продолж.),,,Operational
bufr4/3/10/064/1/001007,10,Категория 10 — Последовательности вертикального зондирования,310064,(Данные об ОТА (оптическая толщина аэрозоля)),,001007,Указатель спутника,,,,Operational
bufr4/3/10/064/1/001033,10,Категория 10 — Последовательности вертикального зондирования,310064,(Данные об ОТА (оптическая толщина аэрозоля)),,001033,Идентификация центра–поставщика/производителя,,,,Operational
bufr4/3/10/064/1/001034,10,Категория 10 — Последовательности вертикального зондирования,310064,(Данные об ОТА (оптическая толщина аэрозоля)),,001034,Идентификация подцентра–поставщика/ производителя,,,,Operational
bufr4/3/10/064/1/002019,10,Категория 10 — Последовательности вертикального зондирования,310064,(Данные об ОТА (оптическая толщина аэрозоля)),,002019,Спутниковые приборы,,,,Operational
bufr4/3/10/064/1/002020,10,Категория 10 — Последовательности вертикального зондирования,310064,(Данные об ОТА (оптическая толщина аэрозоля)),,002020,Классификация спутников,,,,Operational
bufr4/3/10/064/1/301011,10,Категория 10 — Последовательности вертикального зондирования,310064,(Данные об ОТА (оптическая толщина аэрозоля)),,301011,"Год, месяц, день",,,,Operational
bufr4/3/10/064/1/301012,10,Категория 10 — Последовательности вертикального зондирования,310064,(Данные об ОТА (оптическая толщина аэрозоля)),,301012,"Час, минуты",,,,Operational
bufr4/3/10/064/1/207003,10,Категория 10 — Последовательности вертикального зондирования,310064,(Данные об ОТА (оптическая толщина аэрозоля)),,207003,"Увеличить масштаб, величину начала отсчета и длину данных",,,,Operational
bufr4/3/10/064/1/004006,10,Категория 10 — Последовательности вертикального зондирования,310064,(Данные об ОТА (оптическая толщина аэрозоля)),,004006,Секунда,,,,Operational
bufr4/3/10/064/1/207000,10,Категория 10 — Последовательности вертикального зондирования,310064,(Данные об ОТА (оптическая толщина аэрозоля)),,207000,"Увеличить масштаб, величину начала отсчета и длину Отмена данных",,,,Operational
bufr4/3/10/064/1/005040,10,Категория 10 — Последовательности вертикального зондирования,310064,(Данные об ОТА (оптическая толщина аэрозоля)),,005040,Номер орбиты,,,,Operational
bufr4/3/10/064/1/201133,10,Категория 10 — Последовательности вертикального зондирования,310064,(Данные об ОТА (оптическая толщина аэрозоля)),,201133,Изменить длину данных,,,,Operational
bufr4/3/10/064/1/005041,10,Категория 10 — Последовательности вертикального зондирования,310064,(Данные об ОТА (оптическая толщина аэрозоля)),,005041,Номер строки сканирования,,,,Operational
bufr4/3/10/064/1/005043,10,Категория 10 — Последовательности вертикального зондирования,310064,(Данные об ОТА (оптическая толщина аэрозоля)),,005043,Номер поля зрения,,,,Operational
bufr4/3/10/064/1/201000,10,Категория 10 — Последовательности вертикального зондирования,310064,(Данные об ОТА (оптическая толщина аэрозоля)),,201000,Изменить длину данных Отмена,,,,Operational
bufr4/3/10/064/1/033082,10,Категория 10 — Последовательности вертикального зондирования,310064,(Данные об ОТА (оптическая толщина аэрозоля)),,033082,Флаги качества геоположения,,,,Operational
bufr4/3/10/064/1/301021,10,Категория 10 — Последовательности вертикального зондирования,310064,(Данные об ОТА (оптическая толщина аэрозоля)),,301021,Широта/долгота (высокая точность),,,,Operational
bufr4/3/10/064/1/201129,10,Категория 10 — Последовательности вертикального зондирования,310064,(Данные об ОТА (оптическая толщина аэрозоля)),,201129,Изменить длину данных,,,,Operational
bufr4/3/10/064/1/007002,10,Категория 10 — Последовательности вертикального зондирования,310064,(Данные об ОТА (оптическая толщина аэрозоля)),,007002,Высота или абсолютная высота,,,,Operational
bufr4/3/10/064/2/201000,10,Категория 10 — Последовательности вертикального зондирования,310064,(Данные об ОТА (оптическая толщина аэрозоля)),,201000,Изменить длину данных Отмена,,,,Operational
bufr4/3/10/064/1/007024,10,Категория 10 — Последовательности вертикального зондирования,310064,(Данные об ОТА (оптическая толщина аэрозоля)),,007024,Зенитный угол спутника,,,,Operational
bufr4/3/10/064/1/005021,10,Категория 10 — Последовательности вертикального зондирования,310064,(Данные об ОТА (оптическая толщина аэрозоля)),,005021,Пеленг или азимут,,,,Operational
bufr4/3/10/064/1/007025,10,Категория 10 — Последовательности вертикального зондирования,310064,(Данные об ОТА (оптическая толщина аэрозоля)),,007025,Зенитный угол Солнца,,,,Operational
bufr4/3/10/064/1/005022,10,Категория 10 — Последовательности вертикального зондирования,310064,(Данные об ОТА (оптическая толщина аэрозоля)),,005022,Азимут Солнца,,,,Operational
bufr4/3/10/064/1/008075,10,Категория 10 — Последовательности вертикального зондирования,310064,(Данные об ОТА (оптическая толщина аэрозоля)),,008075,Определитель восходящей/нисходящей орбиты,,,,Operational
bufr4/3/10/064/1/008029,10,Категория 10 — Последовательности вертикального зондирования,310064,(Данные об ОТА (оптическая толщина аэрозоля)),,008029,Тип поверхности,,,,Operational
bufr4/3/10/064/1/008046,10,Категория 10 — Последовательности вертикального зондирования,310064,(Данные об ОТА (оптическая толщина аэрозоля)),,008046,Тип химических или физических составляющих атмосферы,,,,Operational
bufr4/3/10/064/1/033085,10,Категория 10 — Последовательности вертикального зондирования,310064,(Данные об ОТА (оптическая толщина аэрозоля)),,033085,Флаги качества оптической плотности аэрозоля,,,,Operational
bufr4/3/10/064/1/033086,10,Категория 10 — Последовательности вертикального зондирования,310064,(Данные об ОТА (оптическая толщина аэрозоля)),,033086,Качество воспроизведения уровня элемента изображения,,,,Operational
bufr4/3/10/064/1/015049,10,Категория 10 — Последовательности вертикального зондирования,310064,(Данные об ОТА (оптическая толщина аэрозоля)),,015049,Показатель экспоненты при длине волны в законе Агстрема для аэрозолей,,,,Operational
bufr4/3/10/064/2/033086,10,Категория 10 — Последовательности вертикального зондирования,310064,(Данные об ОТА (оптическая толщина аэрозоля)),,033086,Качество воспроизведения уровня элемента изображения,,,,Operational
bufr4/3/10/064/1/102011,10,Категория 10 — Последовательности вертикального зондирования,310064,(Данные об ОТА (оптическая толщина аэрозоля)),,102011,Повторить 2 дескриптора 11 раз,,,,Operational
bufr4/3/10/064/1/002155,10,Категория 10 — Последовательности вертикального зондирования,310064,(Данные об ОТА (оптическая толщина аэрозоля)),,002155,Длина волны спутникового канала,,,,Operational
bufr4/3/10/064/1/015062,10,Категория 10 — Последовательности вертикального зондирования,310064,(Данные об ОТА (оптическая толщина аэрозоля)),,015062,Оптическая толщина аэрозоля,,,,Operational
bufr4/3/10/065/1/001007,10,Категория 10 — Последовательности вертикального зондирования,310065,(Данные профилей OMPS (блок для картирования и получения профилей озона) в надире),,001007,Указатель спутника,,,,Operational
bufr4/3/10/065/1/001033,10,Категория 10 — Последовательности вертикального зондирования,310065,(Данные профилей OMPS (блок для картирования и получения профилей озона) в надире),,001033,Идентификация центра–поставщика/производителя,,,,Operational
bufr4/3/10/065/1/001034,10,Категория 10 — Последовательности вертикального зондирования,310065,(Данные профилей OMPS (блок для картирования и получения профилей озона) в надире),,001034,Идентификация подцентра–поставщика/ производителя,,,,Operational
bufr4/3/10/065/1/002019,10,Категория 10 — Последовательности вертикального зондирования,310065,(Данные профилей OMPS (блок для картирования и получения профилей озона) в надире),,002019,Спутниковые приборы,,,,Operational
bufr4/3/10/065/1/002020,10,Категория 10 — Последовательности вертикального зондирования,310065,(Данные профилей OMPS (блок для картирования и получения профилей озона) в надире),,002020,Классификация спутников,,,,Operational
bufr4/3/10/065/1/301011,10,Категория 10 — Последовательности вертикального зондирования,310065,(Данные профилей OMPS (блок для картирования и получения профилей озона) в надире),,301011,"Год, месяц, день",,,,Operational
bufr4/3/10/065/1/301012,10,Категория 10 — Последовательности вертикального зондирования,310065,(Данные профилей OMPS (блок для картирования и получения профилей озона) в надире),,301012,"Час, минуты",,,,Operational
bufr4/3/10/065/1/207003,10,Категория 10 — Последовательности вертикального зондирования,310065,(Данные профилей OMPS (блок для картирования и получения профилей озона) в надире),,207003,"Увеличить масштаб, величину начала отсчета и длину данных",,,,Operational
bufr4/3/10/065/1/004006,10,Категория 10 — Последовательности вертикального зондирования,310065,(Данные профилей OMPS (блок для картирования и получения профилей озона) в надире),,004006,Секунда,(продолж.),,,Operational
bufr4/3/10/065/1/207000,10,Категория 10 — Последовательности вертикального зондирования,310065,,,207000,"Увеличить масштаб, величину начала отсчета и длину Отмена данных",,,,Operational
bufr4/3/10/065/1/005040,10,Категория 10 — Последовательности вертикального зондирования,310065,,,005040,Номер орбиты,,,,Operational
bufr4/3/10/065/1/033082,10,Категория 10 — Последовательности вертикального зондирования,310065,,,033082,Флаги качества геоположения,,,,Operational
bufr4/3/10/065/1/301021,10,Категория 10 — Последовательности вертикального зондирования,310065,,,301021,Широта/долгота (высокая точность),,,,Operational
bufr4/3/10/065/1/201129,10,Категория 10 — Последовательности вертикального зондирования,310065,,,201129,Изменить длину данных,,,,Operational
bufr4/3/10/065/1/007002,10,Категория 10 — Последовательности вертикального зондирования,310065,,,007002,Высота или абсолютная высота,,,,Operational
bufr4/3/10/065/1/201000,10,Категория 10 — Последовательности вертикального зондирования,310065,,,201000,Изменить длину данных Отмена,,,,Operational
bufr4/3/10/065/1/007024,10,Категория 10 — Последовательности вертикального зондирования,310065,,,007024,Зенитный угол спутника,,,,Operational
bufr4/3/10/065/1/005021,10,Категория 10 — Последовательности вертикального зондирования,310065,,,005021,Пеленг или азимут,,,,Operational
bufr4/3/10/065/1/007025,10,Категория 10 — Последовательности вертикального зондирования,310065,,,007025,Зенитный угол Солнца,,,,Operational
bufr4/3/10/065/1/005022,10,Категория 10 — Последовательности вертикального зондирования,310065,,,005022,Азимут Солнца,,,,Operational
bufr4/3/10/065/1/008075,10,Категория 10 — Последовательности вертикального зондирования,310065,,,008075,Определитель восходящей/нисходящей орбиты,,,,Operational
bufr4/3/10/065/1/033071,10,Категория 10 — Последовательности вертикального зондирования,310065,,,033071,Качество измерений профиля озона,,,,Operational
bufr4/3/10/065/1/033070,10,Категория 10 — Последовательности вертикального зондирования,310065,,,033070,Качество измерений общего содержания озона,,,,Operational
bufr4/3/10/065/1/020021,10,Категория 10 — Последовательности вертикального зондирования,310065,,,020021,Тип осадков,,,,Operational
bufr4/3/10/065/1/015045,10,Категория 10 — Последовательности вертикального зондирования,310065,,,015045,Двуокись серы,,,,Operational
bufr4/3/10/065/1/015046,10,Категория 10 — Последовательности вертикального зондирования,310065,,,015046,Индекс вулканического загрязнения,,,,Operational
bufr4/3/10/065/1/008065,10,Категория 10 — Последовательности вертикального зондирования,310065,,,008065,Указатель солнечных бликов,,,,Operational
bufr4/3/10/065/1/033087,10,Категория 10 — Последовательности вертикального зондирования,310065,,,033087,Участок орбиты спутника в пределах Южно-атлантической аномалии,,,,Operational
bufr4/3/10/065/1/008003,10,Категория 10 — Последовательности вертикального зондирования,310065,,,008003,Вертикальная значимость (спутниковые наблюдения),,,,Operational
bufr4/3/10/065/1/010004,10,Категория 10 — Последовательности вертикального зондирования,310065,,,010004,Давление,,,,Operational
bufr4/3/10/065/2/008003,10,Категория 10 — Последовательности вертикального зондирования,310065,,,008003,Вертикальная значимость (спутниковые наблюдения),,,,Operational
bufr4/3/10/065/1/207002,10,Категория 10 — Последовательности вертикального зондирования,310065,,,207002,"Увеличить масштаб, величину начала отсчета и длину данных",,,,Operational
bufr4/3/10/065/1/015001,10,Категория 10 — Последовательности вертикального зондирования,310065,,,015001,Общее содержание озона,,,,Operational
bufr4/3/10/065/2/207000,10,Категория 10 — Последовательности вертикального зондирования,310065,,,207000,"Увеличить масштаб, величину начала отсчета и длину Отмена данных",,,,Operational
bufr4/3/10/065/1/105012,10,Категория 10 — Последовательности вертикального зондирования,310065,,,105012,Повторить 5 дескрипторов 12 раз,,,,Operational
bufr4/3/10/065/1/010040,10,Категория 10 — Последовательности вертикального зондирования,310065,,,010040,Число восстановленных слоев,,,,Operational
bufr4/3/10/065/2/010004,10,Категория 10 — Последовательности вертикального зондирования,310065,,,010004,Давление,,,,Operational
bufr4/3/10/065/2/207003,10,Категория 10 — Последовательности вертикального зондирования,310065,,,207003,"Увеличить масштаб, величину начала отсчета и длину данных",,,,Operational
bufr4/3/10/065/1/015005,10,Категория 10 — Последовательности вертикального зондирования,310065,,,015005,p озона,,,,Operational
bufr4/3/10/065/3/207000,10,Категория 10 — Последовательности вертикального зондирования,310065,,,207000,"Увеличить масштаб, величину начала отсчета и длину Отмена данных",,,,Operational
bufr4/3/10/065/1/008046,10,Категория 10 — Последовательности вертикального зондирования,310065,,,008046,Тип химических или физических составляющих атмосферы,,,,Operational
bufr4/3/10/065/1/107019,10,Категория 10 — Последовательности вертикального зондирования,310065,,,107019,Повторить 7 дескрипторов 19 раз,,,,Operational
bufr4/3/10/065/2/010040,10,Категория 10 — Последовательности вертикального зондирования,310065,,,010040,Число восстановленных слоев,,,,Operational
bufr4/3/10/065/3/010004,10,Категория 10 — Последовательности вертикального зондирования,310065,,,010004,Давление,,,,Operational
bufr4/3/10/065/1/008090,10,Категория 10 — Последовательности вертикального зондирования,310065,,,008090,Десятичный масштаб следующих мантисс,,,,Operational
bufr4/3/10/065/1/207006,10,Категория 10 — Последовательности вертикального зондирования,310065,,,207006,"Увеличить масштаб, величину начала отсчета и длину данных",,,,Operational
bufr4/3/10/065/1/015008,10,Категория 10 — Последовательности вертикального зондирования,310065,,,015008,Существенный компонент состава смеси (по объему),,,,Operational
bufr4/3/10/065/4/207000,10,Категория 10 — Последовательности вертикального зондирования,310065,,,207000,"Увеличить масштаб, величину начала отсчета и длину Отмена данных",,,,Operational
bufr4/3/10/065/2/008090,10,Категория 10 — Последовательности вертикального зондирования,310065,,,008090,Десятичный масштаб следующих мантисс Установлено на отсутствующее значение (отмена) I.2 – Табл. D BUFR/10 — 21,(продолж.),,,Operational
bufr4/3/10/066/1/001007,10,Категория 10 — Последовательности вертикального зондирования,310066,(Данные об общем содержании в столбе воздуха OMPS (блок для картирования и получения профилей озона)),,001007,Указатель спутника,,,,Operational
bufr4/3/10/066/1/001033,10,Категория 10 — Последовательности вертикального зондирования,310066,(Данные об общем содержании в столбе воздуха OMPS (блок для картирования и получения профилей озона)),,001033,Идентификация центра–поставщика/производителя,,,,Operational
bufr4/3/10/066/1/001034,10,Категория 10 — Последовательности вертикального зондирования,310066,(Данные об общем содержании в столбе воздуха OMPS (блок для картирования и получения профилей озона)),,001034,Идентификация подцентра–поставщика/ производителя,,,,Operational
bufr4/3/10/066/1/002019,10,Категория 10 — Последовательности вертикального зондирования,310066,(Данные об общем содержании в столбе воздуха OMPS (блок для картирования и получения профилей озона)),,002019,Спутниковые приборы,,,,Operational
bufr4/3/10/066/1/002020,10,Категория 10 — Последовательности вертикального зондирования,310066,(Данные об общем содержании в столбе воздуха OMPS (блок для картирования и получения профилей озона)),,002020,Классификация спутников,,,,Operational
bufr4/3/10/066/1/301011,10,Категория 10 — Последовательности вертикального зондирования,310066,(Данные об общем содержании в столбе воздуха OMPS (блок для картирования и получения профилей озона)),,301011,"Год, месяц, день",,,,Operational
bufr4/3/10/066/1/301012,10,Категория 10 — Последовательности вертикального зондирования,310066,(Данные об общем содержании в столбе воздуха OMPS (блок для картирования и получения профилей озона)),,301012,"Часы, минуты",,,,Operational
bufr4/3/10/066/1/207003,10,Категория 10 — Последовательности вертикального зондирования,310066,(Данные об общем содержании в столбе воздуха OMPS (блок для картирования и получения профилей озона)),,207003,"Увеличить масштаб, величину начала отсчета и длину данных",,,,Operational
bufr4/3/10/066/1/004006,10,Категория 10 — Последовательности вертикального зондирования,310066,(Данные об общем содержании в столбе воздуха OMPS (блок для картирования и получения профилей озона)),,004006,Секунда,,,,Operational
bufr4/3/10/066/1/207000,10,Категория 10 — Последовательности вертикального зондирования,310066,(Данные об общем содержании в столбе воздуха OMPS (блок для картирования и получения профилей озона)),,207000,"Увеличить масштаб, величину начала отсчета и длину Отмена данных",,,,Operational
bufr4/3/10/066/1/005040,10,Категория 10 — Последовательности вертикального зондирования,310066,(Данные об общем содержании в столбе воздуха OMPS (блок для картирования и получения профилей озона)),,005040,Номер орбиты,,,,Operational
bufr4/3/10/066/1/033082,10,Категория 10 — Последовательности вертикального зондирования,310066,(Данные об общем содержании в столбе воздуха OMPS (блок для картирования и получения профилей озона)),,033082,Флаги качества геоположения,,,,Operational
bufr4/3/10/066/1/301021,10,Категория 10 — Последовательности вертикального зондирования,310066,(Данные об общем содержании в столбе воздуха OMPS (блок для картирования и получения профилей озона)),,301021,Широта/долгота (высокая точность),,,,Operational
bufr4/3/10/066/1/201129,10,Категория 10 — Последовательности вертикального зондирования,310066,(Данные об общем содержании в столбе воздуха OMPS (блок для картирования и получения профилей озона)),,201129,Изменить длину данных,,,,Operational
bufr4/3/10/066/1/007002,10,Категория 10 — Последовательности вертикального зондирования,310066,(Данные об общем содержании в столбе воздуха OMPS (блок для картирования и получения профилей озона)),,007002,Высота или абсолютная высота,,,,Operational
bufr4/3/10/066/1/201000,10,Категория 10 — Последовательности вертикального зондирования,310066,(Данные об общем содержании в столбе воздуха OMPS (блок для картирования и получения профилей озона)),,201000,Изменить длину данных Отмена,,,,Operational
bufr4/3/10/066/1/007024,10,Категория 10 — Последовательности вертикального зондирования,310066,(Данные об общем содержании в столбе воздуха OMPS (блок для картирования и получения профилей озона)),,007024,Зенитный угол спутника,,,,Operational
bufr4/3/10/066/1/005021,10,Категория 10 — Последовательности вертикального зондирования,310066,(Данные об общем содержании в столбе воздуха OMPS (блок для картирования и получения профилей озона)),,005021,Пеленг или азимут,,,,Operational
bufr4/3/10/066/1/007025,10,Категория 10 — Последовательности вертикального зондирования,310066,(Данные об общем содержании в столбе воздуха OMPS (блок для картирования и получения профилей озона)),,007025,Зенитный угол Солнца,,,,Operational
bufr4/3/10/066/1/005022,10,Категория 10 — Последовательности вертикального зондирования,310066,(Данные об общем содержании в столбе воздуха OMPS (блок для картирования и получения профилей озона)),,005022,Азимут Солнца,,,,Operational
bufr4/3/10/066/1/008075,10,Категория 10 — Последовательности вертикального зондирования,310066,(Данные об общем содержании в столбе воздуха OMPS (блок для картирования и получения профилей озона)),,008075,Определитель восходящей/нисходящей орбиты,,,,Operational
bufr4/3/10/066/1/020081,10,Категория 10 — Последовательности вертикального зондирования,310066,(Данные об общем содержании в столбе воздуха OMPS (блок для картирования и получения профилей озона)),,020081,Облачность в сегменте Доля облачности,,,,Operational
bufr4/3/10/066/1/207004,10,Категория 10 — Последовательности вертикального зондирования,310066,(Данные об общем содержании в столбе воздуха OMPS (блок для картирования и получения профилей озона)),,207004,"Увеличить масштаб, величину начала отсчета и длину данных",,,,Operational
bufr4/3/10/066/1/015030,10,Категория 10 — Последовательности вертикального зондирования,310066,(Данные об общем содержании в столбе воздуха OMPS (блок для картирования и получения профилей озона)),,015030,Индекс аэрозольного загрязнения,,,,Operational
bufr4/3/10/066/2/207000,10,Категория 10 — Последовательности вертикального зондирования,310066,(Данные об общем содержании в столбе воздуха OMPS (блок для картирования и получения профилей озона)),,207000,"Увеличить масштаб, величину начала отсчета и длину Отмена данных",,,,Operational
bufr4/3/10/066/1/020065,10,Категория 10 — Последовательности вертикального зондирования,310066,(Данные об общем содержании в столбе воздуха OMPS (блок для картирования и получения профилей озона)),,020065,Снежный покров,,,,Operational
bufr4/3/10/066/1/015041,10,Категория 10 — Последовательности вертикального зондирования,310066,(Данные об общем содержании в столбе воздуха OMPS (блок для картирования и получения профилей озона)),,015041,Индекс двуокиси серы,,,,Operational
bufr4/3/10/066/1/033086,10,Категория 10 — Последовательности вертикального зондирования,310066,(Данные об общем содержании в столбе воздуха OMPS (блок для картирования и получения профилей озона)),,033086,Качество воспроизведения на уровне элемента изображения,,,,Operational
bufr4/3/10/066/1/033087,10,Категория 10 — Последовательности вертикального зондирования,310066,(Данные об общем содержании в столбе воздуха OMPS (блок для картирования и получения профилей озона)),,033087,Участок орбиты спутника в пределах Южно-атлантической аномалии,,,,Operational
bufr4/3/10/066/1/033088,10,Категория 10 — Последовательности вертикального зондирования,310066,(Данные об общем содержании в столбе воздуха OMPS (блок для картирования и получения профилей озона)),,033088,Флаги качества общего содержания озона в столбе атмосферы,,,,Operational
bufr4/3/10/066/1/008003,10,Категория 10 — Последовательности вертикального зондирования,310066,(Данные об общем содержании в столбе воздуха OMPS (блок для картирования и получения профилей озона)),,008003,Вертикальная значимость (спутниковые наблюдения) = 0 Поверхность,,,,Operational
bufr4/3/10/066/1/207001,10,Категория 10 — Последовательности вертикального зондирования,310066,(Данные об общем содержании в столбе воздуха OMPS (блок для картирования и получения профилей озона)),,207001,"Увеличить масштаб, величину начала отсчета и длину данных",,,,Operational
bufr4/3/10/066/1/007004,10,Категория 10 — Последовательности вертикального зондирования,310066,(Данные об общем содержании в столбе воздуха OMPS (блок для картирования и получения профилей озона)),,007004,Давление,,,,Operational
bufr4/3/10/066/3/207000,10,Категория 10 — Последовательности вертикального зондирования,310066,(Данные об общем содержании в столбе воздуха OMPS (блок для картирования и получения профилей озона)),,207000,"Увеличить масштаб, величину начала отсчета и длину Отмена данных",,,,Operational
bufr4/3/10/066/2/008003,10,Категория 10 — Последовательности вертикального зондирования,310066,(Данные об общем содержании в столбе воздуха OMPS (блок для картирования и получения профилей озона)),,008003,Вертикальная значимость (спутниковые наблюдения) Установлено на отсутствующее значение (отмена),,,,Operational
bufr4/3/10/066/1/207002,10,Категория 10 — Последовательности вертикального зондирования,310066,(Данные об общем содержании в столбе воздуха OMPS (блок для картирования и получения профилей озона)),,207002,"Увеличить масштаб, величину начала отсчета и длину данных",,,,Operational
bufr4/3/10/066/1/015001,10,Категория 10 — Последовательности вертикального зондирования,310066,(Данные об общем содержании в столбе воздуха OMPS (блок для картирования и получения профилей озона)),,015001,Общее содержание озона,,,,Operational
bufr4/3/10/066/4/207000,10,Категория 10 — Последовательности вертикального зондирования,310066,(Данные об общем содержании в столбе воздуха OMPS (блок для картирования и получения профилей озона)),,207000,"Увеличить масштаб, величину начала отсчета и длину Отмена данных",(продолж.),,,Operational
bufr4/3/10/066/3/008003,10,Категория 10 — Последовательности вертикального зондирования,310066,,,008003,= 2 Верхняя Вертикальная значимость (спутниковые наблюдения) граница облаков,,,,Operational
bufr4/3/10/066/1/033042,10,Категория 10 — Последовательности вертикального зондирования,310066,,,033042,"= 0 Исключая Тип предела, представленный последующим значением нижний предел (>)",,,,Operational
bufr4/3/10/066/2/207001,10,Категория 10 — Последовательности вертикального зондирования,310066,,,207001,"Увеличить масштаб, величину начала отсчета и длину данных",,,,Operational
bufr4/3/10/066/2/007004,10,Категория 10 — Последовательности вертикального зондирования,310066,,,007004,Давление на Давление верхней границе облаков,,,,Operational
bufr4/3/10/066/5/207000,10,Категория 10 — Последовательности вертикального зондирования,310066,,,207000,"Отмена Увеличить масштаб, величину начала отсчета и длину данных",,,,Operational
bufr4/3/10/066/2/207002,10,Категория 10 — Последовательности вертикального зондирования,310066,,,207002,"Увеличить масштаб, величину начала отсчета и длину данных",,,,Operational
bufr4/3/10/066/2/015001,10,Категория 10 — Последовательности вертикального зондирования,310066,,,015001,Общее содержание озона Ниже облаков,,,,Operational
bufr4/3/10/066/6/207000,10,Категория 10 — Последовательности вертикального зондирования,310066,,,207000,"Отмена Увеличить масштаб, величину начала отсчета и длину данных",,,,Operational
bufr4/3/10/066/4/008003,10,Категория 10 — Последовательности вертикального зондирования,310066,,,008003,Вертикальная значимость (спутниковые наблюдения) Установлено на отсутствующее значение (отмена),,,,Operational
bufr4/3/10/066/1/001032,10,Категория 10 — Последовательности вертикального зондирования,310066,,,001032,Применение продукции = 0 Нулевое приближение | Определяется местным центром-производителем,,,,Operational
bufr4/3/10/066/3/207002,10,Категория 10 — Последовательности вертикального зондирования,310066,,,207002,"Увеличить масштаб, величину начала отсчета и длину данных",,,,Operational
bufr4/3/10/066/3/015001,10,Категория 10 — Последовательности вертикального зондирования,310066,,,015001,Общее содержание озона Общее содержа-ние озона в верти-кальном столбе в нулевом прибли-жении,,,,Operational
bufr4/3/10/066/7/207000,10,Категория 10 — Последовательности вертикального зондирования,310066,,,207000,"Отмена Увеличить масштаб, величину начала отсчета и длину данных",,,,Operational
bufr4/3/10/067/1/001033,10,Категория 10 — Последовательности вертикального зондирования,310067,"(Параметры ветра, рассчитанные по спутниковым данным) (см. примечание 2)",,001033,Идентификация центра-поставщика/производителя,,,,Operational
bufr4/3/10/067/1/001034,10,Категория 10 — Последовательности вертикального зондирования,310067,"(Параметры ветра, рассчитанные по спутниковым данным) (см. примечание 2)",,001034,Идентификация подцентра-поставщика/ производителя,,,,Operational
bufr4/3/10/067/1/025061,10,Категория 10 — Последовательности вертикального зондирования,310067,"(Параметры ветра, рассчитанные по спутниковым данным) (см. примечание 2)",,025061,Идентификация программного обеспечения и номер версии,,,,Operational
bufr4/3/10/067/1/025062,10,Категория 10 — Последовательности вертикального зондирования,310067,"(Параметры ветра, рассчитанные по спутниковым данным) (см. примечание 2)",,025062,Идентификация базы данных Идентификация спутника/прибора,,,,Operational
bufr4/3/10/067/1/001007,10,Категория 10 — Последовательности вертикального зондирования,310067,"(Параметры ветра, рассчитанные по спутниковым данным) (см. примечание 2)",,001007,Указатель спутника,,,,Operational
bufr4/3/10/067/1/002153,10,Категория 10 — Последовательности вертикального зондирования,310067,"(Параметры ветра, рассчитанные по спутниковым данным) (см. примечание 2)",,002153,Центральная частота спутникового канала,,,,Operational
bufr4/3/10/067/1/001012,10,Категория 10 — Последовательности вертикального зондирования,310067,"(Параметры ветра, рассчитанные по спутниковым данным) (см. примечание 2)",,001012,Направление движения подвижной наблюдательной платформы,,,,Operational
bufr4/3/10/067/1/201138,10,Категория 10 — Последовательности вертикального зондирования,310067,"(Параметры ветра, рассчитанные по спутниковым данным) (см. примечание 2)",,201138,Изменить длину данных,,,,Operational
bufr4/3/10/067/1/002026,10,Категория 10 — Последовательности вертикального зондирования,310067,"(Параметры ветра, рассчитанные по спутниковым данным) (см. примечание 2)",,002026,Разрешение поперек трассы,,,,Operational
bufr4/3/10/067/1/002027,10,Категория 10 — Последовательности вертикального зондирования,310067,"(Параметры ветра, рассчитанные по спутниковым данным) (см. примечание 2)",,002027,Разрешение вдоль трассы,,,,Operational
bufr4/3/10/067/1/201000,10,Категория 10 — Последовательности вертикального зондирования,310067,"(Параметры ветра, рассчитанные по спутниковым данным) (см. примечание 2)",,201000,Отменить изменение длины данных Методы,,,,Operational
bufr4/3/10/067/1/002028,10,Категория 10 — Последовательности вертикального зондирования,310067,"(Параметры ветра, рассчитанные по спутниковым данным) (см. примечание 2)",,002028,Размер прямоу-x Размер сегмента в надире в направлении гольника цели I.2 – Табл. D BUFR/10 — 23,(продолж.),,,Operational
bufr4/3/10/067/1/002029,10,Категория 10 — Последовательности вертикального зондирования,310067,,,002029,y Размер сегмента в надире в направлении Размер прямоу-гольника цели,,,,Operational
bufr4/3/10/067/1/002161,10,Категория 10 — Последовательности вертикального зондирования,310067,,,002161,Метод обработки параметров ветра,,,,Operational
bufr4/3/10/067/1/002164,10,Категория 10 — Последовательности вертикального зондирования,310067,,,002164,Метод корреляции слежения,,,,Operational
bufr4/3/10/067/1/002023,10,Категория 10 — Последовательности вертикального зондирования,310067,,,002023,Метод расчета ветра по спутниковым данным,,,,Operational
bufr4/3/10/067/1/008012,10,Категория 10 — Последовательности вертикального зондирования,310067,,,008012,Описатель суши/моря,,,,Operational
bufr4/3/10/067/1/008013,10,Категория 10 — Последовательности вертикального зондирования,310067,,,008013,Описатель дня/ночи Окончательные данные по ВАЦ (векторы атмосферной циркуляции),,,,Operational
bufr4/3/10/067/1/001124,10,Категория 10 — Последовательности вертикального зондирования,310067,,,001124,Указатель узлов сетки,,,,Operational
bufr4/3/10/067/1/005001,10,Категория 10 — Последовательности вертикального зондирования,310067,,,005001,Широта (высокая точность),,,,Operational
bufr4/3/10/067/1/006001,10,Категория 10 — Последовательности вертикального зондирования,310067,,,006001,Долгота (высокая точность),,,,Operational
bufr4/3/10/067/1/004001,10,Категория 10 — Последовательности вертикального зондирования,310067,,,004001,Год,,,,Operational
bufr4/3/10/067/1/004002,10,Категория 10 — Последовательности вертикального зондирования,310067,,,004002,Месяц,,,,Operational
bufr4/3/10/067/1/004003,10,Категория 10 — Последовательности вертикального зондирования,310067,,,004003,День,,,,Operational
bufr4/3/10/067/1/004004,10,Категория 10 — Последовательности вертикального зондирования,310067,,,004004,Час,,,,Operational
bufr4/3/10/067/1/004005,10,Категория 10 — Последовательности вертикального зондирования,310067,,,004005,Минута,,,,Operational
bufr4/3/10/067/1/004006,10,Категория 10 — Последовательности вертикального зондирования,310067,,,004006,Секунда,,,,Operational
bufr4/3/10/067/1/004086,10,Категория 10 — Последовательности вертикального зондирования,310067,,,004086,Долговременный период или смещение Секунды,,,,Operational
bufr4/3/10/067/1/011001,10,Категория 10 — Последовательности вертикального зондирования,310067,,,011001,Направление ветра,,,,Operational
bufr4/3/10/067/1/011002,10,Категория 10 — Последовательности вертикального зондирования,310067,,,011002,Скорость ветра,,,,Operational
bufr4/3/10/067/1/011003,10,Категория 10 — Последовательности вертикального зондирования,310067,,,011003,Компонента u,,,,Operational
bufr4/3/10/067/1/011004,10,Категория 10 — Последовательности вертикального зондирования,310067,,,011004,Компонента v,,,,Operational
bufr4/3/10/067/1/002162,10,Категория 10 — Последовательности вертикального зондирования,310067,,,002162,Метод определения продленной высоты,,,,Operational
bufr4/3/10/067/1/007004,10,Категория 10 — Последовательности вертикального зондирования,310067,,,007004,Давление,,,,Operational
bufr4/3/10/067/1/012001,10,Категория 10 — Последовательности вертикального зондирования,310067,,,012001,Температура/температура воздуха,,,,Operational
bufr4/3/10/067/1/020014,10,Категория 10 — Последовательности вертикального зондирования,310067,,,020014,Высота верхней границы облаков,,,,Operational
bufr4/3/10/067/1/007024,10,Категория 10 — Последовательности вертикального зондирования,310067,,,007024,Зенитный угол спутника,,,,Operational
bufr4/3/10/067/1/001023,10,Категория 10 — Последовательности вертикального зондирования,310067,,,001023,Номер последовательности наблюдений,,,,Operational
bufr4/3/10/067/1/104000,10,Категория 10 — Последовательности вертикального зондирования,310067,,,104000,Повторение с задержкой 4 дескрипторов,,,,Operational
bufr4/3/10/067/1/031001,10,Категория 10 — Последовательности вертикального зондирования,310067,,,031001,Коэффициент повторения дескриптора с задержкой,,,,Operational
bufr4/3/10/067/2/002162,10,Категория 10 — Последовательности вертикального зондирования,310067,,,002162,Метод определения продленной высоты,,,,Operational
bufr4/3/10/067/2/007004,10,Категория 10 — Последовательности вертикального зондирования,310067,,,007004,Давление,,,,Operational
bufr4/3/10/067/2/012001,10,Категория 10 — Последовательности вертикального зондирования,310067,,,012001,Температура/температура воздуха,,,,Operational
bufr4/3/10/067/2/020014,10,Категория 10 — Последовательности вертикального зондирования,310067,,,020014,Высота верхней границы облаков Данные изображений (для каждого используемого изображения),,,,Operational
bufr4/3/10/067/1/113000,10,Категория 10 — Последовательности вертикального зондирования,310067,,,113000,Повторение с задержкой 13 дескрипторов,,,,Operational
bufr4/3/10/067/2/031001,10,Категория 10 — Последовательности вертикального зондирования,310067,,,031001,Коэффициент повторения дескриптора с задержкой,,,,Operational
bufr4/3/10/067/2/004086,10,Категория 10 — Последовательности вертикального зондирования,310067,,,004086,Долговременный период или смещение Секунды,,,,Operational
bufr4/3/10/067/1/002020,10,Категория 10 — Последовательности вертикального зондирования,310067,,,002020,Классификация спутников,,,,Operational
bufr4/3/10/067/2/001007,10,Категория 10 — Последовательности вертикального зондирования,310067,,,001007,Указатель спутника,,,,Operational
bufr4/3/10/067/1/002019,10,Категория 10 — Последовательности вертикального зондирования,310067,,,002019,Спутниковые приборы,,,,Operational
bufr4/3/10/067/1/005042,10,Категория 10 — Последовательности вертикального зондирования,310067,,,005042,Номер канала,,,,Operational
bufr4/3/10/067/2/002153,10,Категория 10 — Последовательности вертикального зондирования,310067,,,002153,Центральная частота спутникового канала,,,,Operational
bufr4/3/10/067/1/005040,10,Категория 10 — Последовательности вертикального зондирования,310067,,,005040,Номер орбиты,,,,Operational
bufr4/3/10/067/2/007024,10,Категория 10 — Последовательности вертикального зондирования,310067,,,007024,Зенитный угол спутника,,,,Operational
bufr4/3/10/067/1/005021,10,Категория 10 — Последовательности вертикального зондирования,310067,,,005021,Пеленг или азимут,,,,Operational
bufr4/3/10/067/3/002162,10,Категория 10 — Последовательности вертикального зондирования,310067,,,002162,Метод определения продленной высоты,,,,Operational
bufr4/3/10/067/3/007004,10,Категория 10 — Последовательности вертикального зондирования,310067,,,007004,Давление,,,,Operational
bufr4/3/10/067/3/012001,10,Категория 10 — Последовательности вертикального зондирования,310067,,,012001,Температура/температура воздуха,,,,Operational
bufr4/3/10/067/3/020014,10,Категория 10 — Последовательности вертикального зондирования,310067,,,020014,Высота верхней границы облаков Промежуточные векторы (для каждой компоненты вектора),,,,Operational
bufr4/3/10/067/1/119000,10,Категория 10 — Последовательности вертикального зондирования,310067,,,119000,Повторение с задержкой 19 дескрипторов,,,,Operational
bufr4/3/10/067/3/031001,10,Категория 10 — Последовательности вертикального зондирования,310067,,,031001,Коэффициент повторения дескриптора с задержкой,,,,Operational
bufr4/3/10/067/3/004086,10,Категория 10 — Последовательности вертикального зондирования,310067,,,004086,Долговременный период или смещение Секунды,(продолж.),,,Operational
bufr4/3/10/067/4/004086,10,Категория 10 — Последовательности вертикального зондирования,310067,,,004086,Долговременный период или смещение Секунды,,,,Operational
bufr4/3/10/067/2/005001,10,Категория 10 — Последовательности вертикального зондирования,310067,,,005001,Широта (высокая точность),,,,Operational
bufr4/3/10/067/2/006001,10,Категория 10 — Последовательности вертикального зондирования,310067,,,006001,Долгота (высокая точность),,,,Operational
bufr4/3/10/067/2/011003,10,Категория 10 — Последовательности вертикального зондирования,310067,,,011003,Компонента u,,,,Operational
bufr4/3/10/067/2/011004,10,Категория 10 — Последовательности вертикального зондирования,310067,,,011004,Компонента v,,,,Operational
bufr4/3/10/067/1/011113,10,Категория 10 — Последовательности вертикального зондирования,310067,,,011113,Векторная корреляция слежения,,,,Operational
bufr4/3/10/067/1/025148,10,Категория 10 — Последовательности вертикального зондирования,310067,,,025148,Коэффициент вариации,,,,Operational
bufr4/3/10/067/1/103000,10,Категория 10 — Последовательности вертикального зондирования,310067,,,103000,Повторение с задержкой 3 дескрипторов,,,,Operational
bufr4/3/10/067/4/031001,10,Категория 10 — Последовательности вертикального зондирования,310067,,,031001,Коэффициент повторения дескриптора с задержкой,,,,Operational
bufr4/3/10/067/1/008023,10,Категория 10 — Последовательности вертикального зондирования,310067,,,008023,Статистические данные первого порядка,,,,Operational
bufr4/3/10/067/3/011003,10,Категория 10 — Последовательности вертикального зондирования,310067,,,011003,Компонента u,,,,Operational
bufr4/3/10/067/3/011004,10,Категория 10 — Последовательности вертикального зондирования,310067,,,011004,Компонента v,,,,Operational
bufr4/3/10/067/2/008023,10,Категория 10 — Последовательности вертикального зондирования,310067,,,008023,Статистические данные первого порядка Установлено на отсутствующее значение (отмена),,,,Operational
bufr4/3/10/067/2/103000,10,Категория 10 — Последовательности вертикального зондирования,310067,,,103000,Повторение с задержкой 3 дескрипторов,,,,Operational
bufr4/3/10/067/5/031001,10,Категория 10 — Последовательности вертикального зондирования,310067,,,031001,Коэффициент повторения дескриптора с задержкой,,,,Operational
bufr4/3/10/067/1/020111,10,Категория 10 — Последовательности вертикального зондирования,310067,,,020111,х Проекция большой оси эллипса ошибок на ось,,,,Operational
bufr4/3/10/067/1/020112,10,Категория 10 — Последовательности вертикального зондирования,310067,,,020112,y Проекция малой оси эллипса ошибок на ось,,,,Operational
bufr4/3/10/067/1/020114,10,Категория 10 — Последовательности вертикального зондирования,310067,,,020114,х Угол между большой осью эллипса ошибок и осью Данные соответствующего прогноза,,,,Operational
bufr4/3/10/067/2/001033,10,Категория 10 — Последовательности вертикального зондирования,310067,,,001033,Идентификация центра-поставщика/производителя,,,,Operational
bufr4/3/10/067/1/008021,10,Категория 10 — Последовательности вертикального зондирования,310067,,,008021,Значимость времени = 27 Нулевое приближение,,,,Operational
bufr4/3/10/067/1/011095,10,Категория 10 — Последовательности вертикального зондирования,310067,,,011095,"Компонента u вектора ветра, используемого в модели",,,,Operational
bufr4/3/10/067/1/011096,10,Категория 10 — Последовательности вертикального зондирования,310067,,,011096,"Компонента v вектора ветра, используемого в модели",,,,Operational
bufr4/3/10/067/4/007004,10,Категория 10 — Последовательности вертикального зондирования,310067,,,007004,Давление,,,,Operational
bufr4/3/10/067/2/008021,10,Категория 10 — Последовательности вертикального зондирования,310067,,,008021,Значимость времени = 4 Прогноз,,,,Operational
bufr4/3/10/067/2/011095,10,Категория 10 — Последовательности вертикального зондирования,310067,,,011095,"Компонента u вектора ветра, используемого в модели",,,,Operational
bufr4/3/10/067/2/011096,10,Категория 10 — Последовательности вертикального зондирования,310067,,,011096,"Компонента v вектора ветра, используемого в модели",,,,Operational
bufr4/3/10/067/5/007004,10,Категория 10 — Последовательности вертикального зондирования,310067,,,007004,Давление,,,,Operational
bufr4/3/10/067/3/008021,10,Категория 10 — Последовательности вертикального зондирования,310067,,,008021,Значимость времени Установлено на отсутствующее значение (отмена),,,,Operational
bufr4/3/10/067/1/008086,10,Категория 10 — Последовательности вертикального зондирования,310067,,,008086,Вертикальная значимость данных для ЧПП = 10 Уровень наилучшего соот-ветствия,,,,Operational
bufr4/3/10/067/3/011095,10,Категория 10 — Последовательности вертикального зондирования,310067,,,011095,"Компонента u вектора ветра, используемого в модели",,,,Operational
bufr4/3/10/067/3/011096,10,Категория 10 — Последовательности вертикального зондирования,310067,,,011096,"Компонента v вектора ветра, используемого в модели",,,,Operational
bufr4/3/10/067/6/007004,10,Категория 10 — Последовательности вертикального зондирования,310067,,,007004,Давление,,,,Operational
bufr4/3/10/067/2/008086,10,Категория 10 — Последовательности вертикального зондирования,310067,,,008086,Вертикальная значимость данных для ЧПП Установлено на отсутствующее значение (отмена) Качество окончательных данных ВАЦ,,,,Operational
bufr4/3/10/067/1/102004,10,Категория 10 — Последовательности вертикального зондирования,310067,,,102004,Повторить 2 дескриптора 4 раза,,,,Operational
bufr4/3/10/067/1/001032,10,Категория 10 — Последовательности вертикального зондирования,310067,,,001032,Применение продукции,,,,Operational
bufr4/3/10/067/1/033007,10,Категория 10 — Последовательности вертикального зондирования,310067,,,033007,Процент достоверности,,,,Operational
bufr4/3/10/067/1/008092,10,Категория 10 — Последовательности вертикального зондирования,310067,,,008092,Выражение неопределенности измерения = 0 Стандартная неопределенность,,,,Operational
bufr4/3/10/067/4/011003,10,Категория 10 — Последовательности вертикального зондирования,310067,,,011003,Компонента u,,,,Operational
bufr4/3/10/067/4/011004,10,Категория 10 — Последовательности вертикального зондирования,310067,,,011004,Компонента v,,,,Operational
bufr4/3/10/067/7/007004,10,Категория 10 — Последовательности вертикального зондирования,310067,,,007004,Давление,,,,Operational
bufr4/3/10/067/2/008092,10,Категория 10 — Последовательности вертикального зондирования,310067,,,008092,Выражение неопределенности измерения Установлено на отсутствующее значение (отмена),,,,Operational
bufr4/3/10/067/1/033066,10,Категория 10 — Последовательности вертикального зондирования,310067,,,033066,Флаг качества ВАЦ I.2 – Табл. D BUFR/10 — 25,(продолж.),,,Operational
bufr4/3/10/067/1/020081,10,Категория 10 — Последовательности вертикального зондирования,310067,,,020081,Количество облаков в сегменте,,,,Operational
bufr4/3/10/067/1/020012,10,Категория 10 — Последовательности вертикального зондирования,310067,,,020012,Тип облаков,,,,Operational
bufr4/3/10/067/1/020056,10,Категория 10 — Последовательности вертикального зондирования,310067,,,020056,Фазовое состояние воды в облаке,,,,Operational
bufr4/3/10/067/1/117000,10,Категория 10 — Последовательности вертикального зондирования,310067,,,117000,Повторение с задержкой 17 дескрипторов,,,,Operational
bufr4/3/10/067/6/031001,10,Категория 10 — Последовательности вертикального зондирования,310067,,,031001,Коэффициент повторения дескриптора с задержкой,,,,Operational
bufr4/3/10/067/3/008023,10,Категория 10 — Последовательности вертикального зондирования,310067,,,008023,Статистические данные первого порядка,,,,Operational
bufr4/3/10/067/1/020016,10,Категория 10 — Последовательности вертикального зондирования,310067,,,020016,Давление на верхней границе облаков,,,,Operational
bufr4/3/10/067/3/008092,10,Категория 10 — Последовательности вертикального зондирования,310067,,,008092,Выражение неопределенности измерения = 0 Стандартная неопределенность,,,,Operational
bufr4/3/10/067/1/008003,10,Категория 10 — Последовательности вертикального зондирования,310067,,,008003,Вертикальная значимость (спутниковые наблюдения) = 2 Верхняя граница облаков,,,,Operational
bufr4/3/10/067/4/012001,10,Категория 10 — Последовательности вертикального зондирования,310067,,,012001,Температура/температура воздуха,,,,Operational
bufr4/3/10/067/2/008003,10,Категория 10 — Последовательности вертикального зондирования,310067,,,008003,Вертикальная значимость (спутниковые наблюдения) Установлено на отсутствующее значение (отмена),,,,Operational
bufr4/3/10/067/2/020016,10,Категория 10 — Последовательности вертикального зондирования,310067,,,020016,Давление на верхней границе облаков,,,,Operational
bufr4/3/10/067/4/008092,10,Категория 10 — Последовательности вертикального зондирования,310067,,,008092,Выражение неопределенности измерения Установлено на отсутствующее значение (отмена),,,,Operational
bufr4/3/10/067/1/025149,10,Категория 10 — Последовательности вертикального зондирования,310067,,,025149,Потери при оптимальной оценке,,,,Operational
bufr4/3/10/067/3/020016,10,Категория 10 — Последовательности вертикального зондирования,310067,,,020016,Давление на верхней границе облаков,,,,Operational
bufr4/3/10/067/4/020014,10,Категория 10 — Последовательности вертикального зондирования,310067,,,020014,Высота верхней границы облаков,,,,Operational
bufr4/3/10/067/1/013093,10,Категория 10 — Последовательности вертикального зондирования,310067,,,013093,Оптическая толщина облаков,,,,Operational
bufr4/3/10/067/1/013109,10,Категория 10 — Последовательности вертикального зондирования,310067,,,013109,Траектория ледяных кристаллов/жидкой воды,,,,Operational
bufr4/3/10/067/1/040038,10,Категория 10 — Последовательности вертикального зондирования,310067,,,040038,Размер облачных частиц,,,,Operational
bufr4/3/10/067/1/008011,10,Категория 10 — Последовательности вертикального зондирования,310067,,,008011,Метеорологическая характеристика = 12 Облачность,,,,Operational
bufr4/3/10/067/1/014050,10,Категория 10 — Последовательности вертикального зондирования,310067,,,014050,Излучательная способность,,,,Operational
bufr4/3/10/067/2/008011,10,Категория 10 — Последовательности вертикального зондирования,310067,,,008011,Метеорологическая характеристика Установлено на отсутствующее значение (отмена),,,,Operational
bufr4/3/10/067/4/008023,10,Категория 10 — Последовательности вертикального зондирования,310067,,,008023,Статистические данные первого порядка Установлено на отсутствующее значение (отмена) (Переменные поля зрения VASS),,,,Operational
bufr4/3/10/068/1/008070,10,Категория 10 — Последовательности вертикального зондирования,310068,"(относится к номинальному изображению, используемому для определения высоты)",,008070,Описатель продукции вертикального зондирования,,,,Operational
bufr4/3/10/068/1/001033,10,Категория 10 — Последовательности вертикального зондирования,310068,"(относится к номинальному изображению, используемому для определения высоты)",,001033,Идентификация центра-поставщика/производителя,,,,Operational
bufr4/3/10/068/1/001034,10,Категория 10 — Последовательности вертикального зондирования,310068,"(относится к номинальному изображению, используемому для определения высоты)",,001034,Идентификация подцентра-поставщика/ производителя,,,,Operational
bufr4/3/10/068/1/001007,10,Категория 10 — Последовательности вертикального зондирования,310068,"(относится к номинальному изображению, используемому для определения высоты)",,001007,Указатель спутника,,,,Operational
bufr4/3/10/068/1/002019,10,Категория 10 — Последовательности вертикального зондирования,310068,"(относится к номинальному изображению, используемому для определения высоты)",,002019,Спутниковые приборы,,,,Operational
bufr4/3/10/068/1/012064,10,Категория 10 — Последовательности вертикального зондирования,310068,"(относится к номинальному изображению, используемому для определения высоты)",,012064,Температура прибора,,,,Operational
bufr4/3/10/068/1/005040,10,Категория 10 — Последовательности вертикального зондирования,310068,"(относится к номинальному изображению, используемому для определения высоты)",,005040,Номер орбиты,,,,Operational
bufr4/3/10/068/1/201136,10,Категория 10 — Последовательности вертикального зондирования,310068,"(относится к номинальному изображению, используемому для определения высоты)",,201136,Изменить длину данных,,,,Operational
bufr4/3/10/068/1/005041,10,Категория 10 — Последовательности вертикального зондирования,310068,"(относится к номинальному изображению, используемому для определения высоты)",,005041,Номер строки сканирования,,,,Operational
bufr4/3/10/068/1/201000,10,Категория 10 — Последовательности вертикального зондирования,310068,"(относится к номинальному изображению, используемому для определения высоты)",,201000,Отмена Изменить длину данных,,,,Operational
bufr4/3/10/068/1/005043,10,Категория 10 — Последовательности вертикального зондирования,310068,"(относится к номинальному изображению, используемому для определения высоты)",,005043,Номер поля зрения,,,,Operational
bufr4/3/10/068/1/301011,10,Категория 10 — Последовательности вертикального зондирования,310068,"(относится к номинальному изображению, используемому для определения высоты)",,301011,"Год, месяц, день",,,,Operational
bufr4/3/10/068/1/301012,10,Категория 10 — Последовательности вертикального зондирования,310068,"(относится к номинальному изображению, используемому для определения высоты)",,301012,"Час, минута",,,,Operational
bufr4/3/10/068/1/201138,10,Категория 10 — Последовательности вертикального зондирования,310068,"(относится к номинальному изображению, используемому для определения высоты)",,201138,Изменить длину данных,,,,Operational
bufr4/3/10/068/1/202131,10,Категория 10 — Последовательности вертикального зондирования,310068,"(относится к номинальному изображению, используемому для определения высоты)",,202131,Изменить масштаб,,,,Operational
bufr4/3/10/068/1/004006,10,Категория 10 — Последовательности вертикального зондирования,310068,"(относится к номинальному изображению, используемому для определения высоты)",,004006,Секунда,,,,Operational
bufr4/3/10/068/1/202000,10,Категория 10 — Последовательности вертикального зондирования,310068,"(относится к номинальному изображению, используемому для определения высоты)",,202000,Отмена Изменить масштаб,(продолж.),,,Operational
bufr4/3/10/068/2/201000,10,Категория 10 — Последовательности вертикального зондирования,310068,,,201000,Изменить длину данных Отмена,,,,Operational
bufr4/3/10/068/1/005001,10,Категория 10 — Последовательности вертикального зондирования,310068,,,005001,Широта (высокая точность),,,,Operational
bufr4/3/10/068/1/006001,10,Категория 10 — Последовательности вертикального зондирования,310068,,,006001,Долгота (высокая точность),,,,Operational
bufr4/3/10/068/1/202126,10,Категория 10 — Последовательности вертикального зондирования,310068,,,202126,Изменить масштаб,,,,Operational
bufr4/3/10/068/1/007001,10,Категория 10 — Последовательности вертикального зондирования,310068,,,007001,Высота станции,,,,Operational
bufr4/3/10/068/2/202000,10,Категория 10 — Последовательности вертикального зондирования,310068,,,202000,Отмена Изменить масштаб,,,,Operational
bufr4/3/10/068/1/010007,10,Категория 10 — Последовательности вертикального зондирования,310068,,,010007,Высота,,,,Operational
bufr4/3/10/068/1/007024,10,Категория 10 — Последовательности вертикального зондирования,310068,,,007024,Зенитный угол спутника,,,,Operational
bufr4/3/10/068/1/005021,10,Категория 10 — Последовательности вертикального зондирования,310068,,,005021,Пеленг или азимут,,,,Operational
bufr4/3/10/068/1/007025,10,Категория 10 — Последовательности вертикального зондирования,310068,,,007025,Солнечный зенитный угол,,,,Operational
bufr4/3/10/068/1/005022,10,Категория 10 — Последовательности вертикального зондирования,310068,,,005022,Солнечный азимут,,,,Operational
bufr4/3/10/068/1/013040,10,Категория 10 — Последовательности вертикального зондирования,310068,,,013040,Флаг поверхности,,,,Operational
bufr4/3/10/068/1/012101,10,Категория 10 — Последовательности вертикального зондирования,310068,,,012101,Температура Температура/температура воздуха поверхности суши или океана,,,,Operational
bufr4/3/10/068/1/201131,10,Категория 10 — Последовательности вертикального зондирования,310068,,,201131,Увеличить битовую ширину,,,,Operational
bufr4/3/10/068/1/202129,10,Категория 10 — Последовательности вертикального зондирования,310068,,,202129,Изменить масштаб,,,,Operational
bufr4/3/10/068/1/011011,10,Категория 10 — Последовательности вертикального зондирования,310068,,,011011,Ветер над поверх-Направление ветра на высоте 10 м ностью океана,,,,Operational
bufr4/3/10/068/3/202000,10,Категория 10 — Последовательности вертикального зондирования,310068,,,202000,Изменить масштаб Отмена,,,,Operational
bufr4/3/10/068/3/201000,10,Категория 10 — Последовательности вертикального зондирования,310068,,,201000,Изменить длину данных Отмена,,,,Operational
bufr4/3/10/068/1/201130,10,Категория 10 — Последовательности вертикального зондирования,310068,,,201130,Изменить длину данных,,,,Operational
bufr4/3/10/068/2/202129,10,Категория 10 — Последовательности вертикального зондирования,310068,,,202129,Изменить масштаб,,,,Operational
bufr4/3/10/068/1/011012,10,Категория 10 — Последовательности вертикального зондирования,310068,,,011012,Ветер над поверх-Скорость ветра на высоте 10 м ностью океана,,,,Operational
bufr4/3/10/068/4/202000,10,Категория 10 — Последовательности вертикального зондирования,310068,,,202000,Изменить масштаб Отмена,,,,Operational
bufr4/3/10/068/4/201000,10,Категория 10 — Последовательности вертикального зондирования,310068,,,201000,Изменить длину данных Отмена,,,,Operational
bufr4/3/10/068/1/020029,10,Категория 10 — Последовательности вертикального зондирования,310068,,,020029,Флаг дождя,,,,Operational
bufr4/3/10/068/1/020010,10,Категория 10 — Последовательности вертикального зондирования,310068,,,020010,Облачный покров (общий),,,,Operational
bufr4/3/10/068/1/020014,10,Категория 10 — Последовательности вертикального зондирования,310068,,,020014,Высота верхней границы облака,,,,Operational
bufr4/3/10/068/1/013162,10,Категория 10 — Последовательности вертикального зондирования,310068,,,013162,Вода в жидкой фазе в облаке,,,,Operational
bufr4/3/10/068/1/014050,10,Категория 10 — Последовательности вертикального зондирования,310068,,,014050,Излучательная способность,,,,Operational
bufr4/3/10/069/1/005042,10,Категория 10 — Последовательности вертикального зондирования,310069,(Переменные канала VASS),,005042,Номер канала,,,,Operational
bufr4/3/10/069/1/201139,10,Категория 10 — Последовательности вертикального зондирования,310069,(Переменные канала VASS),,201139,Изменить длину данных,,,,Operational
bufr4/3/10/069/1/002155,10,Категория 10 — Последовательности вертикального зондирования,310069,(Переменные канала VASS),,002155,Длина волны спутникового канала,,,,Operational
bufr4/3/10/069/1/201000,10,Категория 10 — Последовательности вертикального зондирования,310069,(Переменные канала VASS),,201000,Отмена Изменить длину данных,,,,Operational
bufr4/3/10/069/1/025077,10,Категория 10 — Последовательности вертикального зондирования,310069,(Переменные канала VASS),,025077,Коэффициент 1 коррекции ширины полосы,,,,Operational
bufr4/3/10/069/1/025078,10,Категория 10 — Последовательности вертикального зондирования,310069,(Переменные канала VASS),,025078,Коэффициент 2 коррекции ширины полосы,,,,Operational
bufr4/3/10/069/1/033007,10,Категория 10 — Последовательности вертикального зондирования,310069,(Переменные канала VASS),,033007,Процент достоверности,,,,Operational
bufr4/3/10/069/1/201132,10,Категория 10 — Последовательности вертикального зондирования,310069,(Переменные канала VASS),,201132,Изменить длину данных,,,,Operational
bufr4/3/10/069/1/202129,10,Категория 10 — Последовательности вертикального зондирования,310069,(Переменные канала VASS),,202129,Изменить масштаб,,,,Operational
bufr4/3/10/069/1/012063,10,Категория 10 — Последовательности вертикального зондирования,310069,(Переменные канала VASS),,012063,Яркостная температура,,,,Operational
bufr4/3/10/069/1/202000,10,Категория 10 — Последовательности вертикального зондирования,310069,(Переменные канала VASS),,202000,Отмена Изменить масштаб,,,,Operational
bufr4/3/10/069/2/201000,10,Категория 10 — Последовательности вертикального зондирования,310069,(Переменные канала VASS),,201000,Изменить длину данных Отмена,,,,Operational
bufr4/3/10/070/1/310068,10,Категория 10 — Последовательности вертикального зондирования,310070,(Сводка VASS MWTS с FY-3),,310068,Переменные поля зрения VASS,,,,Operational
bufr4/3/10/070/1/101013,10,Категория 10 — Последовательности вертикального зондирования,310070,(Сводка VASS MWTS с FY-3),,101013,Повторить 1 дескриптор 13 раз,,,,Operational
bufr4/3/10/070/1/310069,10,Категория 10 — Последовательности вертикального зондирования,310070,(Сводка VASS MWTS с FY-3),,310069,Переменные канала VASS,,,,Operational
bufr4/3/10/071/1/310068,10,Категория 10 — Последовательности вертикального зондирования,310071,(Сводка VASS MWHS с FY-3),,310068,Переменные поля зрения VASS,,,,Operational
bufr4/3/10/071/1/101015,10,Категория 10 — Последовательности вертикального зондирования,310071,(Сводка VASS MWHS с FY-3),,101015,Повторить 1 дескриптор 15 раз,,,,Operational
bufr4/3/10/071/1/310069,10,Категория 10 — Последовательности вертикального зондирования,310071,(Сводка VASS MWHS с FY-3),,310069,Переменные канала VASS I.2 – Табл. D BUFR/10 — 27,(продолж.),,,Operational
bufr4/3/10/072/1/310068,10,Категория 10 — Последовательности вертикального зондирования,310072,(Сводка VASS IRAS с FY-3),,310068,Переменные поля зрения VASS,,,,Operational
bufr4/3/10/072/1/101026,10,Категория 10 — Последовательности вертикального зондирования,310072,(Сводка VASS IRAS с FY-3),,101026,Повторить 1 дескриптор 26 раз,,,,Operational
bufr4/3/10/072/1/310069,10,Категория 10 — Последовательности вертикального зондирования,310072,(Сводка VASS IRAS с FY-3),,310069,Переменные канала VASS,,,,Operational
bufr4/3/10/077/1/001033,10,Категория 10 — Последовательности вертикального зондирования,310077,"(Параметры ветра, рассчитанные по спутниковым данным)",,001033,Идентификация центра-поставщика/производителя,,,,Operational
bufr4/3/10/077/1/001034,10,Категория 10 — Последовательности вертикального зондирования,310077,"(Параметры ветра, рассчитанные по спутниковым данным)",,001034,Идентификация подцентра-поставщика/ производителя,,,,Operational
bufr4/3/10/077/1/025061,10,Категория 10 — Последовательности вертикального зондирования,310077,"(Параметры ветра, рассчитанные по спутниковым данным)",,025061,Идентификация программного обеспечения и номер версии,,,,Operational
bufr4/3/10/077/1/025062,10,Категория 10 — Последовательности вертикального зондирования,310077,"(Параметры ветра, рассчитанные по спутниковым данным)",,025062,Идентификация базы данных Идентификация спутника/прибора,,,,Operational
bufr4/3/10/077/1/001007,10,Категория 10 — Последовательности вертикального зондирования,310077,"(Параметры ветра, рассчитанные по спутниковым данным)",,001007,Указатель спутника,,,,Operational
bufr4/3/10/077/1/002153,10,Категория 10 — Последовательности вертикального зондирования,310077,"(Параметры ветра, рассчитанные по спутниковым данным)",,002153,Центральная частота спутникового канала,,,,Operational
bufr4/3/10/077/1/001012,10,Категория 10 — Последовательности вертикального зондирования,310077,"(Параметры ветра, рассчитанные по спутниковым данным)",,001012,Направление движения подвижной наблюдательной платформы,,,,Operational
bufr4/3/10/077/1/201138,10,Категория 10 — Последовательности вертикального зондирования,310077,"(Параметры ветра, рассчитанные по спутниковым данным)",,201138,Изменить длину данных,,,,Operational
bufr4/3/10/077/1/002026,10,Категория 10 — Последовательности вертикального зондирования,310077,"(Параметры ветра, рассчитанные по спутниковым данным)",,002026,Разрешение поперек трассы,,,,Operational
bufr4/3/10/077/1/002027,10,Категория 10 — Последовательности вертикального зондирования,310077,"(Параметры ветра, рассчитанные по спутниковым данным)",,002027,Разрешение вдоль трассы,,,,Operational
bufr4/3/10/077/1/201000,10,Категория 10 — Последовательности вертикального зондирования,310077,"(Параметры ветра, рассчитанные по спутниковым данным)",,201000,Отмена Изменить длину данных Методы,,,,Operational
bufr4/3/10/077/1/002028,10,Категория 10 — Последовательности вертикального зондирования,310077,"(Параметры ветра, рассчитанные по спутниковым данным)",,002028,Размер Размер сегмента в надире в направлении x прямоугольника цели,,,,Operational
bufr4/3/10/077/1/002029,10,Категория 10 — Последовательности вертикального зондирования,310077,"(Параметры ветра, рассчитанные по спутниковым данным)",,002029,Размер Размер сегмента в надире в направлении y прямоугольника цели,,,,Operational
bufr4/3/10/077/1/002161,10,Категория 10 — Последовательности вертикального зондирования,310077,"(Параметры ветра, рассчитанные по спутниковым данным)",,002161,Метод обработки параметров ветра,,,,Operational
bufr4/3/10/077/1/002164,10,Категория 10 — Последовательности вертикального зондирования,310077,"(Параметры ветра, рассчитанные по спутниковым данным)",,002164,Метод корреляции слежения,,,,Operational
bufr4/3/10/077/1/002023,10,Категория 10 — Последовательности вертикального зондирования,310077,"(Параметры ветра, рассчитанные по спутниковым данным)",,002023,Метод расчета параметров ветра по спутниковым данным,,,,Operational
bufr4/3/10/077/1/008012,10,Категория 10 — Последовательности вертикального зондирования,310077,"(Параметры ветра, рассчитанные по спутниковым данным)",,008012,Описатель суши/моря,,,,Operational
bufr4/3/10/077/1/008013,10,Категория 10 — Последовательности вертикального зондирования,310077,"(Параметры ветра, рассчитанные по спутниковым данным)",,008013,Описатель дня/ночи Окончательные данные вектора атмосферного движения (ВАД),,,,Operational
bufr4/3/10/077/1/001124,10,Категория 10 — Последовательности вертикального зондирования,310077,"(Параметры ветра, рассчитанные по спутниковым данным)",,001124,Указатель узлов сетки .,,,,Operational
bufr4/3/10/077/1/005001,10,Категория 10 — Последовательности вертикального зондирования,310077,"(Параметры ветра, рассчитанные по спутниковым данным)",,005001,Широта (высокая точность),,,,Operational
bufr4/3/10/077/1/006001,10,Категория 10 — Последовательности вертикального зондирования,310077,"(Параметры ветра, рассчитанные по спутниковым данным)",,006001,Долгота (высокая точность),,,,Operational
bufr4/3/10/077/1/004001,10,Категория 10 — Последовательности вертикального зондирования,310077,"(Параметры ветра, рассчитанные по спутниковым данным)",,004001,Год,,,,Operational
bufr4/3/10/077/1/004002,10,Категория 10 — Последовательности вертикального зондирования,310077,"(Параметры ветра, рассчитанные по спутниковым данным)",,004002,Месяц,,,,Operational
bufr4/3/10/077/1/004003,10,Категория 10 — Последовательности вертикального зондирования,310077,"(Параметры ветра, рассчитанные по спутниковым данным)",,004003,День,,,,Operational
bufr4/3/10/077/1/004004,10,Категория 10 — Последовательности вертикального зондирования,310077,"(Параметры ветра, рассчитанные по спутниковым данным)",,004004,Час,,,,Operational
bufr4/3/10/077/1/004005,10,Категория 10 — Последовательности вертикального зондирования,310077,"(Параметры ветра, рассчитанные по спутниковым данным)",,004005,Минута,,,,Operational
bufr4/3/10/077/1/004006,10,Категория 10 — Последовательности вертикального зондирования,310077,"(Параметры ветра, рассчитанные по спутниковым данным)",,004006,Секунда,,,,Operational
bufr4/3/10/077/1/004086,10,Категория 10 — Последовательности вертикального зондирования,310077,"(Параметры ветра, рассчитанные по спутниковым данным)",,004086,Секунды Долговременный период или смещение,,,,Operational
bufr4/3/10/077/1/002162,10,Категория 10 — Последовательности вертикального зондирования,310077,"(Параметры ветра, рассчитанные по спутниковым данным)",,002162,Метод определения продленной высоты,,,,Operational
bufr4/3/10/077/1/007004,10,Категория 10 — Последовательности вертикального зондирования,310077,"(Параметры ветра, рассчитанные по спутниковым данным)",,007004,Давление,,,,Operational
bufr4/3/10/077/1/011001,10,Категория 10 — Последовательности вертикального зондирования,310077,"(Параметры ветра, рассчитанные по спутниковым данным)",,011001,Направление ветра,,,,Operational
bufr4/3/10/077/1/011002,10,Категория 10 — Последовательности вертикального зондирования,310077,"(Параметры ветра, рассчитанные по спутниковым данным)",,011002,Скорость ветра,,,,Operational
bufr4/3/10/077/1/011003,10,Категория 10 — Последовательности вертикального зондирования,310077,"(Параметры ветра, рассчитанные по спутниковым данным)",,011003,Компонента ветра u,,,,Operational
bufr4/3/10/077/1/011004,10,Категория 10 — Последовательности вертикального зондирования,310077,"(Параметры ветра, рассчитанные по спутниковым данным)",,011004,Компонента ветра v,,,,Operational
bufr4/3/10/077/1/012001,10,Категория 10 — Последовательности вертикального зондирования,310077,"(Параметры ветра, рассчитанные по спутниковым данным)",,012001,Температура/Температура воздуха,,,,Operational
bufr4/3/10/077/1/020014,10,Категория 10 — Последовательности вертикального зондирования,310077,"(Параметры ветра, рассчитанные по спутниковым данным)",,020014,Высота верхней границы облаков,(продолж.),,,Operational
bufr4/3/10/077/1/007024,10,Категория 10 — Последовательности вертикального зондирования,310077,,,007024,Зенитный угол спутника,,,,Operational
bufr4/3/10/077/1/001023,10,Категория 10 — Последовательности вертикального зондирования,310077,,,001023,Номер последовательности наблюдений,,,,Operational
bufr4/3/10/077/1/104000,10,Категория 10 — Последовательности вертикального зондирования,310077,,,104000,Повторение с задержкой 4 дескрипторов,,,,Operational
bufr4/3/10/077/1/031001,10,Категория 10 — Последовательности вертикального зондирования,310077,,,031001,Коэффициент повторения дескриптора с задержкой,,,,Operational
bufr4/3/10/077/2/002162,10,Категория 10 — Последовательности вертикального зондирования,310077,,,002162,Метод определения продленной высоты,,,,Operational
bufr4/3/10/077/2/007004,10,Категория 10 — Последовательности вертикального зондирования,310077,,,007004,Давление,,,,Operational
bufr4/3/10/077/2/012001,10,Категория 10 — Последовательности вертикального зондирования,310077,,,012001,Температура,,,,Operational
bufr4/3/10/077/2/020014,10,Категория 10 — Последовательности вертикального зондирования,310077,,,020014,Высота верхней границы облаков Данные изображений (для каждого используемого изображения),,,,Operational
bufr4/3/10/077/1/113000,10,Категория 10 — Последовательности вертикального зондирования,310077,,,113000,Повторение с задержкой 13 дескрипторов,,,,Operational
bufr4/3/10/077/2/031001,10,Категория 10 — Последовательности вертикального зондирования,310077,,,031001,Коэффициент повторения дескриптора с задержкой,,,,Operational
bufr4/3/10/077/2/004086,10,Категория 10 — Последовательности вертикального зондирования,310077,,,004086,Долговременный период или смещение Секунды,,,,Operational
bufr4/3/10/077/1/002020,10,Категория 10 — Последовательности вертикального зондирования,310077,,,002020,Классификация спутников,,,,Operational
bufr4/3/10/077/2/001007,10,Категория 10 — Последовательности вертикального зондирования,310077,,,001007,Указатель спутника,,,,Operational
bufr4/3/10/077/1/002019,10,Категория 10 — Последовательности вертикального зондирования,310077,,,002019,Спутниковые приборы,,,,Operational
bufr4/3/10/077/1/005042,10,Категория 10 — Последовательности вертикального зондирования,310077,,,005042,Номер канала,,,,Operational
bufr4/3/10/077/2/002153,10,Категория 10 — Последовательности вертикального зондирования,310077,,,002153,Центральная частота спутникового канала,,,,Operational
bufr4/3/10/077/1/005040,10,Категория 10 — Последовательности вертикального зондирования,310077,,,005040,Номер орбиты,,,,Operational
bufr4/3/10/077/2/007024,10,Категория 10 — Последовательности вертикального зондирования,310077,,,007024,Зенитный угол спутника,,,,Operational
bufr4/3/10/077/1/005021,10,Категория 10 — Последовательности вертикального зондирования,310077,,,005021,Пеленг или азимут,,,,Operational
bufr4/3/10/077/3/002162,10,Категория 10 — Последовательности вертикального зондирования,310077,,,002162,Метод определения продленной высоты,,,,Operational
bufr4/3/10/077/3/007004,10,Категория 10 — Последовательности вертикального зондирования,310077,,,007004,Давление,,,,Operational
bufr4/3/10/077/3/012001,10,Категория 10 — Последовательности вертикального зондирования,310077,,,012001,Температура/Температура воздуха,,,,Operational
bufr4/3/10/077/3/020014,10,Категория 10 — Последовательности вертикального зондирования,310077,,,020014,Высота верхней границы облаков Промежуточные векторы (для каждой компоненты вектора),,,,Operational
bufr4/3/10/077/1/119000,10,Категория 10 — Последовательности вертикального зондирования,310077,,,119000,Повторение с задержкой 19 дескрипторов,,,,Operational
bufr4/3/10/077/3/031001,10,Категория 10 — Последовательности вертикального зондирования,310077,,,031001,Коэффициент повторения дескриптора с задержкой,,,,Operational
bufr4/3/10/077/3/004086,10,Категория 10 — Последовательности вертикального зондирования,310077,,,004086,Долговременный период или смещение Секунды,,,,Operational
bufr4/3/10/077/4/004086,10,Категория 10 — Последовательности вертикального зондирования,310077,,,004086,Долговременный период или смещение Секунды,,,,Operational
bufr4/3/10/077/2/005001,10,Категория 10 — Последовательности вертикального зондирования,310077,,,005001,Широта (высокая точность),,,,Operational
bufr4/3/10/077/2/006001,10,Категория 10 — Последовательности вертикального зондирования,310077,,,006001,Долгота (высокая точность),,,,Operational
bufr4/3/10/077/2/011003,10,Категория 10 — Последовательности вертикального зондирования,310077,,,011003,Компонента u,,,,Operational
bufr4/3/10/077/2/011004,10,Категория 10 — Последовательности вертикального зондирования,310077,,,011004,Компонента v,,,,Operational
bufr4/3/10/077/1/011113,10,Категория 10 — Последовательности вертикального зондирования,310077,,,011113,Корреляционное слежение за вектором,,,,Operational
bufr4/3/10/077/1/025148,10,Категория 10 — Последовательности вертикального зондирования,310077,,,025148,Коэффициент вариации,,,,Operational
bufr4/3/10/077/1/103000,10,Категория 10 — Последовательности вертикального зондирования,310077,,,103000,Повторение с задержкой 3 дескрипторов,,,,Operational
bufr4/3/10/077/4/031001,10,Категория 10 — Последовательности вертикального зондирования,310077,,,031001,Коэффициент повторения дескриптора с задержкой,,,,Operational
bufr4/3/10/077/1/008023,10,Категория 10 — Последовательности вертикального зондирования,310077,,,008023,Статистические данные первого порядка,,,,Operational
bufr4/3/10/077/3/011003,10,Категория 10 — Последовательности вертикального зондирования,310077,,,011003,Компонента u,,,,Operational
bufr4/3/10/077/3/011004,10,Категория 10 — Последовательности вертикального зондирования,310077,,,011004,Компонента v,,,,Operational
bufr4/3/10/077/2/008023,10,Категория 10 — Последовательности вертикального зондирования,310077,,,008023,Статистические данные первого порядка Установлено на отсутствующее значение (отмена),,,,Operational
bufr4/3/10/077/2/103000,10,Категория 10 — Последовательности вертикального зондирования,310077,,,103000,Повторение с задержкой 3 дескрипторов,,,,Operational
bufr4/3/10/077/5/031001,10,Категория 10 — Последовательности вертикального зондирования,310077,,,031001,Коэффициент повторения дескриптора с задержкой,,,,Operational
bufr4/3/10/077/1/020111,10,Категория 10 — Последовательности вертикального зондирования,310077,,,020111,Проекция большой оси эллипса ошибок на ось х,,,,Operational
bufr4/3/10/077/1/020112,10,Категория 10 — Последовательности вертикального зондирования,310077,,,020112,Проекция малой оси эллипса ошибок на ось y,,,,Operational
bufr4/3/10/077/1/020114,10,Категория 10 — Последовательности вертикального зондирования,310077,,,020114,Угол между большой осью эллипса ошибок и осью х Данные соответствующего прогноза,,,,Operational
bufr4/3/10/077/2/001033,10,Категория 10 — Последовательности вертикального зондирования,310077,,,001033,Идентификация центра-поставщика/производителя,,,,Operational
bufr4/3/10/077/1/008021,10,Категория 10 — Последовательности вертикального зондирования,310077,,,008021,Значимость времени = 27 Нулевое приближение,,,,Operational
bufr4/3/10/077/4/007004,10,Категория 10 — Последовательности вертикального зондирования,310077,,,007004,Давление,,,,Operational
bufr4/3/10/077/1/011095,10,Категория 10 — Последовательности вертикального зондирования,310077,,,011095,"Компонента u вектора ветра, используемого в модели",,,,Operational
bufr4/3/10/077/1/011096,10,Категория 10 — Последовательности вертикального зондирования,310077,,,011096,"Компонента v вектора ветра, используемого в модели I.2 – Табл. D BUFR/10 — 29",(продолж.),,,Operational
bufr4/3/10/077/2/008021,10,Категория 10 — Последовательности вертикального зондирования,310077,,,008021,Значимость времени = 4 Прогноз,,,,Operational
bufr4/3/10/077/5/007004,10,Категория 10 — Последовательности вертикального зондирования,310077,,,007004,Давление,,,,Operational
bufr4/3/10/077/2/011095,10,Категория 10 — Последовательности вертикального зондирования,310077,,,011095,"Компонента u вектора ветра, используемого в модели",,,,Operational
bufr4/3/10/077/2/011096,10,Категория 10 — Последовательности вертикального зондирования,310077,,,011096,"Компонента v вектора ветра, используемого в модели",,,,Operational
bufr4/3/10/077/3/008021,10,Категория 10 — Последовательности вертикального зондирования,310077,,,008021,Значимость времени Установлено на отсутствующее значение (отмена),,,,Operational
bufr4/3/10/077/1/008086,10,Категория 10 — Последовательности вертикального зондирования,310077,,,008086,Вертикальная значимость данных для ЧПП = 10 Уровень наилучшего приближения,,,,Operational
bufr4/3/10/077/6/007004,10,Категория 10 — Последовательности вертикального зондирования,310077,,,007004,Давление,,,,Operational
bufr4/3/10/077/3/011095,10,Категория 10 — Последовательности вертикального зондирования,310077,,,011095,"Компонента u вектора ветра, используемого в модели",,,,Operational
bufr4/3/10/077/3/011096,10,Категория 10 — Последовательности вертикального зондирования,310077,,,011096,"Компонента v вектора ветра, используемого в модели",,,,Operational
bufr4/3/10/077/2/008086,10,Категория 10 — Последовательности вертикального зондирования,310077,,,008086,Вертикальная значимость данных для ЧПП Установлено на отсутствующее значение (отмена) Качество окончательных данных ВАД,,,,Operational
bufr4/3/10/077/1/102004,10,Категория 10 — Последовательности вертикального зондирования,310077,,,102004,Повторить 2 дескриптора 4 раза,,,,Operational
bufr4/3/10/077/1/001044,10,Категория 10 — Последовательности вертикального зондирования,310077,,,001044,Стандартное применение продукции,,,,Operational
bufr4/3/10/077/1/033007,10,Категория 10 — Последовательности вертикального зондирования,310077,,,033007,Процент достоверности,,,,Operational
bufr4/3/10/077/1/008092,10,Категория 10 — Последовательности вертикального зондирования,310077,,,008092,Выражение неопределенности измерения = 0 Стандартная неопределенность,,,,Operational
bufr4/3/10/077/7/007004,10,Категория 10 — Последовательности вертикального зондирования,310077,,,007004,Давление,,,,Operational
bufr4/3/10/077/4/011003,10,Категория 10 — Последовательности вертикального зондирования,310077,,,011003,Компонента u,,,,Operational
bufr4/3/10/077/4/011004,10,Категория 10 — Последовательности вертикального зондирования,310077,,,011004,Компонента v,,,,Operational
bufr4/3/10/077/2/008092,10,Категория 10 — Последовательности вертикального зондирования,310077,,,008092,Выражение неопределенности измерения Установлено на отсутствующее значение (отмена),,,,Operational
bufr4/3/10/077/1/033066,10,Категория 10 — Последовательности вертикального зондирования,310077,,,033066,"Флаг качества ВАД Данные об облачности и микрофизика облаков (относятся к номинальному изображению, используемому для определения высоты)",,,,Operational
bufr4/3/10/077/1/020081,10,Категория 10 — Последовательности вертикального зондирования,310077,,,020081,Облачность в сегменте,,,,Operational
bufr4/3/10/077/1/020012,10,Категория 10 — Последовательности вертикального зондирования,310077,,,020012,Тип облаков,,,,Operational
bufr4/3/10/077/1/020056,10,Категория 10 — Последовательности вертикального зондирования,310077,,,020056,Фазовое состояние воды в облаке,,,,Operational
bufr4/3/10/077/1/117000,10,Категория 10 — Последовательности вертикального зондирования,310077,,,117000,Повторение с задержкой 17 дескрипторов,,,,Operational
bufr4/3/10/077/6/031001,10,Категория 10 — Последовательности вертикального зондирования,310077,,,031001,Коэффициент повторения дескриптора с задержкой,,,,Operational
bufr4/3/10/077/3/008023,10,Категория 10 — Последовательности вертикального зондирования,310077,,,008023,Статистические данные первого порядка,,,,Operational
bufr4/3/10/077/1/020016,10,Категория 10 — Последовательности вертикального зондирования,310077,,,020016,Давление на верхней границе облаков,,,,Operational
bufr4/3/10/077/3/008092,10,Категория 10 — Последовательности вертикального зондирования,310077,,,008092,Выражение неопределенности измерения = 0 Стандартная неопределенность,,,,Operational
bufr4/3/10/077/1/008003,10,Категория 10 — Последовательности вертикального зондирования,310077,,,008003,Вертикальная значимость (спутниковые наблюдения) = 2 Верхняя граница облаков,,,,Operational
bufr4/3/10/077/4/012001,10,Категория 10 — Последовательности вертикального зондирования,310077,,,012001,Температура/Температура воздуха,,,,Operational
bufr4/3/10/077/2/008003,10,Категория 10 — Последовательности вертикального зондирования,310077,,,008003,Вертикальная значимость (спутниковые наблюдения) Установлено на отсутствующее значение (отмена),,,,Operational
bufr4/3/10/077/2/020016,10,Категория 10 — Последовательности вертикального зондирования,310077,,,020016,Давление на верхней границе облаков,,,,Operational
bufr4/3/10/077/4/008092,10,Категория 10 — Последовательности вертикального зондирования,310077,,,008092,Выражение неопределенности измерения Установлено на отсутствующее значение (отмена),,,,Operational
bufr4/3/10/077/1/025149,10,Категория 10 — Последовательности вертикального зондирования,310077,,,025149,Потери при оптимальной оценке,,,,Operational
bufr4/3/10/077/3/020016,10,Категория 10 — Последовательности вертикального зондирования,310077,,,020016,Давление на верхней границе облаков,,,,Operational
bufr4/3/10/077/4/020014,10,Категория 10 — Последовательности вертикального зондирования,310077,,,020014,Высота верхней границы облаков,,,,Operational
bufr4/3/10/077/1/013093,10,Категория 10 — Последовательности вертикального зондирования,310077,,,013093,Оптическая толщина облаков,,,,Operational
bufr4/3/10/077/1/013109,10,Категория 10 — Последовательности вертикального зондирования,310077,,,013109,Траектория ледяных кристаллов/жидкой воды,(продолж.),,,Operational
