Id,Category,CategoryOfSequences_ru,FXY1,Title_ru,SubTitle_ru,FXY2,ElementName_ru,ElementDescription_ru,Note_ru,noteIDs,Status
bufr4/3/09/001/1/301037,09,Категория 09 — Последовательности данных вертикального зондирования,309001,(традиционные данные),,301037,"Наземная станция вертикального зондирования Идентификация и т. п. (наземная станция, местопо-ложение с высокой точностью)",,,,Operational
bufr4/3/09/001/1/101000,09,Категория 09 — Последовательности данных вертикального зондирования,309001,(традиционные данные),,101000,Повторение с задержкой 1 дескриптора,,,,Operational
bufr4/3/09/001/1/031001,09,Категория 09 — Последовательности данных вертикального зондирования,309001,(традиционные данные),,031001,Коэффициент повторения дескриптора с задержкой,,,,Operational
bufr4/3/09/001/1/303011,09,Категория 09 — Последовательности данных вертикального зондирования,309001,(традиционные данные),,303011,Ветер на определенной высоте,,,,Operational
bufr4/3/09/002/1/301038,09,Категория 09 — Последовательности данных вертикального зондирования,309002,(Вертикальный профиль ветра),,301038,"Наземная станция вертикального зондирования Идентификация и т. п. (наземная станция, местопо-ложение с низкой точностью)",,,,Operational
bufr4/3/09/002/1/101000,09,Категория 09 — Последовательности данных вертикального зондирования,309002,(Вертикальный профиль ветра),,101000,Повторение с задержкой 1 дескриптора,,,,Operational
bufr4/3/09/002/1/031001,09,Категория 09 — Последовательности данных вертикального зондирования,309002,(Вертикальный профиль ветра),,031001,Коэффициент повторения дескриптора с задержкой,,,,Operational
bufr4/3/09/002/1/303011,09,Категория 09 — Последовательности данных вертикального зондирования,309002,(Вертикальный профиль ветра),,303011,Ветер на определенной высоте,,,,Operational
bufr4/3/09/003/1/301037,09,Категория 09 — Последовательности данных вертикального зондирования,309003,(Ветрикальный профиль ветра),,301037,"Наземная станция вертикального зондирования Идентификация и т. п. (наземная станция, местопо-ложение с высокой точностью)",,,,Operational
bufr4/3/09/003/1/101000,09,Категория 09 — Последовательности данных вертикального зондирования,309003,(Ветрикальный профиль ветра),,101000,Повторение с задержкой 1 дескриптора,,,,Operational
bufr4/3/09/003/1/031001,09,Категория 09 — Последовательности данных вертикального зондирования,309003,(Ветрикальный профиль ветра),,031001,Коэффициент повторения дескриптора с задержкой,,,,Operational
bufr4/3/09/003/1/303012,09,Категория 09 — Последовательности данных вертикального зондирования,309003,(Ветрикальный профиль ветра),,303012,Ветер на заданной изобарической поверхности,,,,Operational
bufr4/3/09/004/1/301038,09,Категория 09 — Последовательности данных вертикального зондирования,309004,(Вертикальный профиль ветра),,301038,"Наземная станция вертикального зондирования Идентификация и т. п. (наземная станция, местопо-ложение с низкой точностью)",,,,Operational
bufr4/3/09/004/1/101000,09,Категория 09 — Последовательности данных вертикального зондирования,309004,(Вертикальный профиль ветра),,101000,Повторение с задержкой 1 дескриптора,,,,Operational
bufr4/3/09/004/1/031001,09,Категория 09 — Последовательности данных вертикального зондирования,309004,(Вертикальный профиль ветра),,031001,Коэффициент повторения дескриптора с задержкой,,,,Operational
bufr4/3/09/004/1/303012,09,Категория 09 — Последовательности данных вертикального зондирования,309004,(Вертикальный профиль ветра),,303012,Ветер на заданной изобарической поверхности,,,,Operational
bufr4/3/09/005/1/301037,09,Категория 09 — Последовательности данных вертикального зондирования,309005,(Вертикальное зондирование с относительной влажностью),,301037,"Наземная станция вертикального зондирования Идентификация и т. п. (наземная станция, местопо-ложение с высокой точностью)",,,,Operational
bufr4/3/09/005/1/302004,09,Категория 09 — Последовательности данных вертикального зондирования,309005,(Вертикальное зондирование с относительной влажностью),,302004,Общая информация об облачности Значительный слой облачности,,,,Operational
bufr4/3/09/005/1/101000,09,Категория 09 — Последовательности данных вертикального зондирования,309005,(Вертикальное зондирование с относительной влажностью),,101000,Повторение с задержкой 1 дескриптора,,,,Operational
bufr4/3/09/005/1/031001,09,Категория 09 — Последовательности данных вертикального зондирования,309005,(Вертикальное зондирование с относительной влажностью),,031001,Коэффициент повторения дескриптора с задержкой,,,,Operational
bufr4/3/09/005/1/303013,09,Категория 09 — Последовательности данных вертикального зондирования,309005,(Вертикальное зондирование с относительной влажностью),,303013,"Геопотенциал, температура, влажность, ветер на заданной изобарической поверхности",,,,Operational
bufr4/3/09/006/1/301038,09,Категория 09 — Последовательности данных вертикального зондирования,309006,(Вертикальное зондирование с относительной влажностью),,301038,"Наземная станция вертикального зондирования Идентификация и т. п. (наземная станция, местопо-ложение с низкой точностью)",,,,Operational
bufr4/3/09/006/1/302004,09,Категория 09 — Последовательности данных вертикального зондирования,309006,(Вертикальное зондирование с относительной влажностью),,302004,Общая информация об облачности Значительный слой облачности,,,,Operational
bufr4/3/09/006/1/101000,09,Категория 09 — Последовательности данных вертикального зондирования,309006,(Вертикальное зондирование с относительной влажностью),,101000,Повторение с задержкой 1 дескриптора,,,,Operational
bufr4/3/09/006/1/031001,09,Категория 09 — Последовательности данных вертикального зондирования,309006,(Вертикальное зондирование с относительной влажностью),,031001,Коэффициент повторения дескриптора с задержкой,,,,Operational
bufr4/3/09/006/1/303013,09,Категория 09 — Последовательности данных вертикального зондирования,309006,(Вертикальное зондирование с относительной влажностью),,303013,"Геопотенциал, температура, влажность, ветер на заданной изобарической поверхности",,,,Operational
bufr4/3/09/007/1/301037,09,Категория 09 — Последовательности данных вертикального зондирования,309007,(Вертикальное зондирование с данными о точке росы),,301037,"Наземная станция вертикального зондирования Идентификация и т. п. (наземная станция, местопо-ложение с высокой точностью)",,,,Operational
bufr4/3/09/007/1/302004,09,Категория 09 — Последовательности данных вертикального зондирования,309007,(Вертикальное зондирование с данными о точке росы),,302004,Общая информация об облачности Значительный слой облачности,,,,Operational
bufr4/3/09/007/1/101000,09,Категория 09 — Последовательности данных вертикального зондирования,309007,(Вертикальное зондирование с данными о точке росы),,101000,Повторение с задержкой 1 дескриптора,,,,Operational
bufr4/3/09/007/1/031001,09,Категория 09 — Последовательности данных вертикального зондирования,309007,(Вертикальное зондирование с данными о точке росы),,031001,Коэффициент повторения дескриптора с задержкой,,,,Operational
bufr4/3/09/007/1/303014,09,Категория 09 — Последовательности данных вертикального зондирования,309007,(Вертикальное зондирование с данными о точке росы),,303014,"Геопотенциал, температура, температура точки росы, ветер на заданной изобарической поверхности",,,,Operational
bufr4/3/09/008/1/301038,09,Категория 09 — Последовательности данных вертикального зондирования,309008,(Вертикальное зондирование с данными о точке росы),,301038,"Наземная станция вертикального зондирования Идентификация и т. п. (наземная станция, местопо-ложение с низкой точностью)",,,,Operational
bufr4/3/09/008/1/302004,09,Категория 09 — Последовательности данных вертикального зондирования,309008,(Вертикальное зондирование с данными о точке росы),,302004,Общая информация об облачности Значительный слой облачности,,,,Operational
bufr4/3/09/008/1/101000,09,Категория 09 — Последовательности данных вертикального зондирования,309008,(Вертикальное зондирование с данными о точке росы),,101000,Повторение с задержкой 1 дескриптора,,,,Operational
bufr4/3/09/008/1/031001,09,Категория 09 — Последовательности данных вертикального зондирования,309008,(Вертикальное зондирование с данными о точке росы),,031001,Коэффициент повторения дескриптора с задержкой,,,,Operational
bufr4/3/09/008/1/303014,09,Категория 09 — Последовательности данных вертикального зондирования,309008,(Вертикальное зондирование с данными о точке росы),,303014,"Геопотенциал, температура, температура точки росы, ветер на заданной изобарической поверхности",,,,Operational
bufr4/3/09/011/1/301039,09,Категория 09 — Последовательности данных вертикального зондирования,309011,(Вертикальный профиль ветра),,301039,Судно для вертикального зондирования Идентификация судна и т. п.,,,,Operational
bufr4/3/09/011/1/101000,09,Категория 09 — Последовательности данных вертикального зондирования,309011,(Вертикальный профиль ветра),,101000,Повторение с задержкой 1 дескриптора,,,,Operational
bufr4/3/09/011/1/031001,09,Категория 09 — Последовательности данных вертикального зондирования,309011,(Вертикальный профиль ветра),,031001,Коэффициент повторения дескриптора с задержкой,,,,Operational
bufr4/3/09/011/1/303011,09,Категория 09 — Последовательности данных вертикального зондирования,309011,(Вертикальный профиль ветра),,303011,Ветер на определенной высоте,,,,Operational
bufr4/3/09/012/1/301039,09,Категория 09 — Последовательности данных вертикального зондирования,309012,(Вертикальный профиль ветра),,301039,Судно для вертикального зондирования Идентификация судна и т. п.,,,,Operational
bufr4/3/09/012/1/101000,09,Категория 09 — Последовательности данных вертикального зондирования,309012,(Вертикальный профиль ветра),,101000,Повторение с задержкой 1 дескриптора,,,,Operational
bufr4/3/09/012/1/031001,09,Категория 09 — Последовательности данных вертикального зондирования,309012,(Вертикальный профиль ветра),,031001,Коэффициент повторения дескриптора с задержкой,,,,Operational
bufr4/3/09/012/1/303012,09,Категория 09 — Последовательности данных вертикального зондирования,309012,(Вертикальный профиль ветра),,303012,Ветер на заданной изобарической поверхности,,,,Operational
bufr4/3/09/013/1/301039,09,Категория 09 — Последовательности данных вертикального зондирования,309013,(Вертикальное зондирование с относительной влажностью),,301039,Судно для вертикального зондирования Идентификация судна и т. п.,,,,Operational
bufr4/3/09/013/1/302004,09,Категория 09 — Последовательности данных вертикального зондирования,309013,(Вертикальное зондирование с относительной влажностью),,302004,Общая информация об облачности Значительный слой облачности,,,,Operational
bufr4/3/09/013/1/101000,09,Категория 09 — Последовательности данных вертикального зондирования,309013,(Вертикальное зондирование с относительной влажностью),,101000,Повторение с задержкой 1 дескриптора,,,,Operational
bufr4/3/09/013/1/031001,09,Категория 09 — Последовательности данных вертикального зондирования,309013,(Вертикальное зондирование с относительной влажностью),,031001,Коэффициент повторения дескриптора с задержкой,,,,Operational
bufr4/3/09/013/1/303013,09,Категория 09 — Последовательности данных вертикального зондирования,309013,(Вертикальное зондирование с относительной влажностью),,303013,"Геопотенциал, температура, влажность, ветер на заданной изобарической поверхности",,,,Operational
bufr4/3/09/014/1/301039,09,Категория 09 — Последовательности данных вертикального зондирования,309014,(Вертикальное зондирование с данными о точке росы),,301039,Судно для вертикального зондирования Идентификация судна и т. п.,,,,Operational
bufr4/3/09/014/1/302004,09,Категория 09 — Последовательности данных вертикального зондирования,309014,(Вертикальное зондирование с данными о точке росы),,302004,Общая информация об облачности Значительный слой облачности,,,,Operational
bufr4/3/09/014/1/101000,09,Категория 09 — Последовательности данных вертикального зондирования,309014,(Вертикальное зондирование с данными о точке росы),,101000,Повторение с задержкой 1 дескриптора,,,,Operational
bufr4/3/09/014/1/031001,09,Категория 09 — Последовательности данных вертикального зондирования,309014,(Вертикальное зондирование с данными о точке росы),,031001,Коэффициент повторения дескриптора с задержкой,,,,Operational
bufr4/3/09/014/1/303014,09,Категория 09 — Последовательности данных вертикального зондирования,309014,(Вертикальное зондирование с данными о точке росы),,303014,"Геопотенциал, температура, температура точки росы, ветер на заданной изобарической поверхности",,,,Operational
bufr4/3/09/015/1/301040,09,Категория 09 — Последовательности данных вертикального зондирования,309015,(Вертикальный профиль ветра),,301040,Судно для вертикального зондирования Идентификация судна и т. п.,,,,Operational
bufr4/3/09/015/1/101000,09,Категория 09 — Последовательности данных вертикального зондирования,309015,(Вертикальный профиль ветра),,101000,Повторение с задержкой 1 дескриптора,,,,Operational
bufr4/3/09/015/1/031001,09,Категория 09 — Последовательности данных вертикального зондирования,309015,(Вертикальный профиль ветра),,031001,Коэффициент повторения дескриптора с задержкой,,,,Operational
bufr4/3/09/015/1/303011,09,Категория 09 — Последовательности данных вертикального зондирования,309015,(Вертикальный профиль ветра),,303011,Ветер на определенной высоте,,,,Operational
bufr4/3/09/016/1/301040,09,Категория 09 — Последовательности данных вертикального зондирования,309016,(Вертикальный профиль ветра),,301040,Судно для вертикального зондирования Идентификация судна и т. п.,,,,Operational
bufr4/3/09/016/1/101000,09,Категория 09 — Последовательности данных вертикального зондирования,309016,(Вертикальный профиль ветра),,101000,Повторение с задержкой 1 дескриптора,,,,Operational
bufr4/3/09/016/1/031001,09,Категория 09 — Последовательности данных вертикального зондирования,309016,(Вертикальный профиль ветра),,031001,Коэффициент повторения дескриптора с задержкой,,,,Operational
bufr4/3/09/016/1/303012,09,Категория 09 — Последовательности данных вертикального зондирования,309016,(Вертикальный профиль ветра),,303012,Ветер на заданной изобарической поверхности,,,,Operational
bufr4/3/09/017/1/301040,09,Категория 09 — Последовательности данных вертикального зондирования,309017,(Вертикальное зондирование с относительной влажностью),,301040,Судно для вертикального зондирования Идентификация судна и т. п.,,,,Operational
bufr4/3/09/017/1/302004,09,Категория 09 — Последовательности данных вертикального зондирования,309017,(Вертикальное зондирование с относительной влажностью),,302004,Общая информация об облачности Значительный слой облачности,,,,Operational
bufr4/3/09/017/1/101000,09,Категория 09 — Последовательности данных вертикального зондирования,309017,(Вертикальное зондирование с относительной влажностью),,101000,Повторение с задержкой 1 дескриптора,,,,Operational
bufr4/3/09/017/1/031001,09,Категория 09 — Последовательности данных вертикального зондирования,309017,(Вертикальное зондирование с относительной влажностью),,031001,Коэффициент повторения дескриптора с задержкой,,,,Operational
bufr4/3/09/017/1/303013,09,Категория 09 — Последовательности данных вертикального зондирования,309017,(Вертикальное зондирование с относительной влажностью),,303013,"Геопотенциал, температура, влажность, ветер на заданной изобарической поверхности",,,,Operational
bufr4/3/09/018/1/301040,09,Категория 09 — Последовательности данных вертикального зондирования,309018,(Вертикальное зондирование с данными о точке росы),,301040,Судно для вертикального зондирования Идентификация судна и т. п.,,,,Operational
bufr4/3/09/018/1/302004,09,Категория 09 — Последовательности данных вертикального зондирования,309018,(Вертикальное зондирование с данными о точке росы),,302004,Общая информация об облачности Значительный слой облачности,,,,Operational
bufr4/3/09/018/1/101000,09,Категория 09 — Последовательности данных вертикального зондирования,309018,(Вертикальное зондирование с данными о точке росы),,101000,Повторение с задержкой 1 дескриптора,,,,Operational
bufr4/3/09/018/1/031001,09,Категория 09 — Последовательности данных вертикального зондирования,309018,(Вертикальное зондирование с данными о точке росы),,031001,Коэффициент повторения дескриптора с задержкой,,,,Operational
bufr4/3/09/018/1/303014,09,Категория 09 — Последовательности данных вертикального зондирования,309018,(Вертикальное зондирование с данными о точке росы),,303014,"Геопотенциал, температура, температура точки росы, ветер на заданной изобарической поверхности",,,,Operational
bufr4/3/09/019/1/301031,09,Категория 09 — Последовательности данных вертикального зондирования,309019,(Профилометр ветра — данные зондирования ветра),,301031,"Идентификация и тип станции, дата/время, местоположение (высокая точность), высота станции",,,,Operational
bufr4/3/09/019/1/002003,09,Категория 09 — Последовательности данных вертикального зондирования,309019,(Профилометр ветра — данные зондирования ветра),,002003,Тип используемого измерительного оборудования,,,,Operational
bufr4/3/09/019/1/101000,09,Категория 09 — Последовательности данных вертикального зондирования,309019,(Профилометр ветра — данные зондирования ветра),,101000,Повторение с задержкой 1 дескриптора,,,,Operational
bufr4/3/09/019/1/031001,09,Категория 09 — Последовательности данных вертикального зондирования,309019,(Профилометр ветра — данные зондирования ветра),,031001,Коэффициент повторения дескриптора с задержкой,,,,Operational
bufr4/3/09/019/1/303011,09,Категория 09 — Последовательности данных вертикального зондирования,309019,(Профилометр ветра — данные зондирования ветра),,303011,Ветер на определенной высоте,,,,Operational
bufr4/3/09/020/1/301031,09,Категория 09 — Последовательности данных вертикального зондирования,309020,(Профилометр ветра — декартовы координаты),,301031,"Идентификация и тип станции, дата/время, местоположение (высокая точность), высота станции",,,,Operational
bufr4/3/09/020/1/002003,09,Категория 09 — Последовательности данных вертикального зондирования,309020,(Профилометр ветра — декартовы координаты),,002003,Тип используемого измерительного оборудования,,,,Operational
bufr4/3/09/020/1/104000,09,Категория 09 — Последовательности данных вертикального зондирования,309020,(Профилометр ветра — декартовы координаты),,104000,Повторение с задержкой 4 дескрипторов,,,,Operational
bufr4/3/09/020/1/031001,09,Категория 09 — Последовательности данных вертикального зондирования,309020,(Профилометр ветра — декартовы координаты),,031001,Коэффициент повторения дескриптора с задержкой,,,,Operational
bufr4/3/09/020/1/007003,09,Категория 09 — Последовательности данных вертикального зондирования,309020,(Профилометр ветра — декартовы координаты),,007003,Геопотенциал,,,,Operational
bufr4/3/09/020/1/011003,09,Категория 09 — Последовательности данных вертикального зондирования,309020,(Профилометр ветра — декартовы координаты),,011003,Компонента u,,,,Operational
bufr4/3/09/020/1/011004,09,Категория 09 — Последовательности данных вертикального зондирования,309020,(Профилометр ветра — декартовы координаты),,011004,Компонента v,,,,Operational
bufr4/3/09/020/1/011005,09,Категория 09 — Последовательности данных вертикального зондирования,309020,(Профилометр ветра — декартовы координаты),,011005,Компонента w,,,,Operational
bufr4/3/09/021/1/301001,09,Категория 09 — Последовательности данных вертикального зондирования,309021,"(Данные о ветре, полученные с помощью радиолокатора для измерения профиля ветра (данные о продукции))",,301001,Номера блока и станции ВМО,,,,Operational
bufr4/3/09/021/1/005001,09,Категория 09 — Последовательности данных вертикального зондирования,309021,"(Данные о ветре, полученные с помощью радиолокатора для измерения профиля ветра (данные о продукции))",,005001,Широта (высокая точность),,,,Operational
bufr4/3/09/021/1/006001,09,Категория 09 — Последовательности данных вертикального зондирования,309021,"(Данные о ветре, полученные с помощью радиолокатора для измерения профиля ветра (данные о продукции))",,006001,Долгота (высокая точность),,,,Operational
bufr4/3/09/021/1/007030,09,Категория 09 — Последовательности данных вертикального зондирования,309021,"(Данные о ветре, полученные с помощью радиолокатора для измерения профиля ветра (данные о продукции))",,007030,Высота площадки станции над средним уровнем моря,,,,Operational
bufr4/3/09/021/1/301014,09,Категория 09 — Последовательности данных вертикального зондирования,309021,"(Данные о ветре, полученные с помощью радиолокатора для измерения профиля ветра (данные о продукции))",,301014,Временной период,,,,Operational
bufr4/3/09/021/1/002003,09,Категория 09 — Последовательности данных вертикального зондирования,309021,"(Данные о ветре, полученные с помощью радиолокатора для измерения профиля ветра (данные о продукции))",,002003,Тип используемого измерительного оборудования,,,,Operational
bufr4/3/09/021/1/002121,09,Категория 09 — Последовательности данных вертикального зондирования,309021,"(Данные о ветре, полученные с помощью радиолокатора для измерения профиля ветра (данные о продукции))",,002121,Средняя частота,,,,Operational
bufr4/3/09/021/1/112000,09,Категория 09 — Последовательности данных вертикального зондирования,309021,"(Данные о ветре, полученные с помощью радиолокатора для измерения профиля ветра (данные о продукции))",,112000,Повторение с задержкой 12 дескрипторов,,,,Operational
bufr4/3/09/021/1/031001,09,Категория 09 — Последовательности данных вертикального зондирования,309021,"(Данные о ветре, полученные с помощью радиолокатора для измерения профиля ветра (данные о продукции))",,031001,Коэффициент повторения дескриптора с задержкой,,,,Operational
bufr4/3/09/021/1/007007,09,Категория 09 — Последовательности данных вертикального зондирования,309021,"(Данные о ветре, полученные с помощью радиолокатора для измерения профиля ветра (данные о продукции))",,007007,Высота,,,,Operational
bufr4/3/09/021/1/301021,09,Категория 09 — Последовательности данных вертикального зондирования,309021,"(Данные о ветре, полученные с помощью радиолокатора для измерения профиля ветра (данные о продукции))",,301021,Широта/долгота (высокая точность),,,,Operational
bufr4/3/09/021/1/011003,09,Категория 09 — Последовательности данных вертикального зондирования,309021,"(Данные о ветре, полученные с помощью радиолокатора для измерения профиля ветра (данные о продукции))",,011003,Компонента u,,,,Operational
bufr4/3/09/021/1/011110,09,Категория 09 — Последовательности данных вертикального зондирования,309021,"(Данные о ветре, полученные с помощью радиолокатора для измерения профиля ветра (данные о продукции))",,011110,Неопределенность компоненты u,,,,Operational
bufr4/3/09/021/1/011004,09,Категория 09 — Последовательности данных вертикального зондирования,309021,"(Данные о ветре, полученные с помощью радиолокатора для измерения профиля ветра (данные о продукции))",,011004,Компонента v,,,,Operational
bufr4/3/09/021/1/011111,09,Категория 09 — Последовательности данных вертикального зондирования,309021,"(Данные о ветре, полученные с помощью радиолокатора для измерения профиля ветра (данные о продукции))",,011111,Неопределенность компоненты v,,,,Operational
bufr4/3/09/021/1/033002,09,Категория 09 — Последовательности данных вертикального зондирования,309021,"(Данные о ветре, полученные с помощью радиолокатора для измерения профиля ветра (данные о продукции))",,033002,Информация о качестве,,,,Operational
bufr4/3/09/021/1/011006,09,Категория 09 — Последовательности данных вертикального зондирования,309021,"(Данные о ветре, полученные с помощью радиолокатора для измерения профиля ветра (данные о продукции))",,011006,Компонента w,,,,Operational
bufr4/3/09/021/1/011112,09,Категория 09 — Последовательности данных вертикального зондирования,309021,"(Данные о ветре, полученные с помощью радиолокатора для измерения профиля ветра (данные о продукции))",,011112,Неопределенность компоненты w,,,,Operational
bufr4/3/09/021/2/033002,09,Категория 09 — Последовательности данных вертикального зондирования,309021,"(Данные о ветре, полученные с помощью радиолокатора для измерения профиля ветра (данные о продукции))",,033002,Информация о качестве,,,,Operational
bufr4/3/09/021/1/010071,09,Категория 09 — Последовательности данных вертикального зондирования,309021,"(Данные о ветре, полученные с помощью радиолокатора для измерения профиля ветра (данные о продукции))",,010071,Вертикальное разрешение,,,,Operational
bufr4/3/09/021/1/027079,09,Категория 09 — Последовательности данных вертикального зондирования,309021,"(Данные о ветре, полученные с помощью радиолокатора для измерения профиля ветра (данные о продукции))",,027079,Горизонтальная ширина измеряемого объема,,,,Operational
bufr4/3/09/022/1/301001,09,Категория 09 — Последовательности данных вертикального зондирования,309022,(Виртуальная температура РАСС (данные о продукции)),,301001,Номера блока и станции ВМО,,,,Operational
bufr4/3/09/022/1/005001,09,Категория 09 — Последовательности данных вертикального зондирования,309022,(Виртуальная температура РАСС (данные о продукции)),,005001,Широта (высокая точность),,,,Operational
bufr4/3/09/022/1/006001,09,Категория 09 — Последовательности данных вертикального зондирования,309022,(Виртуальная температура РАСС (данные о продукции)),,006001,Долгота (высокая точность),,,,Operational
bufr4/3/09/022/1/007030,09,Категория 09 — Последовательности данных вертикального зондирования,309022,(Виртуальная температура РАСС (данные о продукции)),,007030,Высота площадки станции над средним уровнем моря,,,,Operational
bufr4/3/09/022/1/301014,09,Категория 09 — Последовательности данных вертикального зондирования,309022,(Виртуальная температура РАСС (данные о продукции)),,301014,Временной период,,,,Operational
bufr4/3/09/022/1/002003,09,Категория 09 — Последовательности данных вертикального зондирования,309022,(Виртуальная температура РАСС (данные о продукции)),,002003,Тип используемого измерительного оборудования,,,,Operational
bufr4/3/09/022/1/002121,09,Категория 09 — Последовательности данных вертикального зондирования,309022,(Виртуальная температура РАСС (данные о продукции)),,002121,Средняя частота,,,,Operational
bufr4/3/09/022/1/110000,09,Категория 09 — Последовательности данных вертикального зондирования,309022,(Виртуальная температура РАСС (данные о продукции)),,110000,Повторение с задержкой 10 дескрипторов,,,,Operational
bufr4/3/09/022/1/031001,09,Категория 09 — Последовательности данных вертикального зондирования,309022,(Виртуальная температура РАСС (данные о продукции)),,031001,Коэффициент повторения дескриптора с задержкой,,,,Operational
bufr4/3/09/022/1/007007,09,Категория 09 — Последовательности данных вертикального зондирования,309022,(Виртуальная температура РАСС (данные о продукции)),,007007,Высота,,,,Operational
bufr4/3/09/022/1/301021,09,Категория 09 — Последовательности данных вертикального зондирования,309022,(Виртуальная температура РАСС (данные о продукции)),,301021,Широта/долгота (высокая точность),,,,Operational
bufr4/3/09/022/1/012007,09,Категория 09 — Последовательности данных вертикального зондирования,309022,(Виртуальная температура РАСС (данные о продукции)),,012007,Виртуальная температура,,,,Operational
bufr4/3/09/022/1/012008,09,Категория 09 — Последовательности данных вертикального зондирования,309022,(Виртуальная температура РАСС (данные о продукции)),,012008,Неопределенность виртуальной температуры,,,,Operational
bufr4/3/09/022/1/033002,09,Категория 09 — Последовательности данных вертикального зондирования,309022,(Виртуальная температура РАСС (данные о продукции)),,033002,Информация о качестве,,,,Operational
bufr4/3/09/022/1/011006,09,Категория 09 — Последовательности данных вертикального зондирования,309022,(Виртуальная температура РАСС (данные о продукции)),,011006,Компонента w,,,,Operational
bufr4/3/09/022/1/011112,09,Категория 09 — Последовательности данных вертикального зондирования,309022,(Виртуальная температура РАСС (данные о продукции)),,011112,Неопределенность компоненты w,,,,Operational
bufr4/3/09/022/2/033002,09,Категория 09 — Последовательности данных вертикального зондирования,309022,(Виртуальная температура РАСС (данные о продукции)),,033002,Информация о качестве,,,,Operational
bufr4/3/09/022/1/010071,09,Категория 09 — Последовательности данных вертикального зондирования,309022,(Виртуальная температура РАСС (данные о продукции)),,010071,Вертикальное разрешение,,,,Operational
bufr4/3/09/022/1/027079,09,Категория 09 — Последовательности данных вертикального зондирования,309022,(Виртуальная температура РАСС (данные о продукции)),,027079,Горизонтальная ширина измеряемого объема,,,,Operational
bufr4/3/09/023/1/301001,09,Категория 09 — Последовательности данных вертикального зондирования,309023,(Последовательность по лидару),,301001,Номера блока и станции ВМО,,,,Operational
bufr4/3/09/023/1/005001,09,Категория 09 — Последовательности данных вертикального зондирования,309023,(Последовательность по лидару),,005001,Широта (высокая точность),,,,Operational
bufr4/3/09/023/1/006001,09,Категория 09 — Последовательности данных вертикального зондирования,309023,(Последовательность по лидару),,006001,Долгота (высокая точность),,,,Operational
bufr4/3/09/023/1/007030,09,Категория 09 — Последовательности данных вертикального зондирования,309023,(Последовательность по лидару),,007030,Высота площадки станции над средним уровнем моря,,,,Operational
bufr4/3/09/023/1/301014,09,Категория 09 — Последовательности данных вертикального зондирования,309023,(Последовательность по лидару),,301014,Временной период,,,,Operational
bufr4/3/09/023/1/002003,09,Категория 09 — Последовательности данных вертикального зондирования,309023,(Последовательность по лидару),,002003,Тип используемого измерительного оборудования Раздел данных об облачности,,,,Operational
bufr4/3/09/023/1/302004,09,Категория 09 — Последовательности данных вертикального зондирования,309023,(Последовательность по лидару),,302004,Общая информация об облачности,,,,Operational
bufr4/3/09/023/1/302005,09,Категория 09 — Последовательности данных вертикального зондирования,309023,(Последовательность по лидару),,302005,Облачный слой Раздел данных об обратном рассеянии,,,,Operational
bufr4/3/09/023/1/114000,09,Категория 09 — Последовательности данных вертикального зондирования,309023,(Последовательность по лидару),,114000,Повторение с задержкой 14 дескрипторов,,,,Operational
bufr4/3/09/023/1/031001,09,Категория 09 — Последовательности данных вертикального зондирования,309023,(Последовательность по лидару),,031001,Коэффициент повторения дескриптора с задержкой,,,,Operational
bufr4/3/09/023/1/007007,09,Категория 09 — Последовательности данных вертикального зондирования,309023,(Последовательность по лидару),,007007,Высота,,,,Operational
bufr4/3/09/023/1/301021,09,Категория 09 — Последовательности данных вертикального зондирования,309023,(Последовательность по лидару),,301021,Широта/долгота (высокая точность),,,,Operational
bufr4/3/09/023/1/101000,09,Категория 09 — Последовательности данных вертикального зондирования,309023,(Последовательность по лидару),,101000,Повторение с задержкой 1 дескриптора,,,,Operational
bufr4/3/09/023/2/031001,09,Категория 09 — Последовательности данных вертикального зондирования,309023,(Последовательность по лидару),,031001,Коэффициент повторения дескриптора с задержкой Количество представленных в данных измерений длины волны,,,,Operational
bufr4/3/09/023/1/002121,09,Категория 09 — Последовательности данных вертикального зондирования,309023,(Последовательность по лидару),,002121,Средняя частота,,,,Operational
bufr4/3/09/023/1/015063,09,Категория 09 — Последовательности данных вертикального зондирования,309023,(Последовательность по лидару),,015063,Затухающее обратное рассеяние,,,,Operational
bufr4/3/09/023/1/015064,09,Категория 09 — Последовательности данных вертикального зондирования,309023,(Последовательность по лидару),,015064,Неопределенность затухающего обратного рассеяния,,,,Operational
bufr4/3/09/023/1/015065,09,Категория 09 — Последовательности данных вертикального зондирования,309023,(Последовательность по лидару),,015065,Коэффициент обратного рассеяния частиц,,,,Operational
bufr4/3/09/023/1/015066,09,Категория 09 — Последовательности данных вертикального зондирования,309023,(Последовательность по лидару),,015066,Неопределенность коэффициента обратного рассеяния частиц,,,,Operational
bufr4/3/09/023/1/015067,09,Категория 09 — Последовательности данных вертикального зондирования,309023,(Последовательность по лидару),,015067,Коэффициент экстинкции частиц,,,,Operational
bufr4/3/09/023/1/015068,09,Категория 09 — Последовательности данных вертикального зондирования,309023,(Последовательность по лидару),,015068,Неопределенность коэффициента экстинкции частиц,,,,Operational
bufr4/3/09/023/1/015069,09,Категория 09 — Последовательности данных вертикального зондирования,309023,(Последовательность по лидару),,015069,Лидарное отношение частиц,,,,Operational
bufr4/3/09/023/1/015070,09,Категория 09 — Последовательности данных вертикального зондирования,309023,(Последовательность по лидару),,015070,Неопределенность лидарного отношения,,,,Operational
bufr4/3/09/023/1/015071,09,Категория 09 — Последовательности данных вертикального зондирования,309023,(Последовательность по лидару),,015071,Соотношение деполяризации частиц,,,,Operational
bufr4/3/09/023/1/015072,09,Категория 09 — Последовательности данных вертикального зондирования,309023,(Последовательность по лидару),,015072,Неопределенность соотношения деполяризации,,,,Operational
bufr4/3/09/023/1/033002,09,Категория 09 — Последовательности данных вертикального зондирования,309023,(Последовательность по лидару),,033002,Информация о качестве,,,,Operational
bufr4/3/09/023/1/010071,09,Категория 09 — Последовательности данных вертикального зондирования,309023,(Последовательность по лидару),,010071,Вертикальное разрешение,,,,Operational
bufr4/3/09/023/1/027079,09,Категория 09 — Последовательности данных вертикального зондирования,309023,(Последовательность по лидару),,027079,Горизонтальная ширина измеряемого объема,,,,Operational
bufr4/3/09/030/1/015004,09,Категория 09 — Последовательности данных вертикального зондирования,309030,"(Данные об озоне, полученные в результате полета зонда) (см. примечание 1)",,015004,Коэффициент корректировки (КК) зондирования озона,,,,Operational
bufr4/3/09/030/1/015005,09,Категория 09 — Последовательности данных вертикального зондирования,309030,"(Данные об озоне, полученные в результате полета зонда) (см. примечание 1)",,015005,p озона,,,,Operational
bufr4/3/09/030/1/104000,09,Категория 09 — Последовательности данных вертикального зондирования,309030,"(Данные об озоне, полученные в результате полета зонда) (см. примечание 1)",,104000,Повторение с задержкой 4 дескрипторов,,,,Operational
bufr4/3/09/030/1/031001,09,Категория 09 — Последовательности данных вертикального зондирования,309030,"(Данные об озоне, полученные в результате полета зонда) (см. примечание 1)",,031001,Коэффициент повторения дескриптора с задержкой,,,,Operational
bufr4/3/09/030/1/004015,09,Категория 09 — Последовательности данных вертикального зондирования,309030,"(Данные об озоне, полученные в результате полета зонда) (см. примечание 1)",,004015,"Временной инкремент С момента запуска, при необходимо-сти, в минутах",,,,Operational
bufr4/3/09/030/1/008006,09,Категория 09 — Последовательности данных вертикального зондирования,309030,"(Данные об озоне, полученные в результате полета зонда) (см. примечание 1)",,008006,Значимость вертикального зондирования озона,,,,Operational
bufr4/3/09/030/1/007004,09,Категория 09 — Последовательности данных вертикального зондирования,309030,"(Данные об озоне, полученные в результате полета зонда) (см. примечание 1)",,007004,Давление,,,,Operational
bufr4/3/09/030/1/015003,09,Категория 09 — Последовательности данных вертикального зондирования,309030,"(Данные об озоне, полученные в результате полета зонда) (см. примечание 1)",,015003,Измеренное парциальное давление озона,,,,Operational
bufr4/3/09/031/1/015004,09,Категория 09 — Последовательности данных вертикального зондирования,309031,(зондирование),,015004,Коэффициент корректировки (КК) зондирования озона,,,,Operational
bufr4/3/09/031/1/015005,09,Категория 09 — Последовательности данных вертикального зондирования,309031,(зондирование),,015005,p озона,,,,Operational
bufr4/3/09/031/1/104000,09,Категория 09 — Последовательности данных вертикального зондирования,309031,(зондирование),,104000,Повторение с задержкой 4 дескрипторов,,,,Operational
bufr4/3/09/031/1/031001,09,Категория 09 — Последовательности данных вертикального зондирования,309031,(зондирование),,031001,Коэффициент повторения дескриптора с задержкой,,,,Operational
bufr4/3/09/031/1/004025,09,Категория 09 — Последовательности данных вертикального зондирования,309031,(зондирование),,004025,"Временной период или отклонение С момента запуска, в минутах",,,,Operational
bufr4/3/09/031/1/008006,09,Категория 09 — Последовательности данных вертикального зондирования,309031,(зондирование),,008006,Значимость вертикального зондирования озона,,,,Operational
bufr4/3/09/031/1/007004,09,Категория 09 — Последовательности данных вертикального зондирования,309031,(зондирование),,007004,Давление,,,,Operational
bufr4/3/09/031/1/015003,09,Категория 09 — Последовательности данных вертикального зондирования,309031,(зондирование),,015003,Измеренное парциальное давление озона,,,,Operational
bufr4/3/09/040/1/301075,09,Категория 09 — Последовательности данных вертикального зондирования,309040,(зондирование),,301075,Идентификация зондирования,,,,Operational
bufr4/3/09/040/1/301076,09,Категория 09 — Последовательности данных вертикального зондирования,309040,(зондирование),,301076,Приборы для зондирования озона,,,,Operational
bufr4/3/09/040/1/309030,09,Категория 09 — Последовательности данных вертикального зондирования,309040,(зондирование),,309030,"Данные об озоне, полученные в результате полета зонда",,,,Operational
bufr4/3/09/041/1/307041,09,Категория 09 — Последовательности данных вертикального зондирования,309041,"(Зондирование озона, связанное с измерениями наземным спектрофотометром Брюйера; общее содержание озона, полученное посредством спектрофотометра Брюйера, является единственной величиной) (см. примечание 2)",,307041,"Данные измерения общего содержания озона Описание назем-наземным спектрофотометром Брюйера, полученные ного элемента путем единственного наблюдения",,,,Operational
bufr4/3/09/041/1/301075,09,Категория 09 — Последовательности данных вертикального зондирования,309041,"(Зондирование озона, связанное с измерениями наземным спектрофотометром Брюйера; общее содержание озона, полученное посредством спектрофотометра Брюйера, является единственной величиной) (см. примечание 2)",,301075,Идентификация зондирования Идентификация элемента зондиро-вания озона,,,,Operational
bufr4/3/09/041/1/301076,09,Категория 09 — Последовательности данных вертикального зондирования,309041,"(Зондирование озона, связанное с измерениями наземным спектрофотометром Брюйера; общее содержание озона, полученное посредством спектрофотометра Брюйера, является единственной величиной) (см. примечание 2)",,301076,Приборы для зондирования озона,,,,Operational
bufr4/3/09/041/1/309030,09,Категория 09 — Последовательности данных вертикального зондирования,309041,"(Зондирование озона, связанное с измерениями наземным спектрофотометром Брюйера; общее содержание озона, полученное посредством спектрофотометра Брюйера, является единственной величиной) (см. примечание 2)",,309030,"Данные об озоне, полученные в результате полета зонда",,,,Operational
bufr4/3/09/042/1/307042,09,Категория 09 — Последовательности данных вертикального зондирования,309042,"(Зондирование озона, связанное с измерениями наземным спектрофотометром Брюйера; общее содержание озона, полученное при помощи спектрофотометра Брюйера, является усредненной величиной) (см. примечание 2)",,307042,"Данные измерения общего содержания озона Описание назем-наземным спектрофотометром Брюйера, полученные ного элемента в результате усредненных наблюдений",,,,Operational
bufr4/3/09/042/1/301075,09,Категория 09 — Последовательности данных вертикального зондирования,309042,"(Зондирование озона, связанное с измерениями наземным спектрофотометром Брюйера; общее содержание озона, полученное при помощи спектрофотометра Брюйера, является усредненной величиной) (см. примечание 2)",,301075,Идентификация зондирования Идентификация элемента зондиро-вания озона,,,,Operational
bufr4/3/09/042/1/301076,09,Категория 09 — Последовательности данных вертикального зондирования,309042,"(Зондирование озона, связанное с измерениями наземным спектрофотометром Брюйера; общее содержание озона, полученное при помощи спектрофотометра Брюйера, является усредненной величиной) (см. примечание 2)",,301076,Приборы для зондирования озона,,,,Operational
bufr4/3/09/042/1/309030,09,Категория 09 — Последовательности данных вертикального зондирования,309042,"(Зондирование озона, связанное с измерениями наземным спектрофотометром Брюйера; общее содержание озона, полученное при помощи спектрофотометра Брюйера, является усредненной величиной) (см. примечание 2)",,309030,"Данные об озоне, полученные в результате полета зонда",,,,Operational
bufr4/3/09/043/1/307043,09,Категория 09 — Последовательности данных вертикального зондирования,309043,"(Зондирование озона, связанное с измерениями наземным спектрофотометром Добсона; общее содержание озона, полученное при помощи спектрофотометра Добсона, является единственной величиной) (см. примечание 2)",,307043,"Данные измерения общего содержания озона Описание назем наземным спектрофотометром Добсона, полученные ного элемента в результате единственного наблюдения",,,,Operational
bufr4/3/09/043/1/301075,09,Категория 09 — Последовательности данных вертикального зондирования,309043,"(Зондирование озона, связанное с измерениями наземным спектрофотометром Добсона; общее содержание озона, полученное при помощи спектрофотометра Добсона, является единственной величиной) (см. примечание 2)",,301075,Идентификация зондирования Идентификация элемента зондиро-вания озона,,,,Operational
bufr4/3/09/043/1/301076,09,Категория 09 — Последовательности данных вертикального зондирования,309043,"(Зондирование озона, связанное с измерениями наземным спектрофотометром Добсона; общее содержание озона, полученное при помощи спектрофотометра Добсона, является единственной величиной) (см. примечание 2)",,301076,Приборы для зондирования озона,,,,Operational
bufr4/3/09/043/1/309030,09,Категория 09 — Последовательности данных вертикального зондирования,309043,"(Зондирование озона, связанное с измерениями наземным спектрофотометром Добсона; общее содержание озона, полученное при помощи спектрофотометра Добсона, является единственной величиной) (см. примечание 2)",,309030,"Данные об озоне, полученные в результате полета зонда",,,,Operational
bufr4/3/09/044/1/307044,09,Категория 09 — Последовательности данных вертикального зондирования,309044,"(Зондирование озона, связанное с измерениями наземным спектрофотометром Добсона; общее содержание озона, полученное при помощи спектрофотометра Добсона, является усредненной величиной) (см. примечание 2)",,307044,"Описание назем Данные измерения общего содержания озона ного элемента наземным спектрофотометром Добсона, полученные в результате усредненных наблюдений",,,,Operational
bufr4/3/09/044/1/301075,09,Категория 09 — Последовательности данных вертикального зондирования,309044,"(Зондирование озона, связанное с измерениями наземным спектрофотометром Добсона; общее содержание озона, полученное при помощи спектрофотометра Добсона, является усредненной величиной) (см. примечание 2)",,301075,Идентификация зондирования Идентификация элемента зондиро-вания озона,,,,Operational
bufr4/3/09/044/1/301076,09,Категория 09 — Последовательности данных вертикального зондирования,309044,"(Зондирование озона, связанное с измерениями наземным спектрофотометром Добсона; общее содержание озона, полученное при помощи спектрофотометра Добсона, является усредненной величиной) (см. примечание 2)",,301076,Приборы для зондирования озона,,,,Operational
bufr4/3/09/044/1/309030,09,Категория 09 — Последовательности данных вертикального зондирования,309044,"(Зондирование озона, связанное с измерениями наземным спектрофотометром Добсона; общее содержание озона, полученное при помощи спектрофотометра Добсона, является усредненной величиной) (см. примечание 2)",,309030,"Данные об озоне, полученные в результате полета зонда",,,,Operational
bufr4/3/09/045/1/301075,09,Категория 09 — Последовательности данных вертикального зондирования,309045,"(Зондирование озона, не связанное с наземным спектрофотометром)",,301075,Идентификация зондирования,,,,Operational
bufr4/3/09/045/1/301076,09,Категория 09 — Последовательности данных вертикального зондирования,309045,"(Зондирование озона, не связанное с наземным спектрофотометром)",,301076,Приборы для зондирования озона,,,,Operational
bufr4/3/09/045/1/309031,09,Категория 09 — Последовательности данных вертикального зондирования,309045,"(Зондирование озона, не связанное с наземным спектрофотометром)",,309031,"Данные об озоне, полученные в результате полета зонда",,,,Operational
bufr4/3/09/046/1/307041,09,Категория 09 — Последовательности данных вертикального зондирования,309046,"(Зондирование озона, связанное с измерениями наземным спектрофотометром Брюйера; общее содержание озона, полученное посредством спектрофотометра Брюйера, является единственной величиной)",,307041,"Данные измерения общего содержания озона Описание назем-наземным спектрофотометром Брюйера, полученные ного элемента путем единственного наблюдения",,,,Operational
bufr4/3/09/046/1/301075,09,Категория 09 — Последовательности данных вертикального зондирования,309046,"(Зондирование озона, связанное с измерениями наземным спектрофотометром Брюйера; общее содержание озона, полученное посредством спектрофотометра Брюйера, является единственной величиной)",,301075,Идентификация зондирования Идентификация элемента зондиро-вания озона,,,,Operational
bufr4/3/09/046/1/301076,09,Категория 09 — Последовательности данных вертикального зондирования,309046,"(Зондирование озона, связанное с измерениями наземным спектрофотометром Брюйера; общее содержание озона, полученное посредством спектрофотометра Брюйера, является единственной величиной)",,301076,Приборы для зондирования озона,,,,Operational
bufr4/3/09/046/1/309031,09,Категория 09 — Последовательности данных вертикального зондирования,309046,"(Зондирование озона, связанное с измерениями наземным спектрофотометром Брюйера; общее содержание озона, полученное посредством спектрофотометра Брюйера, является единственной величиной)",,309031,"Данные об озоне, полученные в результате полета зонда",,,,Operational
bufr4/3/09/047/1/307042,09,Категория 09 — Последовательности данных вертикального зондирования,309047,"(Зондирование озона, связанное с измерениями наземным спектрофотометром Брюйера; общее содержание озона, полученное при помощи спектрофотометра Брюйера, является усредненной величиной)",,307042,"Данные измерения общего содержания озона Описание назем-наземным спектрофотометром Брюйера, полученные ного элемента в результате усредненных наблюдений",,,,Operational
bufr4/3/09/047/1/301075,09,Категория 09 — Последовательности данных вертикального зондирования,309047,"(Зондирование озона, связанное с измерениями наземным спектрофотометром Брюйера; общее содержание озона, полученное при помощи спектрофотометра Брюйера, является усредненной величиной)",,301075,Идентификация зондирования Идентификация элемента зондиро-вания озона,,,,Operational
bufr4/3/09/047/1/301076,09,Категория 09 — Последовательности данных вертикального зондирования,309047,"(Зондирование озона, связанное с измерениями наземным спектрофотометром Брюйера; общее содержание озона, полученное при помощи спектрофотометра Брюйера, является усредненной величиной)",,301076,Приборы для зондирования озона,,,,Operational
bufr4/3/09/047/1/309031,09,Категория 09 — Последовательности данных вертикального зондирования,309047,"(Зондирование озона, связанное с измерениями наземным спектрофотометром Брюйера; общее содержание озона, полученное при помощи спектрофотометра Брюйера, является усредненной величиной)",,309031,"Данные об озоне, полученные в результате полета зонда",,,,Operational
bufr4/3/09/048/1/307043,09,Категория 09 — Последовательности данных вертикального зондирования,309048,"(Зондирование озона, связанное с измерениями наземным спектрофотометром Добсона; общее содержание озона, полученное при помощи спектрофотометра Добсона, является единственной величиной)",,307043,"Описание назем- (Данные измерения общего содержания озона наземным спектрофотометром Добсона, полученные ного элемента в результате единственного наблюдения)",,,,Operational
bufr4/3/09/048/1/301075,09,Категория 09 — Последовательности данных вертикального зондирования,309048,"(Зондирование озона, связанное с измерениями наземным спектрофотометром Добсона; общее содержание озона, полученное при помощи спектрофотометра Добсона, является единственной величиной)",,301075,Идентификация зондирования Идентификация элемента зондиро-вания озона,,,,Operational
bufr4/3/09/048/1/301076,09,Категория 09 — Последовательности данных вертикального зондирования,309048,"(Зондирование озона, связанное с измерениями наземным спектрофотометром Добсона; общее содержание озона, полученное при помощи спектрофотометра Добсона, является единственной величиной)",,301076,Приборы для зондирования озона,,,,Operational
bufr4/3/09/048/1/309031,09,Категория 09 — Последовательности данных вертикального зондирования,309048,"(Зондирование озона, связанное с измерениями наземным спектрофотометром Добсона; общее содержание озона, полученное при помощи спектрофотометра Добсона, является единственной величиной)",,309031,"Данные об озоне, полученные в результате полета зонда",,,,Operational
bufr4/3/09/049/1/307044,09,Категория 09 — Последовательности данных вертикального зондирования,309049,"(Зондирование озона, связанное с измерениями наземным спектрофотометром Добсона; общее содержание озона, полученное при помощи спектрофотометра Добсона, является усредненной величиной)",,307044,"Данные измерения общего содержания озона Описание назем-наземным спектрофотометром Добсона, полученные ного элемента в результате усредненных наблюдений",,,,Operational
bufr4/3/09/049/1/301075,09,Категория 09 — Последовательности данных вертикального зондирования,309049,"(Зондирование озона, связанное с измерениями наземным спектрофотометром Добсона; общее содержание озона, полученное при помощи спектрофотометра Добсона, является усредненной величиной)",,301075,Идентификация зондирования Идентификация элемента зондиро-вания озона,,,,Operational
bufr4/3/09/049/1/301076,09,Категория 09 — Последовательности данных вертикального зондирования,309049,"(Зондирование озона, связанное с измерениями наземным спектрофотометром Добсона; общее содержание озона, полученное при помощи спектрофотометра Добсона, является усредненной величиной)",,301076,Приборы для зондирования озона,,,,Operational
bufr4/3/09/049/1/309031,09,Категория 09 — Последовательности данных вертикального зондирования,309049,"(Зондирование озона, связанное с измерениями наземным спектрофотометром Добсона; общее содержание озона, полученное при помощи спектрофотометра Добсона, является усредненной величиной)",,309031,"Данные об озоне, полученные в результате полета зонда",,,,Operational
bufr4/3/09/050/1/301110,09,Категория 09 — Последовательности данных вертикального зондирования,309050,"(Последовательность для представления данных наблюдений типа PILOT, PILOT SHIP и PILOT MOBIL, с давлением в качестве вертикальной координаты)",,301110,Идентификация места запуска и приборов для измерения ветра,,,,Operational
bufr4/3/09/050/1/301113,09,Категория 09 — Последовательности данных вертикального зондирования,309050,"(Последовательность для представления данных наблюдений типа PILOT, PILOT SHIP и PILOT MOBIL, с давлением в качестве вертикальной координаты)",,301113,Дата/время запуска,,,,Operational
bufr4/3/09/050/1/301114,09,Категория 09 — Последовательности данных вертикального зондирования,309050,"(Последовательность для представления данных наблюдений типа PILOT, PILOT SHIP и PILOT MOBIL, с давлением в качестве вертикальной координаты)",,301114,Горизонтальная и вертикальная координаты места запуска,,,,Operational
bufr4/3/09/050/1/101000,09,Категория 09 — Последовательности данных вертикального зондирования,309050,"(Последовательность для представления данных наблюдений типа PILOT, PILOT SHIP и PILOT MOBIL, с давлением в качестве вертикальной координаты)",,101000,Повторение с задержкой 1 дескриптора,,,,Operational
bufr4/3/09/050/1/031002,09,Категория 09 — Последовательности данных вертикального зондирования,309050,"(Последовательность для представления данных наблюдений типа PILOT, PILOT SHIP и PILOT MOBIL, с давлением в качестве вертикальной координаты)",,031002,Коэффициент повторения расширенного дескриптора с задержкой,,,,Operational
bufr4/3/09/050/1/303050,09,Категория 09 — Последовательности данных вертикального зондирования,309050,"(Последовательность для представления данных наблюдений типа PILOT, PILOT SHIP и PILOT MOBIL, с давлением в качестве вертикальной координаты)",,303050,"Данные о ветре на уровне давления, на котором находится радиозонд",,,,Operational
bufr4/3/09/050/2/101000,09,Категория 09 — Последовательности данных вертикального зондирования,309050,"(Последовательность для представления данных наблюдений типа PILOT, PILOT SHIP и PILOT MOBIL, с давлением в качестве вертикальной координаты)",,101000,Повторение с задержкой 1 дескриптора,,,,Operational
bufr4/3/09/050/1/031001,09,Категория 09 — Последовательности данных вертикального зондирования,309050,"(Последовательность для представления данных наблюдений типа PILOT, PILOT SHIP и PILOT MOBIL, с давлением в качестве вертикальной координаты)",,031001,Коэффициент повторения дескриптора с задержкой,,,,Operational
bufr4/3/09/050/1/303051,09,Категория 09 — Последовательности данных вертикального зондирования,309050,"(Последовательность для представления данных наблюдений типа PILOT, PILOT SHIP и PILOT MOBIL, с давлением в качестве вертикальной координаты)",,303051,"Сдвиг ветра на уровне давления, на котором находится радиозонд",,,,Operational
bufr4/3/09/051/1/301110,09,Категория 09 — Последовательности данных вертикального зондирования,309051,"(Последовательность для представления данных наблюдений типа PILOT, PILOT SHIP и PILOT MOBIL, с высотой в качестве вертикальной координаты)",,301110,Идентификация места запуска и приборов для измерения ветра,,,,Operational
bufr4/3/09/051/1/301113,09,Категория 09 — Последовательности данных вертикального зондирования,309051,"(Последовательность для представления данных наблюдений типа PILOT, PILOT SHIP и PILOT MOBIL, с высотой в качестве вертикальной координаты)",,301113,Дата/время запуска,,,,Operational
bufr4/3/09/051/1/301114,09,Категория 09 — Последовательности данных вертикального зондирования,309051,"(Последовательность для представления данных наблюдений типа PILOT, PILOT SHIP и PILOT MOBIL, с высотой в качестве вертикальной координаты)",,301114,Горизонтальная и вертикальная координаты места запуска,,,,Operational
bufr4/3/09/051/1/101000,09,Категория 09 — Последовательности данных вертикального зондирования,309051,"(Последовательность для представления данных наблюдений типа PILOT, PILOT SHIP и PILOT MOBIL, с высотой в качестве вертикальной координаты)",,101000,Повторение с задержкой 1 дескриптора,,,,Operational
bufr4/3/09/051/1/031002,09,Категория 09 — Последовательности данных вертикального зондирования,309051,"(Последовательность для представления данных наблюдений типа PILOT, PILOT SHIP и PILOT MOBIL, с высотой в качестве вертикальной координаты)",,031002,Коэффициент повторения расширенного дескриптора с задержкой,,,,Operational
bufr4/3/09/051/1/303052,09,Категория 09 — Последовательности данных вертикального зондирования,309051,"(Последовательность для представления данных наблюдений типа PILOT, PILOT SHIP и PILOT MOBIL, с высотой в качестве вертикальной координаты)",,303052,Данные о ветре на высоте нахождения радиозонда,,,,Operational
bufr4/3/09/051/2/101000,09,Категория 09 — Последовательности данных вертикального зондирования,309051,"(Последовательность для представления данных наблюдений типа PILOT, PILOT SHIP и PILOT MOBIL, с высотой в качестве вертикальной координаты)",,101000,Повторение с задержкой 1 дескриптора,,,,Operational
bufr4/3/09/051/1/031001,09,Категория 09 — Последовательности данных вертикального зондирования,309051,"(Последовательность для представления данных наблюдений типа PILOT, PILOT SHIP и PILOT MOBIL, с высотой в качестве вертикальной координаты)",,031001,Коэффициент повторения дескриптора с задержкой,,,,Operational
bufr4/3/09/051/1/303053,09,Категория 09 — Последовательности данных вертикального зондирования,309051,"(Последовательность для представления данных наблюдений типа PILOT, PILOT SHIP и PILOT MOBIL, с высотой в качестве вертикальной координаты)",,303053,Данные о сдвиге ветра на высоте нахождения радиозонда,,,,Operational
bufr4/3/09/052/1/301111,09,Категория 09 — Последовательности данных вертикального зондирования,309052,"(Последовательность для представления данных наблюдений типа TEMP, TEMP SHIP и TEMP MOBIL)",,301111,"Идентификация места запуска и приборы для измерения ветра и Д, Т, В (давление, температура, влажность)",,,,Operational
bufr4/3/09/052/1/301113,09,Категория 09 — Последовательности данных вертикального зондирования,309052,"(Последовательность для представления данных наблюдений типа TEMP, TEMP SHIP и TEMP MOBIL)",,301113,Дата/время запуска,,,,Operational
bufr4/3/09/052/1/301114,09,Категория 09 — Последовательности данных вертикального зондирования,309052,"(Последовательность для представления данных наблюдений типа TEMP, TEMP SHIP и TEMP MOBIL)",,301114,Горизонтальная и вертикальная координаты места запуска,,,,Operational
bufr4/3/09/052/1/302049,09,Категория 09 — Последовательности данных вертикального зондирования,309052,"(Последовательность для представления данных наблюдений типа TEMP, TEMP SHIP и TEMP MOBIL)",,302049,"Информация об облачности, полученная вертикальным зондированием",,,,Operational
bufr4/3/09/052/1/022043,09,Категория 09 — Последовательности данных вертикального зондирования,309052,"(Последовательность для представления данных наблюдений типа TEMP, TEMP SHIP и TEMP MOBIL)",,022043,Температура моря/воды,,,,Operational
bufr4/3/09/052/1/101000,09,Категория 09 — Последовательности данных вертикального зондирования,309052,"(Последовательность для представления данных наблюдений типа TEMP, TEMP SHIP и TEMP MOBIL)",,101000,,,,,Operational
bufr4/3/09/052/1/031002,09,Категория 09 — Последовательности данных вертикального зондирования,309052,"(Последовательность для представления данных наблюдений типа TEMP, TEMP SHIP и TEMP MOBIL)",,031002,Коэффициент повторения расширенного дескриптора с задержкой,,,,Operational
bufr4/3/09/052/1/303054,09,Категория 09 — Последовательности данных вертикального зондирования,309052,"(Последовательность для представления данных наблюдений типа TEMP, TEMP SHIP и TEMP MOBIL)",,303054,"Данные о температуре, точке росы и ветре на уровне давления, на котором находится радиозонд",,,,Operational
bufr4/3/09/052/2/101000,09,Категория 09 — Последовательности данных вертикального зондирования,309052,"(Последовательность для представления данных наблюдений типа TEMP, TEMP SHIP и TEMP MOBIL)",,101000,Повторение с задержкой 1 дескриптора,,,,Operational
bufr4/3/09/052/1/031001,09,Категория 09 — Последовательности данных вертикального зондирования,309052,"(Последовательность для представления данных наблюдений типа TEMP, TEMP SHIP и TEMP MOBIL)",,031001,Коэффициент повторения дескриптора с задержкой,,,,Operational
bufr4/3/09/052/1/303051,09,Категория 09 — Последовательности данных вертикального зондирования,309052,"(Последовательность для представления данных наблюдений типа TEMP, TEMP SHIP и TEMP MOBIL)",,303051,"Данные о сдвиге ветра на уровне давления, на котором находится радиозонд",,,,Operational
bufr4/3/09/053/1/301112,09,Категория 09 — Последовательности данных вертикального зондирования,309053,(Последовательность для представления данных наблюдений типа TEMP DROP),,301112,Идентификация места запуска и аппаратуры сбрасываемого зонда,,,,Operational
bufr4/3/09/053/1/301113,09,Категория 09 — Последовательности данных вертикального зондирования,309053,(Последовательность для представления данных наблюдений типа TEMP DROP),,301113,Дата/время запуска,,,,Operational
bufr4/3/09/053/1/301114,09,Категория 09 — Последовательности данных вертикального зондирования,309053,(Последовательность для представления данных наблюдений типа TEMP DROP),,301114,Горизонтальная и вертикальная координаты места запуска,,,,Operational
bufr4/3/09/053/1/101000,09,Категория 09 — Последовательности данных вертикального зондирования,309053,(Последовательность для представления данных наблюдений типа TEMP DROP),,101000,Повторение с задержкой 1 дескриптора,,,,Operational
bufr4/3/09/053/1/031002,09,Категория 09 — Последовательности данных вертикального зондирования,309053,(Последовательность для представления данных наблюдений типа TEMP DROP),,031002,Коэффициент повторения расширенного дескриптора с задержкой,,,,Operational
bufr4/3/09/053/1/303054,09,Категория 09 — Последовательности данных вертикального зондирования,309053,(Последовательность для представления данных наблюдений типа TEMP DROP),,303054,"Данные о температуре, точке росы и ветре на уровне давления, на котором находится радиозонд",,,,Operational
bufr4/3/09/053/2/101000,09,Категория 09 — Последовательности данных вертикального зондирования,309053,(Последовательность для представления данных наблюдений типа TEMP DROP),,101000,Повторение с задержкой 1 дескриптора,,,,Operational
bufr4/3/09/053/1/031001,09,Категория 09 — Последовательности данных вертикального зондирования,309053,(Последовательность для представления данных наблюдений типа TEMP DROP),,031001,Коэффициент повторения дескриптора с задержкой,,,,Operational
bufr4/3/09/053/1/303051,09,Категория 09 — Последовательности данных вертикального зондирования,309053,(Последовательность для представления данных наблюдений типа TEMP DROP),,303051,"Данные о сдвиге ветра на уровне давления, на котором находится радиозонд",,,,Operational
bufr4/3/09/054/1/301001,09,Категория 09 — Последовательности данных вертикального зондирования,309054,(Последовательность для представления данных CLIMAT TEMP и CLIMAT TEMP SHIP),,301001,Номера блока и станции ВМО Идентификация места запуска,,,,Operational
bufr4/3/09/054/1/001011,09,Категория 09 — Последовательности данных вертикального зондирования,309054,(Последовательность для представления данных CLIMAT TEMP и CLIMAT TEMP SHIP),,001011,Указатель судна или подвижной наземной станции Позывной сигнал судна,,,,Operational
bufr4/3/09/054/1/301011,09,Категория 09 — Последовательности данных вертикального зондирования,309054,(Последовательность для представления данных CLIMAT TEMP и CLIMAT TEMP SHIP),,301011,"Год, месяц, день",,,,Operational
bufr4/3/09/054/1/301012,09,Категория 09 — Последовательности данных вертикального зондирования,309054,(Последовательность для представления данных CLIMAT TEMP и CLIMAT TEMP SHIP),,301012,"Час, минута",,,,Operational
bufr4/3/09/054/1/301021,09,Категория 09 — Последовательности данных вертикального зондирования,309054,(Последовательность для представления данных CLIMAT TEMP и CLIMAT TEMP SHIP),,301021,Широта/долгота (высокая точность),,,,Operational
bufr4/3/09/054/1/007030,09,Категория 09 — Последовательности данных вертикального зондирования,309054,(Последовательность для представления данных CLIMAT TEMP и CLIMAT TEMP SHIP),,007030,Высота площадки станции над средним уровнем моря,,,,Operational
bufr4/3/09/054/1/007031,09,Категория 09 — Последовательности данных вертикального зондирования,309054,(Последовательность для представления данных CLIMAT TEMP и CLIMAT TEMP SHIP),,007031,Высота барометра над средним уровнем моря,,,,Operational
bufr4/3/09/054/1/007007,09,Категория 09 — Последовательности данных вертикального зондирования,309054,(Последовательность для представления данных CLIMAT TEMP и CLIMAT TEMP SHIP),,007007,Высота Точка запуска зонда над средним уровнем моря Среднемесячные данные,,,,Operational
bufr4/3/09/054/1/004023,09,Категория 09 — Последовательности данных вертикального зондирования,309054,(Последовательность для представления данных CLIMAT TEMP и CLIMAT TEMP SHIP),,004023,Временной период или отклонение Количество дней в месяце,,,,Operational
bufr4/3/09/054/1/004059,09,Категория 09 — Последовательности данных вертикального зондирования,309054,(Последовательность для представления данных CLIMAT TEMP и CLIMAT TEMP SHIP),,004059,"Сроки наблюдений, использованные для расчета сообщаемых средних величин",,,,Operational
bufr4/3/09/054/1/115000,09,Категория 09 — Последовательности данных вертикального зондирования,309054,(Последовательность для представления данных CLIMAT TEMP и CLIMAT TEMP SHIP),,115000,Повторение с задержкой 15 дескрипторов,,,,Operational
bufr4/3/09/054/1/031001,09,Категория 09 — Последовательности данных вертикального зондирования,309054,(Последовательность для представления данных CLIMAT TEMP и CLIMAT TEMP SHIP),,031001,Коэффициент повторения дескриптора с задержкой,,,,Operational
bufr4/3/09/054/1/008001,09,Категория 09 — Последовательности данных вертикального зондирования,309054,(Последовательность для представления данных CLIMAT TEMP и CLIMAT TEMP SHIP),,008001,Значимость вертикального зондирования,,,,Operational
bufr4/3/09/054/1/008023,09,Категория 09 — Последовательности данных вертикального зондирования,309054,(Последовательность для представления данных CLIMAT TEMP и CLIMAT TEMP SHIP),,008023,Статистические данные первого порядка = 4 Среднее значение,,,,Operational
bufr4/3/09/054/1/007004,09,Категория 09 — Последовательности данных вертикального зондирования,309054,(Последовательность для представления данных CLIMAT TEMP и CLIMAT TEMP SHIP),,007004,Давление,,,,Operational
bufr4/3/09/054/1/010009,09,Категория 09 — Последовательности данных вертикального зондирования,309054,(Последовательность для представления данных CLIMAT TEMP и CLIMAT TEMP SHIP),,010009,,,,,Operational
bufr4/3/09/054/1/012101,09,Категория 09 — Последовательности данных вертикального зондирования,309054,(Последовательность для представления данных CLIMAT TEMP и CLIMAT TEMP SHIP),,012101,Температура/температура воздуха,,,,Operational
bufr4/3/09/054/1/012103,09,Категория 09 — Последовательности данных вертикального зондирования,309054,(Последовательность для представления данных CLIMAT TEMP и CLIMAT TEMP SHIP),,012103,Температура точки росы,,,,Operational
bufr4/3/09/054/2/008023,09,Категория 09 — Последовательности данных вертикального зондирования,309054,(Последовательность для представления данных CLIMAT TEMP и CLIMAT TEMP SHIP),,008023,Статистические данные первого порядка = 32 Векторное среднее,,,,Operational
bufr4/3/09/054/1/011001,09,Категория 09 — Последовательности данных вертикального зондирования,309054,(Последовательность для представления данных CLIMAT TEMP и CLIMAT TEMP SHIP),,011001,Направление ветра,,,,Operational
bufr4/3/09/054/1/011002,09,Категория 09 — Последовательности данных вертикального зондирования,309054,(Последовательность для представления данных CLIMAT TEMP и CLIMAT TEMP SHIP),,011002,Скорость ветра,,,,Operational
bufr4/3/09/054/3/008023,09,Категория 09 — Последовательности данных вертикального зондирования,309054,(Последовательность для представления данных CLIMAT TEMP и CLIMAT TEMP SHIP),,008023,Статистические данные первого порядка Установлено на отсутствующее значение,,,,Operational
bufr4/3/09/054/1/011019,09,Категория 09 — Последовательности данных вертикального зондирования,309054,(Последовательность для представления данных CLIMAT TEMP и CLIMAT TEMP SHIP),,011019,Постоянство ветра,,,,Operational
bufr4/3/09/054/1/008050,09,Категория 09 — Последовательности данных вертикального зондирования,309054,(Последовательность для представления данных CLIMAT TEMP и CLIMAT TEMP SHIP),,008050,Определитель для ряда отсутствующих значений при = 2 Температура расчете статистических данных,,,,Operational
bufr4/3/09/054/1/008020,09,Категория 09 — Последовательности данных вертикального зондирования,309054,(Последовательность для представления данных CLIMAT TEMP и CLIMAT TEMP SHIP),,008020,Общее число отсутствующих величин (для суммы или Дни средней),,,,Operational
bufr4/3/09/054/2/008050,09,Категория 09 — Последовательности данных вертикального зондирования,309054,(Последовательность для представления данных CLIMAT TEMP и CLIMAT TEMP SHIP),,008050,Определитель для ряда отсутствующих значений при = 9 Ветер расчете статистических данных,,,,Operational
bufr4/3/09/054/2/008020,09,Категория 09 — Последовательности данных вертикального зондирования,309054,(Последовательность для представления данных CLIMAT TEMP и CLIMAT TEMP SHIP),,008020,Общее число отсутствующих величин (для суммы или Дни средней),,,,Operational
bufr4/3/09/055/1/025061,09,Категория 09 — Последовательности данных вертикального зондирования,309055,(Образец для представления радиозондовых данных высокого разрешения с геопотенциальной высотой в качестве вертикальной координаты),,025061,Идентификация программного обеспечения и номер версии,,,,Operational
bufr4/3/09/055/1/001081,09,Категория 09 — Последовательности данных вертикального зондирования,309055,(Образец для представления радиозондовых данных высокого разрешения с геопотенциальной высотой в качестве вертикальной координаты),,001081,Серийный номер радиозонда,,,,Operational
bufr4/3/09/055/1/001082,09,Категория 09 — Последовательности данных вертикального зондирования,309055,(Образец для представления радиозондовых данных высокого разрешения с геопотенциальной высотой в качестве вертикальной координаты),,001082,Номер подъема радиозонда,,,,Operational
bufr4/3/09/055/1/002067,09,Категория 09 — Последовательности данных вертикального зондирования,309055,(Образец для представления радиозондовых данных высокого разрешения с геопотенциальной высотой в качестве вертикальной координаты),,002067,Рабочая частота радиозонда,,,,Operational
bufr4/3/09/055/1/002095,09,Категория 09 — Последовательности данных вертикального зондирования,309055,(Образец для представления радиозондовых данных высокого разрешения с геопотенциальной высотой в качестве вертикальной координаты),,002095,Тип датчика давления,,,,Operational
bufr4/3/09/055/1/002096,09,Категория 09 — Последовательности данных вертикального зондирования,309055,(Образец для представления радиозондовых данных высокого разрешения с геопотенциальной высотой в качестве вертикальной координаты),,002096,Тип датчика температуры,,,,Operational
bufr4/3/09/055/1/002097,09,Категория 09 — Последовательности данных вертикального зондирования,309055,(Образец для представления радиозондовых данных высокого разрешения с геопотенциальной высотой в качестве вертикальной координаты),,002097,Тип датчика влажности,,,,Operational
bufr4/3/09/055/1/002081,09,Категория 09 — Последовательности данных вертикального зондирования,309055,(Образец для представления радиозондовых данных высокого разрешения с геопотенциальной высотой в качестве вертикальной координаты),,002081,Тип шара-зонда,,,,Operational
bufr4/3/09/055/1/002082,09,Категория 09 — Последовательности данных вертикального зондирования,309055,(Образец для представления радиозондовых данных высокого разрешения с геопотенциальной высотой в качестве вертикальной координаты),,002082,Вес шара-зонда,,,,Operational
bufr4/3/09/055/1/002084,09,Категория 09 — Последовательности данных вертикального зондирования,309055,(Образец для представления радиозондовых данных высокого разрешения с геопотенциальной высотой в качестве вертикальной координаты),,002084,"Тип газа, используемого в шаре-зонде",,,,Operational
bufr4/3/09/055/1/002191,09,Категория 09 — Последовательности данных вертикального зондирования,309055,(Образец для представления радиозондовых данных высокого разрешения с геопотенциальной высотой в качестве вертикальной координаты),,002191,Расчет геопотенциальной высоты,,,,Operational
bufr4/3/09/055/1/301113,09,Категория 09 — Последовательности данных вертикального зондирования,309055,(Образец для представления радиозондовых данных высокого разрешения с геопотенциальной высотой в качестве вертикальной координаты),,301113,Дата/время запуска (см. примечание 3),,,,Operational
bufr4/3/09/055/1/301114,09,Категория 09 — Последовательности данных вертикального зондирования,309055,(Образец для представления радиозондовых данных высокого разрешения с геопотенциальной высотой в качестве вертикальной координаты),,301114,Горизонтальная и вертикальная координаты места запуска,,,,Operational
bufr4/3/09/055/1/010004,09,Категория 09 — Последовательности данных вертикального зондирования,309055,(Образец для представления радиозондовых данных высокого разрешения с геопотенциальной высотой в качестве вертикальной координаты),,010004,Давление,,,,Operational
bufr4/3/09/055/1/302032,09,Категория 09 — Последовательности данных вертикального зондирования,309055,(Образец для представления радиозондовых данных высокого разрешения с геопотенциальной высотой в качестве вертикальной координаты),,302032,Данные о температуре и влажности,,,,Operational
bufr4/3/09/055/1/007032,09,Категория 09 — Последовательности данных вертикального зондирования,309055,(Образец для представления радиозондовых данных высокого разрешения с геопотенциальной высотой в качестве вертикальной координаты),,007032,Высота датчика над местной площадкой (или палубой морской платформы),,,,Operational
bufr4/3/09/055/1/002002,09,Категория 09 — Последовательности данных вертикального зондирования,309055,(Образец для представления радиозондовых данных высокого разрешения с геопотенциальной высотой в качестве вертикальной координаты),,002002,Тип приборного обеспечения для измерения ветра,,,,Operational
bufr4/3/09/055/1/011001,09,Категория 09 — Последовательности данных вертикального зондирования,309055,(Образец для представления радиозондовых данных высокого разрешения с геопотенциальной высотой в качестве вертикальной координаты),,011001,Направление ветра,,,,Operational
bufr4/3/09/055/1/011002,09,Категория 09 — Последовательности данных вертикального зондирования,309055,(Образец для представления радиозондовых данных высокого разрешения с геопотенциальной высотой в качестве вертикальной координаты),,011002,Скорость ветра,,,,Operational
bufr4/3/09/055/2/007032,09,Категория 09 — Последовательности данных вертикального зондирования,309055,(Образец для представления радиозондовых данных высокого разрешения с геопотенциальной высотой в качестве вертикальной координаты),,007032,Высота датчика над местной площадкой (или палубой Установлено на морской платформы) отсутствующее значение (отмена),,,,Operational
bufr4/3/09/055/1/020003,09,Категория 09 — Последовательности данных вертикального зондирования,309055,(Образец для представления радиозондовых данных высокого разрешения с геопотенциальной высотой в качестве вертикальной координаты),,020003,Текущая погода,,,,Operational
bufr4/3/09/055/1/302049,09,Категория 09 — Последовательности данных вертикального зондирования,309055,(Образец для представления радиозондовых данных высокого разрешения с геопотенциальной высотой в качестве вертикальной координаты),,302049,"Информация об облачности, полученная вертикальным зондированием",,,,Operational
bufr4/3/09/055/1/022043,09,Категория 09 — Последовательности данных вертикального зондирования,309055,(Образец для представления радиозондовых данных высокого разрешения с геопотенциальной высотой в качестве вертикальной координаты),,022043,Температура моря/воды,,,,Operational
bufr4/3/09/055/1/101000,09,Категория 09 — Последовательности данных вертикального зондирования,309055,(Образец для представления радиозондовых данных высокого разрешения с геопотенциальной высотой в качестве вертикальной координаты),,101000,Повторение с задержкой 1 дескриптора,,,,Operational
bufr4/3/09/055/1/031002,09,Категория 09 — Последовательности данных вертикального зондирования,309055,(Образец для представления радиозондовых данных высокого разрешения с геопотенциальной высотой в качестве вертикальной координаты),,031002,Коэффициент повторения расширенного дескриптора с задержкой,,,,Operational
bufr4/3/09/055/1/303055,09,Категория 09 — Последовательности данных вертикального зондирования,309055,(Образец для представления радиозондовых данных высокого разрешения с геопотенциальной высотой в качестве вертикальной координаты),,303055,"Данные о температуре, точке росы, относительной влажности и ветре на высоте нахождения радиозонда",,,,Operational
bufr4/3/09/056/1/301150,09,Категория 09 — Последовательности данных вертикального зондирования,309056,"(см. примечания 4, 5 и 6)",,301150,Идентификатор ИГСНВ,,,,Operational
bufr4/3/09/056/1/301111,09,Категория 09 — Последовательности данных вертикального зондирования,309056,"(см. примечания 4, 5 и 6)",,301111,"Идентификация места запуска и приборов для Д, Т, В и измерений ветра",,,,Operational
bufr4/3/09/056/1/301128,09,Категория 09 — Последовательности данных вертикального зондирования,309056,"(см. примечания 4, 5 и 6)",,301128,Дополнительная информация о подъеме радиозонда Действительна также для спуска,,,,Operational
bufr4/3/09/056/1/301113,09,Категория 09 — Последовательности данных вертикального зондирования,309056,"(см. примечания 4, 5 и 6)",,301113,Дата/время запуска (см.примечание 10),,,,Operational
bufr4/3/09/056/1/008091,09,Категория 09 — Последовательности данных вертикального зондирования,309056,"(см. примечания 4, 5 и 6)",,008091,Значимость координат = 2 Начало наблюдения,,,,Operational
bufr4/3/09/056/1/301021,09,Категория 09 — Последовательности данных вертикального зондирования,309056,"(см. примечания 4, 5 и 6)",,301021,Широта/долгота (высокая точность),,,,Operational
bufr4/3/09/056/1/007007,09,Категория 09 — Последовательности данных вертикального зондирования,309056,"(см. примечания 4, 5 и 6)",,007007,Высота Начало спуска радиозонда над средним уровнем моря,,,,Operational
bufr4/3/09/056/2/008091,09,Категория 09 — Последовательности данных вертикального зондирования,309056,"(см. примечания 4, 5 и 6)",,008091,Значимость координат Установлено на отсутствующее значение (отмена),,,,Operational
bufr4/3/09/056/1/101000,09,Категория 09 — Последовательности данных вертикального зондирования,309056,"(см. примечания 4, 5 и 6)",,101000,Повторение с задержкой 1 дескриптора,,,,Operational
bufr4/3/09/056/1/031002,09,Категория 09 — Последовательности данных вертикального зондирования,309056,"(см. примечания 4, 5 и 6)",,031002,Коэффициент повторения расширенного дескриптора с задержкой,,,,Operational
bufr4/3/09/056/1/303056,09,Категория 09 — Последовательности данных вертикального зондирования,309056,"(см. примечания 4, 5 и 6)",,303056,"Данные о температуре, точке росы и ветре на (см. примечания 11 уровне давления, на котором находится радиозонд, и 12) и высокая точность давления и геопотенциальной высоты",,,,Operational
bufr4/3/09/056/2/101000,09,Категория 09 — Последовательности данных вертикального зондирования,309056,"(см. примечания 4, 5 и 6)",,101000,Повторение с задержкой 1 дескриптора,,,,Operational
bufr4/3/09/056/1/031001,09,Категория 09 — Последовательности данных вертикального зондирования,309056,"(см. примечания 4, 5 и 6)",,031001,Коэффициент повторения дескриптора с задержкой,,,,Operational
bufr4/3/09/056/1/303051,09,Категория 09 — Последовательности данных вертикального зондирования,309056,"(см. примечания 4, 5 и 6)",,303051,"Данные о сдвиге ветра на уровне давления, на котором находится радиозонд (Последовательность для представления наблюдений TEMP, TEMP SHIP и TEMP MOBIL c высокой точностью давления и геопотенциальной высоты)",,,,Operational
bufr4/3/09/057/1/301150,09,Категория 09 — Последовательности данных вертикального зондирования,309057,"(см. примечания 11 уровне давления, на котором находится радиозонд, и 12)",,301150,Идентификатор ИГСНВ,,,,Operational
bufr4/3/09/057/1/301111,09,Категория 09 — Последовательности данных вертикального зондирования,309057,"(см. примечания 11 уровне давления, на котором находится радиозонд, и 12)",,301111,"Идентификация места запуска и приборов для Д, Т, В и измерений ветра",,,,Operational
bufr4/3/09/057/1/301128,09,Категория 09 — Последовательности данных вертикального зондирования,309057,"(см. примечания 11 уровне давления, на котором находится радиозонд, и 12)",,301128,Дополнительная информация о подъеме радиозонда,,,,Operational
bufr4/3/09/057/1/301113,09,Категория 09 — Последовательности данных вертикального зондирования,309057,"(см. примечания 11 уровне давления, на котором находится радиозонд, и 12)",,301113,Дата/время запуска,,,,Operational
bufr4/3/09/057/1/301114,09,Категория 09 — Последовательности данных вертикального зондирования,309057,"(см. примечания 11 уровне давления, на котором находится радиозонд, и 12)",,301114,Горизонтальная и вертикальная координаты места запуска,,,,Operational
bufr4/3/09/057/1/302049,09,Категория 09 — Последовательности данных вертикального зондирования,309057,"(см. примечания 11 уровне давления, на котором находится радиозонд, и 12)",,302049,"Информация об облачности, полученная вертикальным зондированием",,,,Operational
bufr4/3/09/057/1/022043,09,Категория 09 — Последовательности данных вертикального зондирования,309057,"(см. примечания 11 уровне давления, на котором находится радиозонд, и 12)",,022043,Температура моря/воды,,,,Operational
bufr4/3/09/057/1/101000,09,Категория 09 — Последовательности данных вертикального зондирования,309057,"(см. примечания 11 уровне давления, на котором находится радиозонд, и 12)",,101000,Повторение с задержкой 1 дескриптора,,,,Operational
bufr4/3/09/057/1/031002,09,Категория 09 — Последовательности данных вертикального зондирования,309057,"(см. примечания 11 уровне давления, на котором находится радиозонд, и 12)",,031002,Коэффициент повторения расширенного дескриптора с задержкой,,,,Operational
bufr4/3/09/057/1/303056,09,Категория 09 — Последовательности данных вертикального зондирования,309057,"(см. примечания 11 уровне давления, на котором находится радиозонд, и 12)",,303056,"Данные о температуре, точке росы и ветре на уровне давления, на котором находится радиозонд, и высокая точность давления и геопотенциальной высоты",,,,Operational
bufr4/3/09/057/2/101000,09,Категория 09 — Последовательности данных вертикального зондирования,309057,"(см. примечания 11 уровне давления, на котором находится радиозонд, и 12)",,101000,Повторение с задержкой 1 дескриптора,,,,Operational
bufr4/3/09/057/1/031001,09,Категория 09 — Последовательности данных вертикального зондирования,309057,"(см. примечания 11 уровне давления, на котором находится радиозонд, и 12)",,031001,Коэффициент повторения дескриптора с задержкой,,,,Operational
bufr4/3/09/057/1/303051,09,Категория 09 — Последовательности данных вертикального зондирования,309057,"(см. примечания 11 уровне давления, на котором находится радиозонд, и 12)",,303051,"Данные о сдвиге ветра на уровне давления, на котором находится радиозонд",,,,Operational
bufr4/3/09/060/1/301123,09,Категория 09 — Последовательности данных вертикального зондирования,309060,"(Полный комплект данных радиозонда, включая приземные наблюдения)",,301123,"Информация о радиозонде, содержащаяся в полном заголовке",,,,Operational
bufr4/3/09/060/1/301121,09,Категория 09 — Последовательности данных вертикального зондирования,309060,"(Полный комплект данных радиозонда, включая приземные наблюдения)",,301121,Местоположение точки запуска радиозонда,,,,Operational
bufr4/3/09/060/1/302050,09,Категория 09 — Последовательности данных вертикального зондирования,309060,"(Полный комплект данных радиозонда, включая приземные наблюдения)",,302050,Приземное наблюдение с помощью радиозонда,,,,Operational
bufr4/3/09/060/1/303040,09,Категория 09 — Последовательности данных вертикального зондирования,309060,"(Полный комплект данных радиозонда, включая приземные наблюдения)",,303040,Информация о продолжительности и окончании полета радиозонда,,,,Operational
bufr4/3/09/061/1/301120,09,Категория 09 — Последовательности данных вертикального зондирования,309061,(Необработанные данные о ДТВ),,301120,"Информация о радиозонде, содержащаяся в кратком заголовке, и о месте запуска",,,,Operational
bufr4/3/09/061/1/008041,09,Категория 09 — Последовательности данных вертикального зондирования,309061,(Необработанные данные о ДТВ),,008041,Значение данных = 6 Наблюдение на эшелоне полета,,,,Operational
bufr4/3/09/061/1/301122,09,Категория 09 — Последовательности данных вертикального зондирования,309061,(Необработанные данные о ДТВ),,301122,Дата/время (с точностью до сотых долей секунды),,,,Operational
bufr4/3/09/061/1/201131,09,Категория 09 — Последовательности данных вертикального зондирования,309061,(Необработанные данные о ДТВ),,201131,Изменить длину данных,,,,Operational
bufr4/3/09/061/1/202129,09,Категория 09 — Последовательности данных вертикального зондирования,309061,(Необработанные данные о ДТВ),,202129,Изменить масштаб,,,,Operational
bufr4/3/09/061/1/025069,09,Категория 09 — Последовательности данных вертикального зондирования,309061,(Необработанные данные о ДТВ),,025069,Поправки давления на высоту,,,,Operational
bufr4/3/09/061/1/007004,09,Категория 09 — Последовательности данных вертикального зондирования,309061,(Необработанные данные о ДТВ),,007004,Давление,,,,Operational
bufr4/3/09/061/1/202000,09,Категория 09 — Последовательности данных вертикального зондирования,309061,(Необработанные данные о ДТВ),,202000,Изменить масштаб Отмена,,,,Operational
bufr4/3/09/061/1/201000,09,Категория 09 — Последовательности данных вертикального зондирования,309061,(Необработанные данные о ДТВ),,201000,Изменить длину данных Отмена,,,,Operational
bufr4/3/09/061/1/033007,09,Категория 09 — Последовательности данных вертикального зондирования,309061,(Необработанные данные о ДТВ),,033007,Процент достоверности Давление,,,,Operational
bufr4/3/09/061/1/033035,09,Категория 09 — Последовательности данных вертикального зондирования,309061,(Необработанные данные о ДТВ),,033035,Ручной/автоматический контроль качества Давление,,,,Operational
bufr4/3/09/061/1/033015,09,Категория 09 — Последовательности данных вертикального зондирования,309061,(Необработанные данные о ДТВ),,033015,Указатель проверки качества данных Давление,,,,Operational
bufr4/3/09/061/1/013009,09,Категория 09 — Последовательности данных вертикального зондирования,309061,(Необработанные данные о ДТВ),,013009,Относительная влажность,,,,Operational
bufr4/3/09/061/2/033007,09,Категория 09 — Последовательности данных вертикального зондирования,309061,(Необработанные данные о ДТВ),,033007,Процент достоверности Относительная влажность,,,,Operational
bufr4/3/09/061/2/033035,09,Категория 09 — Последовательности данных вертикального зондирования,309061,(Необработанные данные о ДТВ),,033035,Ручной/автоматический контроль качества Относительная влажность,,,,Operational
bufr4/3/09/061/2/033015,09,Категория 09 — Последовательности данных вертикального зондирования,309061,(Необработанные данные о ДТВ),,033015,Указатель проверки качества данных Относительная влажность,,,,Operational
bufr4/3/09/061/1/002013,09,Категория 09 — Последовательности данных вертикального зондирования,309061,(Необработанные данные о ДТВ),,002013,Поправка на солнечную и инфракрасную радиацию,,,,Operational
bufr4/3/09/061/1/012101,09,Категория 09 — Последовательности данных вертикального зондирования,309061,(Необработанные данные о ДТВ),,012101,Температура/температура воздуха,,,,Operational
bufr4/3/09/061/3/033007,09,Категория 09 — Последовательности данных вертикального зондирования,309061,(Необработанные данные о ДТВ),,033007,Процент достоверности Температура,,,,Operational
bufr4/3/09/061/3/033035,09,Категория 09 — Последовательности данных вертикального зондирования,309061,(Необработанные данные о ДТВ),,033035,Ручной/автоматический контроль качества Температура,,,,Operational
bufr4/3/09/061/3/033015,09,Категория 09 — Последовательности данных вертикального зондирования,309061,(Необработанные данные о ДТВ),,033015,Указатель проверки качества данных Температура,,,,Operational
bufr4/3/09/062/1/301120,09,Категория 09 — Последовательности данных вертикального зондирования,309062,"(Исходные несглаженные данные о ветре, полученные с использованием ГСОМ)",,301120,"Информация о радиозонде, содержащаяся в кратком заголовке, и о месте запуска",,,,Operational
bufr4/3/09/062/1/008041,09,Категория 09 — Последовательности данных вертикального зондирования,309062,"(Исходные несглаженные данные о ветре, полученные с использованием ГСОМ)",,008041,Значение данных = 6 Наблюдение на эшелоне полета,,,,Operational
bufr4/3/09/062/1/301122,09,Категория 09 — Последовательности данных вертикального зондирования,309062,"(Исходные несглаженные данные о ветре, полученные с использованием ГСОМ)",,301122,Дата/время (с точностью до сотых долей секунды),,,,Operational
bufr4/3/09/062/1/005001,09,Категория 09 — Последовательности данных вертикального зондирования,309062,"(Исходные несглаженные данные о ветре, полученные с использованием ГСОМ)",,005001,Широта (высокая точность),,,,Operational
bufr4/3/09/062/1/033035,09,Категория 09 — Последовательности данных вертикального зондирования,309062,"(Исходные несглаженные данные о ветре, полученные с использованием ГСОМ)",,033035,Ручной/автоматический контроль качества Широта,,,,Operational
bufr4/3/09/062/1/033015,09,Категория 09 — Последовательности данных вертикального зондирования,309062,"(Исходные несглаженные данные о ветре, полученные с использованием ГСОМ)",,033015,Указатель проверки качества данных Широта,,,,Operational
bufr4/3/09/062/1/006001,09,Категория 09 — Последовательности данных вертикального зондирования,309062,"(Исходные несглаженные данные о ветре, полученные с использованием ГСОМ)",,006001,Долгота (высокая точность),,,,Operational
bufr4/3/09/062/2/033035,09,Категория 09 — Последовательности данных вертикального зондирования,309062,"(Исходные несглаженные данные о ветре, полученные с использованием ГСОМ)",,033035,Ручной/автоматический контроль качества Долгота,,,,Operational
bufr4/3/09/062/2/033015,09,Категория 09 — Последовательности данных вертикального зондирования,309062,"(Исходные несглаженные данные о ветре, полученные с использованием ГСОМ)",,033015,Указатель проверки качества данных Долгота,,,,Operational
bufr4/3/09/062/1/007007,09,Категория 09 — Последовательности данных вертикального зондирования,309062,"(Исходные несглаженные данные о ветре, полученные с использованием ГСОМ)",,007007,Высота,,,,Operational
bufr4/3/09/062/3/033035,09,Категория 09 — Последовательности данных вертикального зондирования,309062,"(Исходные несглаженные данные о ветре, полученные с использованием ГСОМ)",,033035,Ручной/автоматический контроль качества Высота,,,,Operational
bufr4/3/09/062/3/033015,09,Категория 09 — Последовательности данных вертикального зондирования,309062,"(Исходные несглаженные данные о ветре, полученные с использованием ГСОМ)",,033015,Указатель проверки качества данных Высота,,,,Operational
bufr4/3/09/062/1/011003,09,Категория 09 — Последовательности данных вертикального зондирования,309062,"(Исходные несглаженные данные о ветре, полученные с использованием ГСОМ)",,011003,Компонента u,,,,Operational
bufr4/3/09/062/4/033035,09,Категория 09 — Последовательности данных вертикального зондирования,309062,"(Исходные несглаженные данные о ветре, полученные с использованием ГСОМ)",,033035,Ручной/автоматический контроль качества Компонента u,,,,Operational
bufr4/3/09/062/4/033015,09,Категория 09 — Последовательности данных вертикального зондирования,309062,"(Исходные несглаженные данные о ветре, полученные с использованием ГСОМ)",,033015,Указатель проверки качества данных Компонента u,,,,Operational
bufr4/3/09/062/1/011004,09,Категория 09 — Последовательности данных вертикального зондирования,309062,"(Исходные несглаженные данные о ветре, полученные с использованием ГСОМ)",,011004,Компонента v,,,,Operational
bufr4/3/09/062/5/033035,09,Категория 09 — Последовательности данных вертикального зондирования,309062,"(Исходные несглаженные данные о ветре, полученные с использованием ГСОМ)",,033035,Ручной/автоматический контроль качества Компонента v,,,,Operational
bufr4/3/09/062/5/033015,09,Категория 09 — Последовательности данных вертикального зондирования,309062,"(Исходные несглаженные данные о ветре, полученные с использованием ГСОМ)",,033015,Указатель проверки качества данных Компонента v,,,,Operational
bufr4/3/09/062/1/033007,09,Категория 09 — Последовательности данных вертикального зондирования,309062,"(Исходные несглаженные данные о ветре, полученные с использованием ГСОМ)",,033007,"Процент достоверности Исходные несглаженные данные о ветре, полученные с использованием ГСОМ",,,,Operational
bufr4/3/09/063/1/301120,09,Категория 09 — Последовательности данных вертикального зондирования,309063,"(Исходные сглаженные данные о ветре, полученные с использованием ГСОМ)",,301120,"Информация о радиозонде, содержащаяся в кратком заголовке, и о месте запуска",,,,Operational
bufr4/3/09/063/1/008041,09,Категория 09 — Последовательности данных вертикального зондирования,309063,"(Исходные сглаженные данные о ветре, полученные с использованием ГСОМ)",,008041,Значимость данных = 6 Наблюдение на эшелоне полета,,,,Operational
bufr4/3/09/063/1/301122,09,Категория 09 — Последовательности данных вертикального зондирования,309063,"(Исходные сглаженные данные о ветре, полученные с использованием ГСОМ)",,301122,Дата/время (с точностью до сотых долей секунды),,,,Operational
bufr4/3/09/063/1/005001,09,Категория 09 — Последовательности данных вертикального зондирования,309063,"(Исходные сглаженные данные о ветре, полученные с использованием ГСОМ)",,005001,Широта (высокая точность),,,,Operational
bufr4/3/09/063/1/033035,09,Категория 09 — Последовательности данных вертикального зондирования,309063,"(Исходные сглаженные данные о ветре, полученные с использованием ГСОМ)",,033035,Ручной/автоматический контроль качества Широта,,,,Operational
bufr4/3/09/063/1/033015,09,Категория 09 — Последовательности данных вертикального зондирования,309063,"(Исходные сглаженные данные о ветре, полученные с использованием ГСОМ)",,033015,Указатель проверки качества данных Широта,,,,Operational
bufr4/3/09/063/1/006001,09,Категория 09 — Последовательности данных вертикального зондирования,309063,"(Исходные сглаженные данные о ветре, полученные с использованием ГСОМ)",,006001,Долгота (высокая точность),,,,Operational
bufr4/3/09/063/2/033035,09,Категория 09 — Последовательности данных вертикального зондирования,309063,"(Исходные сглаженные данные о ветре, полученные с использованием ГСОМ)",,033035,Ручной/автоматический контроль качества Долгота,,,,Operational
bufr4/3/09/063/2/033015,09,Категория 09 — Последовательности данных вертикального зондирования,309063,"(Исходные сглаженные данные о ветре, полученные с использованием ГСОМ)",,033015,Указатель проверки качества данных Долгота,,,,Operational
bufr4/3/09/063/1/007007,09,Категория 09 — Последовательности данных вертикального зондирования,309063,"(Исходные сглаженные данные о ветре, полученные с использованием ГСОМ)",,007007,Высота,,,,Operational
bufr4/3/09/063/3/033035,09,Категория 09 — Последовательности данных вертикального зондирования,309063,"(Исходные сглаженные данные о ветре, полученные с использованием ГСОМ)",,033035,Ручной/автоматический контроль качества Высота,,,,Operational
bufr4/3/09/063/3/033015,09,Категория 09 — Последовательности данных вертикального зондирования,309063,"(Исходные сглаженные данные о ветре, полученные с использованием ГСОМ)",,033015,Указатель проверки качества данных Высота,,,,Operational
bufr4/3/09/063/1/011003,09,Категория 09 — Последовательности данных вертикального зондирования,309063,"(Исходные сглаженные данные о ветре, полученные с использованием ГСОМ)",,011003,Компонента u,,,,Operational
bufr4/3/09/063/4/033035,09,Категория 09 — Последовательности данных вертикального зондирования,309063,"(Исходные сглаженные данные о ветре, полученные с использованием ГСОМ)",,033035,Ручной/автоматический контроль качества Компонента u,,,,Operational
bufr4/3/09/063/4/033015,09,Категория 09 — Последовательности данных вертикального зондирования,309063,"(Исходные сглаженные данные о ветре, полученные с использованием ГСОМ)",,033015,Указатель проверки качества данных Компонента u,,,,Operational
bufr4/3/09/063/1/011004,09,Категория 09 — Последовательности данных вертикального зондирования,309063,"(Исходные сглаженные данные о ветре, полученные с использованием ГСОМ)",,011004,Компонента v,,,,Operational
bufr4/3/09/063/5/033035,09,Категория 09 — Последовательности данных вертикального зондирования,309063,"(Исходные сглаженные данные о ветре, полученные с использованием ГСОМ)",,033035,Ручной/автоматический контроль качества Компонента v,,,,Operational
bufr4/3/09/063/5/033015,09,Категория 09 — Последовательности данных вертикального зондирования,309063,"(Исходные сглаженные данные о ветре, полученные с использованием ГСОМ)",,033015,Указатель проверки качества данных Компонента v,,,,Operational
bufr4/3/09/063/1/033007,09,Категория 09 — Последовательности данных вертикального зондирования,309063,"(Исходные сглаженные данные о ветре, полученные с использованием ГСОМ)",,033007,"Процент достоверности Исходные сгла-женные данные о ветре, полученные с использованием ГСОМ",,,,Operational
bufr4/3/09/064/1/301120,09,Категория 09 — Последовательности данных вертикального зондирования,309064,(Обработанные данные о ДТВ),,301120,"Информация о радиозонде, содержащаяся в кратком заголовке, и о месте запуска",,,,Operational
bufr4/3/09/064/1/008041,09,Категория 09 — Последовательности данных вертикального зондирования,309064,(Обработанные данные о ДТВ),,008041,Значимость данных = 6 Наблюдение на эшелоне полета,,,,Operational
bufr4/3/09/064/1/301122,09,Категория 09 — Последовательности данных вертикального зондирования,309064,(Обработанные данные о ДТВ),,301122,Дата/время (с точностью до сотых долей секунды),,,,Operational
bufr4/3/09/064/1/201131,09,Категория 09 — Последовательности данных вертикального зондирования,309064,(Обработанные данные о ДТВ),,201131,Изменить длину данных,,,,Operational
bufr4/3/09/064/1/202129,09,Категория 09 — Последовательности данных вертикального зондирования,309064,(Обработанные данные о ДТВ),,202129,Изменить масштаб,,,,Operational
bufr4/3/09/064/1/104002,09,Категория 09 — Последовательности данных вертикального зондирования,309064,(Обработанные данные о ДТВ),,104002,Повторить 4 дескриптора 2 раза,,,,Operational
bufr4/3/09/064/1/025069,09,Категория 09 — Последовательности данных вертикального зондирования,309064,(Обработанные данные о ДТВ),,025069,Поправки давления на высоту,,,,Operational
bufr4/3/09/064/1/007004,09,Категория 09 — Последовательности данных вертикального зондирования,309064,(Обработанные данные о ДТВ),,007004,Давление,,,,Operational
bufr4/3/09/064/1/033035,09,Категория 09 — Последовательности данных вертикального зондирования,309064,(Обработанные данные о ДТВ),,033035,Ручной/автоматический контроль качества Давление,,,,Operational
bufr4/3/09/064/1/033015,09,Категория 09 — Последовательности данных вертикального зондирования,309064,(Обработанные данные о ДТВ),,033015,Указатель проверки качества данных Давление,,,,Operational
bufr4/3/09/064/1/013003,09,Категория 09 — Последовательности данных вертикального зондирования,309064,(Обработанные данные о ДТВ),,013003,Относительная влажность,,,,Operational
bufr4/3/09/064/2/033035,09,Категория 09 — Последовательности данных вертикального зондирования,309064,(Обработанные данные о ДТВ),,033035,Ручной/автоматический контроль качества Относительная влажность,,,,Operational
bufr4/3/09/064/2/033015,09,Категория 09 — Последовательности данных вертикального зондирования,309064,(Обработанные данные о ДТВ),,033015,Указатель проверки качества данных Относительная влажность,,,,Operational
bufr4/3/09/064/1/202000,09,Категория 09 — Последовательности данных вертикального зондирования,309064,(Обработанные данные о ДТВ),,202000,Изменить масштаб Отмена,,,,Operational
bufr4/3/09/064/1/201000,09,Категория 09 — Последовательности данных вертикального зондирования,309064,(Обработанные данные о ДТВ),,201000,Изменить длину данных Отмена,,,,Operational
bufr4/3/09/064/2/104002,09,Категория 09 — Последовательности данных вертикального зондирования,309064,(Обработанные данные о ДТВ),,104002,Повторить 4 дескриптора 2 раза,,,,Operational
bufr4/3/09/064/1/002013,09,Категория 09 — Последовательности данных вертикального зондирования,309064,(Обработанные данные о ДТВ),,002013,Поправка на солнечную и инфракрасную радиацию,,,,Operational
bufr4/3/09/064/1/012101,09,Категория 09 — Последовательности данных вертикального зондирования,309064,(Обработанные данные о ДТВ),,012101,Температура/температура воздуха,,,,Operational
bufr4/3/09/064/3/033035,09,Категория 09 — Последовательности данных вертикального зондирования,309064,(Обработанные данные о ДТВ),,033035,Ручной/автоматический контроль качества Температура,,,,Operational
bufr4/3/09/064/3/033015,09,Категория 09 — Последовательности данных вертикального зондирования,309064,(Обработанные данные о ДТВ),,033015,Указатель проверки качества данных Температура,,,,Operational
bufr4/3/09/064/1/012103,09,Категория 09 — Последовательности данных вертикального зондирования,309064,(Обработанные данные о ДТВ),,012103,Температура точки росы,,,,Operational
bufr4/3/09/064/4/033035,09,Категория 09 — Последовательности данных вертикального зондирования,309064,(Обработанные данные о ДТВ),,033035,Ручной/автоматический контроль качества Температура точки росы,,,,Operational
bufr4/3/09/064/4/033015,09,Категория 09 — Последовательности данных вертикального зондирования,309064,(Обработанные данные о ДТВ),,033015,Указатель проверки качества данных Температура точки росы,,,,Operational
bufr4/3/09/064/1/010009,09,Категория 09 — Последовательности данных вертикального зондирования,309064,(Обработанные данные о ДТВ),,010009,Геопотенциальная высота,,,,Operational
bufr4/3/09/064/5/033035,09,Категория 09 — Последовательности данных вертикального зондирования,309064,(Обработанные данные о ДТВ),,033035,Ручной/автоматический контроль качества Геопотенциальная высота,,,,Operational
bufr4/3/09/064/5/033015,09,Категория 09 — Последовательности данных вертикального зондирования,309064,(Обработанные данные о ДТВ),,033015,Указатель проверки качества данных Геопотенциальная высота,,,,Operational
bufr4/3/09/065/1/301120,09,Категория 09 — Последовательности данных вертикального зондирования,309065,"(Обработанные данные, полученные с использованием ГСОМ)",,301120,"Информация о радиозонде, содержащаяся в кратком заголовке, и о месте запуска",,,,Operational
bufr4/3/09/065/1/008041,09,Категория 09 — Последовательности данных вертикального зондирования,309065,"(Обработанные данные, полученные с использованием ГСОМ)",,008041,Значимость данных = 6 Наблюдение на эшелоне полета,,,,Operational
bufr4/3/09/065/1/301122,09,Категория 09 — Последовательности данных вертикального зондирования,309065,"(Обработанные данные, полученные с использованием ГСОМ)",,301122,Дата/время (с точностью до сотых долей секунды),,,,Operational
bufr4/3/09/065/1/005001,09,Категория 09 — Последовательности данных вертикального зондирования,309065,"(Обработанные данные, полученные с использованием ГСОМ)",,005001,Широта (высокая точность),,,,Operational
bufr4/3/09/065/1/033035,09,Категория 09 — Последовательности данных вертикального зондирования,309065,"(Обработанные данные, полученные с использованием ГСОМ)",,033035,Ручной/автоматический контроль качества Широта,,,,Operational
bufr4/3/09/065/1/033015,09,Категория 09 — Последовательности данных вертикального зондирования,309065,"(Обработанные данные, полученные с использованием ГСОМ)",,033015,Указатель проверки качества данных Широта,,,,Operational
bufr4/3/09/065/1/006001,09,Категория 09 — Последовательности данных вертикального зондирования,309065,"(Обработанные данные, полученные с использованием ГСОМ)",,006001,Долгота (высокая точность),,,,Operational
bufr4/3/09/065/2/033035,09,Категория 09 — Последовательности данных вертикального зондирования,309065,"(Обработанные данные, полученные с использованием ГСОМ)",,033035,Ручной/автоматический контроль качества Долгота,,,,Operational
bufr4/3/09/065/2/033015,09,Категория 09 — Последовательности данных вертикального зондирования,309065,"(Обработанные данные, полученные с использованием ГСОМ)",,033015,Указатель проверки качества данных Долгота,,,,Operational
bufr4/3/09/065/1/007007,09,Категория 09 — Последовательности данных вертикального зондирования,309065,"(Обработанные данные, полученные с использованием ГСОМ)",,007007,Высота,,,,Operational
bufr4/3/09/065/3/033035,09,Категория 09 — Последовательности данных вертикального зондирования,309065,"(Обработанные данные, полученные с использованием ГСОМ)",,033035,Ручной/автоматический контроль качества Высота,,,,Operational
bufr4/3/09/065/3/033015,09,Категория 09 — Последовательности данных вертикального зондирования,309065,"(Обработанные данные, полученные с использованием ГСОМ)",,033015,Указатель проверки качества данных Высота,,,,Operational
bufr4/3/09/065/1/011003,09,Категория 09 — Последовательности данных вертикального зондирования,309065,"(Обработанные данные, полученные с использованием ГСОМ)",,011003,Компонента u,,,,Operational
bufr4/3/09/065/4/033035,09,Категория 09 — Последовательности данных вертикального зондирования,309065,"(Обработанные данные, полученные с использованием ГСОМ)",,033035,Ручной/автоматический контроль качества Компонента u,,,,Operational
bufr4/3/09/065/4/033015,09,Категория 09 — Последовательности данных вертикального зондирования,309065,"(Обработанные данные, полученные с использованием ГСОМ)",,033015,Указатель проверки качества данных Компонента u,,,,Operational
bufr4/3/09/065/1/011004,09,Категория 09 — Последовательности данных вертикального зондирования,309065,"(Обработанные данные, полученные с использованием ГСОМ)",,011004,Компонента v,,,,Operational
bufr4/3/09/065/5/033035,09,Категория 09 — Последовательности данных вертикального зондирования,309065,"(Обработанные данные, полученные с использованием ГСОМ)",,033035,Ручной/автоматический контроль качества Компонента v,,,,Operational
bufr4/3/09/065/5/033015,09,Категория 09 — Последовательности данных вертикального зондирования,309065,"(Обработанные данные, полученные с использованием ГСОМ)",,033015,Указатель проверки качества данных Компонента v,,,,Operational
bufr4/3/09/066/1/301120,09,Категория 09 — Последовательности данных вертикального зондирования,309066,(Стандартные уровни и уровни особых точек),,301120,"Информация о радиозонде, содержащаяся в кратком заголовке, и о месте запуска",,,,Operational
bufr4/3/09/066/1/008041,09,Категория 09 — Последовательности данных вертикального зондирования,309066,(Стандартные уровни и уровни особых точек),,008041,Значимость данных = 6 Наблюдение на эшелоне полета,,,,Operational
bufr4/3/09/066/1/301122,09,Категория 09 — Последовательности данных вертикального зондирования,309066,(Стандартные уровни и уровни особых точек),,301122,Дата/время (с точностью до сотых долей секунды),,,,Operational
bufr4/3/09/066/1/008040,09,Категория 09 — Последовательности данных вертикального зондирования,309066,(Стандартные уровни и уровни особых точек),,008040,Особые точки по данным радиозондирования,,,,Operational
bufr4/3/09/066/1/201131,09,Категория 09 — Последовательности данных вертикального зондирования,309066,(Стандартные уровни и уровни особых точек),,201131,Изменить длину данных,,,,Operational
bufr4/3/09/066/1/202129,09,Категория 09 — Последовательности данных вертикального зондирования,309066,(Стандартные уровни и уровни особых точек),,202129,Изменить масштаб,,,,Operational
bufr4/3/09/066/1/025069,09,Категория 09 — Последовательности данных вертикального зондирования,309066,(Стандартные уровни и уровни особых точек),,025069,Поправки давления на высоту,,,,Operational
bufr4/3/09/066/1/007004,09,Категория 09 — Последовательности данных вертикального зондирования,309066,(Стандартные уровни и уровни особых точек),,007004,Давление,,,,Operational
bufr4/3/09/066/1/013003,09,Категория 09 — Последовательности данных вертикального зондирования,309066,(Стандартные уровни и уровни особых точек),,013003,Относительная влажность,,,,Operational
bufr4/3/09/066/1/202000,09,Категория 09 — Последовательности данных вертикального зондирования,309066,(Стандартные уровни и уровни особых точек),,202000,Изменить масштаб Отмена,,,,Operational
bufr4/3/09/066/1/201000,09,Категория 09 — Последовательности данных вертикального зондирования,309066,(Стандартные уровни и уровни особых точек),,201000,Изменить длину данных Отмена,,,,Operational
bufr4/3/09/066/1/002013,09,Категория 09 — Последовательности данных вертикального зондирования,309066,(Стандартные уровни и уровни особых точек),,002013,Поправка на солнечную и инфракрасную радиацию,,,,Operational
bufr4/3/09/066/1/012101,09,Категория 09 — Последовательности данных вертикального зондирования,309066,(Стандартные уровни и уровни особых точек),,012101,Температура/температура воздуха,,,,Operational
bufr4/3/09/066/1/012103,09,Категория 09 — Последовательности данных вертикального зондирования,309066,(Стандартные уровни и уровни особых точек),,012103,Температура точки росы,,,,Operational
bufr4/3/09/066/1/010009,09,Категория 09 — Последовательности данных вертикального зондирования,309066,(Стандартные уровни и уровни особых точек),,010009,Геопотенциальная высота,,,,Operational
bufr4/3/09/066/1/010007,09,Категория 09 — Последовательности данных вертикального зондирования,309066,(Стандартные уровни и уровни особых точек),,010007,Высота,,,,Operational
bufr4/3/09/066/1/011002,09,Категория 09 — Последовательности данных вертикального зондирования,309066,(Стандартные уровни и уровни особых точек),,011002,Скорость ветра,,,,Operational
bufr4/3/09/066/1/011001,09,Категория 09 — Последовательности данных вертикального зондирования,309066,(Стандартные уровни и уровни особых точек),,011001,Направление ветра,,,,Operational
bufr4/3/09/070/1/001035,09,Категория 09 — Последовательности данных вертикального зондирования,309070,(Вертикальный профиль для данных численного прогноза погоды),,001035,Центр-поставщик,,,,Operational
bufr4/3/09/070/1/001032,09,Категория 09 — Последовательности данных вертикального зондирования,309070,(Вертикальный профиль для данных численного прогноза погоды),,001032,Применение продукции,,,,Operational
bufr4/3/09/070/1/001015,09,Категория 09 — Последовательности данных вертикального зондирования,309070,(Вертикальный профиль для данных численного прогноза погоды),,001015,Название станции или поста,,,,Operational
bufr4/3/09/070/1/001063,09,Категория 09 — Последовательности данных вертикального зондирования,309070,(Вертикальный профиль для данных численного прогноза погоды),,001063,Индекс местоположения ИКАО,,,,Operational
bufr4/3/09/070/1/301001,09,Категория 09 — Последовательности данных вертикального зондирования,309070,(Вертикальный профиль для данных численного прогноза погоды),,301001,Номера блока и станции ВМО Местоположение и время начала отсчета,,,,Operational
bufr4/3/09/070/1/301011,09,Категория 09 — Последовательности данных вертикального зондирования,309070,(Вертикальный профиль для данных численного прогноза погоды),,301011,"Год, месяц, день",,,,Operational
bufr4/3/09/070/1/301012,09,Категория 09 — Последовательности данных вертикального зондирования,309070,(Вертикальный профиль для данных численного прогноза погоды),,301012,"Час, минута Отсчетное время прогноза (Т-нуль)",,,,Operational
bufr4/3/09/070/1/301021,09,Категория 09 — Последовательности данных вертикального зондирования,309070,(Вертикальный профиль для данных численного прогноза погоды),,301021,Широта/долгота (высокая точность),,,,Operational
bufr4/3/09/070/1/207001,09,Категория 09 — Последовательности данных вертикального зондирования,309070,(Вертикальный профиль для данных численного прогноза погоды),,207001,"Увеличить масштаб, величину начала отсчета и длину /см. колонку слева данных Увеличить масштабный коэффициент на 1; начальное значение и длина данных перерассчитываются в соответствии со спецификацией оператора 2 07 YYY, таблица С",,,,Operational
bufr4/3/09/070/1/010001,09,Категория 09 — Последовательности данных вертикального зондирования,309070,(Вертикальный профиль для данных численного прогноза погоды),,010001,Высота поверхности суши (см. примечание 7) Превышение станции (бескоординатное местоположение),,,,Operational
bufr4/3/09/070/1/207000,09,Категория 09 — Последовательности данных вертикального зондирования,309070,(Вертикальный профиль для данных численного прогноза погоды),,207000,"Увеличить масштаб, величину начала отсчета и длину Отмена данных",,,,Operational
bufr4/3/09/070/1/008086,09,Категория 09 — Последовательности данных вертикального зондирования,309070,(Вертикальный профиль для данных численного прогноза погоды),,008086,Вертикальная значимость данных для ЧПП Бит 9 установить на 1 (Виртуальная высота станции),,,,Operational
bufr4/3/09/070/1/007030,09,Категория 09 — Последовательности данных вертикального зондирования,309070,(Вертикальный профиль для данных численного прогноза погоды),,007030,"Высота площадки станции над средним уровнем моря /см. колонку слева Высота местности в модели на широте/долготе станции. Как определено дескриптором 0 08 086, данная величина конкретна для станции и для модели. Метаданные вертикального профиля",,,,Operational
bufr4/3/09/070/1/025031,09,Категория 09 — Последовательности данных вертикального зондирования,309070,(Вертикальный профиль для данных численного прогноза погоды),,025031,"Метод прореживания вертикальных профилей, полученных с помощью ЧПП (см. примечание 8)",,,,Operational
bufr4/3/09/070/1/008021,09,Категория 09 — Последовательности данных вертикального зондирования,309070,(Вертикальный профиль для данных численного прогноза погоды),,008021,"Значимость времени = 4 Прогноз, = 16 Анализ, = 27 Нулевое приближение",,,,Operational
bufr4/3/09/070/1/004014,09,Категория 09 — Последовательности данных вертикального зондирования,309070,(Вертикальный профиль для данных численного прогноза погоды),,004014,"Временной инкремент /см. колонку слева Период действия прогноза, выраженный как разница во времени с начальным значением. В случае анализа или прогноза на 00 ч, величина задается как 0. Данные наблюдений в точке на высоте станции (включая данные, интегрированные по столбу воздуха)",,,,Operational
bufr4/3/09/070/1/010004,09,Категория 09 — Последовательности данных вертикального зондирования,309070,(Вертикальный профиль для данных численного прогноза погоды),,010004,Давление,,,,Operational
bufr4/3/09/070/1/010051,09,Категория 09 — Последовательности данных вертикального зондирования,309070,(Вертикальный профиль для данных численного прогноза погоды),,010051,"Давление, приведенное к среднему уровню моря",,,,Operational
bufr4/3/09/070/1/010009,09,Категория 09 — Последовательности данных вертикального зондирования,309070,(Вертикальный профиль для данных численного прогноза погоды),,010009,Геопотенциальная высота,,,,Operational
bufr4/3/09/070/1/020010,09,Категория 09 — Последовательности данных вертикального зондирования,309070,(Вертикальный профиль для данных численного прогноза погоды),,020010,Облачность (общая),,,,Operational
bufr4/3/09/070/1/013095,09,Категория 09 — Последовательности данных вертикального зондирования,309070,(Вертикальный профиль для данных численного прогноза погоды),,013095,Общее количество водяных паров в столбе воздуха,,,,Operational
bufr4/3/09/070/1/128000,09,Категория 09 — Последовательности данных вертикального зондирования,309070,(Вертикальный профиль для данных численного прогноза погоды),,128000,Повторение с задержкой 28 дескрипторов,,,,Operational
bufr4/3/09/070/1/031002,09,Категория 09 — Последовательности данных вертикального зондирования,309070,(Вертикальный профиль для данных численного прогноза погоды),,031002,"Коэффициент повторения расширенного /см. колонку слева дескриптора с задержкой Количество уровней, использованных в верти-кальном профиле, определяется данным повторением. Количество уровней является произвольным и включает все уровни над уров-нем земли и уровни давления. Данные на изобарических уровнях",,,,Operational
bufr4/3/09/070/1/113000,09,Категория 09 — Последовательности данных вертикального зондирования,309070,(Вертикальный профиль для данных численного прогноза погоды),,113000,Повторение с задержкой 13 дескрипторов,,,,Operational
bufr4/3/09/070/1/031000,09,Категория 09 — Последовательности данных вертикального зондирования,309070,(Вертикальный профиль для данных численного прогноза погоды),,031000,"Коэффициент повторения короткого дескриптора с = 1 Вертикальная задержкой координата — давление, = 0 Иное",,,,Operational
bufr4/3/09/070/2/008086,09,Категория 09 — Последовательности данных вертикального зондирования,309070,(Вертикальный профиль для данных численного прогноза погоды),,008086,"Вертикальная значимость данных для ЧПП Бит 1 задается как 0, другие биты — как требуется",,,,Operational
bufr4/3/09/070/1/007004,09,Категория 09 — Последовательности данных вертикального зондирования,309070,(Вертикальный профиль для данных численного прогноза погоды),,007004,Давление (см. примечание 9),,,,Operational
bufr4/3/09/070/1/011001,09,Категория 09 — Последовательности данных вертикального зондирования,309070,(Вертикальный профиль для данных численного прогноза погоды),,011001,Направление ветра Истинные градусы,,,,Operational
bufr4/3/09/070/1/011002,09,Категория 09 — Последовательности данных вертикального зондирования,309070,(Вертикальный профиль для данных численного прогноза погоды),,011002,Скорость ветра м/с,,,,Operational
bufr4/3/09/070/1/012101,09,Категория 09 — Последовательности данных вертикального зондирования,309070,(Вертикальный профиль для данных численного прогноза погоды),,012101,Температура/температура воздуха,,,,Operational
bufr4/3/09/070/1/012102,09,Категория 09 — Последовательности данных вертикального зондирования,309070,(Вертикальный профиль для данных численного прогноза погоды),,012102,Температура по смоченному термометру,,,,Operational
bufr4/3/09/070/1/012103,09,Категория 09 — Последовательности данных вертикального зондирования,309070,(Вертикальный профиль для данных численного прогноза погоды),,012103,Температура точки росы,,,,Operational
bufr4/3/09/070/2/010009,09,Категория 09 — Последовательности данных вертикального зондирования,309070,(Вертикальный профиль для данных численного прогноза погоды),,010009,Геопотенциальная высота,,,,Operational
bufr4/3/09/070/1/103000,09,Категория 09 — Последовательности данных вертикального зондирования,309070,(Вертикальный профиль для данных численного прогноза погоды),,103000,Повторение с задержкой 3 дескрипторов,,,,Operational
bufr4/3/09/070/2/031000,09,Категория 09 — Последовательности данных вертикального зондирования,309070,(Вертикальный профиль для данных численного прогноза погоды),,031000,Коэффициент повторения короткого дескриптора с = 1 Дополнитель-задержкой ные расширенные данные модели должны быть вклю-чены,,,,Operational
bufr4/3/09/070/1/011021,09,Категория 09 — Последовательности данных вертикального зондирования,309070,(Вертикальный профиль для данных численного прогноза погоды),,011021,Относительная завихренность,,,,Operational
bufr4/3/09/070/1/011022,09,Категория 09 — Последовательности данных вертикального зондирования,309070,(Вертикальный профиль для данных численного прогноза погоды),,011022,Дивергенция,,,,Operational
bufr4/3/09/070/1/011005,09,Категория 09 — Последовательности данных вертикального зондирования,309070,(Вертикальный профиль для данных численного прогноза погоды),,011005,Компонента w Вертикальное движение Данные на высоте 10 м над уровнем земли,,,,Operational
bufr4/3/09/070/1/104000,09,Категория 09 — Последовательности данных вертикального зондирования,309070,(Вертикальный профиль для данных численного прогноза погоды),,104000,Повторение с задержкой 4 дескрипторов,,,,Operational
bufr4/3/09/070/3/031000,09,Категория 09 — Последовательности данных вертикального зондирования,309070,(Вертикальный профиль для данных численного прогноза погоды),,031000,"Коэффициент повторения короткого дескриптора с = 1 Вертикальная задержкой координата —10 метров над уров-нем земли, = 0 Иное",,,,Operational
bufr4/3/09/070/3/008086,09,Категория 09 — Последовательности данных вертикального зондирования,309070,(Вертикальный профиль для данных численного прогноза погоды),,008086,"Бит 1 установлен на 1, бит 8 установлен на 1",,,,Operational
bufr4/3/09/070/1/007006,09,Категория 09 — Последовательности данных вертикального зондирования,309070,(Вертикальный профиль для данных численного прогноза погоды),,007006,Высота над уровнем станции = 10 м,,,,Operational
bufr4/3/09/070/2/011001,09,Категория 09 — Последовательности данных вертикального зондирования,309070,(Вертикальный профиль для данных численного прогноза погоды),,011001,Направление ветра Истинные градусы,,,,Operational
bufr4/3/09/070/2/011002,09,Категория 09 — Последовательности данных вертикального зондирования,309070,(Вертикальный профиль для данных численного прогноза погоды),,011002,Скорость ветра м/с Данные на высоте 2 м над уровнем земли,,,,Operational
bufr4/3/09/070/1/105000,09,Категория 09 — Последовательности данных вертикального зондирования,309070,(Вертикальный профиль для данных численного прогноза погоды),,105000,Повторение с задержкой 5 дескрипторов,,,,Operational
bufr4/3/09/070/4/031000,09,Категория 09 — Последовательности данных вертикального зондирования,309070,(Вертикальный профиль для данных численного прогноза погоды),,031000,"Коэффициент повторения короткого дескриптора с = 1 Вертикальная задержкой координата — 2 метра над уровнем земли, = 0 Иное",,,,Operational
bufr4/3/09/070/4/008086,09,Категория 09 — Последовательности данных вертикального зондирования,309070,(Вертикальный профиль для данных численного прогноза погоды),,008086,Вертикальная значимость данных для ЧПП,,,,Operational
bufr4/3/09/070/2/007006,09,Категория 09 — Последовательности данных вертикального зондирования,309070,(Вертикальный профиль для данных численного прогноза погоды),,007006,Высота над уровнем станции = 2 м,,,,Operational
bufr4/3/09/070/2/012101,09,Категория 09 — Последовательности данных вертикального зондирования,309070,(Вертикальный профиль для данных численного прогноза погоды),,012101,Температура/температура воздуха,,,,Operational
bufr4/3/09/070/2/012102,09,Категория 09 — Последовательности данных вертикального зондирования,309070,(Вертикальный профиль для данных численного прогноза погоды),,012102,Температура по смоченному термометру,,,,Operational
bufr4/3/09/070/2/012103,09,Категория 09 — Последовательности данных вертикального зондирования,309070,(Вертикальный профиль для данных численного прогноза погоды),,012103,Температура точки росы,,,,Operational
bufr4/3/09/071/1/301001,09,Категория 09 — Последовательности данных вертикального зондирования,309071,(Последовательность для представления данных PILOT в районе АСЕКНА),,301001,Номера блока и станции ВМО,,,,Operational
bufr4/3/09/071/1/002014,09,Категория 09 — Последовательности данных вертикального зондирования,309071,(Последовательность для представления данных PILOT в районе АСЕКНА),,002014,Методика слежения/состояние используемой системы,,,,Operational
bufr4/3/09/071/1/002003,09,Категория 09 — Последовательности данных вертикального зондирования,309071,(Последовательность для представления данных PILOT в районе АСЕКНА),,002003,Тип используемого измерительного оборудования,,,,Operational
bufr4/3/09/071/1/301113,09,Категория 09 — Последовательности данных вертикального зондирования,309071,(Последовательность для представления данных PILOT в районе АСЕКНА),,301113,Дата/время запуска,,,,Operational
bufr4/3/09/071/1/301114,09,Категория 09 — Последовательности данных вертикального зондирования,309071,(Последовательность для представления данных PILOT в районе АСЕКНА),,301114,Горизонтальная и вертикальная координаты места запуска,,,,Operational
bufr4/3/09/071/1/301023,09,Категория 09 — Последовательности данных вертикального зондирования,309071,(Последовательность для представления данных PILOT в районе АСЕКНА),,301023,Широта/долгота (низкая точность),,,,Operational
bufr4/3/09/071/1/007030,09,Категория 09 — Последовательности данных вертикального зондирования,309071,(Последовательность для представления данных PILOT в районе АСЕКНА),,007030,Высота площадки станции над средним уровнем моря,,,,Operational
bufr4/3/09/071/1/007007,09,Категория 09 — Последовательности данных вертикального зондирования,309071,(Последовательность для представления данных PILOT в районе АСЕКНА),,007007,Высота Запуск шара-зонда,,,,Operational
bufr4/3/09/071/1/103000,09,Категория 09 — Последовательности данных вертикального зондирования,309071,(Последовательность для представления данных PILOT в районе АСЕКНА),,103000,Повторение с задержкой 3 дескрипторов,,,,Operational
bufr4/3/09/071/1/031001,09,Категория 09 — Последовательности данных вертикального зондирования,309071,(Последовательность для представления данных PILOT в районе АСЕКНА),,031001,Коэффициент повторения дескриптора с задержкой,,,,Operational
bufr4/3/09/071/1/007009,09,Категория 09 — Последовательности данных вертикального зондирования,309071,(Последовательность для представления данных PILOT в районе АСЕКНА),,007009,Геопотенциальная высота,,,,Operational
bufr4/3/09/071/1/011001,09,Категория 09 — Последовательности данных вертикального зондирования,309071,(Последовательность для представления данных PILOT в районе АСЕКНА),,011001,Направление ветра,,,,Operational
bufr4/3/09/071/1/011002,09,Категория 09 — Последовательности данных вертикального зондирования,309071,(Последовательность для представления данных PILOT в районе АСЕКНА),,011002,Скорость ветра,,,,Operational
