Id,Category,CategoryOfSequences_ru,FXY1,Title_ru,SubTitle_ru,FXY2,ElementName_ru,ElementDescription_ru,Note_ru,noteIDs,Status
bufr4/3/07/001/1/301031,07,Категория 07 — Последовательности сводок приземных данных (суша),307001,(Низкорасположенная станция),,301031,"Идентификация и тип станции, дата/время, местоположение (высокая точность), высота станции",,,,Operational
bufr4/3/07/001/1/302011,07,Категория 07 — Последовательности сводок приземных данных (суша),307001,(Низкорасположенная станция),,302011,Низкорасположенная станция,Основная сводка приземных данных,,,Operational
bufr4/3/07/002/1/301032,07,Категория 07 — Последовательности сводок приземных данных (суша),307002,(Низкорасположенная станция),,301032,"Идентификация и тип станции, дата/время, местоположение (низкая точность), высота станции",,,,Operational
bufr4/3/07/002/1/302011,07,Категория 07 — Последовательности сводок приземных данных (суша),307002,(Низкорасположенная станция),,302011,Низкорасположенная станция,Основная сводка приземных данных,,,Operational
bufr4/3/07/003/1/307001,07,Категория 07 — Последовательности сводок приземных данных (суша),307003,(Низкорасположенная станция),,307001,Низкорасположенная станция,Местоположение (высокая точность) и основная сводка,,,Operational
bufr4/3/07/003/1/101000,07,Категория 07 — Последовательности сводок приземных данных (суша),307003,(Низкорасположенная станция),,101000,Повторение с задержкой 1 дескриптора,,,,Operational
bufr4/3/07/003/1/031001,07,Категория 07 — Последовательности сводок приземных данных (суша),307003,(Низкорасположенная станция),,031001,Коэффициент повторения дескриптора с задержкой,,,,Operational
bufr4/3/07/003/1/302005,07,Категория 07 — Последовательности сводок приземных данных (суша),307003,(Низкорасположенная станция),,302005,Облачный слой,,,,Operational
bufr4/3/07/004/1/307002,07,Категория 07 — Последовательности сводок приземных данных (суша),307004,(высокая точность),,307002,Низкорасположенная станция,Местоположение (высокая точность) и основная сводка,,,Operational
bufr4/3/07/004/1/101000,07,Категория 07 — Последовательности сводок приземных данных (суша),307004,(высокая точность),,101000,Повторение с задержкой 1 дескриптора,,,,Operational
bufr4/3/07/004/1/031001,07,Категория 07 — Последовательности сводок приземных данных (суша),307004,(высокая точность),,031001,Коэффициент повторения дескриптора с задержкой,,,,Operational
bufr4/3/07/004/1/302005,07,Категория 07 — Последовательности сводок приземных данных (суша),307004,(высокая точность),,302005,Облачный слой,,,,Operational
bufr4/3/07/005/1/307001,07,Категория 07 — Последовательности сводок приземных данных (суша),307005,(низкая точность),,307001,Низкорасположенная станция,Местоположение (низкая точность) и основная сводка,,,Operational
bufr4/3/07/005/1/101004,07,Категория 07 — Последовательности сводок приземных данных (суша),307005,(низкая точность),,101004,Повторить 1 дескриптор 4 раза,,,,Operational
bufr4/3/07/005/1/302005,07,Категория 07 — Последовательности сводок приземных данных (суша),307005,(низкая точность),,302005,Облачный слой,4 слоя,,,Operational
bufr4/3/07/006/1/307002,07,Категория 07 — Последовательности сводок приземных данных (суша),307006,(высокая точность),,307002,Низкорасположенная станция,Местоположение (высокая точность) и основная сводка,,,Operational
bufr4/3/07/006/1/101004,07,Категория 07 — Последовательности сводок приземных данных (суша),307006,(высокая точность),,101004,Повторить 1 дескриптор 4 раза,,,,Operational
bufr4/3/07/006/1/302005,07,Категория 07 — Последовательности сводок приземных данных (суша),307006,(высокая точность),,302005,Облачный слой,4 слоя,,,Operational
bufr4/3/07/007/1/301031,07,Категория 07 — Последовательности сводок приземных данных (суша),307007,(низкая точность),,301031,"Идентификация и тип станции, дата/время, местоположение (высокая точность), высота станции",,,,Operational
bufr4/3/07/007/1/302012,07,Категория 07 — Последовательности сводок приземных данных (суша),307007,(низкая точность),,302012,Высотная станция,Основная сводка приземных данных,,,Operational
bufr4/3/07/008/1/301032,07,Категория 07 — Последовательности сводок приземных данных (суша),307008,(Высотная станция),,301032,"Идентификация и тип станции, дата/время, местоположение (низкая точность), высота станции",,,,Operational
bufr4/3/07/008/1/302012,07,Категория 07 — Последовательности сводок приземных данных (суша),307008,(Высотная станция),,302012,Высотная станция,Основная сводка приземных данных,,,Operational
bufr4/3/07/009/1/301031,07,Категория 07 — Последовательности сводок приземных данных (суша),307009,,,301031,"Идентификация и тип станции, дата/время, местоположение (высокая точность), высота станции",,,,Operational
bufr4/3/07/009/1/302013,07,Категория 07 — Последовательности сводок приземных данных (суша),307009,,,302013,Основная сводка приземных данных,,,,Operational
bufr4/3/07/011/1/001063,07,Категория 07 — Последовательности сводок приземных данных (суша),307011,(Основная часть данных для представления кода METAR/SPECI в BUFR),,001063,Индекс местоположения ИКАО,,,,Operational
bufr4/3/07/011/1/002001,07,Категория 07 — Последовательности сводок приземных данных (суша),307011,(Основная часть данных для представления кода METAR/SPECI в BUFR),,002001,Тип станции,,,,Operational
bufr4/3/07/011/1/301011,07,Категория 07 — Последовательности сводок приземных данных (суша),307011,(Основная часть данных для представления кода METAR/SPECI в BUFR),,301011,"Год, месяц, день",YY,,,Operational
bufr4/3/07/011/1/301012,07,Категория 07 — Последовательности сводок приземных данных (суша),307011,(Основная часть данных для представления кода METAR/SPECI в BUFR),,301012,"Час, минута","GG, gg",,,Operational
bufr4/3/07/011/1/301024,07,Категория 07 — Последовательности сводок приземных данных (суша),307011,(Основная часть данных для представления кода METAR/SPECI в BUFR),,301024,"Широта/долгота (низкая точность), высота станции",,,,Operational
bufr4/3/07/011/1/007006,07,Категория 07 — Последовательности сводок приземных данных (суша),307011,(Основная часть данных для представления кода METAR/SPECI в BUFR),,007006,Высота над станцией,Высота анемометра,,,Operational
bufr4/3/07/011/1/011001,07,Категория 07 — Последовательности сводок приземных данных (суша),307011,(Основная часть данных для представления кода METAR/SPECI в BUFR),,011001,Направление ветра,,,,Operational
bufr4/3/07/011/1/011016,07,Категория 07 — Последовательности сводок приземных данных (суша),307011,(Основная часть данных для представления кода METAR/SPECI в BUFR),,011016,Экстремальное отклонение направления переменного ветра против часовой стрелки,,,,Operational
bufr4/3/07/011/1/011017,07,Категория 07 — Последовательности сводок приземных данных (суша),307011,(Основная часть данных для представления кода METAR/SPECI в BUFR),,011017,Экстремальное отклонение направления переменного ветра по часовой стрелке,,,,Operational
bufr4/3/07/011/1/011002,07,Категория 07 — Последовательности сводок приземных данных (суша),307011,(Основная часть данных для представления кода METAR/SPECI в BUFR),,011002,Скорость ветра,,,,Operational
bufr4/3/07/011/1/011041,07,Категория 07 — Последовательности сводок приземных данных (суша),307011,(Основная часть данных для представления кода METAR/SPECI в BUFR),,011041,Максимальная скорость ветра при порыве,,,,Operational
bufr4/3/07/011/2/007006,07,Категория 07 — Последовательности сводок приземных данных (суша),307011,(Основная часть данных для представления кода METAR/SPECI в BUFR),,007006,Высота над станцией,Высота термометра,,,Operational
bufr4/3/07/011/1/012001,07,Категория 07 — Последовательности сводок приземных данных (суша),307011,(Основная часть данных для представления кода METAR/SPECI в BUFR),,012001,Температура/температура воздуха,,,,Operational
bufr4/3/07/011/1/012003,07,Категория 07 — Последовательности сводок приземных данных (суша),307011,(Основная часть данных для представления кода METAR/SPECI в BUFR),,012003,Температура точки росы,,,,Operational
bufr4/3/07/011/1/010052,07,Категория 07 — Последовательности сводок приземных данных (суша),307011,(Основная часть данных для представления кода METAR/SPECI в BUFR),,010052,Установка высотометра (QNH),,,,Operational
bufr4/3/07/011/1/020009,07,Категория 07 — Последовательности сводок приземных данных (суша),307011,(Основная часть данных для представления кода METAR/SPECI в BUFR),,020009,Общий указатель погоды (TAF/METAR),,,,Operational
bufr4/3/07/012/1/103000,07,Категория 07 — Последовательности сводок приземных данных (суша),307012,(Горизонтальная видимость),,103000,Повторение с задержкой 3 дескрипторов,,,,Operational
bufr4/3/07/012/1/031001,07,Категория 07 — Последовательности сводок приземных данных (суша),307012,(Горизонтальная видимость),,031001,Коэффициент повторения дескриптора с задержкой,До 3,,,Operational
bufr4/3/07/012/1/008023,07,Категория 07 — Последовательности сводок приземных данных (суша),307012,(Горизонтальная видимость),,008023,Статистические данные первого порядка,,,,Operational
bufr4/3/07/012/1/005021,07,Категория 07 — Последовательности сводок приземных данных (суша),307012,(Горизонтальная видимость),,005021,Пеленг или азимут,Направление сообщаемой видимости,,,Operational
bufr4/3/07/012/1/020001,07,Категория 07 — Последовательности сводок приземных данных (суша),307012,(Горизонтальная видимость),,020001,Горизонтальная видимость,,,,Operational
bufr4/3/07/013/1/106000,07,Категория 07 — Последовательности сводок приземных данных (суша),307013,(Дальность видимости на взлетно-посадочной полосе),,106000,Повторение с задержкой 6 дескрипторов,,,,Operational
bufr4/3/07/013/1/031001,07,Категория 07 — Последовательности сводок приземных данных (суша),307013,(Дальность видимости на взлетно-посадочной полосе),,031001,Коэффициент повторения дескриптора с задержкой,До 4,,,Operational
bufr4/3/07/013/1/001064,07,Категория 07 — Последовательности сводок приземных данных (суша),307013,(Дальность видимости на взлетно-посадочной полосе),,001064,Указатель взлетно-посадочной полосы,,,,Operational
bufr4/3/07/013/1/008014,07,Категория 07 — Последовательности сводок приземных данных (суша),307013,(Дальность видимости на взлетно-посадочной полосе),,008014,Описатель дальности видимости на взлетно-посадочной полосе,,,,Operational
bufr4/3/07/013/1/020061,07,Категория 07 — Последовательности сводок приземных данных (суша),307013,(Дальность видимости на взлетно-посадочной полосе),,020061,Дальность видимости на взлетно-посадочной полосе (ВПП),,,,Operational
bufr4/3/07/013/2/008014,07,Категория 07 — Последовательности сводок приземных данных (суша),307013,(Дальность видимости на взлетно-посадочной полосе),,008014,Описатель дальности видимости на взлетно-посадочной полосе,,,,Operational
bufr4/3/07/013/2/020061,07,Категория 07 — Последовательности сводок приземных данных (суша),307013,(Дальность видимости на взлетно-посадочной полосе),,020061,Дальность видимости на взлетно-посадочной полосе (ВПП),,,,Operational
bufr4/3/07/013/1/020018,07,Категория 07 — Последовательности сводок приземных данных (суша),307013,(Дальность видимости на взлетно-посадочной полосе),,020018,Тенденция дальности видимости на взлетно-посадочной полосе,,,,Operational
bufr4/3/07/014/1/101000,07,Категория 07 — Последовательности сводок приземных данных (суша),307014,(Особые явления текущей или прогнозируемой погоды),,101000,Повторение с задержкой 1 дескриптора,,,,Operational
bufr4/3/07/014/1/031001,07,Категория 07 — Последовательности сводок приземных данных (суша),307014,(Особые явления текущей или прогнозируемой погоды),,031001,Коэффициент повторения дескриптора с задержкой,До 3,,,Operational
bufr4/3/07/014/1/020019,07,Категория 07 — Последовательности сводок приземных данных (суша),307014,(Особые явления текущей или прогнозируемой погоды),,020019,Особые явления текущей или прогнозируемой погоды,,,,Operational
bufr4/3/07/015/1/101000,07,Категория 07 — Последовательности сводок приземных данных (суша),307015,(Группа(ы) облаков),,101000,Повторение с задержкой 1 дескриптора,,,,Operational
bufr4/3/07/015/1/031001,07,Категория 07 — Последовательности сводок приземных данных (суша),307015,(Группа(ы) облаков),,031001,Коэффициент повторения дескриптора с задержкой,,,,Operational
bufr4/3/07/015/1/302005,07,Категория 07 — Последовательности сводок приземных данных (суша),307015,(Группа(ы) облаков),,302005,Облачный слой,"NsNsNs, CC, hshshs",,,Operational
bufr4/3/07/015/1/020002,07,Категория 07 — Последовательности сводок приземных данных (суша),307015,(Группа(ы) облаков),,020002,Вертикальная видимость,,,,Operational
bufr4/3/07/016/1/101000,07,Категория 07 — Последовательности сводок приземных данных (суша),307016,(Особые явления недавней погоды),,101000,Повторение с задержкой 1 дескриптора,,,,Operational
bufr4/3/07/016/1/031001,07,Категория 07 — Последовательности сводок приземных данных (суша),307016,(Особые явления недавней погоды),,031001,Коэффициент повторения дескриптора с задержкой,До 3,,,Operational
bufr4/3/07/016/1/020020,07,Категория 07 — Последовательности сводок приземных данных (суша),307016,(Особые явления недавней погоды),,020020,Особые явления недавней погоды,,,,Operational
bufr4/3/07/017/1/101000,07,Категория 07 — Последовательности сводок приземных данных (суша),307017,(Сдвиг ветра на взлетно-посадочной(ых) полосе(ах)),,101000,Повторение с задержкой 1 дескриптора,,,,Operational
bufr4/3/07/017/1/031001,07,Категория 07 — Последовательности сводок приземных данных (суша),307017,(Сдвиг ветра на взлетно-посадочной(ых) полосе(ах)),,031001,Коэффициент повторения дескриптора с задержкой,,,,Operational
bufr4/3/07/017/1/011070,07,Категория 07 — Последовательности сводок приземных данных (суша),307017,(Сдвиг ветра на взлетно-посадочной(ых) полосе(ах)),,011070,"Указатель взлетно-посадочной полосы, подверженной сдвигам ветра (включая ALL)",,,,Operational
bufr4/3/07/018/1/008016,07,Категория 07 — Последовательности сводок приземных данных (суша),307018,(Прогноз на посадку трендового типа),,008016,Описатель изменения прогноза трендового типа или прогноза по аэродрому,,,,Operational
bufr4/3/07/018/1/102000,07,Категория 07 — Последовательности сводок приземных данных (суша),307018,(Прогноз на посадку трендового типа),,102000,Повторение с задержкой 2 дескрипторов,,,,Operational
bufr4/3/07/018/1/031001,07,Категория 07 — Последовательности сводок приземных данных (суша),307018,(Прогноз на посадку трендового типа),,031001,Коэффициент повторения дескриптора с задержкой,До 2,,,Operational
bufr4/3/07/018/1/008017,07,Категория 07 — Последовательности сводок приземных данных (суша),307018,(Прогноз на посадку трендового типа),,008017,"Описатель времени, когда ожидается изменение прогноза","FM, TL, AT",,,Operational
bufr4/3/07/018/1/301012,07,Категория 07 — Последовательности сводок приземных данных (суша),307018,(Прогноз на посадку трендового типа),,301012,"Час, минута","GG, gg",,,Operational
bufr4/3/07/018/1/104000,07,Категория 07 — Последовательности сводок приземных данных (суша),307018,(Прогноз на посадку трендового типа),,104000,Повторение с задержкой 4 дескрипторов,,,,Operational
bufr4/3/07/018/2/031001,07,Категория 07 — Последовательности сводок приземных данных (суша),307018,(Прогноз на посадку трендового типа),,031001,Коэффициент повторения дескриптора с задержкой,До 1,,,Operational
bufr4/3/07/018/1/007006,07,Категория 07 — Последовательности сводок приземных данных (суша),307018,(Прогноз на посадку трендового типа),,007006,Высота над станцией,,,,Operational
bufr4/3/07/018/1/011001,07,Категория 07 — Последовательности сводок приземных данных (суша),307018,(Прогноз на посадку трендового типа),,011001,Направление ветра,,,,Operational
bufr4/3/07/018/1/011002,07,Категория 07 — Последовательности сводок приземных данных (суша),307018,(Прогноз на посадку трендового типа),,011002,Скорость ветра,,,,Operational
bufr4/3/07/018/1/011041,07,Категория 07 — Последовательности сводок приземных данных (суша),307018,(Прогноз на посадку трендового типа),,011041,Максимальная скорость ветра при порыве,,,,Operational
bufr4/3/07/018/1/020009,07,Категория 07 — Последовательности сводок приземных данных (суша),307018,(Прогноз на посадку трендового типа),,020009,Общий указатель погоды (TAF/METAR),,,,Operational
bufr4/3/07/018/1/101000,07,Категория 07 — Последовательности сводок приземных данных (суша),307018,(Прогноз на посадку трендового типа),,101000,Повторение с задержкой 1 дескриптора,,,,Operational
bufr4/3/07/018/3/031001,07,Категория 07 — Последовательности сводок приземных данных (суша),307018,(Прогноз на посадку трендового типа),,031001,Коэффициент повторения дескриптора с задержкой,До 1,,,Operational
bufr4/3/07/018/1/020001,07,Категория 07 — Последовательности сводок приземных данных (суша),307018,(Прогноз на посадку трендового типа),,020001,Горизонтальная видимость,,,,Operational
bufr4/3/07/018/1/307014,07,Категория 07 — Последовательности сводок приземных данных (суша),307018,(Прогноз на посадку трендового типа),,307014,Особые явления текущей или прогнозируемой w’w’ погоды,,,,Operational
bufr4/3/07/020/1/307011,07,Категория 07 — Последовательности сводок приземных данных (суша),307020,(Краткий METAR/SPECI),,307011,Основная часть данных для представления кода METAR/SPECI в BUFR,,,,Operational
bufr4/3/07/020/1/307014,07,Категория 07 — Последовательности сводок приземных данных (суша),307020,(Краткий METAR/SPECI),,307014,Особые явления текущей или прогнозируемой w’w’ погоды,,,,Operational
bufr4/3/07/020/1/307016,07,Категория 07 — Последовательности сводок приземных данных (суша),307020,(Краткий METAR/SPECI),,307016,Особые явления недавней погоды REw'w',,,,Operational
bufr4/3/07/021/1/307011,07,Категория 07 — Последовательности сводок приземных данных (суша),307021,(Суммарная последовательность для представления кода METAR/SPECI в BUFR),,307011,Основная часть данных для представления кода METAR/SPECI в BUFR,,,,Operational
bufr4/3/07/021/1/307012,07,Категория 07 — Последовательности сводок приземных данных (суша),307021,(Суммарная последовательность для представления кода METAR/SPECI в BUFR),,307012,Горизонтальная видимость D VVVV v,,,,Operational
bufr4/3/07/021/1/307013,07,Категория 07 — Последовательности сводок приземных данных (суша),307021,(Суммарная последовательность для представления кода METAR/SPECI в BUFR),,307013,Дальность видимости на взлетно-посадочной полосе,DRDR/VRVRVRVR,,,Operational
bufr4/3/07/021/1/307014,07,Категория 07 — Последовательности сводок приземных данных (суша),307021,(Суммарная последовательность для представления кода METAR/SPECI в BUFR),,307014,Особые явления текущей или прогнозируемой w´w´ погоды,,,,Operational
bufr4/3/07/021/1/307015,07,Категория 07 — Последовательности сводок приземных данных (суша),307021,(Суммарная последовательность для представления кода METAR/SPECI в BUFR),,307015,Группа(ы) облаков,,,,Operational
bufr4/3/07/021/1/307016,07,Категория 07 — Последовательности сводок приземных данных (суша),307021,(Суммарная последовательность для представления кода METAR/SPECI в BUFR),,307016,Особые явления недавней погоды REw´w´,,,,Operational
bufr4/3/07/021/1/307017,07,Категория 07 — Последовательности сводок приземных данных (суша),307021,(Суммарная последовательность для представления кода METAR/SPECI в BUFR),,307017,Сдвиг ветра на взлетно-посадочной(ых) полосе(ах),,,,Operational
bufr4/3/07/021/1/307018,07,Категория 07 — Последовательности сводок приземных данных (суша),307021,(Суммарная последовательность для представления кода METAR/SPECI в BUFR),,307018,Погноз на посадку трендового типа,,,,Operational
bufr4/3/07/021/2/307015,07,Категория 07 — Последовательности сводок приземных данных (суша),307021,(Суммарная последовательность для представления кода METAR/SPECI в BUFR),,307015,Группа(ы) облаков,,,,Operational
bufr4/3/07/022/1/001015,07,Категория 07 — Последовательности сводок приземных данных (суша),307022,(Данные наземных ГЛОНАСС),,001015,Название станции или поста,,,,Operational
bufr4/3/07/022/1/301011,07,Категория 07 — Последовательности сводок приземных данных (суша),307022,(Данные наземных ГЛОНАСС),,301011,"Год, месяц, день",,,,Operational
bufr4/3/07/022/1/301012,07,Категория 07 — Последовательности сводок приземных данных (суша),307022,(Данные наземных ГЛОНАСС),,301012,"Час, минута",,,,Operational
bufr4/3/07/022/1/301022,07,Категория 07 — Последовательности сводок приземных данных (суша),307022,(Данные наземных ГЛОНАСС),,301022,"Широта/долгота (высокая точность), высота станции",,,,Operational
bufr4/3/07/022/1/008021,07,Категория 07 — Последовательности сводок приземных данных (суша),307022,(Данные наземных ГЛОНАСС),,008021,Значимость времени,= 23 Период мониторинга,,,Operational
bufr4/3/07/022/1/010004,07,Категория 07 — Последовательности сводок приземных данных (суша),307022,(Данные наземных ГЛОНАСС),,010004,Давление,,,,Operational
bufr4/3/07/022/1/012001,07,Категория 07 — Последовательности сводок приземных данных (суша),307022,(Данные наземных ГЛОНАСС),,012001,Температура/температура воздуха,,,,Operational
bufr4/3/07/022/1/013003,07,Категория 07 — Последовательности сводок приземных данных (суша),307022,(Данные наземных ГЛОНАСС),,013003,Относительная влажность,,,,Operational
bufr4/3/07/022/1/033038,07,Категория 07 — Последовательности сводок приземных данных (суша),307022,(Данные наземных ГЛОНАСС),,033038,Флаги качества для данных наземной ГЛОНАСС,,,,Operational
bufr4/3/07/022/1/008022,07,Категория 07 — Последовательности сводок приземных данных (суша),307022,(Данные наземных ГЛОНАСС),,008022,Общее число (для суммы или среднего значения) Количество используемых спутников ГЛОНАСС,,,,Operational
bufr4/3/07/022/1/106025,07,Категория 07 — Последовательности сводок приземных данных (суша),307022,(Данные наземных ГЛОНАСС),,106025,Повторить 6 дескрипторов 25 раз,,,,Operational
bufr4/3/07/022/1/002020,07,Категория 07 — Последовательности сводок приземных данных (суша),307022,(Данные наземных ГЛОНАСС),,002020,Классификация спутников,,,,Operational
bufr4/3/07/022/1/001050,07,Категория 07 — Последовательности сводок приземных данных (суша),307022,(Данные наземных ГЛОНАСС),,001050,Идентификационный номер передатчика платформы,,,,Operational
bufr4/3/07/022/1/005021,07,Категория 07 — Последовательности сводок приземных данных (суша),307022,(Данные наземных ГЛОНАСС),,005021,Пеленг или азимут,,,,Operational
bufr4/3/07/022/1/007021,07,Категория 07 — Последовательности сводок приземных данных (суша),307022,(Данные наземных ГЛОНАСС),,007021,Возвышение,,,,Operational
bufr4/3/07/022/1/015031,07,Категория 07 — Последовательности сводок приземных данных (суша),307022,(Данные наземных ГЛОНАСС),,015031,Задержка спутникового сигнала при прохождении через атмосферу,,,,Operational
bufr4/3/07/022/1/015032,07,Категория 07 — Последовательности сводок приземных данных (суша),307022,(Данные наземных ГЛОНАСС),,015032,Оцениваемая ошибка в задержке при прохождении сигнала через атмосферу,,,,Operational
bufr4/3/07/022/1/008060,07,Категория 07 — Последовательности сводок приземных данных (суша),307022,(Данные наземных ГЛОНАСС),,008060,Значимость режима сканирования выборки = 5 Север/юг,,,,Operational
bufr4/3/07/022/1/015033,07,Категория 07 — Последовательности сводок приземных данных (суша),307022,(Данные наземных ГЛОНАСС),,015033,Разность задержек прохождения для горизонтальных проекций при экстремальных значениях сканирования,,,,Operational
bufr4/3/07/022/1/015034,07,Категория 07 — Последовательности сводок приземных данных (суша),307022,(Данные наземных ГЛОНАСС),,015034,Оцениваемая ошибка в разности задержки прохождения,,,,Operational
bufr4/3/07/022/2/008060,07,Категория 07 — Последовательности сводок приземных данных (суша),307022,(Данные наземных ГЛОНАСС),,008060,Значимость режима сканирования выборки = 6 Восток/запад,,,,Operational
bufr4/3/07/022/2/015033,07,Категория 07 — Последовательности сводок приземных данных (суша),307022,(Данные наземных ГЛОНАСС),,015033,Разность задержек прохождения для горизонтальных проекций при экстремальных значениях сканирования,,,,Operational
bufr4/3/07/022/2/015034,07,Категория 07 — Последовательности сводок приземных данных (суша),307022,(Данные наземных ГЛОНАСС),,015034,Оцениваемая ошибка в разности задержки прохождения,,,,Operational
bufr4/3/07/022/1/015035,07,Категория 07 — Последовательности сводок приземных данных (суша),307022,(Данные наземных ГЛОНАСС),,015035,Компонент задержки вертикального прохождения из-за водяного пара,,,,Operational
bufr4/3/07/022/1/201131,07,Категория 07 — Последовательности сводок приземных данных (суша),307022,(Данные наземных ГЛОНАСС),,201131,Изменить длину данных,,,,Operational
bufr4/3/07/022/1/202129,07,Категория 07 — Последовательности сводок приземных данных (суша),307022,(Данные наземных ГЛОНАСС),,202129,Изменить масштаб,,,,Operational
bufr4/3/07/022/1/013016,07,Категория 07 — Последовательности сводок приземных данных (суша),307022,(Данные наземных ГЛОНАСС),,013016,Осаждаемая вода,,,,Operational
bufr4/3/07/022/1/202000,07,Категория 07 — Последовательности сводок приземных данных (суша),307022,(Данные наземных ГЛОНАСС),,202000,Изменить масштаб,Отмена,,,Operational
bufr4/3/07/022/1/201000,07,Категория 07 — Последовательности сводок приземных данных (суша),307022,(Данные наземных ГЛОНАСС),,201000,Изменить длину данных,Отмена,,,Operational
bufr4/3/07/022/1/015011,07,Категория 07 — Последовательности сводок приземных данных (суша),307022,(Данные наземных ГЛОНАСС),,015011,Log суммарной плотности электрона,10,,,Operational
bufr4/3/07/030/1/015001,07,Категория 07 — Последовательности сводок приземных данных (суша),307030,(Данные по озону — единственное наблюдение),,015001,Общее содержание озона,,,,Operational
bufr4/3/07/030/1/015002,07,Категория 07 — Последовательности сводок приземных данных (суша),307030,(Данные по озону — единственное наблюдение),,015002,Воздушная масса (наклонная траектория на высоте 22 км),,,,Operational
bufr4/3/07/031/1/008022,07,Категория 07 — Последовательности сводок приземных данных (суша),307031,(Данные по озону — усредненные наблюдения),,008022,Общее число (для суммы или среднего значения),Количество измерений,,,Operational
bufr4/3/07/031/1/008023,07,Категория 07 — Последовательности сводок приземных данных (суша),307031,(Данные по озону — усредненные наблюдения),,008023,Статистические данные первого порядка,= 4 Среднее значение,,,Operational
bufr4/3/07/031/1/015001,07,Категория 07 — Последовательности сводок приземных данных (суша),307031,(Данные по озону — усредненные наблюдения),,015001,Общее содержание озона,Усредненная величина измерения озона,,,Operational
bufr4/3/07/031/2/008023,07,Категория 07 — Последовательности сводок приземных данных (суша),307031,(Данные по озону — усредненные наблюдения),,008023,Статистические данные первого порядка,= 9 Лучшая оценка стандартного отклонения,,,Operational
bufr4/3/07/031/2/015001,07,Категория 07 — Последовательности сводок приземных данных (суша),307031,(Данные по озону — усредненные наблюдения),,015001,Общее содержание озона,Лучшая оценка стандартного отклонения результатов измерения озона,,,Operational
bufr4/3/07/031/3/008023,07,Категория 07 — Последовательности сводок приземных данных (суша),307031,(Данные по озону — усредненные наблюдения),,008023,Статистические данные первого порядка,= 11 Среднее гармоническое,,,Operational
bufr4/3/07/031/1/015002,07,Категория 07 — Последовательности сводок приземных данных (суша),307031,(Данные по озону — усредненные наблюдения),,015002,Воздушная масса (наклонная траектория на высоте 22 км),Среднее гармоническое значение воздушной массы,,,Operational
bufr4/3/07/041/1/001015,07,Категория 07 — Последовательности сводок приземных данных (суша),307041,"(Данные измерения общего содержания озона наземным спектрофотометром Брюйера, полученные путем единственного наблюдения)",,001015,Название станции или поста,,,,Operational
bufr4/3/07/041/1/301024,07,Категория 07 — Последовательности сводок приземных данных (суша),307041,"(Данные измерения общего содержания озона наземным спектрофотометром Брюйера, полученные путем единственного наблюдения)",,301024,"Широта/долгота (низкая точность), высота станции",,,,Operational
bufr4/3/07/041/1/301011,07,Категория 07 — Последовательности сводок приземных данных (суша),307041,"(Данные измерения общего содержания озона наземным спектрофотометром Брюйера, полученные путем единственного наблюдения)",,301011,"Год, месяц, день",Измерение озона,,,Operational
bufr4/3/07/041/1/301012,07,Категория 07 — Последовательности сводок приземных данных (суша),307041,"(Данные измерения общего содержания озона наземным спектрофотометром Брюйера, полученные путем единственного наблюдения)",,301012,"Час, минута",Измерение озона,,,Operational
bufr4/3/07/041/1/307030,07,Категория 07 — Последовательности сводок приземных данных (суша),307041,"(Данные измерения общего содержания озона наземным спектрофотометром Брюйера, полученные путем единственного наблюдения)",,307030,Данные по озону — единственное наблюдение,,,,Operational
bufr4/3/07/042/1/301001,07,Категория 07 — Последовательности сводок приземных данных (суша),307042,"(Данные измерения общего содержания озона наземным спектрофотометром Брюйера, полученные в результате усредненных наблюдений)",,301001,Номера блока и станции ВМО,,,,Operational
bufr4/3/07/042/1/001015,07,Категория 07 — Последовательности сводок приземных данных (суша),307042,"(Данные измерения общего содержания озона наземным спектрофотометром Брюйера, полученные в результате усредненных наблюдений)",,001015,Название станции или поста,,,,Operational
bufr4/3/07/042/1/301024,07,Категория 07 — Последовательности сводок приземных данных (суша),307042,"(Данные измерения общего содержания озона наземным спектрофотометром Брюйера, полученные в результате усредненных наблюдений)",,301024,"Широта/долгота (низкая точность), высота станции",,,,Operational
bufr4/3/07/042/1/301011,07,Категория 07 — Последовательности сводок приземных данных (суша),307042,"(Данные измерения общего содержания озона наземным спектрофотометром Брюйера, полученные в результате усредненных наблюдений)",,301011,"Год, месяц, день",Измерение озона,,,Operational
bufr4/3/07/042/1/301012,07,Категория 07 — Последовательности сводок приземных данных (суша),307042,"(Данные измерения общего содержания озона наземным спектрофотометром Брюйера, полученные в результате усредненных наблюдений)",,301012,"Час, минута",Измерение озона,,,Operational
bufr4/3/07/042/1/008021,07,Категория 07 — Последовательности сводок приземных данных (суша),307042,"(Данные измерения общего содержания озона наземным спектрофотометром Брюйера, полученные в результате усредненных наблюдений)",,008021,Значимость времени,= 8 Среднее по ансамблю,,,Operational
bufr4/3/07/042/1/004025,07,Категория 07 — Последовательности сводок приземных данных (суша),307042,"(Данные измерения общего содержания озона наземным спектрофотометром Брюйера, полученные в результате усредненных наблюдений)",,004025,Временной период или отклонение,Временной период (минуты) для вычисления среднего значения,,,Operational
bufr4/3/07/042/1/301070,07,Категория 07 — Последовательности сводок приземных данных (суша),307042,"(Данные измерения общего содержания озона наземным спектрофотометром Брюйера, полученные в результате усредненных наблюдений)",,301070,Приборы для измерения озона — спектрофотометр Брюйера,,,,Operational
bufr4/3/07/042/1/307031,07,Категория 07 — Последовательности сводок приземных данных (суша),307042,"(Данные измерения общего содержания озона наземным спектрофотометром Брюйера, полученные в результате усредненных наблюдений)",,307031,Данные по озону — усредненные наблюдения,,,,Operational
bufr4/3/07/043/1/001015,07,Категория 07 — Последовательности сводок приземных данных (суша),307043,"(Данные измерения общего содержания озона наземным спектрофотометром Добсона, полученные в результате единственного наблюдения)",,001015,Название станции или поста,,,,Operational
bufr4/3/07/043/1/301024,07,Категория 07 — Последовательности сводок приземных данных (суша),307043,"(Данные измерения общего содержания озона наземным спектрофотометром Добсона, полученные в результате единственного наблюдения)",,301024,"Широта/долгота (низкая точность), высота станции",,,,Operational
bufr4/3/07/043/1/301011,07,Категория 07 — Последовательности сводок приземных данных (суша),307043,"(Данные измерения общего содержания озона наземным спектрофотометром Добсона, полученные в результате единственного наблюдения)",,301011,"Год, месяц, день",Измерение озона,,,Operational
bufr4/3/07/043/1/301012,07,Категория 07 — Последовательности сводок приземных данных (суша),307043,"(Данные измерения общего содержания озона наземным спектрофотометром Добсона, полученные в результате единственного наблюдения)",,301012,"Час, минута",Измерение озона,,,Operational
bufr4/3/07/043/1/307030,07,Категория 07 — Последовательности сводок приземных данных (суша),307043,"(Данные измерения общего содержания озона наземным спектрофотометром Добсона, полученные в результате единственного наблюдения)",,307030,Данные по озону — единственное наблюдение,,,,Operational
bufr4/3/07/044/1/301001,07,Категория 07 — Последовательности сводок приземных данных (суша),307044,"(Данные измерения общего содержания озона наземным спектрофотометром Добсона, полученные в результате усредненных наблюдений)",,301001,Номера блока и станции ВМО,,,,Operational
bufr4/3/07/044/1/001015,07,Категория 07 — Последовательности сводок приземных данных (суша),307044,"(Данные измерения общего содержания озона наземным спектрофотометром Добсона, полученные в результате усредненных наблюдений)",,001015,Название станции или поста,,,,Operational
bufr4/3/07/044/1/301024,07,Категория 07 — Последовательности сводок приземных данных (суша),307044,"(Данные измерения общего содержания озона наземным спектрофотометром Добсона, полученные в результате усредненных наблюдений)",,301024,"Широта/долгота (низкая точность), высота станции",,,,Operational
bufr4/3/07/044/1/301011,07,Категория 07 — Последовательности сводок приземных данных (суша),307044,"(Данные измерения общего содержания озона наземным спектрофотометром Добсона, полученные в результате усредненных наблюдений)",,301011,"Год, месяц, день",Измерение озона,,,Operational
bufr4/3/07/044/1/301012,07,Категория 07 — Последовательности сводок приземных данных (суша),307044,"(Данные измерения общего содержания озона наземным спектрофотометром Добсона, полученные в результате усредненных наблюдений)",,301012,"Час, минута",Измерение озона,,,Operational
bufr4/3/07/044/1/008021,07,Категория 07 — Последовательности сводок приземных данных (суша),307044,"(Данные измерения общего содержания озона наземным спектрофотометром Добсона, полученные в результате усредненных наблюдений)",,008021,Значимость времени,= 8 Среднее по ансамблю,,,Operational
bufr4/3/07/044/1/004025,07,Категория 07 — Последовательности сводок приземных данных (суша),307044,"(Данные измерения общего содержания озона наземным спектрофотометром Добсона, полученные в результате усредненных наблюдений)",,004025,Временной период или отклонение,Временной период (минуты) для вычисления среднего значения,,,Operational
bufr4/3/07/044/1/307031,07,Категория 07 — Последовательности сводок приземных данных (суша),307044,"(Данные измерения общего содержания озона наземным спектрофотометром Добсона, полученные в результате усредненных наблюдений)",,307031,Данные по озону — усредненные наблюдения,,,,Operational
bufr4/3/07/045/1/001063,07,Категория 07 — Последовательности сводок приземных данных (суша),307045,(Основная часть кода METAR/SPECI) вместо 3 07 011,,001063,Индекс местоположения ИКАО,CCCC,,,Operational
bufr4/3/07/045/1/008079,07,Категория 07 — Последовательности сводок приземных данных (суша),307045,(Основная часть кода METAR/SPECI) вместо 3 07 011,,008079,Статус продукции,METAR SPECI COR,,,Operational
bufr4/3/07/045/1/002001,07,Категория 07 — Последовательности сводок приземных данных (суша),307045,(Основная часть кода METAR/SPECI) вместо 3 07 011,,002001,Тип станции,AUTO,,,Operational
bufr4/3/07/045/1/301011,07,Категория 07 — Последовательности сводок приземных данных (суша),307045,(Основная часть кода METAR/SPECI) вместо 3 07 011,,301011,"Год, месяц, день",YY,,,Operational
bufr4/3/07/045/1/301012,07,Категория 07 — Последовательности сводок приземных данных (суша),307045,(Основная часть кода METAR/SPECI) вместо 3 07 011,,301012,"Час, минута",GGgg,,,Operational
bufr4/3/07/045/1/007030,07,Категория 07 — Последовательности сводок приземных данных (суша),307045,(Основная часть кода METAR/SPECI) вместо 3 07 011,,007030,Высота площадки станции над средним уровнем моря,,,,Operational
bufr4/3/07/045/1/007031,07,Категория 07 — Последовательности сводок приземных данных (суша),307045,(Основная часть кода METAR/SPECI) вместо 3 07 011,,007031,Высота барометра над средним уровнем моря,,,,Operational
bufr4/3/07/045/1/007032,07,Категория 07 — Последовательности сводок приземных данных (суша),307045,(Основная часть кода METAR/SPECI) вместо 3 07 011,,007032,Высота датчика над местной площадкой (или палубой морской платформы),= 10 м (если фактическая величина отсутствует),,,Operational
bufr4/3/07/045/1/011001,07,Категория 07 — Последовательности сводок приземных данных (суша),307045,(Основная часть кода METAR/SPECI) вместо 3 07 011,,011001,Направление ветра,ddd,,,Operational
bufr4/3/07/045/1/011016,07,Категория 07 — Последовательности сводок приземных данных (суша),307045,(Основная часть кода METAR/SPECI) вместо 3 07 011,,011016,Экстремальное отклонение направления переменного ветра против часовой стрелки,d n d n d n,,,Operational
bufr4/3/07/045/1/011017,07,Категория 07 — Последовательности сводок приземных данных (суша),307045,(Основная часть кода METAR/SPECI) вместо 3 07 011,,011017,Экстремальное отклонение направления переменного ветра по часовой стрелке,d x d x d x,,,Operational
bufr4/3/07/045/1/008054,07,Категория 07 — Последовательности сводок приземных данных (суша),307045,(Основная часть кода METAR/SPECI) вместо 3 07 011,,008054,Описатель для скорости ветра или порывов ветра,P,,,Operational
bufr4/3/07/045/1/011083,07,Категория 07 — Последовательности сводок приземных данных (суша),307045,(Основная часть кода METAR/SPECI) вместо 3 07 011,,011083,Скорость ветра (см. примечание 1),ff — км/ч,,1,Operational
bufr4/3/07/045/1/011084,07,Категория 07 — Последовательности сводок приземных данных (суша),307045,(Основная часть кода METAR/SPECI) вместо 3 07 011,,011084,Скорость ветра (см. примечание 1),ff — уз,,1,Operational
bufr4/3/07/045/1/011002,07,Категория 07 — Последовательности сводок приземных данных (суша),307045,(Основная часть кода METAR/SPECI) вместо 3 07 011,,011002,Скорость ветра (см. примечание 1),ff — м/с,,1,Operational
bufr4/3/07/045/2/008054,07,Категория 07 — Последовательности сводок приземных данных (суша),307045,(Основная часть кода METAR/SPECI) вместо 3 07 011,,008054,Описатель для скорости ветра или порывов ветра,P,,,Operational
bufr4/3/07/045/1/011085,07,Категория 07 — Последовательности сводок приземных данных (суша),307045,(Основная часть кода METAR/SPECI) вместо 3 07 011,,011085,Максимальная скорость ветра при порыве (см. примечание 2),fm fm — км/ч,,2,Operational
bufr4/3/07/045/1/011086,07,Категория 07 — Последовательности сводок приземных данных (суша),307045,(Основная часть кода METAR/SPECI) вместо 3 07 011,,011086,Максимальная скорость ветра при порыве (см. примечание 2),fm fm — уз,,2,Operational
bufr4/3/07/045/1/011041,07,Категория 07 — Последовательности сводок приземных данных (суша),307045,(Основная часть кода METAR/SPECI) вместо 3 07 011,,011041,Максимальная скорость ветра при порыве (см. примечание 2),fm fm — м/с,,2,Operational
bufr4/3/07/045/3/008054,07,Категория 07 — Последовательности сводок приземных данных (суша),307045,(Основная часть кода METAR/SPECI) вместо 3 07 011,,008054,Описатель для скорости ветра или порывов ветра,Установлено на отсутствующее значение (отмена),,,Operational
bufr4/3/07/045/2/007032,07,Категория 07 — Последовательности сводок приземных данных (суша),307045,(Основная часть кода METAR/SPECI) вместо 3 07 011,,007032,Высота датчика над местной площадкой (или палубой морской платформы),= 2 м (если фактическая величина отсутствует),,,Operational
bufr4/3/07/045/1/012023,07,Категория 07 — Последовательности сводок приземных данных (суша),307045,(Основная часть кода METAR/SPECI) вместо 3 07 011,,012023,Температура,T'T' — по Цельсию,,,Operational
bufr4/3/07/045/1/012024,07,Категория 07 — Последовательности сводок приземных данных (суша),307045,(Основная часть кода METAR/SPECI) вместо 3 07 011,,012024,Температура точки росы,T'd T'd — по Цельсию,,,Operational
bufr4/3/07/045/3/007032,07,Категория 07 — Последовательности сводок приземных данных (суша),307045,(Основная часть кода METAR/SPECI) вместо 3 07 011,,007032,Высота датчика над местной площадкой (или палубой морской платформы),Установлено на отсутствующее значение (отмена),,,Operational
bufr4/3/07/045/1/010052,07,Категория 07 — Последовательности сводок приземных данных (суша),307045,(Основная часть кода METAR/SPECI) вместо 3 07 011,,010052,Установка высотомера (QNH),QPhPhPhPh,,,Operational
bufr4/3/07/045/1/020009,07,Категория 07 — Последовательности сводок приземных данных (суша),307045,(Основная часть кода METAR/SPECI) вместо 3 07 011,,020009,Общий указатель погоды (TAF/METAR),CAVOK,,,Operational
bufr4/3/07/046/1/020060,07,Категория 07 — Последовательности сводок приземных данных (суша),307046,(Видимость METAR/SPECI),,020060,Преобладающая горизонтальная видимость,VVVV или VVVVNDV,,,Operational
bufr4/3/07/046/1/102000,07,Категория 07 — Последовательности сводок приземных данных (суша),307046,(Видимость METAR/SPECI),,102000,Повторение с задержкой 2 дескрипторов,,,,Operational
bufr4/3/07/046/1/031001,07,Категория 07 — Последовательности сводок приземных данных (суша),307046,(Видимость METAR/SPECI),,031001,Коэффициент повторения дескриптора с задержкой,До 2,,,Operational
bufr4/3/07/046/1/005021,07,Категория 07 — Последовательности сводок приземных данных (суша),307046,(Видимость METAR/SPECI),,005021,Пеленг или азимут,Направление минимальной наблюдаемой видимости Dv,,,Operational
bufr4/3/07/046/1/020059,07,Категория 07 — Последовательности сводок приземных данных (суша),307046,(Видимость METAR/SPECI),,020059,Минимальная горизонтальная видимость,VNVNVNVN,,,Operational
bufr4/3/07/047/1/031001,07,Категория 07 — Последовательности сводок приземных данных (суша),307047,"(Облака METAR/SPECI/TAF), вместо 3 07 015",,031001,Коэффициент повторения дескриптора с задержкой,,,,Operational
bufr4/3/07/047/1/008002,07,Категория 07 — Последовательности сводок приземных данных (суша),307047,"(Облака METAR/SPECI/TAF), вместо 3 07 015",,008002,Вертикальная значимость (приземные наблюдения),,,,Operational
bufr4/3/07/047/1/020011,07,Категория 07 — Последовательности сводок приземных данных (суша),307047,"(Облака METAR/SPECI/TAF), вместо 3 07 015",,020011,Количество облаков,NsNsNs,,,Operational
bufr4/3/07/047/1/020012,07,Категория 07 — Последовательности сводок приземных данных (суша),307047,"(Облака METAR/SPECI/TAF), вместо 3 07 015",,020012,Тип облаков,CC,,,Operational
bufr4/3/07/047/1/020013,07,Категория 07 — Последовательности сводок приземных данных (суша),307047,"(Облака METAR/SPECI/TAF), вместо 3 07 015",,020013,Высота нижней границы облаков,hs hs hs — м,,,Operational
bufr4/3/07/047/1/020092,07,Категория 07 — Последовательности сводок приземных данных (суша),307047,"(Облака METAR/SPECI/TAF), вместо 3 07 015",,020092,Высота нижней границы облаков,hs hs hs — футы,,,Operational
bufr4/3/07/047/1/020002,07,Категория 07 — Последовательности сводок приземных данных (суша),307047,"(Облака METAR/SPECI/TAF), вместо 3 07 015",,020002,Вертикальная видимость,VVhs hs hs — м,,,Operational
bufr4/3/07/047/1/020091,07,Категория 07 — Последовательности сводок приземных данных (суша),307047,"(Облака METAR/SPECI/TAF), вместо 3 07 015",,020091,Вертикальная видимость,VVhs hs hs — футы,,,Operational
bufr4/3/07/048/1/008016,07,Категория 07 — Последовательности сводок приземных данных (суша),307048,(Прогноз трендового типа) вместо 3 07 018,,008016,Описатель изменения прогноза трендового типа или прогноза по аэродрому,TTTTT NOSIG,,,Operational
bufr4/3/07/048/1/031001,07,Категория 07 — Последовательности сводок приземных данных (суша),307048,(Прогноз трендового типа) вместо 3 07 018,,031001,"Коэффициент повторения дескриптора с задержкой = 0, 1 или 2",,,,Operational
bufr4/3/07/048/1/008017,07,Категория 07 — Последовательности сводок приземных данных (суша),307048,(Прогноз трендового типа) вместо 3 07 018,,008017,"Описатель времени, когда ожидается изменение прогноза",TT,,,Operational
bufr4/3/07/048/1/112000,07,Категория 07 — Последовательности сводок приземных данных (суша),307048,(Прогноз трендового типа) вместо 3 07 018,,112000,Повторение с задержкой 12 дескрипторов,,,,Operational
bufr4/3/07/048/1/031000,07,Категория 07 — Последовательности сводок приземных данных (суша),307048,(Прогноз трендового типа) вместо 3 07 018,,031000,Коэффициент повторения короткого дескриптора с задержкой,= 0 или 1,,,Operational
bufr4/3/07/048/1/007032,07,Категория 07 — Последовательности сводок приземных данных (суша),307048,(Прогноз трендового типа) вместо 3 07 018,,007032,Высота датчика над местной площадкой (или палубой морской платформы),= 10 м (если фактическая величина отсутствует),,,Operational
bufr4/3/07/048/1/011001,07,Категория 07 — Последовательности сводок приземных данных (суша),307048,(Прогноз трендового типа) вместо 3 07 018,,011001,Направление ветра,ddd,,,Operational
bufr4/3/07/048/1/008054,07,Категория 07 — Последовательности сводок приземных данных (суша),307048,(Прогноз трендового типа) вместо 3 07 018,,008054,Описатель для скорости ветра или порывов ветра,P,,,Operational
bufr4/3/07/048/1/011083,07,Категория 07 — Последовательности сводок приземных данных (суша),307048,(Прогноз трендового типа) вместо 3 07 018,,011083,Скорость ветра (см. примечание 1),ff — км/ч,,1,Operational
bufr4/3/07/048/1/011084,07,Категория 07 — Последовательности сводок приземных данных (суша),307048,(Прогноз трендового типа) вместо 3 07 018,,011084,Скорость ветра (см. примечание 1),ff — уз,,1,Operational
bufr4/3/07/048/1/011002,07,Категория 07 — Последовательности сводок приземных данных (суша),307048,(Прогноз трендового типа) вместо 3 07 018,,011002,Скорость ветра (см. примечание 1),ff — м/с,,1,Operational
bufr4/3/07/048/2/008054,07,Категория 07 — Последовательности сводок приземных данных (суша),307048,(Прогноз трендового типа) вместо 3 07 018,,008054,Описатель для скорости ветра или порывов ветра,P,,,Operational
bufr4/3/07/048/1/011085,07,Категория 07 — Последовательности сводок приземных данных (суша),307048,(Прогноз трендового типа) вместо 3 07 018,,011085,Максимальная скорость ветра при порыве (см. примечание 2),fm fm — км/ч,,2,Operational
bufr4/3/07/048/1/011086,07,Категория 07 — Последовательности сводок приземных данных (суша),307048,(Прогноз трендового типа) вместо 3 07 018,,011086,Максимальная скорость ветра при порыве (см. примечание 2),fm fm — уз,,2,Operational
bufr4/3/07/048/1/011041,07,Категория 07 — Последовательности сводок приземных данных (суша),307048,(Прогноз трендового типа) вместо 3 07 018,,011041,Максимальная скорость ветра при порыве (см. примечание 2),fm fm — м/с,,2,Operational
bufr4/3/07/048/3/008054,07,Категория 07 — Последовательности сводок приземных данных (суша),307048,(Прогноз трендового типа) вместо 3 07 018,,008054,Описатель для скорости ветра или порывов ветра,Установлено на отсутствующее значение (отмена),,,Operational
bufr4/3/07/048/2/007032,07,Категория 07 — Последовательности сводок приземных данных (суша),307048,(Прогноз трендового типа) вместо 3 07 018,,007032,Высота датчика над местной площадкой (или палубой морской платформы),Установлено на отсутствующее значение (отмена),,,Operational
bufr4/3/07/048/1/020009,07,Категория 07 — Последовательности сводок приземных данных (суша),307048,(Прогноз трендового типа) вместо 3 07 018,,020009,Общий указатель погоды (TAF/METAR),CAVOK NSW NSC,,,Operational
bufr4/3/07/048/1/101000,07,Категория 07 — Последовательности сводок приземных данных (суша),307048,(Прогноз трендового типа) вместо 3 07 018,,101000,Повторение с задержкой 1 дескриптора,,,,Operational
bufr4/3/07/048/2/031000,07,Категория 07 — Последовательности сводок приземных данных (суша),307048,(Прогноз трендового типа) вместо 3 07 018,,031000,Коэффициент повторения короткого дескриптора с задержкой,= 0 или 1,,,Operational
bufr4/3/07/048/1/020060,07,Категория 07 — Последовательности сводок приземных данных (суша),307048,(Прогноз трендового типа) вместо 3 07 018,,020060,Преобладающая горизонтальная видимость,VVVV,,,Operational
bufr4/3/07/048/1/307014,07,Категория 07 — Последовательности сводок приземных данных (суша),307048,(Прогноз трендового типа) вместо 3 07 018,,307014,Особые явления текущей или прогнозируемой погоды,Интенсивность явления погоды и возникновение явления погоды w'w',,,Operational
bufr4/3/07/048/1/307047,07,Категория 07 — Последовательности сводок приземных данных (суша),307048,(Прогноз трендового типа) вместо 3 07 018,,307047,"Облака METAR/SPECI/TAF, вместо 3 07 015",Ns Ns Ns h1h2h3,,,Operational
bufr4/3/07/049/1/102000,07,Категория 07 — Последовательности сводок приземных данных (суша),307049,(Морские условия),,102000,Повторение с задержкой 2 дескрипторов,,,,Operational
bufr4/3/07/049/1/031000,07,Категория 07 — Последовательности сводок приземных данных (суша),307049,(Морские условия),,031000,Коэффициент повторения короткого дескриптора с задержкой,= 0 или 1,,,Operational
bufr4/3/07/049/1/022043,07,Категория 07 — Последовательности сводок приземных данных (суша),307049,(Морские условия),,022043,Температура моря/воды,Ts Ts,,,Operational
bufr4/3/07/049/1/022021,07,Категория 07 — Последовательности сводок приземных данных (суша),307049,(Морские условия),,022021,Высота волн,S',,,Operational
bufr4/3/07/050/1/031000,07,Категория 07 — Последовательности сводок приземных данных (суша),307050,(Состояние взлетно-посадочной полосы),,031000,Коэффициент повторения короткого дескриптора с задержкой,= 0 или 1,,,Operational
bufr4/3/07/050/1/020085,07,Категория 07 — Последовательности сводок приземных данных (суша),307050,(Состояние взлетно-посадочной полосы),,020085,Общее состояние взлетно-посадочной полосы,SNOCLO,,,Operational
bufr4/3/07/050/1/031001,07,Категория 07 — Последовательности сводок приземных данных (суша),307050,(Состояние взлетно-посадочной полосы),,031001,Коэффициент повторения дескриптора с задержкой,,,,Operational
bufr4/3/07/050/1/001064,07,Категория 07 — Последовательности сводок приземных данных (суша),307050,(Состояние взлетно-посадочной полосы),,001064,Указатель взлетно-посадочной полосы,DRDR,,,Operational
bufr4/3/07/050/2/020085,07,Категория 07 — Последовательности сводок приземных данных (суша),307050,(Состояние взлетно-посадочной полосы),,020085,Общее состояние взлетно-посадочной полосы,CLRD//,,,Operational
bufr4/3/07/050/2/031001,07,Категория 07 — Последовательности сводок приземных данных (суша),307050,(Состояние взлетно-посадочной полосы),,031001,Коэффициент повторения дескриптора с задержкой,,,,Operational
bufr4/3/07/050/2/001064,07,Категория 07 — Последовательности сводок приземных данных (суша),307050,(Состояние взлетно-посадочной полосы),,001064,Указатель взлетно-посадочной полосы,DRDR,,,Operational
bufr4/3/07/050/1/020086,07,Категория 07 — Последовательности сводок приземных данных (суша),307050,(Состояние взлетно-посадочной полосы),,020086,Отложения на взлетно-посадочной полосе,ER,,,Operational
bufr4/3/07/050/1/020087,07,Категория 07 — Последовательности сводок приземных данных (суша),307050,(Состояние взлетно-посадочной полосы),,020087,Загрязнение взлетно-посадочной полосы,CR,,,Operational
bufr4/3/07/050/1/020088,07,Категория 07 — Последовательности сводок приземных данных (суша),307050,(Состояние взлетно-посадочной полосы),,020088,Высота отложений на взлетно-посадочной полосе,eR eR,,,Operational
bufr4/3/07/050/1/020089,07,Категория 07 — Последовательности сводок приземных данных (суша),307050,(Состояние взлетно-посадочной полосы),,020089,Коэффициент трения на взлетно-посадочной полосе,BR BR,,,Operational
bufr4/3/07/051/1/307046,07,Категория 07 — Последовательности сводок приземных данных (суша),307051,"(Полный METAR/SPECI), вместо 3 07 021",,307046,Видимость METAR/SPECI,VVVV или VVVVNDV VNVNVNVNDV,,,Operational
bufr4/3/07/051/1/307013,07,Категория 07 — Последовательности сводок приземных данных (суша),307051,"(Полный METAR/SPECI), вместо 3 07 021",,307013,Дальность видимости на взлетно-посадочной полосе,RDR/VRVRVRVRR,,,Operational
bufr4/3/07/051/1/307014,07,Категория 07 — Последовательности сводок приземных данных (суша),307051,"(Полный METAR/SPECI), вместо 3 07 021",,307014,Особые явления текущей или прогнозируемой погоды,Интенсивность явления погоды и возникновение явления погоды w'w',,,Operational
bufr4/3/07/051/1/307047,07,Категория 07 — Последовательности сводок приземных данных (суша),307051,"(Полный METAR/SPECI), вместо 3 07 021",,307047,"Облака METAR/SPECI/TAF, вместо 3 07 015",Ns Ns Ns h1h2h3,,,Operational
bufr4/3/07/051/1/307017,07,Категория 07 — Последовательности сводок приземных данных (суша),307051,"(Полный METAR/SPECI), вместо 3 07 021",,307017,Сдвиг ветра на взлетно-посадочной(ых) полосе(ах),WS RDRDR,,,Operational
bufr4/3/07/051/1/307049,07,Категория 07 — Последовательности сводок приземных данных (суша),307051,"(Полный METAR/SPECI), вместо 3 07 021",,307049,Морские условия,WTsTs/SS',,,Operational
bufr4/3/07/051/1/307050,07,Категория 07 — Последовательности сводок приземных данных (суша),307051,"(Полный METAR/SPECI), вместо 3 07 021",,307050,Состояние взлетно-посадочной полосы,RDR/ERCRBRDR,,,Operational
bufr4/3/07/051/1/031001,07,Категория 07 — Последовательности сводок приземных данных (суша),307051,"(Полный METAR/SPECI), вместо 3 07 021",,031001,Коэффициент повторения дескриптора с задержкой,= 0 до 3 обычно,,,Operational
bufr4/3/07/052/1/001063,07,Категория 07 — Последовательности сводок приземных данных (суша),307052,(Идентификация и временной интервал прогноза по аэродрому),,001063,Индекс местоположения ИКАО,CCCC,,,Operational
bufr4/3/07/052/1/008039,07,Категория 07 — Последовательности сводок приземных данных (суша),307052,(Идентификация и временной интервал прогноза по аэродрому),,008039,Значимость времени (авиационный прогноз),= 0 Срок выпуска прогноза,,,Operational
bufr4/3/07/052/1/301011,07,Категория 07 — Последовательности сводок приземных данных (суша),307052,(Идентификация и временной интервал прогноза по аэродрому),,301011,"Год, месяц, день",YY,,,Operational
bufr4/3/07/052/1/301012,07,Категория 07 — Последовательности сводок приземных данных (суша),307052,(Идентификация и временной интервал прогноза по аэродрому),,301012,"Час, минута",GGgg,,,Operational
bufr4/3/07/052/1/008079,07,Категория 07 — Последовательности сводок приземных данных (суша),307052,(Идентификация и временной интервал прогноза по аэродрому),,008079,Статус продукции,COR CNL AMD NIL,,,Operational
bufr4/3/07/052/2/008039,07,Категория 07 — Последовательности сводок приземных данных (суша),307052,(Идентификация и временной интервал прогноза по аэродрому),,008039,Значимость времени (авиационный прогноз),= 1 Время начала периода прогноза,,,Operational
bufr4/3/07/052/2/301011,07,Категория 07 — Последовательности сводок приземных данных (суша),307052,(Идентификация и временной интервал прогноза по аэродрому),,301011,"Год, месяц, день",Y1 Y1,,,Operational
bufr4/3/07/052/2/301012,07,Категория 07 — Последовательности сводок приземных данных (суша),307052,(Идентификация и временной интервал прогноза по аэродрому),,301012,"Час, минута",G1 G1,,,Operational
bufr4/3/07/052/3/008039,07,Категория 07 — Последовательности сводок приземных данных (суша),307052,(Идентификация и временной интервал прогноза по аэродрому),,008039,Значимость времени (авиационный прогноз),= 2 Время окончания периода прогноза,,,Operational
bufr4/3/07/052/3/301011,07,Категория 07 — Последовательности сводок приземных данных (суша),307052,(Идентификация и временной интервал прогноза по аэродрому),,301011,"Год, месяц, день",Y2 Y2,,,Operational
bufr4/3/07/052/3/301012,07,Категория 07 — Последовательности сводок приземных данных (суша),307052,(Идентификация и временной интервал прогноза по аэродрому),,301012,"Час, минута",G2 G2,,,Operational
bufr4/3/07/052/1/007030,07,Категория 07 — Последовательности сводок приземных данных (суша),307052,(Идентификация и временной интервал прогноза по аэродрому),,007030,Высота площадки станции над средним уровнем моря,,,,Operational
bufr4/3/07/052/1/007031,07,Категория 07 — Последовательности сводок приземных данных (суша),307052,(Идентификация и временной интервал прогноза по аэродрому),,007031,Высота барометра над средним уровнем моря,,,,Operational
bufr4/3/07/053/1/007032,07,Категория 07 — Последовательности сводок приземных данных (суша),307053,(Прогнозируемая погода на аэродроме),,007032,Высота датчика над местной площадкой (или палубой морской платформы),= 10 м (если фактическая величина отсутствует),,,Operational
bufr4/3/07/053/1/011001,07,Категория 07 — Последовательности сводок приземных данных (суша),307053,(Прогнозируемая погода на аэродроме),,011001,Направление ветра,ddd,,,Operational
bufr4/3/07/053/1/008054,07,Категория 07 — Последовательности сводок приземных данных (суша),307053,(Прогнозируемая погода на аэродроме),,008054,Описатель для скорости ветра или порывов ветра,P,,,Operational
bufr4/3/07/053/1/011083,07,Категория 07 — Последовательности сводок приземных данных (суша),307053,(Прогнозируемая погода на аэродроме),,011083,Скорость ветра (см. примечание 1),ff — км/ч,,1,Operational
bufr4/3/07/053/1/011084,07,Категория 07 — Последовательности сводок приземных данных (суша),307053,(Прогнозируемая погода на аэродроме),,011084,Скорость ветра (см. примечание 1),ff — уз,,1,Operational
bufr4/3/07/053/1/011002,07,Категория 07 — Последовательности сводок приземных данных (суша),307053,(Прогнозируемая погода на аэродроме),,011002,Скорость ветра (см. примечание 1),ff — м/с,,1,Operational
bufr4/3/07/053/2/008054,07,Категория 07 — Последовательности сводок приземных данных (суша),307053,(Прогнозируемая погода на аэродроме),,008054,Описатель для скорости ветра или порывов ветра,P,,,Operational
bufr4/3/07/053/1/011085,07,Категория 07 — Последовательности сводок приземных данных (суша),307053,(Прогнозируемая погода на аэродроме),,011085,Максимальная скорость ветра при порыве (см. примечание 2),fm fm — км/ч,,2,Operational
bufr4/3/07/053/1/011086,07,Категория 07 — Последовательности сводок приземных данных (суша),307053,(Прогнозируемая погода на аэродроме),,011086,Максимальная скорость ветра при порыве (см. примечание 2),fm fm — уз,,2,Operational
bufr4/3/07/053/1/011041,07,Категория 07 — Последовательности сводок приземных данных (суша),307053,(Прогнозируемая погода на аэродроме),,011041,Максимальная скорость ветра при порыве (см. примечание 2),fm fm — м/с,,2,Operational
bufr4/3/07/053/3/008054,07,Категория 07 — Последовательности сводок приземных данных (суша),307053,(Прогнозируемая погода на аэродроме),,008054,Описатель для скорости ветра или порывов ветра,Установлено на отсутствующее значение (отмена),,,Operational
bufr4/3/07/053/2/007032,07,Категория 07 — Последовательности сводок приземных данных (суша),307053,(Прогнозируемая погода на аэродроме),,007032,Высота датчика над местной площадкой (или палубой морской платформы),Установлено на отсутствующее значение (отмена),,,Operational
bufr4/3/07/053/1/020009,07,Категория 07 — Последовательности сводок приземных данных (суша),307053,(Прогнозируемая погода на аэродроме),,020009,Общий указатель погоды (TAF/METAR),CAVOK NSW NSC,,,Operational
bufr4/3/07/053/1/020060,07,Категория 07 — Последовательности сводок приземных данных (суша),307053,(Прогнозируемая погода на аэродроме),,020060,Преобладающая горизонтальная видимость,VVVV,,,Operational
bufr4/3/07/053/1/307014,07,Категория 07 — Последовательности сводок приземных данных (суша),307053,(Прогнозируемая погода на аэродроме),,307014,Особые явления текущей или прогнозируемой погоды,w'w',,,Operational
bufr4/3/07/053/1/307047,07,Категория 07 — Последовательности сводок приземных данных (суша),307053,(Прогнозируемая погода на аэродроме),,307047,"Облака METAR/SPECI/TAF, вместо 3 07 015",Ns Ns Ns h1h2h3,,,Operational
bufr4/3/07/054/1/007032,07,Категория 07 — Последовательности сводок приземных данных (суша),307054,(Прогноз экстремальных температур),,007032,Высота датчика над местной площадкой (или палубой морской платформы),= 2 м (если фактическая величина отсутствует),,,Operational
bufr4/3/07/054/1/008039,07,Категория 07 — Последовательности сводок приземных данных (суша),307054,(Прогноз экстремальных температур),,008039,Значимость времени (авиационный прогноз),= 3 Прогнозируемое время максимальной температуры,,,Operational
bufr4/3/07/054/1/004003,07,Категория 07 — Последовательности сводок приземных данных (суша),307054,(Прогноз экстремальных температур),,004003,День,,,,Operational
bufr4/3/07/054/1/004004,07,Категория 07 — Последовательности сводок приземных данных (суша),307054,(Прогноз экстремальных температур),,004004,Час,GF GF,,,Operational
bufr4/3/07/054/1/008023,07,Категория 07 — Последовательности сводок приземных данных (суша),307054,(Прогноз экстремальных температур),,008023,Статистические данные первого порядка,= 3 Минимум,,,Operational
bufr4/3/07/054/1/012023,07,Категория 07 — Последовательности сводок приземных данных (суша),307054,(Прогноз экстремальных температур),,012023,Температура,TF TF — по Цельсию,,,Operational
bufr4/3/07/054/2/008039,07,Категория 07 — Последовательности сводок приземных данных (суша),307054,(Прогноз экстремальных температур),,008039,Значимость времени (авиационный прогноз),= 4 Прогнозируемое время минимальной температуры,,,Operational
bufr4/3/07/054/2/004003,07,Категория 07 — Последовательности сводок приземных данных (суша),307054,(Прогноз экстремальных температур),,004003,День,,,,Operational
bufr4/3/07/054/2/004004,07,Категория 07 — Последовательности сводок приземных данных (суша),307054,(Прогноз экстремальных температур),,004004,Час,GF GF,,,Operational
bufr4/3/07/054/2/008023,07,Категория 07 — Последовательности сводок приземных данных (суша),307054,(Прогноз экстремальных температур),,008023,Статистические данные первого порядка,= 2 Максимум,,,Operational
bufr4/3/07/054/2/012023,07,Категория 07 — Последовательности сводок приземных данных (суша),307054,(Прогноз экстремальных температур),,012023,Температура,TF TF — по Цельсию,,,Operational
bufr4/3/07/054/3/008023,07,Категория 07 — Последовательности сводок приземных данных (суша),307054,(Прогноз экстремальных температур),,008023,Статистические данные первого порядка,Установлено на отсутствующее значение (отмена),,,Operational
bufr4/3/07/054/2/007032,07,Категория 07 — Последовательности сводок приземных данных (суша),307054,(Прогноз экстремальных температур),,007032,Высота датчика над местной площадкой (или палубой морской платформы),Установлено на отсутствующее значение (отмена),,,Operational
bufr4/3/07/055/1/033045,07,Категория 07 — Последовательности сводок приземных данных (суша),307055,(Указатель изменения и изменения прогноза),,033045,Вероятность последующего события,C2 C2,,,Operational
bufr4/3/07/055/1/008016,07,Категория 07 — Последовательности сводок приземных данных (суша),307055,(Указатель изменения и изменения прогноза),,008016,Описатель изменения прогноза трендового типа или прогноза по аэродрому,TTTTTT,,,Operational
bufr4/3/07/055/1/008039,07,Категория 07 — Последовательности сводок приземных данных (суша),307055,(Указатель изменения и изменения прогноза),,008039,Значимость времени (авиационный прогноз),= 5 Время начала изменения прогноза,,,Operational
bufr4/3/07/055/1/004003,07,Категория 07 — Последовательности сводок приземных данных (суша),307055,(Указатель изменения и изменения прогноза),,004003,День,,,,Operational
bufr4/3/07/055/1/301012,07,Категория 07 — Последовательности сводок приземных данных (суша),307055,(Указатель изменения и изменения прогноза),,301012,"Час, минута",GGgg,,,Operational
bufr4/3/07/055/2/008039,07,Категория 07 — Последовательности сводок приземных данных (суша),307055,(Указатель изменения и изменения прогноза),,008039,Значимость времени (авиационный прогноз),= 6 Время окончания изменения,,,Operational
bufr4/3/07/055/2/004003,07,Категория 07 — Последовательности сводок приземных данных (суша),307055,(Указатель изменения и изменения прогноза),,004003,День,,,,Operational
bufr4/3/07/055/2/301012,07,Категория 07 — Последовательности сводок приземных данных (суша),307055,(Указатель изменения и изменения прогноза),,301012,"Час, минута",Ge Ge,,,Operational
bufr4/3/07/055/1/307053,07,Категория 07 — Последовательности сводок приземных данных (суша),307055,(Указатель изменения и изменения прогноза),,307053,Прогнозируемая погода на аэродроме,Во время или после изменения,,,Operational
bufr4/3/07/056/1/307053,07,Категория 07 — Последовательности сводок приземных данных (суша),307056,(Прогноз по аэродрому — полный TAF),,307053,Прогнозируемая погода на аэродроме,,,,Operational
bufr4/3/07/056/1/307054,07,Категория 07 — Последовательности сводок приземных данных (суша),307056,(Прогноз по аэродрому — полный TAF),,307054,Прогноз экстремальных температур,,,,Operational
bufr4/3/07/056/1/101000,07,Категория 07 — Последовательности сводок приземных данных (суша),307056,(Прогноз по аэродрому — полный TAF),,101000,Повторение с задержкой 1 дескриптора,,,,Operational
bufr4/3/07/056/1/031001,07,Категория 07 — Последовательности сводок приземных данных (суша),307056,(Прогноз по аэродрому — полный TAF),,031001,Коэффициент повторения дескриптора с задержкой,,,,Operational
bufr4/3/07/056/1/307055,07,Категория 07 — Последовательности сводок приземных данных (суша),307056,(Прогноз по аэродрому — полный TAF),,307055,Указатель изменения и изменения прогноза,,,,Operational
bufr4/3/07/060/1/007061,07,Категория 07 — Последовательности сводок приземных данных (суша),307060,(Температура почвы под поверхностью земли),,007061,Глубина от поверхности земли,,,,Operational
bufr4/3/07/060/1/012030,07,Категория 07 — Последовательности сводок приземных данных (суша),307060,(Температура почвы под поверхностью земли),,012030,Температура почвы,,,,Operational
bufr4/3/07/061/1/301031,07,Категория 07 — Последовательности сводок приземных данных (суша),307061,"(Данные о температуре почвы на глубинах, число которых не превышает пяти — местоположение c высокой точностью)",,301031,"Идентификация и тип станции, дата/время, местоположение (высокая точность), высота станции",,,,Operational
bufr4/3/07/061/1/101005,07,Категория 07 — Последовательности сводок приземных данных (суша),307061,"(Данные о температуре почвы на глубинах, число которых не превышает пяти — местоположение c высокой точностью)",,101005,Повторить 1 дескриптор 5 раз,,,,Operational
bufr4/3/07/061/1/307060,07,Категория 07 — Последовательности сводок приземных данных (суша),307061,"(Данные о температуре почвы на глубинах, число которых не превышает пяти — местоположение c высокой точностью)",,307060,Температура почвы под поверхностью земли,,,,Operational
bufr4/3/07/062/1/301032,07,Категория 07 — Последовательности сводок приземных данных (суша),307062,"(Данные о температуре почвы на глубинах, число которых не превышает пяти — местоположение c низкой точностью)",,301032,"Идентификация и тип станции, дата/время, местоположение (низкая точность), высота станции",,,,Operational
bufr4/3/07/062/1/101005,07,Категория 07 — Последовательности сводок приземных данных (суша),307062,"(Данные о температуре почвы на глубинах, число которых не превышает пяти — местоположение c низкой точностью)",,101005,Повторить 1 дескриптор 5 раз,,,,Operational
bufr4/3/07/062/1/307060,07,Категория 07 — Последовательности сводок приземных данных (суша),307062,"(Данные о температуре почвы на глубинах, число которых не превышает пяти — местоположение c низкой точностью)",,307060,Температура почвы под поверхностью земли,,,,Operational
bufr4/3/07/063/1/007061,07,Категория 07 — Последовательности сводок приземных данных (суша),307063,(Глубина от поверхности земли и температура почвы),,007061,Глубина от поверхности земли,,,,Operational
bufr4/3/07/063/1/012130,07,Категория 07 — Последовательности сводок приземных данных (суша),307063,(Глубина от поверхности земли и температура почвы),,012130,Температура почвы,Масштаб: 2,,,Operational
bufr4/3/07/071/1/004074,07,Категория 07 — Последовательности сводок приземных данных (суша),307071,(Месячные значения с наземной станции),,004074,Кратковременный период или отклонение,= ВСВ – МВ (см. примечание 3),,3,Operational
bufr4/3/07/071/1/004023,07,Категория 07 — Последовательности сводок приземных данных (суша),307071,(Месячные значения с наземной станции),,004023,Временной период или отклонение,Количество дней в месяце,,,Operational
bufr4/3/07/071/1/008023,07,Категория 07 — Последовательности сводок приземных данных (суша),307071,(Месячные значения с наземной станции),,008023,Статистические данные первого порядка,= 4 Среднее значение,,,Operational
bufr4/3/07/071/1/010051,07,Категория 07 — Последовательности сводок приземных данных (суша),307071,(Месячные значения с наземной станции),,010051,"Давление, приведенное к среднему уровню моря",,,,Operational
bufr4/3/07/071/1/007004,07,Категория 07 — Последовательности сводок приземных данных (суша),307071,(Месячные значения с наземной станции),,007004,Давление,Стандартный уровень | Установлено на отсутствующее значение для станций в низменной местности,,,Operational
bufr4/3/07/071/1/010009,07,Категория 07 — Последовательности сводок приземных данных (суша),307071,(Месячные значения с наземной станции),,010009,Геопотенциальная высота,Стандартный уровень | Установлено на отсутствующее значение для станций в низменной местности,,,Operational
bufr4/3/07/071/1/007032,07,Категория 07 — Последовательности сводок приземных данных (суша),307071,(Месячные значения с наземной станции),,007032,Высота датчика над местной площадкой (или палубой морской платформы) (см. примечание 4),,,4,Operational
bufr4/3/07/071/1/002051,07,Категория 07 — Последовательности сводок приземных данных (суша),307071,(Месячные значения с наземной станции),,002051,Указатель для определения метода наблюдения за экстремальными температурами,,,,Operational
bufr4/3/07/071/1/004051,07,Категория 07 — Последовательности сводок приземных данных (суша),307071,(Месячные значения с наземной станции),,004051,Основной срок суточного считывания показателей максимальной температуры,,,,Operational
bufr4/3/07/071/1/012118,07,Категория 07 — Последовательности сводок приземных данных (суша),307071,(Месячные значения с наземной станции),,012118,Максимальная температура на указанной высоте за последние 24 часа,,,,Operational
bufr4/3/07/071/1/004052,07,Категория 07 — Последовательности сводок приземных данных (суша),307071,(Месячные значения с наземной станции),,004052,Основной срок суточного считывания показателей минимальной температуры,,,,Operational
bufr4/3/07/071/1/012119,07,Категория 07 — Последовательности сводок приземных данных (суша),307071,(Месячные значения с наземной станции),,012119,Минимальная температура на указанной высоте за последние 24 часа,,,,Operational
bufr4/3/07/071/1/013004,07,Категория 07 — Последовательности сводок приземных данных (суша),307071,(Месячные значения с наземной станции),,013004,Давление пара,,,,Operational
bufr4/3/07/071/2/008023,07,Категория 07 — Последовательности сводок приземных данных (суша),307071,(Месячные значения с наземной станции),,008023,Статистические данные первого порядка,Установлено на отсутствующее значение,,,Operational
bufr4/3/07/071/2/007032,07,Категория 07 — Последовательности сводок приземных данных (суша),307071,(Месячные значения с наземной станции),,007032,Высота датчика над местной площадкой (или палубой морской платформы),Установлено на отсутствующее значение,,,Operational
bufr4/3/07/071/1/008050,07,Категория 07 — Последовательности сводок приземных данных (суша),307071,(Месячные значения с наземной станции),,008050,Определитель для ряда отсутствующих значений при расчете статистических данных,"/см. колонку слева = 1 Давление, = 2 Температура, = 4 Давление пара, = 7 Максимальная температура, = 8 Минимальная температура",,,Operational
bufr4/3/07/071/1/008020,07,Категория 07 — Последовательности сводок приземных данных (суша),307071,(Месячные значения с наземной станции),,008020,Общее число отсутствующих величин (для суммы или средней),Дни,,,Operational
bufr4/3/07/071/1/014033,07,Категория 07 — Последовательности сводок приземных данных (суша),307071,(Месячные значения с наземной станции),,014033,Общая продолжительность солнечного сияния,,,,Operational
bufr4/3/07/071/2/008050,07,Категория 07 — Последовательности сводок приземных данных (суша),307071,(Месячные значения с наземной станции),,008050,Определитель для ряда отсутствующих значений при расчете статистических данных,= 6 Продолжительность солнечного сияния,,,Operational
bufr4/3/07/071/2/008020,07,Категория 07 — Последовательности сводок приземных данных (суша),307071,(Месячные значения с наземной станции),,008020,Общее число отсутствующих величин (для суммы или средней),Дни,,,Operational
bufr4/3/07/071/1/008052,07,Категория 07 — Последовательности сводок приземных данных (суша),307071,(Месячные значения с наземной станции),,008052,"Условие, для которого далее указывается число дней с явлением",,,,Operational
bufr4/3/07/071/1/008022,07,Категория 07 — Последовательности сводок приземных данных (суша),307071,(Месячные значения с наземной станции),,008022,Общее число (для суммы или средней),Дни,,,Operational
bufr4/3/07/071/3/007032,07,Категория 07 — Последовательности сводок приземных данных (суша),307071,(Месячные значения с наземной станции),,007032,Высота датчика над местной площадкой (или палубой морской платформы) (см. примечание 4),,,4,Operational
bufr4/3/07/071/1/004003,07,Категория 07 — Последовательности сводок приземных данных (суша),307071,(Месячные значения с наземной станции),,004003,День,,,,Operational
bufr4/3/07/071/1/012152,07,Категория 07 — Последовательности сводок приземных данных (суша),307071,(Месячные значения с наземной станции),,012152,Самая высокая среднесуточная температура,,,,Operational
bufr4/3/07/071/2/008053,07,Категория 07 — Последовательности сводок приземных данных (суша),307071,(Месячные значения с наземной станции),,008053,"Описатель дня с явлением = 0 Только 1 день, = 1 Два дня и более",,,,Operational
bufr4/3/07/071/2/004003,07,Категория 07 — Последовательности сводок приземных данных (суша),307071,(Месячные значения с наземной станции),,004003,День,,,,Operational
bufr4/3/07/071/1/012153,07,Категория 07 — Последовательности сводок приземных данных (суша),307071,(Месячные значения с наземной станции),,012153,Самая низкая среднесуточная температура,,,,Operational
bufr4/3/07/071/3/008053,07,Категория 07 — Последовательности сводок приземных данных (суша),307071,(Месячные значения с наземной станции),,008053,"Описатель дня с явлением = 0 Только 1 день, = 1 Два дня и более",,,,Operational
bufr4/3/07/071/3/004003,07,Категория 07 — Последовательности сводок приземных данных (суша),307071,(Месячные значения с наземной станции),,004003,День,,,,Operational
bufr4/3/07/071/3/008023,07,Категория 07 — Последовательности сводок приземных данных (суша),307071,(Месячные значения с наземной станции),,008023,Статистические данные первого порядка,= 2 Максимальное значение,,,Operational
bufr4/3/07/071/4/008053,07,Категория 07 — Последовательности сводок приземных данных (суша),307071,(Месячные значения с наземной станции),,008053,"Описатель дня с явлением = 0 Только 1 день, = 1 Два дня и более",,,,Operational
bufr4/3/07/071/4/004003,07,Категория 07 — Последовательности сводок приземных данных (суша),307071,(Месячные значения с наземной станции),,004003,День,,,,Operational
bufr4/3/07/071/4/008023,07,Категория 07 — Последовательности сводок приземных данных (суша),307071,(Месячные значения с наземной станции),,008023,Статистические данные первого порядка,= 3 Минимальное значение,,,Operational
bufr4/3/07/071/5/008023,07,Категория 07 — Последовательности сводок приземных данных (суша),307071,(Месячные значения с наземной станции),,008023,Статистические данные первого порядка,Установлено на отсутствующее значение,,,Operational
bufr4/3/07/071/1/002002,07,Категория 07 — Последовательности сводок приземных данных (суша),307071,(Месячные значения с наземной станции),,002002,Тип приборного обеспечения для измерения ветра,,,,Operational
bufr4/3/07/071/5/008053,07,Категория 07 — Последовательности сводок приземных данных (суша),307071,(Месячные значения с наземной станции),,008053,"Описатель дня с явлением = 0 Только 1 день, = 1 Два дня и более",,,,Operational
bufr4/3/07/071/5/004003,07,Категория 07 — Последовательности сводок приземных данных (суша),307071,(Месячные значения с наземной станции),,004003,День,,,,Operational
bufr4/3/07/071/1/011046,07,Категория 07 — Последовательности сводок приземных данных (суша),307071,(Месячные значения с наземной станции),,011046,Максимальная мгновенная скорость ветра,,,,Operational
bufr4/3/07/071/6/008053,07,Категория 07 — Последовательности сводок приземных данных (суша),307071,(Месячные значения с наземной станции),,008053,Описатель дня с явлением,Установлено на отсутствующее значение (отмена),,,Operational
bufr4/3/07/071/6/004003,07,Категория 07 — Последовательности сводок приземных данных (суша),307071,(Месячные значения с наземной станции),,004003,День (см. примечание 5),= 1,,5,Operational
bufr4/3/07/071/1/004004,07,Категория 07 — Последовательности сводок приземных данных (суша),307071,(Месячные значения с наземной станции),,004004,Час (см. примечание 5),= 6,,5,Operational
bufr4/3/07/071/2/004023,07,Категория 07 — Последовательности сводок приземных данных (суша),307071,(Месячные значения с наземной станции),,004023,Временной период или отклонение (см. примечание 5),Количество дней в месяце,,5,Operational
bufr4/3/07/071/1/013060,07,Категория 07 — Последовательности сводок приземных данных (суша),307071,(Месячные значения с наземной станции),,013060,Общие суммарные осадки,,,,Operational
bufr4/3/07/071/1/013051,07,Категория 07 — Последовательности сводок приземных данных (суша),307071,(Месячные значения с наземной станции),,013051,"Группа повторяемости, осадки",,,,Operational
bufr4/3/07/071/1/004053,07,Категория 07 — Последовательности сводок приземных данных (суша),307071,(Месячные значения с наземной станции),,004053,"Число дней с осадками, равными или более 1 мм",,,,Operational
bufr4/3/07/071/3/008050,07,Категория 07 — Последовательности сводок приземных данных (суша),307071,(Месячные значения с наземной станции),,008050,Определитель для ряда отсутствующих значений при расчете статистических данных,= 5 Осадки,,,Operational
bufr4/3/07/071/3/008020,07,Категория 07 — Последовательности сводок приземных данных (суша),307071,(Месячные значения с наземной станции),,008020,Общее число отсутствующих величин (для суммы или средней),Дни,,,Operational
bufr4/3/07/071/2/008052,07,Категория 07 — Последовательности сводок приземных данных (суша),307071,(Месячные значения с наземной станции),,008052,"Условие, для которого далее указывается число дней с явлением",,,,Operational
bufr4/3/07/071/2/008022,07,Категория 07 — Последовательности сводок приземных данных (суша),307071,(Месячные значения с наземной станции),,008022,Общее число (для суммы или среднего значения),Дни,,,Operational
bufr4/3/07/071/7/008053,07,Категория 07 — Последовательности сводок приземных данных (суша),307071,(Месячные значения с наземной станции),,008053,"Описатель дня с явлением = 0 Только 1 день, = 1 Два дня и более",,,,Operational
bufr4/3/07/071/7/004003,07,Категория 07 — Последовательности сводок приземных данных (суша),307071,(Месячные значения с наземной станции),,004003,День,,,,Operational
bufr4/3/07/071/1/013052,07,Категория 07 — Последовательности сводок приземных данных (суша),307071,(Месячные значения с наземной станции),,013052,Самое высокое суточное количество осадков,,,,Operational
bufr4/3/07/071/6/007032,07,Категория 07 — Последовательности сводок приземных данных (суша),307071,(Месячные значения с наземной станции),,007032,Высота датчика над местной площадкой (или палубой морской платформы),Установлено на отсутствующее значение (отмена),,,Operational
bufr4/3/07/072/1/004001,07,Категория 07 — Последовательности сводок приземных данных (суша),307072,(Месячные нормы для наземной станции),,004001,Год,Начало периода отсчета,,,Operational
bufr4/3/07/072/2/004001,07,Категория 07 — Последовательности сводок приземных данных (суша),307072,(Месячные нормы для наземной станции),,004001,Год,Окончание периода отсчета,,,Operational
bufr4/3/07/072/1/004003,07,Категория 07 — Последовательности сводок приземных данных (суша),307072,(Месячные нормы для наземной станции),,004003,День (см. примечание 3),= 1,,3,Operational
bufr4/3/07/072/1/004004,07,Категория 07 — Последовательности сводок приземных данных (суша),307072,(Месячные нормы для наземной станции),,004004,Час (см. примечание 3),= 0,,3,Operational
bufr4/3/07/072/1/004074,07,Категория 07 — Последовательности сводок приземных данных (суша),307072,(Месячные нормы для наземной станции),,004074,Кратковременный период или отклонение (см. примечание 3),= ВСВ – МВ,,3,Operational
bufr4/3/07/072/1/004022,07,Категория 07 — Последовательности сводок приземных данных (суша),307072,(Месячные нормы для наземной станции),,004022,Временной период или отклонение,= 1,,,Operational
bufr4/3/07/072/1/008023,07,Категория 07 — Последовательности сводок приземных данных (суша),307072,(Месячные нормы для наземной станции),,008023,Статистические данные первого порядка,= 4 Среднее значение,,,Operational
bufr4/3/07/072/1/010051,07,Категория 07 — Последовательности сводок приземных данных (суша),307072,(Месячные нормы для наземной станции),,010051,"Давление, приведенное к среднему уровню моря",,,,Operational
bufr4/3/07/072/1/007004,07,Категория 07 — Последовательности сводок приземных данных (суша),307072,(Месячные нормы для наземной станции),,007004,Давление,Стандартный уровень,,,Operational
bufr4/3/07/072/1/010009,07,Категория 07 — Последовательности сводок приземных данных (суша),307072,(Месячные нормы для наземной станции),,010009,Геопотенциальная высота,Стандартный уровень,,,Operational
bufr4/3/07/072/1/012101,07,Категория 07 — Последовательности сводок приземных данных (суша),307072,(Месячные нормы для наземной станции),,012101,Температура/температура воздуха,,,,Operational
bufr4/3/07/072/1/002051,07,Категория 07 — Последовательности сводок приземных данных (суша),307072,(Месячные нормы для наземной станции),,002051,Указатель для определения метода наблюдения за экстремальными температурами,= 2,,,Operational
bufr4/3/07/072/1/012118,07,Категория 07 — Последовательности сводок приземных данных (суша),307072,(Месячные нормы для наземной станции),,012118,Максимальная температура на указанной высоте за последние 24 часа,,,,Operational
bufr4/3/07/072/1/004052,07,Категория 07 — Последовательности сводок приземных данных (суша),307072,(Месячные нормы для наземной станции),,004052,Основной срок суточного считывания показателей минимальной температуры,,,,Operational
bufr4/3/07/072/1/012119,07,Категория 07 — Последовательности сводок приземных данных (суша),307072,(Месячные нормы для наземной станции),,012119,Минимальная температура на указанной высоте за последние 24 часа,,,,Operational
bufr4/3/07/072/1/013004,07,Категория 07 — Последовательности сводок приземных данных (суша),307072,(Месячные нормы для наземной станции),,013004,Давление пара,,,,Operational
bufr4/3/07/072/1/012151,07,Категория 07 — Последовательности сводок приземных данных (суша),307072,(Месячные нормы для наземной станции),,012151,Стандартное отклонение среднесуточной температуры,,,,Operational
bufr4/3/07/072/2/007032,07,Категория 07 — Последовательности сводок приземных данных (суша),307072,(Месячные нормы для наземной станции),,007032,Высота датчика над местной площадкой (или палубой морской платформы),Установлено на отсутствующее значение (отмена),,,Operational
bufr4/3/07/072/2/008023,07,Категория 07 — Последовательности сводок приземных данных (суша),307072,(Месячные нормы для наземной станции),,008023,Статистические данные первого порядка,Установлено на отсутствующее значение,,,Operational
bufr4/3/07/072/3/004001,07,Категория 07 — Последовательности сводок приземных данных (суша),307072,(Месячные нормы для наземной станции),,004001,Год,Начало периода отсчета,,,Operational
bufr4/3/07/072/4/004001,07,Категория 07 — Последовательности сводок приземных данных (суша),307072,(Месячные нормы для наземной станции),,004001,Год,Окончание периода отсчета,,,Operational
bufr4/3/07/072/2/004002,07,Категория 07 — Последовательности сводок приземных данных (суша),307072,(Месячные нормы для наземной станции),,004002,Месяц,,,,Operational
bufr4/3/07/072/2/004003,07,Категория 07 — Последовательности сводок приземных данных (суша),307072,(Месячные нормы для наземной станции),,004003,День (см. примечание 5),= 1,,5,Operational
bufr4/3/07/072/2/004004,07,Категория 07 — Последовательности сводок приземных данных (суша),307072,(Месячные нормы для наземной станции),,004004,Час (см. примечание 5),= 6,,5,Operational
bufr4/3/07/072/2/004022,07,Категория 07 — Последовательности сводок приземных данных (суша),307072,(Месячные нормы для наземной станции),,004022,Временной период или отклонение,= 1,,,Operational
bufr4/3/07/072/3/008023,07,Категория 07 — Последовательности сводок приземных данных (суша),307072,(Месячные нормы для наземной станции),,008023,Статистические данные первого порядка,= 4 Среднее значение,,,Operational
bufr4/3/07/072/1/004053,07,Категория 07 — Последовательности сводок приземных данных (суша),307072,(Месячные нормы для наземной станции),,004053,"Количество дней с осадками, равными или более 1 мм",,,,Operational
bufr4/3/07/072/4/008023,07,Категория 07 — Последовательности сводок приземных данных (суша),307072,(Месячные нормы для наземной станции),,008023,Статистические данные первого порядка,Установлено на отсутствующее значение,,,Operational
bufr4/3/07/072/1/008050,07,Категория 07 — Последовательности сводок приземных данных (суша),307072,(Месячные нормы для наземной станции),,008050,Определитель для ряда отсутствующих значений при расчете статистических данных (см. примечание 6),"/см. колонку слева = 1 Давление, = 2 Температура, = 3 Экстремальная температура, = 4 Давление пара, = 5 Осадки, = 6 Продолжительность солнечного сияния, = 7 Максимальная температура, = 8 Минимальная температура",,6,Operational
bufr4/3/07/072/1/008020,07,Категория 07 — Последовательности сводок приземных данных (суша),307072,(Месячные нормы для наземной станции),,008020,Общее число отсутствующих величин (для суммы или средней) (см. примечание 6),Годы,,6,Operational
bufr4/3/07/073/1/307072,07,Категория 07 — Последовательности сводок приземных данных (суша),307073,(Представление данных CLIMAT за текущий месяц и по месячным нормам),,307072,Месячные нормы для наземной станции,,,,Operational
bufr4/3/07/074/1/301001,07,Категория 07 — Последовательности сводок приземных данных (суша),307074,(Дополнительные суточные значения температуры и осадков для ежемесячной климатической сводки),,301001,Номера блока и станции ВМО,,,,Operational
bufr4/3/07/074/1/004001,07,Категория 07 — Последовательности сводок приземных данных (суша),307074,(Дополнительные суточные значения температуры и осадков для ежемесячной климатической сводки),,004001,Год,,,,Operational
bufr4/3/07/074/1/004002,07,Категория 07 — Последовательности сводок приземных данных (суша),307074,(Дополнительные суточные значения температуры и осадков для ежемесячной климатической сводки),,004002,Месяц,,,,Operational
bufr4/3/07/074/1/301021,07,Категория 07 — Последовательности сводок приземных данных (суша),307074,(Дополнительные суточные значения температуры и осадков для ежемесячной климатической сводки),,301021,Широта/долгота (высокая точность),,,,Operational
bufr4/3/07/074/1/007030,07,Категория 07 — Последовательности сводок приземных данных (суша),307074,(Дополнительные суточные значения температуры и осадков для ежемесячной климатической сводки),,007030,Высота площадки станции над средним уровнем моря,,,,Operational
bufr4/3/07/074/1/007032,07,Категория 07 — Последовательности сводок приземных данных (суша),307074,(Дополнительные суточные значения температуры и осадков для ежемесячной климатической сводки),,007032,Высота датчика над местной площадкой (или палубой морской платформы),,,,Operational
bufr4/3/07/074/1/112000,07,Категория 07 — Последовательности сводок приземных данных (суша),307074,(Дополнительные суточные значения температуры и осадков для ежемесячной климатической сводки),,112000,Повторение с задержкой 12 дескрипторов,,,,Operational
bufr4/3/07/074/1/031001,07,Категория 07 — Последовательности сводок приземных данных (суша),307074,(Дополнительные суточные значения температуры и осадков для ежемесячной климатической сводки),,031001,Коэффициент повторения дескриптора с задержкой,"Указывается количество дней в конкретном месяце, за который сообщаются данные",,,Operational
bufr4/3/07/074/1/004004,07,Категория 07 — Последовательности сводок приземных данных (суша),307074,(Дополнительные суточные значения температуры и осадков для ежемесячной климатической сводки),,004004,Час,,,,Operational
bufr4/3/07/074/1/004024,07,Категория 07 — Последовательности сводок приземных данных (суша),307074,(Дополнительные суточные значения температуры и осадков для ежемесячной климатической сводки),,004024,Временной период или отклонение,"Обычно устанавливается на –24, чтобы обозначить период времени, начинающийся за 24 часа до указанного времени и завершающийся в указанное время",,,Operational
bufr4/3/07/074/1/008023,07,Категория 07 — Последовательности сводок приземных данных (суша),307074,(Дополнительные суточные значения температуры и осадков для ежемесячной климатической сводки),,008023,Статистические данные первого порядка,"/см. колонку слева = 2 Суточная максимальная температура, = 3 Суточная минимальная температура, = 4 Среднесуточная температура",,,Operational
bufr4/3/07/074/2/008023,07,Категория 07 — Последовательности сводок приземных данных (суша),307074,(Дополнительные суточные значения температуры и осадков для ежемесячной климатической сводки),,008023,Статистические данные первого порядка,Установлено на отсутствующее значение,,,Operational
bufr4/3/07/074/2/004024,07,Категория 07 — Последовательности сводок приземных данных (суша),307074,(Дополнительные суточные значения температуры и осадков для ежемесячной климатической сводки),,004024,Временной период или отклонение,,,,Operational
bufr4/3/07/074/1/013060,07,Категория 07 — Последовательности сводок приземных данных (суша),307074,(Дополнительные суточные значения температуры и осадков для ежемесячной климатической сводки),,013060,Общие суммарные осадки,,,,Operational
bufr4/3/07/074/1/013012,07,Категория 07 — Последовательности сводок приземных данных (суша),307074,(Дополнительные суточные значения температуры и осадков для ежемесячной климатической сводки),,013012,Высота свежевыпавшего снега,,,,Operational
bufr4/3/07/074/1/013013,07,Категория 07 — Последовательности сводок приземных данных (суша),307074,(Дополнительные суточные значения температуры и осадков для ежемесячной климатической сводки),,013013,Суммарная высота снежного покрова,,,,Operational
bufr4/3/07/076/1/004074,07,Категория 07 — Последовательности сводок приземных данных (суша),307076,(отмена),,004074,Кратковременный период или отклонение,,,,Operational
bufr4/3/07/076/1/004023,07,Категория 07 — Последовательности сводок приземных данных (суша),307076,(отмена),,004023,Временной период или отклонение,Число дней в месяце,,,Operational
bufr4/3/07/076/1/008023,07,Категория 07 — Последовательности сводок приземных данных (суша),307076,(отмена),,008023,Статистические данные первого порядка,= 4 Среднее значение,,,Operational
bufr4/3/07/076/1/010051,07,Категория 07 — Последовательности сводок приземных данных (суша),307076,(отмена),,010051,"Давление, приведенное к среднему уровню моря",,,,Operational
bufr4/3/07/076/1/007004,07,Категория 07 — Последовательности сводок приземных данных (суша),307076,(отмена),,007004,Давление,Стандартный уровень | Установлено на отсутствующее значение для низкорасположенных станций,,,Operational
bufr4/3/07/076/1/010009,07,Категория 07 — Последовательности сводок приземных данных (суша),307076,(отмена),,010009,Геопотенциальная высота,Стандартный уровень | Установлено на отсутствующее значение для низкорасположенных станций,,,Operational
bufr4/3/07/076/1/012101,07,Категория 07 — Последовательности сводок приземных данных (суша),307076,(отмена),,012101,Температура/температура воздуха,,,,Operational
bufr4/3/07/076/1/002051,07,Категория 07 — Последовательности сводок приземных данных (суша),307076,(отмена),,002051,Указатель для определения метода наблюдения за экстремальными температурами,,,,Operational
bufr4/3/07/076/1/012118,07,Категория 07 — Последовательности сводок приземных данных (суша),307076,(отмена),,012118,Максимальная температура на указанной высоте за последние 24 ч,,,,Operational
bufr4/3/07/076/1/004052,07,Категория 07 — Последовательности сводок приземных данных (суша),307076,(отмена),,004052,Основной срок суточного считывания показателей минимальной температуры,,,,Operational
bufr4/3/07/076/1/012119,07,Категория 07 — Последовательности сводок приземных данных (суша),307076,(отмена),,012119,Минимальная температура на указанной высоте за последние 24 ч,,,,Operational
bufr4/3/07/076/1/013004,07,Категория 07 — Последовательности сводок приземных данных (суша),307076,(отмена),,013004,Давление водяного пара,,,,Operational
bufr4/3/07/076/2/008023,07,Категория 07 — Последовательности сводок приземных данных (суша),307076,(отмена),,008023,Статистические данные первого порядка,Установлено на отсутствующее значение (отменить),,,Operational
bufr4/3/07/076/2/007032,07,Категория 07 — Последовательности сводок приземных данных (суша),307076,(отмена),,007032,Высота датчика над местной площадкой (или палубой морской платформы),Установлено на отсутствующее значение (отменить),,,Operational
bufr4/3/07/076/1/008050,07,Категория 07 — Последовательности сводок приземных данных (суша),307076,(отмена),,008050,Определитель для ряда отсутствующих значений при расчете статистических данных,"/см. колонку слева = 1 Давление, = 2 Температура, = 4 Давление водяного пара, = 7 Максимальная температура, = 8 Минимальная температура",,,Operational
bufr4/3/07/076/1/008020,07,Категория 07 — Последовательности сводок приземных данных (суша),307076,(отмена),,008020,Общее число отсутствующих величин (для суммы или средней),Дни,,,Operational
bufr4/3/07/076/1/014033,07,Категория 07 — Последовательности сводок приземных данных (суша),307076,(отмена),,014033,Общая продолжительность солнечного сияния,,,,Operational
bufr4/3/07/076/2/008050,07,Категория 07 — Последовательности сводок приземных данных (суша),307076,(отмена),,008050,Определитель для ряда отсутствующих значений при расчете статистических данных,= 6 Продолжительность солнечного сияния,,,Operational
bufr4/3/07/076/2/008020,07,Категория 07 — Последовательности сводок приземных данных (суша),307076,(отмена),,008020,Общее число отсутствующих величин (для суммы или средней),Дни,,,Operational
bufr4/3/07/076/1/008052,07,Категория 07 — Последовательности сводок приземных данных (суша),307076,(отмена),,008052,"Условие, для которого далее указывается число дней /см. колонку слева с явлением Ветер ≥ 10 м/с, ветер ≥ 20 м/с, ветер ≥ 30 м/с, максимальная температура < 273,15 K, максимальная температура ≥ 298,15 K, максимальная температура ≥ 303,15 K, максимальная температура ≥ 308,15 K, максимальная температура ≥ 313,15 K, минимальная температура < 273,15 K, sss > 0,00 м, sss > 0,01 м, sss > 0,10 м, sss > 0,50 м, горизонтальная видимость < 50 м, горизонтальная видимость < 100 м, горизонтальная видимость < 1 000 м, град, гроза",,,,Operational
bufr4/3/07/076/1/008022,07,Категория 07 — Последовательности сводок приземных данных (суша),307076,(отмена),,008022,Общее число (для суммы или средней),Дни,,,Operational
bufr4/3/07/076/1/008053,07,Категория 07 — Последовательности сводок приземных данных (суша),307076,(отмена),,008053,"Описатель дня с явлением = 0 Значение, отмечавшееся только 1 день, = 1 Значение, отмечавшееся 2 дня или более",,,,Operational
bufr4/3/07/076/1/004003,07,Категория 07 — Последовательности сводок приземных данных (суша),307076,(отмена),,004003,День,,,,Operational
bufr4/3/07/076/1/012152,07,Категория 07 — Последовательности сводок приземных данных (суша),307076,(отмена),,012152,Самая высокая среднесуточная температура,,,,Operational
bufr4/3/07/076/2/008053,07,Категория 07 — Последовательности сводок приземных данных (суша),307076,(отмена),,008053,"Описатель дня с явлением = 0 Значение, отмечавшееся только 1 день, = 1 Значение, отмечавшееся 2 дня или более",,,,Operational
bufr4/3/07/076/2/004003,07,Категория 07 — Последовательности сводок приземных данных (суша),307076,(отмена),,004003,День,,,,Operational
bufr4/3/07/076/1/012153,07,Категория 07 — Последовательности сводок приземных данных (суша),307076,(отмена),,012153,Самая низкая среднесуточная температура,,,,Operational
bufr4/3/07/076/3/008053,07,Категория 07 — Последовательности сводок приземных данных (суша),307076,(отмена),,008053,"Описатель дня с явлением = 0 Значение, отмечавшееся только 1 день, = 1 Значение, отмечавшееся 2 дня или более",,,,Operational
bufr4/3/07/076/3/004003,07,Категория 07 — Последовательности сводок приземных данных (суша),307076,(отмена),,004003,День,,,,Operational
bufr4/3/07/076/3/008023,07,Категория 07 — Последовательности сводок приземных данных (суша),307076,(отмена),,008023,Статистические данные первого порядка,= 2 Максимальная величина,,,Operational
bufr4/3/07/076/2/012101,07,Категория 07 — Последовательности сводок приземных данных (суша),307076,(отмена),,012101,Температура/температура воздуха,,,,Operational
bufr4/3/07/076/4/008053,07,Категория 07 — Последовательности сводок приземных данных (суша),307076,(отмена),,008053,"Описатель дня с явлением = 0 Значение, отмечавшееся только 1 день, = 1 Значение, отмечавшееся 2 дня или более",,,,Operational
bufr4/3/07/076/4/004003,07,Категория 07 — Последовательности сводок приземных данных (суша),307076,(отмена),,004003,День,,,,Operational
bufr4/3/07/076/4/008023,07,Категория 07 — Последовательности сводок приземных данных (суша),307076,(отмена),,008023,Статистические данные первого порядка,= 3 Минимальная величина,,,Operational
bufr4/3/07/076/3/012101,07,Категория 07 — Последовательности сводок приземных данных (суша),307076,(отмена),,012101,Температура/температура воздуха,,,,Operational
bufr4/3/07/076/5/008023,07,Категория 07 — Последовательности сводок приземных данных (суша),307076,(отмена),,008023,Статистические данные первого порядка,Установлено на отсутствующее значение (отменить),,,Operational
bufr4/3/07/076/4/007032,07,Категория 07 — Последовательности сводок приземных данных (суша),307076,(отмена),,007032,Высота датчика над местной площадкой (или палубой морской платформы),,,,Operational
bufr4/3/07/076/1/002002,07,Категория 07 — Последовательности сводок приземных данных (суша),307076,(отмена),,002002,Тип приборов для измерения ветра,,,,Operational
bufr4/3/07/076/5/008053,07,Категория 07 — Последовательности сводок приземных данных (суша),307076,(отмена),,008053,"Описатель дня с явлением = 0 Значение, отмечавшееся только 1 день, = 1 Значение, отмечавшееся 2 дня или более",,,,Operational
bufr4/3/07/076/5/004003,07,Категория 07 — Последовательности сводок приземных данных (суша),307076,(отмена),,004003,День,,,,Operational
bufr4/3/07/076/1/011046,07,Категория 07 — Последовательности сводок приземных данных (суша),307076,(отмена),,011046,Максимальная мгновенная скорость ветра,,,,Operational
bufr4/3/07/076/6/008053,07,Категория 07 — Последовательности сводок приземных данных (суша),307076,(отмена),,008053,Описатель дня с явлением,Установлено на отсутствующее значение (отмена),,,Operational
bufr4/3/07/076/6/004003,07,Категория 07 — Последовательности сводок приземных данных (суша),307076,(отмена),,004003,День (см. примечание 5),= 1,,5,Operational
bufr4/3/07/076/1/004004,07,Категория 07 — Последовательности сводок приземных данных (суша),307076,(отмена),,004004,Час (см. примечание 5),= 0,,5,Operational
bufr4/3/07/076/2/004074,07,Категория 07 — Последовательности сводок приземных данных (суша),307076,(отмена),,004074,Кратковременный период или отклонение,,,,Operational
bufr4/3/07/076/2/004023,07,Категория 07 — Последовательности сводок приземных данных (суша),307076,(отмена),,004023,Временной период или отклонение,Число дней в месяце,,,Operational
bufr4/3/07/076/5/007032,07,Категория 07 — Последовательности сводок приземных данных (суша),307076,(отмена),,007032,Высота датчика над местной площадкой (или палубой морской платформы),,,,Operational
bufr4/3/07/076/1/013060,07,Категория 07 — Последовательности сводок приземных данных (суша),307076,(отмена),,013060,Общая сумма осадков,,,,Operational
bufr4/3/07/076/1/013051,07,Категория 07 — Последовательности сводок приземных данных (суша),307076,(отмена),,013051,"Группа повторяемости, осадки",,,,Operational
bufr4/3/07/076/1/004053,07,Категория 07 — Последовательности сводок приземных данных (суша),307076,(отмена),,004053,"Число дней с осадками, равными или более 1 мм",,,,Operational
bufr4/3/07/076/3/008050,07,Категория 07 — Последовательности сводок приземных данных (суша),307076,(отмена),,008050,Определитель для ряда отсутствующих значений при расчете статистических данных,= 5 Осадки,,,Operational
bufr4/3/07/076/3/008020,07,Категория 07 — Последовательности сводок приземных данных (суша),307076,(отмена),,008020,Общее число отсутствующих величин (для суммы или средней),Дни,,,Operational
bufr4/3/07/076/1/102006,07,Категория 07 — Последовательности сводок приземных данных (суша),307076,(отмена),,102006,Повторить 2 дескриптора 6 раз,,,,Operational
bufr4/3/07/076/2/008052,07,Категория 07 — Последовательности сводок приземных данных (суша),307076,(отмена),,008052,"Условие, для которого далее указывается число дней с явлением",,,,Operational
bufr4/3/07/076/2/008022,07,Категория 07 — Последовательности сводок приземных данных (суша),307076,(отмена),,008022,Общее число (для суммы или средней),Дни,,,Operational
bufr4/3/07/076/7/008053,07,Категория 07 — Последовательности сводок приземных данных (суша),307076,(отмена),,008053,"Описатель дня с явлением = 0 Значение, отмечавшееся только 1 день, = 1 Значение, отмечавшееся 2 дня или более",,,,Operational
bufr4/3/07/076/7/004003,07,Категория 07 — Последовательности сводок приземных данных (суша),307076,(отмена),,004003,День,,,,Operational
bufr4/3/07/076/1/013052,07,Категория 07 — Последовательности сводок приземных данных (суша),307076,(отмена),,013052,Самое высокое суточное количество осадков,,,,Operational
bufr4/3/07/076/6/007032,07,Категория 07 — Последовательности сводок приземных данных (суша),307076,(отмена),,007032,Высота датчика над местной площадкой (или палубой морской платформы),Установлено на отсутствующее значение (отменить),,,Operational
bufr4/3/07/077/1/004001,07,Категория 07 — Последовательности сводок приземных данных (суша),307077,(отменить),,004001,Год,Начало периода отсчета,,,Operational
bufr4/3/07/077/2/004001,07,Категория 07 — Последовательности сводок приземных данных (суша),307077,(отменить),,004001,Год,Окончание периода отсчета,,,Operational
bufr4/3/07/077/1/004002,07,Категория 07 — Последовательности сводок приземных данных (суша),307077,(отменить),,004002,Месяц,,,,Operational
bufr4/3/07/077/1/004003,07,Категория 07 — Последовательности сводок приземных данных (суша),307077,(отменить),,004003,День,= 1,,,Operational
bufr4/3/07/077/1/004004,07,Категория 07 — Последовательности сводок приземных данных (суша),307077,(отменить),,004004,Час,= 0,,,Operational
bufr4/3/07/077/1/004074,07,Категория 07 — Последовательности сводок приземных данных (суша),307077,(отменить),,004074,Кратковременный период или отклонение,,,,Operational
bufr4/3/07/077/1/004022,07,Категория 07 — Последовательности сводок приземных данных (суша),307077,(отменить),,004022,Временной период или отклонение,= 1,,,Operational
bufr4/3/07/077/1/008023,07,Категория 07 — Последовательности сводок приземных данных (суша),307077,(отменить),,008023,Статистические данные первого порядка,= 4 Среднее значение,,,Operational
bufr4/3/07/077/1/010004,07,Категория 07 — Последовательности сводок приземных данных (суша),307077,(отменить),,010004,Давление,,,,Operational
bufr4/3/07/077/1/010051,07,Категория 07 — Последовательности сводок приземных данных (суша),307077,(отменить),,010051,"Давление, приведенное к среднему уровню моря",,,,Operational
bufr4/3/07/077/1/007004,07,Категория 07 — Последовательности сводок приземных данных (суша),307077,(отменить),,007004,Давление,Стандартный уровень,,,Operational
bufr4/3/07/077/1/010009,07,Категория 07 — Последовательности сводок приземных данных (суша),307077,(отменить),,010009,Геопотенциальная высота,Стандартный уровень,,,Operational
bufr4/3/07/077/1/007032,07,Категория 07 — Последовательности сводок приземных данных (суша),307077,(отменить),,007032,Высота датчика над местной площадкой (или палубой морской платформы),,,,Operational
bufr4/3/07/077/1/012101,07,Категория 07 — Последовательности сводок приземных данных (суша),307077,(отменить),,012101,Температура/температура воздуха,,,,Operational
bufr4/3/07/077/1/002051,07,Категория 07 — Последовательности сводок приземных данных (суша),307077,(отменить),,002051,Указатель для определения метода наблюдения за экстремальными температурами,,,,Operational
bufr4/3/07/077/1/004051,07,Категория 07 — Последовательности сводок приземных данных (суша),307077,(отменить),,004051,Основной срок суточного считывания показателей максимальной температуры,,,,Operational
bufr4/3/07/077/1/012118,07,Категория 07 — Последовательности сводок приземных данных (суша),307077,(отменить),,012118,Максимальная температура на указанной высоте за последние 24 часа,,,,Operational
bufr4/3/07/077/1/004052,07,Категория 07 — Последовательности сводок приземных данных (суша),307077,(отменить),,004052,Основной срок суточного считывания показателей минимальной температуры,,,,Operational
bufr4/3/07/077/1/012119,07,Категория 07 — Последовательности сводок приземных данных (суша),307077,(отменить),,012119,Минимальная температура на указанной высоте за последние 24 часа,,,,Operational
bufr4/3/07/077/1/013004,07,Категория 07 — Последовательности сводок приземных данных (суша),307077,(отменить),,013004,Давление водяного пара,,,,Operational
bufr4/3/07/077/1/012151,07,Категория 07 — Последовательности сводок приземных данных (суша),307077,(отменить),,012151,Стандартное отклонение среднесуточной температуры,,,,Operational
bufr4/3/07/077/2/007032,07,Категория 07 — Последовательности сводок приземных данных (суша),307077,(отменить),,007032,Высота датчика над местной площадкой (или палубой морской платформы),Установлено на отсутствующее значение (отменить),,,Operational
bufr4/3/07/077/1/014032,07,Категория 07 — Последовательности сводок приземных данных (суша),307077,(отменить),,014032,Общая продолжительность солнечного сияния,,,,Operational
bufr4/3/07/077/2/008023,07,Категория 07 — Последовательности сводок приземных данных (суша),307077,(отменить),,008023,Статистические данные первого порядка,Установлено на отсутствующее значение (отменить),,,Operational
bufr4/3/07/077/3/004001,07,Категория 07 — Последовательности сводок приземных данных (суша),307077,(отменить),,004001,Год,Начало периода отсчета,,,Operational
bufr4/3/07/077/4/004001,07,Категория 07 — Последовательности сводок приземных данных (суша),307077,(отменить),,004001,Год,Окончание периода отсчета,,,Operational
bufr4/3/07/077/2/004002,07,Категория 07 — Последовательности сводок приземных данных (суша),307077,(отменить),,004002,Месяц,,,,Operational
bufr4/3/07/077/2/004003,07,Категория 07 — Последовательности сводок приземных данных (суша),307077,(отменить),,004003,День,= 1,,,Operational
bufr4/3/07/077/2/004004,07,Категория 07 — Последовательности сводок приземных данных (суша),307077,(отменить),,004004,Час,= 0,,,Operational
bufr4/3/07/077/2/004074,07,Категория 07 — Последовательности сводок приземных данных (суша),307077,(отменить),,004074,Кратковременный период или отклонение,,,,Operational
bufr4/3/07/077/2/004022,07,Категория 07 — Последовательности сводок приземных данных (суша),307077,(отменить),,004022,Временной период или отклонение,= 1,,,Operational
bufr4/3/07/077/3/007032,07,Категория 07 — Последовательности сводок приземных данных (суша),307077,(отменить),,007032,Высота датчика над местной площадкой (или палубой морской платформы),,,,Operational
bufr4/3/07/077/3/008023,07,Категория 07 — Последовательности сводок приземных данных (суша),307077,(отменить),,008023,Статистические данные первого порядка,= 4 Среднее значение,,,Operational
bufr4/3/07/077/1/013060,07,Категория 07 — Последовательности сводок приземных данных (суша),307077,(отменить),,013060,Общая сумма осадков,,,,Operational
bufr4/3/07/077/1/004053,07,Категория 07 — Последовательности сводок приземных данных (суша),307077,(отменить),,004053,"Число дней с осадками, равными или более 1 мм",,,,Operational
bufr4/3/07/077/4/008023,07,Категория 07 — Последовательности сводок приземных данных (суша),307077,(отменить),,008023,Статистические данные первого порядка,Установлено на отсутствующее значение (отменить),,,Operational
bufr4/3/07/077/1/102008,07,Категория 07 — Последовательности сводок приземных данных (суша),307077,(отменить),,102008,Повторить 2 дескриптора 8 раз,,,,Operational
bufr4/3/07/077/1/008050,07,Категория 07 — Последовательности сводок приземных данных (суша),307077,(отменить),,008050,Определитель для ряда отсутствующих значений при расчете статистических данных,"/см. колонку слева: Давление, температура, экстремальные температуры, давление водяного пара, осадки, продолжительность солнечного сияния, максимальная температура, минимальная температура",,,Operational
bufr4/3/07/077/1/008020,07,Категория 07 — Последовательности сводок приземных данных (суша),307077,(отменить),,008020,Общее число отсутствующих величин (для суммы или средней),Годы,,,Operational
bufr4/3/07/078/1/307076,07,Категория 07 — Последовательности сводок приземных данных (суша),307078,"(Последовательность для представления месячных значений, пригодная для данных CLIMAT в соответствии с региональной или национальной практикой сообщения данных)",,307076,Месячные значения с наземной станции в соответствии с региональной или национальной практикой сообщения данных,,,,Operational
bufr4/3/07/078/1/307077,07,Категория 07 — Последовательности сводок приземных данных (суша),307078,"(Последовательность для представления месячных значений, пригодная для данных CLIMAT в соответствии с региональной или национальной практикой сообщения данных)",,307077,Месячные нормы наземной станции в соответствии с региональной или национальной практикой сообщения данных,,,,Operational
bufr4/3/07/079/1/301090,07,Категория 07 — Последовательности сводок приземных данных (суша),307079,"(Последовательность для представления синоптических сводок с фиксированных наземных станций, пригодная для данных SYNOP и для морских данных с береговых станций)",,301090,"Идентификация станции приземных наблюдений: время, горизонтальные и вертикальные координаты",,,,Operational
bufr4/3/07/079/1/302031,07,Категория 07 — Последовательности сводок приземных данных (суша),307079,"(Последовательность для представления синоптических сводок с фиксированных наземных станций, пригодная для данных SYNOP и для морских данных с береговых станций)",,302031,Информация о давлении,,,,Operational
bufr4/3/07/079/1/302035,07,Категория 07 — Последовательности сводок приземных данных (суша),307079,"(Последовательность для представления синоптических сводок с фиксированных наземных станций, пригодная для данных SYNOP и для морских данных с береговых станций)",,302035,Основные синоптические «мгновенные» данные,,,,Operational
bufr4/3/07/079/1/302036,07,Категория 07 — Последовательности сводок приземных данных (суша),307079,"(Последовательность для представления синоптических сводок с фиксированных наземных станций, пригодная для данных SYNOP и для морских данных с береговых станций)",,302036,Облака с нижней границей ниже уровня станции,,,,Operational
bufr4/3/07/079/1/101000,07,Категория 07 — Последовательности сводок приземных данных (суша),307079,"(Последовательность для представления синоптических сводок с фиксированных наземных станций, пригодная для данных SYNOP и для морских данных с береговых станций)",,101000,Повторение с задержкой 1 дескриптора,,,,Operational
bufr4/3/07/079/1/031000,07,Категория 07 — Последовательности сводок приземных данных (суша),307079,"(Последовательность для представления синоптических сводок с фиксированных наземных станций, пригодная для данных SYNOP и для морских данных с береговых станций)",,031000,Коэффициент повторения короткого дескриптора с задержкой,,,,Operational
bufr4/3/07/079/1/302047,07,Категория 07 — Последовательности сводок приземных данных (суша),307079,"(Последовательность для представления синоптических сводок с фиксированных наземных станций, пригодная для данных SYNOP и для морских данных с береговых станций)",,302047,Направление движения облаков,,,,Operational
bufr4/3/07/079/1/008002,07,Категория 07 — Последовательности сводок приземных данных (суша),307079,"(Последовательность для представления синоптических сводок с фиксированных наземных станций, пригодная для данных SYNOP и для морских данных с береговых станций)",,008002,Вертикальная значимость (приземные наблюдения),,,,Operational
bufr4/3/07/079/2/101000,07,Категория 07 — Последовательности сводок приземных данных (суша),307079,"(Последовательность для представления синоптических сводок с фиксированных наземных станций, пригодная для данных SYNOP и для морских данных с береговых станций)",,101000,Повторение с задержкой 1 дескриптора,,,,Operational
bufr4/3/07/079/2/031000,07,Категория 07 — Последовательности сводок приземных данных (суша),307079,"(Последовательность для представления синоптических сводок с фиксированных наземных станций, пригодная для данных SYNOP и для морских данных с береговых станций)",,031000,Коэффициент повторения короткого дескриптора с задержкой,,,,Operational
bufr4/3/07/079/1/302048,07,Категория 07 — Последовательности сводок приземных данных (суша),307079,"(Последовательность для представления синоптических сводок с фиксированных наземных станций, пригодная для данных SYNOP и для морских данных с береговых станций)",,302048,Направление движения и возвышение облаков,,,,Operational
bufr4/3/07/079/1/302037,07,Категория 07 — Последовательности сводок приземных данных (суша),307079,"(Последовательность для представления синоптических сводок с фиксированных наземных станций, пригодная для данных SYNOP и для морских данных с береговых станций)",,302037,"Состояние поверхности земли, высота снежного покрова, минимальная температура на поверхности земли",,,,Operational
bufr4/3/07/079/1/102000,07,Категория 07 — Последовательности сводок приземных данных (суша),307079,"(Последовательность для представления синоптических сводок с фиксированных наземных станций, пригодная для данных SYNOP и для морских данных с береговых станций)",,102000,Повторение с задержкой 2 дескрипторов,,,,Operational
bufr4/3/07/079/3/031000,07,Категория 07 — Последовательности сводок приземных данных (суша),307079,"(Последовательность для представления синоптических сводок с фиксированных наземных станций, пригодная для данных SYNOP и для морских данных с береговых станций)",,031000,Коэффициент повторения короткого дескриптора с задержкой,,,,Operational
bufr4/3/07/079/1/022061,07,Категория 07 — Последовательности сводок приземных данных (суша),307079,"(Последовательность для представления синоптических сводок с фиксированных наземных станций, пригодная для данных SYNOP и для морских данных с береговых станций)",,022061,Состояние моря,,,,Operational
bufr4/3/07/079/1/020058,07,Категория 07 — Последовательности сводок приземных данных (суша),307079,"(Последовательность для представления синоптических сводок с фиксированных наземных станций, пригодная для данных SYNOP и для морских данных с береговых станций)",,020058,Видимость в направлении моря от береговой станции,,,,Operational
bufr4/3/07/079/3/101000,07,Категория 07 — Последовательности сводок приземных данных (суша),307079,"(Последовательность для представления синоптических сводок с фиксированных наземных станций, пригодная для данных SYNOP и для морских данных с береговых станций)",,101000,Повторение с задержкой 1 дескриптора,,,,Operational
bufr4/3/07/079/4/031000,07,Категория 07 — Последовательности сводок приземных данных (суша),307079,"(Последовательность для представления синоптических сводок с фиксированных наземных станций, пригодная для данных SYNOP и для морских данных с береговых станций)",,031000,Коэффициент повторения короткого дескриптора с задержкой,,,,Operational
bufr4/3/07/079/1/302056,07,Категория 07 — Последовательности сводок приземных данных (суша),307079,"(Последовательность для представления синоптических сводок с фиксированных наземных станций, пригодная для данных SYNOP и для морских данных с береговых станций)",,302056,"Температура моря/воды Температура поверхности моря/ воды, метод измерения, глубина от поверхности моря",,,,Operational
bufr4/3/07/079/4/101000,07,Категория 07 — Последовательности сводок приземных данных (суша),307079,"(Последовательность для представления синоптических сводок с фиксированных наземных станций, пригодная для данных SYNOP и для морских данных с береговых станций)",,101000,Повторение с задержкой 1 дескриптора,,,,Operational
bufr4/3/07/079/5/031000,07,Категория 07 — Последовательности сводок приземных данных (суша),307079,"(Последовательность для представления синоптических сводок с фиксированных наземных станций, пригодная для данных SYNOP и для морских данных с береговых станций)",,031000,Коэффициент повторения короткого дескриптора с задержкой,,,,Operational
bufr4/3/07/079/1/302055,07,Категория 07 — Последовательности сводок приземных данных (суша),307079,"(Последовательность для представления синоптических сводок с фиксированных наземных станций, пригодная для данных SYNOP и для морских данных с береговых станций)",,302055,Обледенение и лед,,,,Operational
bufr4/3/07/079/1/302043,07,Категория 07 — Последовательности сводок приземных данных (суша),307079,"(Последовательность для представления синоптических сводок с фиксированных наземных станций, пригодная для данных SYNOP и для морских данных с береговых станций)",,302043,Основные синоптические данные «за период»,,,,Operational
bufr4/3/07/079/1/302044,07,Категория 07 — Последовательности сводок приземных данных (суша),307079,"(Последовательность для представления синоптических сводок с фиксированных наземных станций, пригодная для данных SYNOP и для морских данных с береговых станций)",,302044,Данные об испарении,,,,Operational
bufr4/3/07/079/5/101000,07,Категория 07 — Последовательности сводок приземных данных (суша),307079,"(Последовательность для представления синоптических сводок с фиксированных наземных станций, пригодная для данных SYNOP и для морских данных с береговых станций)",,101000,Повторение с задержкой 1 дескриптора,,,,Operational
bufr4/3/07/079/1/031001,07,Категория 07 — Последовательности сводок приземных данных (суша),307079,"(Последовательность для представления синоптических сводок с фиксированных наземных станций, пригодная для данных SYNOP и для морских данных с береговых станций)",,031001,Коэффициент повторения дескриптора с задержкой,,,,Operational
bufr4/3/07/079/1/302045,07,Категория 07 — Последовательности сводок приземных данных (суша),307079,"(Последовательность для представления синоптических сводок с фиксированных наземных станций, пригодная для данных SYNOP и для морских данных с береговых станций)",,302045,Данные о радиации (за 1 час и 24-часовой период),,,,Operational
bufr4/3/07/079/6/101000,07,Категория 07 — Последовательности сводок приземных данных (суша),307079,"(Последовательность для представления синоптических сводок с фиксированных наземных станций, пригодная для данных SYNOP и для морских данных с береговых станций)",,101000,Повторение с задержкой 1 дескриптора,,,,Operational
bufr4/3/07/079/6/031000,07,Категория 07 — Последовательности сводок приземных данных (суша),307079,"(Последовательность для представления синоптических сводок с фиксированных наземных станций, пригодная для данных SYNOP и для морских данных с береговых станций)",,031000,Коэффициент повторения короткого дескриптора с задержкой,,,,Operational
bufr4/3/07/079/1/302046,07,Категория 07 — Последовательности сводок приземных данных (суша),307079,"(Последовательность для представления синоптических сводок с фиксированных наземных станций, пригодная для данных SYNOP и для морских данных с береговых станций)",,302046,Изменение температуры,,,,Operational
bufr4/3/07/080/1/301090,07,Категория 07 — Последовательности сводок приземных данных (суша),307080,"(Последовательность для представления синоптических сводок с фиксированной наземной станции, подходящая для данных SYNOP)",,301090,"Идентификация станции приземных наблюдений; время, горизонтальные и вертикальные координаты",,,,Operational
bufr4/3/07/080/1/302031,07,Категория 07 — Последовательности сводок приземных данных (суша),307080,"(Последовательность для представления синоптических сводок с фиксированной наземной станции, подходящая для данных SYNOP)",,302031,Информация о давлении,,,,Operational
bufr4/3/07/080/1/302035,07,Категория 07 — Последовательности сводок приземных данных (суша),307080,"(Последовательность для представления синоптических сводок с фиксированной наземной станции, подходящая для данных SYNOP)",,302035,Основные синоптические «мгновенные» данные,,,,Operational
bufr4/3/07/080/1/302036,07,Категория 07 — Последовательности сводок приземных данных (суша),307080,"(Последовательность для представления синоптических сводок с фиксированной наземной станции, подходящая для данных SYNOP)",,302036,Облака с нижней границей ниже уровня станции,,,,Operational
bufr4/3/07/080/1/302047,07,Категория 07 — Последовательности сводок приземных данных (суша),307080,"(Последовательность для представления синоптических сводок с фиксированной наземной станции, подходящая для данных SYNOP)",,302047,Направление движения облаков,,,,Operational
bufr4/3/07/080/1/008002,07,Категория 07 — Последовательности сводок приземных данных (суша),307080,"(Последовательность для представления синоптических сводок с фиксированной наземной станции, подходящая для данных SYNOP)",,008002,Вертикальная значимость (приземные наблюдения),,,,Operational
bufr4/3/07/080/1/302048,07,Категория 07 — Последовательности сводок приземных данных (суша),307080,"(Последовательность для представления синоптических сводок с фиксированной наземной станции, подходящая для данных SYNOP)",,302048,Направление движения и возвышение облаков,,,,Operational
bufr4/3/07/080/1/302037,07,Категория 07 — Последовательности сводок приземных данных (суша),307080,"(Последовательность для представления синоптических сводок с фиксированной наземной станции, подходящая для данных SYNOP)",,302037,"Состояние поверхности земли, высота снежного покрова, минимальная температура на поверхности земли",,,,Operational
bufr4/3/07/080/1/302043,07,Категория 07 — Последовательности сводок приземных данных (суша),307080,"(Последовательность для представления синоптических сводок с фиксированной наземной станции, подходящая для данных SYNOP)",,302043,Основные синоптические данные «за период»,,,,Operational
bufr4/3/07/080/1/302044,07,Категория 07 — Последовательности сводок приземных данных (суша),307080,"(Последовательность для представления синоптических сводок с фиксированной наземной станции, подходящая для данных SYNOP)",,302044,Данные об испарении,,,,Operational
bufr4/3/07/080/1/101002,07,Категория 07 — Последовательности сводок приземных данных (суша),307080,"(Последовательность для представления синоптических сводок с фиксированной наземной станции, подходящая для данных SYNOP)",,101002,Повторить 1 дескриптор 2 раза,,,,Operational
bufr4/3/07/080/1/302045,07,Категория 07 — Последовательности сводок приземных данных (суша),307080,"(Последовательность для представления синоптических сводок с фиксированной наземной станции, подходящая для данных SYNOP)",,302045,Данные о радиации (за 1 час и 24-часовой период),,,,Operational
bufr4/3/07/080/1/302046,07,Категория 07 — Последовательности сводок приземных данных (суша),307080,"(Последовательность для представления синоптических сводок с фиксированной наземной станции, подходящая для данных SYNOP)",,302046,Изменение температуры,,,,Operational
bufr4/3/07/081/1/301090,07,Категория 07 — Последовательности сводок приземных данных (суша),307081,"(Последовательность для представления синоптических сводок с фиксированной наземной станции, подходящая для данных SYNOP в соответствии с практикой представления информации в РА I)",,301090,"Идентификация станции приземных наблюдений; время, горизонтальные и вертикальные координаты",,,,Operational
bufr4/3/07/081/1/302031,07,Категория 07 — Последовательности сводок приземных данных (суша),307081,"(Последовательность для представления синоптических сводок с фиксированной наземной станции, подходящая для данных SYNOP в соответствии с практикой представления информации в РА I)",,302031,Информация о давлении,,,,Operational
bufr4/3/07/081/1/302035,07,Категория 07 — Последовательности сводок приземных данных (суша),307081,"(Последовательность для представления синоптических сводок с фиксированной наземной станции, подходящая для данных SYNOP в соответствии с практикой представления информации в РА I)",,302035,Основные синоптические «мгновенные» данные,,,,Operational
bufr4/3/07/081/1/302036,07,Категория 07 — Последовательности сводок приземных данных (суша),307081,"(Последовательность для представления синоптических сводок с фиксированной наземной станции, подходящая для данных SYNOP в соответствии с практикой представления информации в РА I)",,302036,Облака с нижней границей ниже уровня станции,,,,Operational
bufr4/3/07/081/1/302047,07,Категория 07 — Последовательности сводок приземных данных (суша),307081,"(Последовательность для представления синоптических сводок с фиксированной наземной станции, подходящая для данных SYNOP в соответствии с практикой представления информации в РА I)",,302047,Направление движения облаков,,,,Operational
bufr4/3/07/081/1/008002,07,Категория 07 — Последовательности сводок приземных данных (суша),307081,"(Последовательность для представления синоптических сводок с фиксированной наземной станции, подходящая для данных SYNOP в соответствии с практикой представления информации в РА I)",,008002,Вертикальная значимость (приземные наблюдения) Установлено на отсутствующее значение (отмена),,,,Operational
bufr4/3/07/081/1/302048,07,Категория 07 — Последовательности сводок приземных данных (суша),307081,"(Последовательность для представления синоптических сводок с фиксированной наземной станции, подходящая для данных SYNOP в соответствии с практикой представления информации в РА I)",,302048,Направление движения и возвышение облаков,,,,Operational
bufr4/3/07/081/1/302037,07,Категория 07 — Последовательности сводок приземных данных (суша),307081,"(Последовательность для представления синоптических сводок с фиксированной наземной станции, подходящая для данных SYNOP в соответствии с практикой представления информации в РА I)",,302037,"Состояние поверхности земли, высота снежного покрова, минимальная температура на поверхности земли",,,,Operational
bufr4/3/07/081/1/012122,07,Категория 07 — Последовательности сводок приземных данных (суша),307081,"(Последовательность для представления синоптических сводок с фиксированной наземной станции, подходящая для данных SYNOP в соответствии с практикой представления информации в РА I)",,012122,Минимальная температура на поверхности земли за предыдущую ночь,,,,Operational
bufr4/3/07/081/1/013056,07,Категория 07 — Последовательности сводок приземных данных (суша),307081,"(Последовательность для представления синоптических сводок с фиксированной наземной станции, подходящая для данных SYNOP в соответствии с практикой представления информации в РА I)",,013056,Характер и интенсивность осадков,,,,Operational
bufr4/3/07/081/1/013057,07,Категория 07 — Последовательности сводок приземных данных (суша),307081,"(Последовательность для представления синоптических сводок с фиксированной наземной станции, подходящая для данных SYNOP в соответствии с практикой представления информации в РА I)",,013057,Время начала и окончания осадков,,,,Operational
bufr4/3/07/081/1/020101,07,Категория 07 — Последовательности сводок приземных данных (суша),307081,"(Последовательность для представления синоптических сводок с фиксированной наземной станции, подходящая для данных SYNOP в соответствии с практикой представления информации в РА I)",,020101,Название саранчи (или ее разновидности),,,,Operational
bufr4/3/07/081/1/020102,07,Категория 07 — Последовательности сводок приземных данных (суша),307081,"(Последовательность для представления синоптических сводок с фиксированной наземной станции, подходящая для данных SYNOP в соответствии с практикой представления информации в РА I)",,020102,Цвет (зрелось) саранчи,,,,Operational
bufr4/3/07/081/1/020103,07,Категория 07 — Последовательности сводок приземных данных (суша),307081,"(Последовательность для представления синоптических сводок с фиксированной наземной станции, подходящая для данных SYNOP в соответствии с практикой представления информации в РА I)",,020103,Стадия развития саранчи,,,,Operational
bufr4/3/07/081/1/020104,07,Категория 07 — Последовательности сводок приземных данных (суша),307081,"(Последовательность для представления синоптических сводок с фиксированной наземной станции, подходящая для данных SYNOP в соответствии с практикой представления информации в РА I)",,020104,Cостояние формирования стаи или кулиги саранчи,,,,Operational
bufr4/3/07/081/1/020105,07,Категория 07 — Последовательности сводок приземных данных (суша),307081,"(Последовательность для представления синоптических сводок с фиксированной наземной станции, подходящая для данных SYNOP в соответствии с практикой представления информации в РА I)",,020105,Размер стаи или кулиги саранчи и время прохождения стаи,,,,Operational
bufr4/3/07/081/1/020106,07,Категория 07 — Последовательности сводок приземных данных (суша),307081,"(Последовательность для представления синоптических сводок с фиксированной наземной станции, подходящая для данных SYNOP в соответствии с практикой представления информации в РА I)",,020106,Плотность популяции саранчи,,,,Operational
bufr4/3/07/081/1/020107,07,Категория 07 — Последовательности сводок приземных данных (суша),307081,"(Последовательность для представления синоптических сводок с фиксированной наземной станции, подходящая для данных SYNOP в соответствии с практикой представления информации в РА I)",,020107,Направление движения стаи саранчи,,,,Operational
bufr4/3/07/081/1/020108,07,Категория 07 — Последовательности сводок приземных данных (суша),307081,"(Последовательность для представления синоптических сводок с фиксированной наземной станции, подходящая для данных SYNOP в соответствии с практикой представления информации в РА I)",,020108,Протяженность растительного покрова,,,,Operational
bufr4/3/07/081/1/302043,07,Категория 07 — Последовательности сводок приземных данных (суша),307081,"(Последовательность для представления синоптических сводок с фиксированной наземной станции, подходящая для данных SYNOP в соответствии с практикой представления информации в РА I)",,302043,Основные синоптические данные «за период»,,,,Operational
bufr4/3/07/081/1/302044,07,Категория 07 — Последовательности сводок приземных данных (суша),307081,"(Последовательность для представления синоптических сводок с фиксированной наземной станции, подходящая для данных SYNOP в соответствии с практикой представления информации в РА I)",,302044,Данные об испарении,,,,Operational
bufr4/3/07/081/1/101002,07,Категория 07 — Последовательности сводок приземных данных (суша),307081,"(Последовательность для представления синоптических сводок с фиксированной наземной станции, подходящая для данных SYNOP в соответствии с практикой представления информации в РА I)",,101002,Повторить 1 дескриптор 2 раза,,,,Operational
bufr4/3/07/081/1/302045,07,Категория 07 — Последовательности сводок приземных данных (суша),307081,"(Последовательность для представления синоптических сводок с фиксированной наземной станции, подходящая для данных SYNOP в соответствии с практикой представления информации в РА I)",,302045,Данные о радиации (за 1 час и 24-часовой период),,,,Operational
bufr4/3/07/081/1/302046,07,Категория 07 — Последовательности сводок приземных данных (суша),307081,"(Последовательность для представления синоптических сводок с фиксированной наземной станции, подходящая для данных SYNOP в соответствии с практикой представления информации в РА I)",,302046,Изменение температуры,,,,Operational
bufr4/3/07/082/1/301090,07,Категория 07 — Последовательности сводок приземных данных (суша),307082,"(Последовательность для представления синоптических сводок с фиксированной наземной станции, подходящая для данных SYNOP в соответствии с практикой представления информации в РА II) (см. примечание 7)",,301090,"Идентификация станции приземных наблюдений; время, горизонтальные и вертикальные координаты",,,7,Operational
bufr4/3/07/082/1/302031,07,Категория 07 — Последовательности сводок приземных данных (суша),307082,"(Последовательность для представления синоптических сводок с фиксированной наземной станции, подходящая для данных SYNOP в соответствии с практикой представления информации в РА II) (см. примечание 7)",,302031,Информация о давлении,,,7,Operational
bufr4/3/07/082/1/302035,07,Категория 07 — Последовательности сводок приземных данных (суша),307082,"(Последовательность для представления синоптических сводок с фиксированной наземной станции, подходящая для данных SYNOP в соответствии с практикой представления информации в РА II) (см. примечание 7)",,302035,Основные синоптические «мгновенные» данные,,,7,Operational
bufr4/3/07/082/1/302036,07,Категория 07 — Последовательности сводок приземных данных (суша),307082,"(Последовательность для представления синоптических сводок с фиксированной наземной станции, подходящая для данных SYNOP в соответствии с практикой представления информации в РА II) (см. примечание 7)",,302036,Облака с нижней границей ниже уровня станции,,,7,Operational
bufr4/3/07/082/1/302047,07,Категория 07 — Последовательности сводок приземных данных (суша),307082,"(Последовательность для представления синоптических сводок с фиксированной наземной станции, подходящая для данных SYNOP в соответствии с практикой представления информации в РА II) (см. примечание 7)",,302047,Направление перемещения облаков,,,7,Operational
bufr4/3/07/082/1/008002,07,Категория 07 — Последовательности сводок приземных данных (суша),307082,"(Последовательность для представления синоптических сводок с фиксированной наземной станции, подходящая для данных SYNOP в соответствии с практикой представления информации в РА II) (см. примечание 7)",,008002,Вертикальная значимость (приземные наблюдения) Установлено на отсутствующее значение (отмена),,,7,Operational
bufr4/3/07/082/1/302048,07,Категория 07 — Последовательности сводок приземных данных (суша),307082,"(Последовательность для представления синоптических сводок с фиксированной наземной станции, подходящая для данных SYNOP в соответствии с практикой представления информации в РА II) (см. примечание 7)",,302048,Направление движения и возвышение облаков,,,7,Operational
bufr4/3/07/082/1/302037,07,Категория 07 — Последовательности сводок приземных данных (суша),307082,"(Последовательность для представления синоптических сводок с фиксированной наземной станции, подходящая для данных SYNOP в соответствии с практикой представления информации в РА II) (см. примечание 7)",,302037,"Состояние поверхности земли, высота снежного покрова, минимальная температура на поверхности земли",,,7,Operational
bufr4/3/07/082/1/012121,07,Категория 07 — Последовательности сводок приземных данных (суша),307082,"(Последовательность для представления синоптических сводок с фиксированной наземной станции, подходящая для данных SYNOP в соответствии с практикой представления информации в РА II) (см. примечание 7)",,012121,Минимальная температура на поверхности земли В срок наблюдения,,,7,Operational
bufr4/3/07/082/1/012122,07,Категория 07 — Последовательности сводок приземных данных (суша),307082,"(Последовательность для представления синоптических сводок с фиксированной наземной станции, подходящая для данных SYNOP в соответствии с практикой представления информации в РА II) (см. примечание 7)",,012122,Минимальная температура на поверхности земли за предыдущую ночь,,,7,Operational
bufr4/3/07/082/1/302043,07,Категория 07 — Последовательности сводок приземных данных (суша),307082,"(Последовательность для представления синоптических сводок с фиксированной наземной станции, подходящая для данных SYNOP в соответствии с практикой представления информации в РА II) (см. примечание 7)",,302043,Основные синоптические данные «за период»,,,7,Operational
bufr4/3/07/082/1/302044,07,Категория 07 — Последовательности сводок приземных данных (суша),307082,"(Последовательность для представления синоптических сводок с фиксированной наземной станции, подходящая для данных SYNOP в соответствии с практикой представления информации в РА II) (см. примечание 7)",,302044,Данные об испарении,,,7,Operational
bufr4/3/07/082/1/101002,07,Категория 07 — Последовательности сводок приземных данных (суша),307082,"(Последовательность для представления синоптических сводок с фиксированной наземной станции, подходящая для данных SYNOP в соответствии с практикой представления информации в РА II) (см. примечание 7)",,101002,Повторить 1 дескриптор 2 раза,,,7,Operational
bufr4/3/07/082/1/302045,07,Категория 07 — Последовательности сводок приземных данных (суша),307082,"(Последовательность для представления синоптических сводок с фиксированной наземной станции, подходящая для данных SYNOP в соответствии с практикой представления информации в РА II) (см. примечание 7)",,302045,Данные о радиации (за 1 час и 24-часовой период),,,7,Operational
bufr4/3/07/082/1/302046,07,Категория 07 — Последовательности сводок приземных данных (суша),307082,"(Последовательность для представления синоптических сводок с фиксированной наземной станции, подходящая для данных SYNOP в соответствии с практикой представления информации в РА II) (см. примечание 7)",,302046,Изменение температуры,,,7,Operational
bufr4/3/07/083/1/301090,07,Категория 07 — Последовательности сводок приземных данных (суша),307083,"(Последовательность для представления синоптических сводок с фиксированной наземной станции, подходящая для данных SYNOP в соответствии с практикой представления информации в РА III)",,301090,"Идентификация станции приземных наблюдений; время, горизонтальные и вертикальные координаты",,,,Operational
bufr4/3/07/083/1/302031,07,Категория 07 — Последовательности сводок приземных данных (суша),307083,"(Последовательность для представления синоптических сводок с фиксированной наземной станции, подходящая для данных SYNOP в соответствии с практикой представления информации в РА III)",,302031,Информация о давлении,,,,Operational
bufr4/3/07/083/1/302035,07,Категория 07 — Последовательности сводок приземных данных (суша),307083,"(Последовательность для представления синоптических сводок с фиксированной наземной станции, подходящая для данных SYNOP в соответствии с практикой представления информации в РА III)",,302035,Основные синоптические «мгновенные» данные,,,,Operational
bufr4/3/07/083/1/302036,07,Категория 07 — Последовательности сводок приземных данных (суша),307083,"(Последовательность для представления синоптических сводок с фиксированной наземной станции, подходящая для данных SYNOP в соответствии с практикой представления информации в РА III)",,302036,Облака с нижней границей ниже уровня станции,,,,Operational
bufr4/3/07/083/1/302047,07,Категория 07 — Последовательности сводок приземных данных (суша),307083,"(Последовательность для представления синоптических сводок с фиксированной наземной станции, подходящая для данных SYNOP в соответствии с практикой представления информации в РА III)",,302047,Направление движения облаков,,,,Operational
bufr4/3/07/083/1/008002,07,Категория 07 — Последовательности сводок приземных данных (суша),307083,"(Последовательность для представления синоптических сводок с фиксированной наземной станции, подходящая для данных SYNOP в соответствии с практикой представления информации в РА III)",,008002,Вертикальная значимость (приземные наблюдения) Установлено на отсутствующее значение (отмена),,,,Operational
bufr4/3/07/083/1/302048,07,Категория 07 — Последовательности сводок приземных данных (суша),307083,"(Последовательность для представления синоптических сводок с фиксированной наземной станции, подходящая для данных SYNOP в соответствии с практикой представления информации в РА III)",,302048,Направление движения и возвышение облаков,,,,Operational
bufr4/3/07/083/1/302037,07,Категория 07 — Последовательности сводок приземных данных (суша),307083,"(Последовательность для представления синоптических сводок с фиксированной наземной станции, подходящая для данных SYNOP в соответствии с практикой представления информации в РА III)",,302037,"Состояние поверхности земли, высота снежного покрова, минимальная температура на поверхности земли",,,,Operational
bufr4/3/07/083/1/012122,07,Категория 07 — Последовательности сводок приземных данных (суша),307083,"(Последовательность для представления синоптических сводок с фиксированной наземной станции, подходящая для данных SYNOP в соответствии с практикой представления информации в РА III)",,012122,Минимальная температура на поверхности земли за предыдущую ночь,,,,Operational
bufr4/3/07/083/1/302043,07,Категория 07 — Последовательности сводок приземных данных (суша),307083,"(Последовательность для представления синоптических сводок с фиксированной наземной станции, подходящая для данных SYNOP в соответствии с практикой представления информации в РА III)",,302043,Основные синоптические данные «за период»,,,,Operational
bufr4/3/07/083/1/302044,07,Категория 07 — Последовательности сводок приземных данных (суша),307083,"(Последовательность для представления синоптических сводок с фиксированной наземной станции, подходящая для данных SYNOP в соответствии с практикой представления информации в РА III)",,302044,Информация об испарении,,,,Operational
bufr4/3/07/083/1/101002,07,Категория 07 — Последовательности сводок приземных данных (суша),307083,"(Последовательность для представления синоптических сводок с фиксированной наземной станции, подходящая для данных SYNOP в соответствии с практикой представления информации в РА III)",,101002,Повторить 1 дескриптор 2 раза,,,,Operational
bufr4/3/07/083/1/302045,07,Категория 07 — Последовательности сводок приземных данных (суша),307083,"(Последовательность для представления синоптических сводок с фиксированной наземной станции, подходящая для данных SYNOP в соответствии с практикой представления информации в РА III)",,302045,Данные о радиации (за 1 час и 24-часовой период),,,,Operational
bufr4/3/07/083/1/302046,07,Категория 07 — Последовательности сводок приземных данных (суша),307083,"(Последовательность для представления синоптических сводок с фиксированной наземной станции, подходящая для данных SYNOP в соответствии с практикой представления информации в РА III)",,302046,Изменение температуры,,,,Operational
bufr4/3/07/084/1/301090,07,Категория 07 — Последовательности сводок приземных данных (суша),307084,"(Последовательность для представления синоптических сводок с фиксированной наземной станции, подходящая для данных SYNOP в соответствии с практикой представления информации в РА IV)",,301090,"Идентификация станции приземных наблюдений; время, горизонтальные и вертикальные координаты",,,,Operational
bufr4/3/07/084/1/302031,07,Категория 07 — Последовательности сводок приземных данных (суша),307084,"(Последовательность для представления синоптических сводок с фиксированной наземной станции, подходящая для данных SYNOP в соответствии с практикой представления информации в РА IV)",,302031,Информация о давлении,,,,Operational
bufr4/3/07/084/1/302035,07,Категория 07 — Последовательности сводок приземных данных (суша),307084,"(Последовательность для представления синоптических сводок с фиксированной наземной станции, подходящая для данных SYNOP в соответствии с практикой представления информации в РА IV)",,302035,Основные синоптические «мгновенные» данные,,,,Operational
bufr4/3/07/084/1/302036,07,Категория 07 — Последовательности сводок приземных данных (суша),307084,"(Последовательность для представления синоптических сводок с фиксированной наземной станции, подходящая для данных SYNOP в соответствии с практикой представления информации в РА IV)",,302036,Облака с нижней границей ниже уровня станции,,,,Operational
bufr4/3/07/084/1/302047,07,Категория 07 — Последовательности сводок приземных данных (суша),307084,"(Последовательность для представления синоптических сводок с фиксированной наземной станции, подходящая для данных SYNOP в соответствии с практикой представления информации в РА IV)",,302047,Направление движения облаков,,,,Operational
bufr4/3/07/084/1/008002,07,Категория 07 — Последовательности сводок приземных данных (суша),307084,"(Последовательность для представления синоптических сводок с фиксированной наземной станции, подходящая для данных SYNOP в соответствии с практикой представления информации в РА IV)",,008002,Вертикальная значимость (приземные наблюдения) Установлено на отсутствующее значение (отмена),,,,Operational
bufr4/3/07/084/1/302048,07,Категория 07 — Последовательности сводок приземных данных (суша),307084,"(Последовательность для представления синоптических сводок с фиксированной наземной станции, подходящая для данных SYNOP в соответствии с практикой представления информации в РА IV)",,302048,Направление движения и возвышение облаков,,,,Operational
bufr4/3/07/084/1/302037,07,Категория 07 — Последовательности сводок приземных данных (суша),307084,"(Последовательность для представления синоптических сводок с фиксированной наземной станции, подходящая для данных SYNOP в соответствии с практикой представления информации в РА IV)",,302037,"Состояние поверхности земли, высота снежного покрова, минимальная температура на поверхности земли",,,,Operational
bufr4/3/07/084/1/020055,07,Категория 07 — Последовательности сводок приземных данных (суша),307084,"(Последовательность для представления синоптических сводок с фиксированной наземной станции, подходящая для данных SYNOP в соответствии с практикой представления информации в РА IV)",,020055,Состояние неба в тропиках,,,,Operational
bufr4/3/07/084/1/101000,07,Категория 07 — Последовательности сводок приземных данных (суша),307084,"(Последовательность для представления синоптических сводок с фиксированной наземной станции, подходящая для данных SYNOP в соответствии с практикой представления информации в РА IV)",,101000,Повторение с задержкой 1 дескриптора,,,,Operational
bufr4/3/07/084/1/031001,07,Категория 07 — Последовательности сводок приземных данных (суша),307084,"(Последовательность для представления синоптических сводок с фиксированной наземной станции, подходящая для данных SYNOP в соответствии с практикой представления информации в РА IV)",,031001,Коэффициент повторения дескриптора с задержкой,,,,Operational
bufr4/3/07/084/1/205001,07,Категория 07 — Последовательности сводок приземных данных (суша),307084,"(Последовательность для представления синоптических сводок с фиксированной наземной станции, подходящая для данных SYNOP в соответствии с практикой представления информации в РА IV)",,205001,Указать символы Символьное поле из 1 символа,,,,Operational
bufr4/3/07/084/1/302043,07,Категория 07 — Последовательности сводок приземных данных (суша),307084,"(Последовательность для представления синоптических сводок с фиксированной наземной станции, подходящая для данных SYNOP в соответствии с практикой представления информации в РА IV)",,302043,Основные синоптические данные «за период»,,,,Operational
bufr4/3/07/084/1/302044,07,Категория 07 — Последовательности сводок приземных данных (суша),307084,"(Последовательность для представления синоптических сводок с фиксированной наземной станции, подходящая для данных SYNOP в соответствии с практикой представления информации в РА IV)",,302044,Данные об испарении,,,,Operational
bufr4/3/07/084/1/101002,07,Категория 07 — Последовательности сводок приземных данных (суша),307084,"(Последовательность для представления синоптических сводок с фиксированной наземной станции, подходящая для данных SYNOP в соответствии с практикой представления информации в РА IV)",,101002,Повторить 1 дескриптор 2 раза,,,,Operational
bufr4/3/07/084/1/302045,07,Категория 07 — Последовательности сводок приземных данных (суша),307084,"(Последовательность для представления синоптических сводок с фиксированной наземной станции, подходящая для данных SYNOP в соответствии с практикой представления информации в РА IV)",,302045,Данные о радиации (за 1 час и 24-часовой период),,,,Operational
bufr4/3/07/084/1/302046,07,Категория 07 — Последовательности сводок приземных данных (суша),307084,"(Последовательность для представления синоптических сводок с фиксированной наземной станции, подходящая для данных SYNOP в соответствии с практикой представления информации в РА IV)",,302046,Изменение температуры,,,,Operational
bufr4/3/07/086/1/301090,07,Категория 07 — Последовательности сводок приземных данных (суша),307086,"(Последовательность для представления синоптических сводок с фиксированной наземной станции, подходящая для данных SYNOP в соответствии с практикой представления информации в РА VI)",,301090,"Идентификация станции приземных наблюдений; время, горизонтальные и вертикальные координаты",,,,Operational
bufr4/3/07/086/1/302031,07,Категория 07 — Последовательности сводок приземных данных (суша),307086,"(Последовательность для представления синоптических сводок с фиксированной наземной станции, подходящая для данных SYNOP в соответствии с практикой представления информации в РА VI)",,302031,Информация о давлении,,,,Operational
bufr4/3/07/086/1/302035,07,Категория 07 — Последовательности сводок приземных данных (суша),307086,"(Последовательность для представления синоптических сводок с фиксированной наземной станции, подходящая для данных SYNOP в соответствии с практикой представления информации в РА VI)",,302035,Основные синоптические «мгновенные» данные,,,,Operational
bufr4/3/07/086/1/302036,07,Категория 07 — Последовательности сводок приземных данных (суша),307086,"(Последовательность для представления синоптических сводок с фиксированной наземной станции, подходящая для данных SYNOP в соответствии с практикой представления информации в РА VI)",,302036,Облака с нижней границей ниже уровня станции,,,,Operational
bufr4/3/07/086/1/008002,07,Категория 07 — Последовательности сводок приземных данных (суша),307086,"(Последовательность для представления синоптических сводок с фиксированной наземной станции, подходящая для данных SYNOP в соответствии с практикой представления информации в РА VI)",,008002,Вертикальная значимость (приземные наблюдения) Установлено на отсутствующее значение (отмена),,,,Operational
bufr4/3/07/086/1/302037,07,Категория 07 — Последовательности сводок приземных данных (суша),307086,"(Последовательность для представления синоптических сводок с фиксированной наземной станции, подходящая для данных SYNOP в соответствии с практикой представления информации в РА VI)",,302037,"Состояние поверхности земли, высота снежного покрова, минимальная температура на поверхности земли",,,,Operational
bufr4/3/07/086/1/302066,07,Категория 07 — Последовательности сводок приземных данных (суша),307086,"(Последовательность для представления синоптических сводок с фиксированной наземной станции, подходящая для данных SYNOP в соответствии с практикой представления информации в РА VI)",,302066,Опасные явления погоды,,,,Operational
bufr4/3/07/086/1/302043,07,Категория 07 — Последовательности сводок приземных данных (суша),307086,"(Последовательность для представления синоптических сводок с фиксированной наземной станции, подходящая для данных SYNOP в соответствии с практикой представления информации в РА VI)",,302043,Основные синоптические данные «за период»,,,,Operational
bufr4/3/07/086/1/302044,07,Категория 07 — Последовательности сводок приземных данных (суша),307086,"(Последовательность для представления синоптических сводок с фиксированной наземной станции, подходящая для данных SYNOP в соответствии с практикой представления информации в РА VI)",,302044,Данные об испарении,,,,Operational
bufr4/3/07/086/1/101002,07,Категория 07 — Последовательности сводок приземных данных (суша),307086,"(Последовательность для представления синоптических сводок с фиксированной наземной станции, подходящая для данных SYNOP в соответствии с практикой представления информации в РА VI)",,101002,Повторить 1 дескриптор 2 раза,,,,Operational
bufr4/3/07/086/1/302045,07,Категория 07 — Последовательности сводок приземных данных (суша),307086,"(Последовательность для представления синоптических сводок с фиксированной наземной станции, подходящая для данных SYNOP в соответствии с практикой представления информации в РА VI)",,302045,Данные о радиации (за 1 час и 24-часовой период),,,,Operational
bufr4/3/07/087/1/301001,07,Категория 07 — Последовательности сводок приземных данных (суша),307087,(«Мгновенные» параметры последовательности 3 07 089),,301001,Номера блока и станции ВМО,IIiii,,,Operational
bufr4/3/07/087/1/002001,07,Категория 07 — Последовательности сводок приземных данных (суша),307087,(«Мгновенные» параметры последовательности 3 07 089),,002001,Тип станции,ix,,,Operational
bufr4/3/07/087/1/301011,07,Категория 07 — Последовательности сводок приземных данных (суша),307087,(«Мгновенные» параметры последовательности 3 07 089),,301011,"Год, месяц, день",YY,,,Operational
bufr4/3/07/087/1/301012,07,Категория 07 — Последовательности сводок приземных данных (суша),307087,(«Мгновенные» параметры последовательности 3 07 089),,301012,"Час, минута","GG, gg",,,Operational
bufr4/3/07/087/1/301023,07,Категория 07 — Последовательности сводок приземных данных (суша),307087,(«Мгновенные» параметры последовательности 3 07 089),,301023,Широта/долгота (низкая точность),,,,Operational
bufr4/3/07/087/1/007030,07,Категория 07 — Последовательности сводок приземных данных (суша),307087,(«Мгновенные» параметры последовательности 3 07 089),,007030,Высота площадки станции над средним уровнем моря,,,,Operational
bufr4/3/07/087/1/007031,07,Категория 07 — Последовательности сводок приземных данных (суша),307087,(«Мгновенные» параметры последовательности 3 07 089),,007031,Высота барометра над средним уровнем моря,,,,Operational
bufr4/3/07/087/1/302001,07,Категория 07 — Последовательности сводок приземных данных (суша),307087,(«Мгновенные» параметры последовательности 3 07 089),,302001,Давление и его изменение за 3 часа,"PoPoPoPo, PPPP, ppp, a",,,Operational
bufr4/3/07/087/1/010062,07,Категория 07 — Последовательности сводок приземных данных (суша),307087,(«Мгновенные» параметры последовательности 3 07 089),,010062,Изменение давления за 24 часа,p24p24p24,,,Operational
bufr4/3/07/087/1/007004,07,Категория 07 — Последовательности сводок приземных данных (суша),307087,(«Мгновенные» параметры последовательности 3 07 089),,007004,Давление,"Стандартный уровень a3 = 925, 850, 700, ..гПа | Установлено на отсутствующее значение для станций в низменной местности",,,Operational
bufr4/3/07/087/1/010009,07,Категория 07 — Последовательности сводок приземных данных (суша),307087,(«Мгновенные» параметры последовательности 3 07 089),,010009,Геопотенциальная высота,Стандартный уровень hhh | Установлено на отсутствующее значение для станций в низменной местности,,,Operational
bufr4/3/07/087/1/007032,07,Категория 07 — Последовательности сводок приземных данных (суша),307087,(«Мгновенные» параметры последовательности 3 07 089),,007032,Высота датчика над местной площадкой (или палубой морской платформы),Измерение температуры,,,Operational
bufr4/3/07/087/1/012101,07,Категория 07 — Последовательности сводок приземных данных (суша),307087,(«Мгновенные» параметры последовательности 3 07 089),,012101,Температура/температура воздуха,snTTT | Масштаб: 2,,,Operational
bufr4/3/07/087/1/012103,07,Категория 07 — Последовательности сводок приземных данных (суша),307087,(«Мгновенные» параметры последовательности 3 07 089),,012103,Температура точки росы,snTdTdTd | Масштаб: 2,,,Operational
bufr4/3/07/087/1/013003,07,Категория 07 — Последовательности сводок приземных данных (суша),307087,(«Мгновенные» параметры последовательности 3 07 089),,013003,Относительная влажность,,,,Operational
bufr4/3/07/087/2/007032,07,Категория 07 — Последовательности сводок приземных данных (суша),307087,(«Мгновенные» параметры последовательности 3 07 089),,007032,Высота датчика над местной площадкой (или палубой морской платформы),Установлено на отсутствующее значение (отмена),,,Operational
bufr4/3/07/087/1/020001,07,Категория 07 — Последовательности сводок приземных данных (суша),307087,(«Мгновенные» параметры последовательности 3 07 089),,020001,Горизонтальная видимость,VV,,,Operational
bufr4/3/07/087/1/302004,07,Категория 07 — Последовательности сводок приземных данных (суша),307087,(«Мгновенные» параметры последовательности 3 07 089),,302004,Общая информация об облачности,"/см. колонку слева Облачность (общая) N: если N = 9, тогда 0 20 010 = 113, если N = /, тогда 0 20 010 = отсутствующее значение | Вертикальная значимость: если CL наблюдаются, тогда 0 08 002 = 7 | Облака нижнего яруса: если CL не наблюдаются, а CM наблюдаются, тогда 0 08 002 = 8 | Облака среднего яруса: если наблюдаются только CH, 0 08 002 = 0, если N = 9, тогда 0 08 002 = 5, если N = 0, тогда 0 08 002 = 62, если N = /, тогда 0 08 002 = отсутствующее значение | Количество облаков (облака нижнего или среднего яруса) Nh: если N = 0, тогда 0 20 011 = 0, если N = 9, тогда 0 20 011 = 9, если N = /, тогда 0 20 011 = отсутствующее значение | Высота нижней границы облаков h: если N = 0 или /, тогда 0 20 013 = отсутствующее значение | Тип облаков (облака нижнего яруса) CL: 0 20 012 = CL + 30, если N = 0, тогда 0 20 012 = 30, если N = 9 или /, тогда 0 20 012 = 62 |",,,Operational
bufr4/3/07/087/1/031001,07,Категория 07 — Последовательности сводок приземных данных (суша),307087,(«Мгновенные» параметры последовательности 3 07 089),,031001,Коэффициент повторения дескриптора с задержкой,,,,Operational
bufr4/3/07/087/1/302005,07,Категория 07 — Последовательности сводок приземных данных (суша),307087,(«Мгновенные» параметры последовательности 3 07 089),,302005,Облачный слой,"/см. колонку слева Вертикальная значимость: В любом слое Cb, 0 08 002 = 4, в другом случае в первом повторении, если N = 9, тогда 0 08 002 = 5, если N = /, тогда 0 08 002 = отсутствующее значение, или же 0 08 002 = 1, в других повторениях 0 08 002 = 2, 3, 4 | Количество облаков Ns: в первом повторении, если N = /, тогда 0 20 011 = отсутствующее значение, или же 0 20 011 = Ns, в других повторениях 0 20 011 = Ns | Тип облаков C: если N = 9 или /, тогда 0 20 012 = отсутствующее значение, или же 0 20 012 = C | Высота нижней границы облаков hshs",,,Operational
bufr4/3/07/088/1/020003,07,Категория 07 — Последовательности сводок приземных данных (суша),307088,(Параметры «периода» последовательности 3 07 089),,020003,Текущая погода,ww,,,Operational
bufr4/3/07/088/1/004024,07,Категория 07 — Последовательности сводок приземных данных (суша),307088,(Параметры «периода» последовательности 3 07 089),,004024,"Временной период или отклонение =–6 в 00:00, 06:00, 12:00, 18:00 ВСВ, =–3 в 03:00, 09:00, 15:00, 21:00 ВСВ",,,,Operational
bufr4/3/07/088/1/020004,07,Категория 07 — Последовательности сводок приземных данных (суша),307088,(Параметры «периода» последовательности 3 07 089),,020004,Прошедшая погода (1),W1,,,Operational
bufr4/3/07/088/1/020005,07,Категория 07 — Последовательности сводок приземных данных (суша),307088,(Параметры «периода» последовательности 3 07 089),,020005,Прошедшая погода (2),W2,,,Operational
bufr4/3/07/088/2/004024,07,Категория 07 — Последовательности сводок приземных данных (суша),307088,(Параметры «периода» последовательности 3 07 089),,004024,Временной период или отклонение =–24 (часы),,,,Operational
bufr4/3/07/088/1/002004,07,Категория 07 — Последовательности сводок приземных данных (суша),307088,(Параметры «периода» последовательности 3 07 089),,002004,"Тип приборов для измерения испарения или вид сельскохозяйственной культуры, по которой сообщаются данные об эвапотранспирации",iE,,,Operational
bufr4/3/07/088/1/013033,07,Категория 07 — Последовательности сводок приземных данных (суша),307088,(Параметры «периода» последовательности 3 07 089),,013033,Испарение/эвапотранспирация,EEE,,,Operational
bufr4/3/07/088/1/102002,07,Категория 07 — Последовательности сводок приземных данных (суша),307088,(Параметры «периода» последовательности 3 07 089),,102002,Повторить 2 дескриптора 2 раза,,,,Operational
bufr4/3/07/088/3/004024,07,Категория 07 — Последовательности сводок приземных данных (суша),307088,(Параметры «периода» последовательности 3 07 089),,004024,"Временной период или отклонение =–24 (часы) в первом повторении, =–1 (час) во втором повторении",,,,Operational
bufr4/3/07/088/1/014031,07,Категория 07 — Последовательности сводок приземных данных (суша),307088,(Параметры «периода» последовательности 3 07 089),,014031,Общая продолжительность солнечного сияния,"SSS в первом повторении, SS во втором повторении",,,Operational
bufr4/3/07/088/2/102002,07,Категория 07 — Последовательности сводок приземных данных (суша),307088,(Параметры «периода» последовательности 3 07 089),,102002,Повторить 2 дескриптора 2 раза,,,,Operational
bufr4/3/07/088/4/004024,07,Категория 07 — Последовательности сводок приземных данных (суша),307088,(Параметры «периода» последовательности 3 07 089),,004024,Временной период или отклонение,tR,,,Operational
bufr4/3/07/088/1/013011,07,Категория 07 — Последовательности сводок приземных данных (суша),307088,(Параметры «периода» последовательности 3 07 089),,013011,Сумма осадков/суммарный водный эквивалент,"RRR | = 0 Осадки отсутствуют, =–0,1 Следы осадков",,,Operational
bufr4/3/07/088/1/007032,07,Категория 07 — Последовательности сводок приземных данных (суша),307088,(Параметры «периода» последовательности 3 07 089),,007032,Высота датчика над местной площадкой (или палубой морской платформы),Измерение температуры,,,Operational
bufr4/3/07/088/5/004024,07,Категория 07 — Последовательности сводок приземных данных (суша),307088,(Параметры «периода» последовательности 3 07 089),,004024,Временной период или отклонение =–12 (часы),,,,Operational
bufr4/3/07/088/1/012111,07,Категория 07 — Последовательности сводок приземных данных (суша),307088,(Параметры «периода» последовательности 3 07 089),,012111,Максимальная температура на указанной высоте и за указанный период,snTxTxTx,,,Operational
bufr4/3/07/088/6/004024,07,Категория 07 — Последовательности сводок приземных данных (суша),307088,(Параметры «периода» последовательности 3 07 089),,004024,Временной период или отклонение =–12 (часы),,,,Operational
bufr4/3/07/088/1/012112,07,Категория 07 — Последовательности сводок приземных данных (суша),307088,(Параметры «периода» последовательности 3 07 089),,012112,Минимальная температура на указанной высоте и за указанный период,snTnTnTn,,,Operational
bufr4/3/07/088/2/007032,07,Категория 07 — Последовательности сводок приземных данных (суша),307088,(Параметры «периода» последовательности 3 07 089),,007032,Высота датчика над местной площадкой (или палубой морской платформы),Измерение ветра,,,Operational
bufr4/3/07/088/1/002002,07,Категория 07 — Последовательности сводок приземных данных (суша),307088,(Параметры «периода» последовательности 3 07 089),,002002,Тип приборного обеспечения для измерения ветра,iw,,,Operational
bufr4/3/07/088/1/008021,07,Категория 07 — Последовательности сводок приземных данных (суша),307088,(Параметры «периода» последовательности 3 07 089),,008021,Значимость времени,= 2 Среднее по времени,,,Operational
bufr4/3/07/088/1/004025,07,Категория 07 — Последовательности сводок приземных данных (суша),307088,(Параметры «периода» последовательности 3 07 089),,004025,"Временной период или отклонение =–10 (минуты) или количество минут после значительного изменения ветра, если таковое имело место",,,,Operational
bufr4/3/07/088/1/011001,07,Категория 07 — Последовательности сводок приземных данных (суша),307088,(Параметры «периода» последовательности 3 07 089),,011001,Направление ветра,"dd | Если dd = 00 Штиль или dd = 99 Переменное, 0 11 001 = 0",,,Operational
bufr4/3/07/088/1/011002,07,Категория 07 — Последовательности сводок приземных данных (суша),307088,(Параметры «периода» последовательности 3 07 089),,011002,Скорость ветра,ff,,,Operational
bufr4/3/07/088/2/008021,07,Категория 07 — Последовательности сводок приземных данных (суша),307088,(Параметры «периода» последовательности 3 07 089),,008021,Значимость времени,Установлено на отсутствующее значение (отмена),,,Operational
bufr4/3/07/089/1/307087,07,Категория 07 — Последовательности сводок приземных данных (суша),307089,"(Последовательность для представления синоптических сводок с фиксированной наземной станции, подходящая для данных SYNOP, кодируемых вручную в коде CREX)",,307087,«Мгновенные» параметры последовательности 3 07 089,,,,Operational
bufr4/3/07/089/1/307088,07,Категория 07 — Последовательности сводок приземных данных (суша),307089,"(Последовательность для представления синоптических сводок с фиксированной наземной станции, подходящая для данных SYNOP, кодируемых вручную в коде CREX)",,307088,Параметры «периода» последовательности 3 07 089,,,,Operational
bufr4/3/07/090/1/301092,07,Категория 07 — Последовательности сводок приземных данных (суша),307090,"(Последовательность для представления синоптических сводок с подвижной наземной станции, подходящая для данных SYNOP MOBIL)",,301092,"Идентификация подвижной станции приземных наблюдений; дата/время, горизонтальные и вертикальные координаты",,,,Operational
bufr4/3/07/090/1/302031,07,Категория 07 — Последовательности сводок приземных данных (суша),307090,"(Последовательность для представления синоптических сводок с подвижной наземной станции, подходящая для данных SYNOP MOBIL)",,302031,Информация о давлении,,,,Operational
bufr4/3/07/090/1/302035,07,Категория 07 — Последовательности сводок приземных данных (суша),307090,"(Последовательность для представления синоптических сводок с подвижной наземной станции, подходящая для данных SYNOP MOBIL)",,302035,Основные синоптические «мгновенные данные»,,,,Operational
bufr4/3/07/090/1/302036,07,Категория 07 — Последовательности сводок приземных данных (суша),307090,"(Последовательность для представления синоптических сводок с подвижной наземной станции, подходящая для данных SYNOP MOBIL)",,302036,Облака с нижней границей ниже уровня станции,,,,Operational
bufr4/3/07/090/1/302047,07,Категория 07 — Последовательности сводок приземных данных (суша),307090,"(Последовательность для представления синоптических сводок с подвижной наземной станции, подходящая для данных SYNOP MOBIL)",,302047,Направление движения облаков,,,,Operational
bufr4/3/07/090/1/008002,07,Категория 07 — Последовательности сводок приземных данных (суша),307090,"(Последовательность для представления синоптических сводок с подвижной наземной станции, подходящая для данных SYNOP MOBIL)",,008002,Вертикальная значимость (приземные наблюдения),,,,Operational
bufr4/3/07/090/1/302048,07,Категория 07 — Последовательности сводок приземных данных (суша),307090,"(Последовательность для представления синоптических сводок с подвижной наземной станции, подходящая для данных SYNOP MOBIL)",,302048,Направление движения и возвышение облаков,,,,Operational
bufr4/3/07/090/1/302037,07,Категория 07 — Последовательности сводок приземных данных (суша),307090,"(Последовательность для представления синоптических сводок с подвижной наземной станции, подходящая для данных SYNOP MOBIL)",,302037,"Состояние поверхности земли, высота снежного покрова, минимальная температура на поверхности земли",,,,Operational
bufr4/3/07/090/1/302043,07,Категория 07 — Последовательности сводок приземных данных (суша),307090,"(Последовательность для представления синоптических сводок с подвижной наземной станции, подходящая для данных SYNOP MOBIL)",,302043,Основные синоптические данные «за период»,,,,Operational
bufr4/3/07/090/1/302044,07,Категория 07 — Последовательности сводок приземных данных (суша),307090,"(Последовательность для представления синоптических сводок с подвижной наземной станции, подходящая для данных SYNOP MOBIL)",,302044,Данные об испарении,,,,Operational
bufr4/3/07/090/1/101002,07,Категория 07 — Последовательности сводок приземных данных (суша),307090,"(Последовательность для представления синоптических сводок с подвижной наземной станции, подходящая для данных SYNOP MOBIL)",,101002,Повторить 1 дескриптор 2 раза,,,,Operational
bufr4/3/07/090/1/302045,07,Категория 07 — Последовательности сводок приземных данных (суша),307090,"(Последовательность для представления синоптических сводок с подвижной наземной станции, подходящая для данных SYNOP MOBIL)",,302045,Данные о радиации (за 1 час и 24-часовой период),,,,Operational
bufr4/3/07/090/1/302046,07,Категория 07 — Последовательности сводок приземных данных (суша),307090,"(Последовательность для представления синоптических сводок с подвижной наземной станции, подходящая для данных SYNOP MOBIL)",,302046,Изменение температуры,,,,Operational
bufr4/3/07/091/1/301089,07,Категория 07 — Последовательности сводок приземных данных (суша),307091,(Образец BUFR для приземных наблюдений за одночасовой период с идентификацией национальной станции и станции ВМО),,301089,Идентификация национальной станции,,,,Operational
bufr4/3/07/091/1/301090,07,Категория 07 — Последовательности сводок приземных данных (суша),307091,(Образец BUFR для приземных наблюдений за одночасовой период с идентификацией национальной станции и станции ВМО),,301090,"Идентификация станции приземных наблюдений; время, горизонтальные и вертикальные координаты",,,,Operational
bufr4/3/07/091/1/008010,07,Категория 07 — Последовательности сводок приземных данных (суша),307091,(Образец BUFR для приземных наблюдений за одночасовой период с идентификацией национальной станции и станции ВМО),,008010,Определитель поверхности (данные о температуре),,,,Operational
bufr4/3/07/091/1/301091,07,Категория 07 — Последовательности сводок приземных данных (суша),307091,(Образец BUFR для приземных наблюдений за одночасовой период с идентификацией национальной станции и станции ВМО),,301091,Приборное оборудование станции приземных наблюдений,,,,Operational
bufr4/3/07/091/1/302001,07,Категория 07 — Последовательности сводок приземных данных (суша),307091,(Образец BUFR для приземных наблюдений за одночасовой период с идентификацией национальной станции и станции ВМО),,302001,Давление и его изменение за 3 часа,,,,Operational
bufr4/3/07/091/1/007004,07,Категория 07 — Последовательности сводок приземных данных (суша),307091,(Образец BUFR для приземных наблюдений за одночасовой период с идентификацией национальной станции и станции ВМО),,007004,Давление Стандартный уровень,,,,Operational
bufr4/3/07/091/1/010009,07,Категория 07 — Последовательности сводок приземных данных (суша),307091,(Образец BUFR для приземных наблюдений за одночасовой период с идентификацией национальной станции и станции ВМО),,010009,Геопотенциальная высота Стандартный уровень,,,,Operational
bufr4/3/07/091/1/302072,07,Категория 07 — Последовательности сводок приземных данных (суша),307091,(Образец BUFR для приземных наблюдений за одночасовой период с идентификацией национальной станции и станции ВМО),,302072,Данные о температуре и влажности,,,,Operational
bufr4/3/07/091/1/103000,07,Категория 07 — Последовательности сводок приземных данных (суша),307091,(Образец BUFR для приземных наблюдений за одночасовой период с идентификацией национальной станции и станции ВМО),,103000,Повторение с задержкой 3 дескрипторов,,,,Operational
bufr4/3/07/091/1/031000,07,Категория 07 — Последовательности сводок приземных данных (суша),307091,(Образец BUFR для приземных наблюдений за одночасовой период с идентификацией национальной станции и станции ВМО),,031000,Коэффициент повторения короткого дескриптора с задержкой,,,,Operational
bufr4/3/07/091/1/101005,07,Категория 07 — Последовательности сводок приземных данных (суша),307091,(Образец BUFR для приземных наблюдений за одночасовой период с идентификацией национальной станции и станции ВМО),,101005,Повторить 1 дескриптор 5 раз,,,,Operational
bufr4/3/07/091/1/307063,07,Категория 07 — Последовательности сводок приземных данных (суша),307091,(Образец BUFR для приземных наблюдений за одночасовой период с идентификацией национальной станции и станции ВМО),,307063,Глубина от земной поверхности и температура почвы,,,,Operational
bufr4/3/07/091/1/007061,07,Категория 07 — Последовательности сводок приземных данных (суша),307091,(Образец BUFR для приземных наблюдений за одночасовой период с идентификацией национальной станции и станции ВМО),,007061,Глубина от земной поверхности Установлено на отсутствующее значение (отмена),,,,Operational
bufr4/3/07/091/1/101000,07,Категория 07 — Последовательности сводок приземных данных (суша),307091,(Образец BUFR для приземных наблюдений за одночасовой период с идентификацией национальной станции и станции ВМО),,101000,Повторение с задержкой 1 дескриптора,,,,Operational
bufr4/3/07/091/2/031000,07,Категория 07 — Последовательности сводок приземных данных (суша),307091,(Образец BUFR для приземных наблюдений за одночасовой период с идентификацией национальной станции и станции ВМО),,031000,Коэффициент повторения короткого дескриптора с задержкой,,,,Operational
bufr4/3/07/091/1/302069,07,Категория 07 — Последовательности сводок приземных данных (суша),307091,(Образец BUFR для приземных наблюдений за одночасовой период с идентификацией национальной станции и станции ВМО),,302069,Данные о видимости,,,,Operational
bufr4/3/07/091/1/007032,07,Категория 07 — Последовательности сводок приземных данных (суша),307091,(Образец BUFR для приземных наблюдений за одночасовой период с идентификацией национальной станции и станции ВМО),,007032,Высота датчика над местной площадкой (или палубой Установлено на морской платформы) отсутствующее значение (отмена),,,,Operational
bufr4/3/07/091/1/007033,07,Категория 07 — Последовательности сводок приземных данных (суша),307091,(Образец BUFR для приземных наблюдений за одночасовой период с идентификацией национальной станции и станции ВМО),,007033,Высота датчика над поверхностью воды Установлено на отсутствующее значение (отмена),,,,Operational
bufr4/3/07/091/1/105000,07,Категория 07 — Последовательности сводок приземных данных (суша),307091,(Образец BUFR для приземных наблюдений за одночасовой период с идентификацией национальной станции и станции ВМО),,105000,Повторение с задержкой 5 дескрипторов,,,,Operational
bufr4/3/07/091/3/031000,07,Категория 07 — Последовательности сводок приземных данных (суша),307091,(Образец BUFR для приземных наблюдений за одночасовой период с идентификацией национальной станции и станции ВМО),,031000,Коэффициент повторения короткого дескриптора с задержкой,,,,Operational
bufr4/3/07/091/1/020031,07,Категория 07 — Последовательности сводок приземных данных (суша),307091,(Образец BUFR для приземных наблюдений за одночасовой период с идентификацией национальной станции и станции ВМО),,020031,Отложение льда (толщина),,,,Operational
bufr4/3/07/091/1/020032,07,Категория 07 — Последовательности сводок приземных данных (суша),307091,(Образец BUFR для приземных наблюдений за одночасовой период с идентификацией национальной станции и станции ВМО),,020032,Скорость нарастания льда (оцененная),,,,Operational
bufr4/3/07/091/1/002038,07,Категория 07 — Последовательности сводок приземных данных (суша),307091,(Образец BUFR для приземных наблюдений за одночасовой период с идентификацией национальной станции и станции ВМО),,002038,Метод измерения температуры и/или солености воды,,,,Operational
bufr4/3/07/091/1/022043,07,Категория 07 — Последовательности сводок приземных данных (суша),307091,(Образец BUFR для приземных наблюдений за одночасовой период с идентификацией национальной станции и станции ВМО),,022043,Температура моря/воды Масштаб: 2,,,,Operational
bufr4/3/07/091/1/302021,07,Категория 07 — Последовательности сводок приземных данных (суша),307091,(Образец BUFR для приземных наблюдений за одночасовой период с идентификацией национальной станции и станции ВМО),,302021,Волнение,,,,Operational
bufr4/3/07/091/2/101000,07,Категория 07 — Последовательности сводок приземных данных (суша),307091,(Образец BUFR для приземных наблюдений за одночасовой период с идентификацией национальной станции и станции ВМО),,101000,Повторение с задержкой 1 дескриптора,,,,Operational
bufr4/3/07/091/4/031000,07,Категория 07 — Последовательности сводок приземных данных (суша),307091,(Образец BUFR для приземных наблюдений за одночасовой период с идентификацией национальной станции и станции ВМО),,031000,Коэффициент повторения короткого дескриптора с задержкой,,,,Operational
bufr4/3/07/091/1/302078,07,Категория 07 — Последовательности сводок приземных данных (суша),307091,(Образец BUFR для приземных наблюдений за одночасовой период с идентификацией национальной станции и станции ВМО),,302078,Состояние поверхности земли и измерение высоты снежного покрова,,,,Operational
bufr4/3/07/091/3/101000,07,Категория 07 — Последовательности сводок приземных данных (суша),307091,(Образец BUFR для приземных наблюдений за одночасовой период с идентификацией национальной станции и станции ВМО),,101000,Повторение с задержкой 1 дескриптора,,,,Operational
bufr4/3/07/091/5/031000,07,Категория 07 — Последовательности сводок приземных данных (суша),307091,(Образец BUFR для приземных наблюдений за одночасовой период с идентификацией национальной станции и станции ВМО),,031000,Коэффициент повторения короткого дескриптора с задержкой,,,,Operational
bufr4/3/07/091/1/302073,07,Категория 07 — Последовательности сводок приземных данных (суша),307091,(Образец BUFR для приземных наблюдений за одночасовой период с идентификацией национальной станции и станции ВМО),,302073,Данные об облачности,,,,Operational
bufr4/3/07/091/4/101000,07,Категория 07 — Последовательности сводок приземных данных (суша),307091,(Образец BUFR для приземных наблюдений за одночасовой период с идентификацией национальной станции и станции ВМО),,101000,Повторение с задержкой 1 дескриптора,,,,Operational
bufr4/3/07/091/6/031000,07,Категория 07 — Последовательности сводок приземных данных (суша),307091,(Образец BUFR для приземных наблюдений за одночасовой период с идентификацией национальной станции и станции ВМО),,031000,Коэффициент повторения короткого дескриптора с задержкой,,,,Operational
bufr4/3/07/091/1/302074,07,Категория 07 — Последовательности сводок приземных данных (суша),307091,(Образец BUFR для приземных наблюдений за одночасовой период с идентификацией национальной станции и станции ВМО),,302074,Текущая и прошедшая погода,,,,Operational
bufr4/3/07/091/5/101000,07,Категория 07 — Последовательности сводок приземных данных (суша),307091,(Образец BUFR для приземных наблюдений за одночасовой период с идентификацией национальной станции и станции ВМО),,101000,Повторение с задержкой 1 дескриптора,,,,Operational
bufr4/3/07/091/7/031000,07,Категория 07 — Последовательности сводок приземных данных (суша),307091,(Образец BUFR для приземных наблюдений за одночасовой период с идентификацией национальной станции и станции ВМО),,031000,Коэффициент повторения короткого дескриптора с задержкой,,,,Operational
bufr4/3/07/091/1/302175,07,Категория 07 — Последовательности сводок приземных данных (суша),307091,(Образец BUFR для приземных наблюдений за одночасовой период с идентификацией национальной станции и станции ВМО),,302175,"Интенсивность осадков, размер элемента осадков",,,,Operational
bufr4/3/07/091/1/102000,07,Категория 07 — Последовательности сводок приземных данных (суша),307091,(Образец BUFR для приземных наблюдений за одночасовой период с идентификацией национальной станции и станции ВМО),,102000,Повторение с задержкой 2 дескрипторов,,,,Operational
bufr4/3/07/091/8/031000,07,Категория 07 — Последовательности сводок приземных данных (суша),307091,(Образец BUFR для приземных наблюдений за одночасовой период с идентификацией национальной станции и станции ВМО),,031000,Коэффициент повторения короткого дескриптора с задержкой,,,,Operational
bufr4/3/07/091/1/004025,07,Категория 07 — Последовательности сводок приземных данных (суша),307091,(Образец BUFR для приземных наблюдений за одночасовой период с идентификацией национальной станции и станции ВМО),,004025,Временной период или отклонение =–10 (минуты),,,,Operational
bufr4/3/07/091/1/302076,07,Категория 07 — Последовательности сводок приземных данных (суша),307091,(Образец BUFR для приземных наблюдений за одночасовой период с идентификацией национальной станции и станции ВМО),,302076,"Осадки, явления, ухудшающие видимость, и другие явления",,,,Operational
bufr4/3/07/091/1/302071,07,Категория 07 — Последовательности сводок приземных данных (суша),307091,(Образец BUFR для приземных наблюдений за одночасовой период с идентификацией национальной станции и станции ВМО),,302071,Данные о ветре за одночасовой период,,,,Operational
bufr4/3/07/091/1/302077,07,Категория 07 — Последовательности сводок приземных данных (суша),307091,(Образец BUFR для приземных наблюдений за одночасовой период с идентификацией национальной станции и станции ВМО),,302077,Данные об экстремальной температуре,,,,Operational
bufr4/3/07/091/2/007033,07,Категория 07 — Последовательности сводок приземных данных (суша),307091,(Образец BUFR для приземных наблюдений за одночасовой период с идентификацией национальной станции и станции ВМО),,007033,Высота датчика над поверхностью воды Установлено на отсутствующее значение (отмена),,,,Operational
bufr4/3/07/091/6/101000,07,Категория 07 — Последовательности сводок приземных данных (суша),307091,(Образец BUFR для приземных наблюдений за одночасовой период с идентификацией национальной станции и станции ВМО),,101000,Повторение с задержкой 1 дескриптора,,,,Operational
bufr4/3/07/091/9/031000,07,Категория 07 — Последовательности сводок приземных данных (суша),307091,(Образец BUFR для приземных наблюдений за одночасовой период с идентификацией национальной станции и станции ВМО),,031000,Коэффициент повторения короткого дескриптора с задержкой,,,,Operational
bufr4/3/07/091/1/302079,07,Категория 07 — Последовательности сводок приземных данных (суша),307091,(Образец BUFR для приземных наблюдений за одночасовой период с идентификацией национальной станции и станции ВМО),,302079,Измерение осадков,,,,Operational
bufr4/3/07/091/2/007032,07,Категория 07 — Последовательности сводок приземных данных (суша),307091,(Образец BUFR для приземных наблюдений за одночасовой период с идентификацией национальной станции и станции ВМО),,007032,Высота датчика над местной площадкой (или палубой Установлено на морской платформы) отсутствующее значение (отмена),,,,Operational
bufr4/3/07/091/7/101000,07,Категория 07 — Последовательности сводок приземных данных (суша),307091,(Образец BUFR для приземных наблюдений за одночасовой период с идентификацией национальной станции и станции ВМО),,101000,Повторение с задержкой 1 дескриптора,,,,Operational
bufr4/3/07/091/10/031000,07,Категория 07 — Последовательности сводок приземных данных (суша),307091,(Образец BUFR для приземных наблюдений за одночасовой период с идентификацией национальной станции и станции ВМО),,031000,Коэффициент повторения короткого дескриптора с задержкой,,,,Operational
bufr4/3/07/091/1/302080,07,Категория 07 — Последовательности сводок приземных данных (суша),307091,(Образец BUFR для приземных наблюдений за одночасовой период с идентификацией национальной станции и станции ВМО),,302080,Измерение испарения,,,,Operational
bufr4/3/07/091/8/101000,07,Категория 07 — Последовательности сводок приземных данных (суша),307091,(Образец BUFR для приземных наблюдений за одночасовой период с идентификацией национальной станции и станции ВМО),,101000,Повторение с задержкой 1 дескриптора,,,,Operational
bufr4/3/07/091/11/031000,07,Категория 07 — Последовательности сводок приземных данных (суша),307091,(Образец BUFR для приземных наблюдений за одночасовой период с идентификацией национальной станции и станции ВМО),,031000,Коэффициент повторения короткого дескриптора с задержкой,,,,Operational
bufr4/3/07/091/1/302081,07,Категория 07 — Последовательности сводок приземных данных (суша),307091,(Образец BUFR для приземных наблюдений за одночасовой период с идентификацией национальной станции и станции ВМО),,302081,Данные об общей продолжительности солнечного сияния,,,,Operational
bufr4/3/07/091/9/101000,07,Категория 07 — Последовательности сводок приземных данных (суша),307091,(Образец BUFR для приземных наблюдений за одночасовой период с идентификацией национальной станции и станции ВМО),,101000,Повторение с задержкой 1 дескриптора,,,,Operational
bufr4/3/07/091/12/031000,07,Категория 07 — Последовательности сводок приземных данных (суша),307091,(Образец BUFR для приземных наблюдений за одночасовой период с идентификацией национальной станции и станции ВМО),,031000,Коэффициент повторения короткого дескриптора с задержкой,,,,Operational
bufr4/3/07/091/1/302082,07,Категория 07 — Последовательности сводок приземных данных (суша),307091,(Образец BUFR для приземных наблюдений за одночасовой период с идентификацией национальной станции и станции ВМО),,302082,Данные о радиации,,,,Operational
bufr4/3/07/091/2/102000,07,Категория 07 — Последовательности сводок приземных данных (суша),307091,(Образец BUFR для приземных наблюдений за одночасовой период с идентификацией национальной станции и станции ВМО),,102000,Повторение с задержкой 2 дескрипторов,,,,Operational
bufr4/3/07/091/13/031000,07,Категория 07 — Последовательности сводок приземных данных (суша),307091,(Образец BUFR для приземных наблюдений за одночасовой период с идентификацией национальной станции и станции ВМО),,031000,Коэффициент повторения короткого дескриптора с задержкой,,,,Operational
bufr4/3/07/091/2/004025,07,Категория 07 — Последовательности сводок приземных данных (суша),307091,(Образец BUFR для приземных наблюдений за одночасовой период с идентификацией национальной станции и станции ВМО),,004025,Временной период или отклонение =–10 (минуты),,,,Operational
bufr4/3/07/091/1/013059,07,Категория 07 — Последовательности сводок приземных данных (суша),307091,(Образец BUFR для приземных наблюдений за одночасовой период с идентификацией национальной станции и станции ВМО),,013059,Количество вспышек (гроза),,,,Operational
bufr4/3/07/091/10/101000,07,Категория 07 — Последовательности сводок приземных данных (суша),307091,(Образец BUFR для приземных наблюдений за одночасовой период с идентификацией национальной станции и станции ВМО),,101000,Повторение с задержкой 1 дескриптора,,,,Operational
bufr4/3/07/091/14/031000,07,Категория 07 — Последовательности сводок приземных данных (суша),307091,(Образец BUFR для приземных наблюдений за одночасовой период с идентификацией национальной станции и станции ВМО),,031000,Коэффициент повторения короткого дескриптора с задержкой,,,,Operational
bufr4/3/07/091/1/302083,07,Категория 07 — Последовательности сводок приземных данных (суша),307091,(Образец BUFR для приземных наблюдений за одночасовой период с идентификацией национальной станции и станции ВМО),,302083,"Статистические данные первого порядка о давлении, ветре, температуре и влажности",,,,Operational
bufr4/3/07/091/1/033005,07,Категория 07 — Последовательности сводок приземных данных (суша),307091,(Образец BUFR для приземных наблюдений за одночасовой период с идентификацией национальной станции и станции ВМО),,033005,Информация о качестве (данные АМС),,,,Operational
bufr4/3/07/091/1/033006,07,Категория 07 — Последовательности сводок приземных данных (суша),307091,(Образец BUFR для приземных наблюдений за одночасовой период с идентификацией национальной станции и станции ВМО),,033006,Информация о состоянии внутренних измерений,,,,Operational
bufr4/3/07/092/1/301150,07,Категория 07 — Последовательности сводок приземных данных (суша),307092,(АМС),,301150,Идентификатор ИГСНВ,,,,Operational
bufr4/3/07/092/1/301001,07,Категория 07 — Последовательности сводок приземных данных (суша),307092,(АМС),,301001,Номера блока и станции ВМО,,,,Operational
bufr4/3/07/092/1/208040,07,Категория 07 — Последовательности сводок приземных данных (суша),307092,(АМС),,208040,Изменить ширину поля МККТТ МА5,,,,Operational
bufr4/3/07/092/1/001019,07,Категория 07 — Последовательности сводок приземных данных (суша),307092,(АМС),,001019,Полное название станции или поста 40 символов,,,,Operational
bufr4/3/07/092/1/208000,07,Категория 07 — Последовательности сводок приземных данных (суша),307092,(АМС),,208000,Изменить ширину поля МККТТ МА5,,,,Operational
bufr4/3/07/092/1/301011,07,Категория 07 — Последовательности сводок приземных данных (суша),307092,(АМС),,301011,"Год, месяц, день Идентификация времени относится к концу n-минутного периода",,,,Operational
bufr4/3/07/092/1/301012,07,Категория 07 — Последовательности сводок приземных данных (суша),307092,(АМС),,301012,"Час, минута",,,,Operational
bufr4/3/07/092/1/301021,07,Категория 07 — Последовательности сводок приземных данных (суша),307092,(АМС),,301021,Широта/долгота (высокая точность),,,,Operational
bufr4/3/07/092/1/007030,07,Категория 07 — Последовательности сводок приземных данных (суша),307092,(АМС),,007030,Высота площадки станции над средним уровнем моря,,,,Operational
bufr4/3/07/092/1/001023,07,Категория 07 — Последовательности сводок приземных данных (суша),307092,(АМС),,001023,Номер последовательности наблюдений,,,,Operational
bufr4/3/07/092/1/108000,07,Категория 07 — Последовательности сводок приземных данных (суша),307092,(АМС),,108000,Повторение с задержкой 8 дескрипторов,,,,Operational
bufr4/3/07/092/1/031000,07,Категория 07 — Последовательности сводок приземных данных (суша),307092,(АМС),,031000,Коэффициент повторения короткого дескриптора с задержкой,,,,Operational
bufr4/3/07/092/1/007031,07,Категория 07 — Последовательности сводок приземных данных (суша),307092,(АМС),,007031,Высота барометра над средним уровнем моря,,,,Operational
bufr4/3/07/092/1/204018,07,Категория 07 — Последовательности сводок приземных данных (суша),307092,(АМС),,204018,Добавить ассоциированное поле,,,,Operational
bufr4/3/07/092/1/031021,07,Категория 07 — Последовательности сводок приземных данных (суша),307092,(АМС),,031021,Значимость ассоциированного поля,,,,Operational
bufr4/3/07/092/1/010004,07,Категория 07 — Последовательности сводок приземных данных (суша),307092,(АМС),,010004,Давление Измеренное значение давления воздуха в месте расположения и на высоте датчика,,,,Operational
bufr4/3/07/092/1/010051,07,Категория 07 — Последовательности сводок приземных данных (суша),307092,(АМС),,010051,"Давление, приведенное к среднему уровню моря",,,,Operational
bufr4/3/07/092/1/007004,07,Категория 07 — Последовательности сводок приземных данных (суша),307092,(АМС),,007004,Давление Стандартный уровень,,,,Operational
bufr4/3/07/092/1/010009,07,Категория 07 — Последовательности сводок приземных данных (суша),307092,(АМС),,010009,Геопотенциальная высота Стандартный уровень,,,,Operational
bufr4/3/07/092/1/204000,07,Категория 07 — Последовательности сводок приземных данных (суша),307092,(АМС),,204000,Добавить ассоциированное поле Отмена,,,,Operational
bufr4/3/07/092/1/115000,07,Категория 07 — Последовательности сводок приземных данных (суша),307092,(АМС),,115000,Повторение с задержкой 15 дескрипторов,,,,Operational
bufr4/3/07/092/1/031001,07,Категория 07 — Последовательности сводок приземных данных (суша),307092,(АМС),,031001,Коэффициент повторения дескриптора с задержкой,,,,Operational
bufr4/3/07/092/1/007032,07,Категория 07 — Последовательности сводок приземных данных (суша),307092,(АМС),,007032,Высота датчика над местной площадкой (или палубой морской платформы),,,,Operational
bufr4/3/07/092/1/008010,07,Категория 07 — Последовательности сводок приземных данных (суша),307092,(АМС),,008010,Определитель поверхности (данные о температуре),,,,Operational
bufr4/3/07/092/2/204018,07,Категория 07 — Последовательности сводок приземных данных (суша),307092,(АМС),,204018,Добавить ассоциированное поле,,,,Operational
bufr4/3/07/092/2/031021,07,Категория 07 — Последовательности сводок приземных данных (суша),307092,(АМС),,031021,Значимость ассоциированного поля,,,,Operational
bufr4/3/07/092/1/012101,07,Категория 07 — Последовательности сводок приземных данных (суша),307092,(АМС),,012101,Температура/температура воздуха Масштаб: 2,,,,Operational
bufr4/3/07/092/1/012103,07,Категория 07 — Последовательности сводок приземных данных (суша),307092,(АМС),,012103,Температура точки росы Масштаб: 2,,,,Operational
bufr4/3/07/092/1/202129,07,Категория 07 — Последовательности сводок приземных данных (суша),307092,(АМС),,202129,Изменить масштаб,,,,Operational
bufr4/3/07/092/1/201132,07,Категория 07 — Последовательности сводок приземных данных (суша),307092,(АМС),,201132,Изменить длину данных,,,,Operational
bufr4/3/07/092/1/013003,07,Категория 07 — Последовательности сводок приземных данных (суша),307092,(АМС),,013003,"Относительная влажность Обязательно для сообщения (в случае наличия датчика влажности), длина данных 11 битов",,,,Operational
bufr4/3/07/092/1/201000,07,Категория 07 — Последовательности сводок приземных данных (суша),307092,(АМС),,201000,Изменить длину данных Отмена,,,,Operational
bufr4/3/07/092/1/202000,07,Категория 07 — Последовательности сводок приземных данных (суша),307092,(АМС),,202000,Изменить масштаб Отмена,,,,Operational
bufr4/3/07/092/1/013009,07,Категория 07 — Последовательности сводок приземных данных (суша),307092,(АМС),,013009,Относительная влажность Исходные измеренные значения,,,,Operational
bufr4/3/07/092/2/204000,07,Категория 07 — Последовательности сводок приземных данных (суша),307092,(АМС),,204000,Добавить ассоциированное поле Отмена,,,,Operational
bufr4/3/07/092/2/007032,07,Категория 07 — Последовательности сводок приземных данных (суша),307092,(АМС),,007032,Высота датчика над местной площадкой (или палубой Установлено на морской платформы) отсутствующее значение (отмена),,,,Operational
bufr4/3/07/092/2/008010,07,Категория 07 — Последовательности сводок приземных данных (суша),307092,(АМС),,008010,Определитель поверхности (данные о температуре) Установлено на отсутствующее значение (отмена),,,,Operational
bufr4/3/07/092/1/107000,07,Категория 07 — Последовательности сводок приземных данных (суша),307092,(АМС),,107000,Повторение с задержкой 7 дескрипторов,,,,Operational
bufr4/3/07/092/2/031001,07,Категория 07 — Последовательности сводок приземных данных (суша),307092,(АМС),,031001,Коэффициент повторения дескриптора с задержкой,,,,Operational
bufr4/3/07/092/1/007061,07,Категория 07 — Последовательности сводок приземных данных (суша),307092,(АМС),,007061,Глубина от земной поверхности,,,,Operational
bufr4/3/07/092/3/204018,07,Категория 07 — Последовательности сводок приземных данных (суша),307092,(АМС),,204018,Добавить ассоциированное поле,,,,Operational
bufr4/3/07/092/3/031021,07,Категория 07 — Последовательности сводок приземных данных (суша),307092,(АМС),,031021,Значимость ассоциированного поля,,,,Operational
bufr4/3/07/092/1/012130,07,Категория 07 — Последовательности сводок приземных данных (суша),307092,(АМС),,012130,Температура почвы,,,,Operational
bufr4/3/07/092/1/013111,07,Категория 07 — Последовательности сводок приземных данных (суша),307092,(АМС),,013111,Влажность почвы,,,,Operational
bufr4/3/07/092/3/204000,07,Категория 07 — Последовательности сводок приземных данных (суша),307092,(АМС),,204000,Добавить ассоциированное поле Отмена,,,,Operational
bufr4/3/07/092/2/007061,07,Категория 07 — Последовательности сводок приземных данных (суша),307092,(АМС),,007061,Глубина от земной поверхности Установлено на отсутствующее значение (отмена),,,,Operational
bufr4/3/07/092/1/105000,07,Категория 07 — Последовательности сводок приземных данных (суша),307092,(АМС),,105000,Повторение с задержкой 5 дескрипторов,,,,Operational
bufr4/3/07/092/2/031000,07,Категория 07 — Последовательности сводок приземных данных (суша),307092,(АМС),,031000,Коэффициент повторения короткого дескриптора с задержкой,,,,Operational
bufr4/3/07/092/1/033041,07,Категория 07 — Последовательности сводок приземных данных (суша),307092,(АМС),,033041,Атрибут следующего значения,,,,Operational
bufr4/3/07/092/4/204018,07,Категория 07 — Последовательности сводок приземных данных (суша),307092,(АМС),,204018,Добавить ассоциированное поле,,,,Operational
bufr4/3/07/092/4/031021,07,Категория 07 — Последовательности сводок приземных данных (суша),307092,(АМС),,031021,Значимость ассоциированного поля,,,,Operational
bufr4/3/07/092/1/020001,07,Категория 07 — Последовательности сводок приземных данных (суша),307092,(АМС),,020001,Горизонтальная видимость,,,,Operational
bufr4/3/07/092/4/204000,07,Категория 07 — Последовательности сводок приземных данных (суша),307092,(АМС),,204000,Добавить ассоциированное поле Отмена,,,,Operational
bufr4/3/07/092/1/113000,07,Категория 07 — Последовательности сводок приземных данных (суша),307092,(АМС),,113000,Повторение с задержкой 13 дескрипторов,,,,Operational
bufr4/3/07/092/3/031000,07,Категория 07 — Последовательности сводок приземных данных (суша),307092,(АМС),,031000,Коэффициент повторения короткого дескриптора с задержкой,,,,Operational
bufr4/3/07/092/5/204018,07,Категория 07 — Последовательности сводок приземных данных (суша),307092,(АМС),,204018,Добавить ассоциированное поле,,,,Operational
bufr4/3/07/092/5/031021,07,Категория 07 — Последовательности сводок приземных данных (суша),307092,(АМС),,031021,Значимость ассоциированного поля,,,,Operational
bufr4/3/07/092/1/020010,07,Категория 07 — Последовательности сводок приземных данных (суша),307092,(АМС),,020010,Облачный покров (общий),,,,Operational
bufr4/3/07/092/5/204000,07,Категория 07 — Последовательности сводок приземных данных (суша),307092,(АМС),,204000,Добавить ассоциированное поле Отмена,,,,Operational
bufr4/3/07/092/2/107000,07,Категория 07 — Последовательности сводок приземных данных (суша),307092,(АМС),,107000,Повторение с задержкой 7 дескрипторов,,,,Operational
bufr4/3/07/092/3/031001,07,Категория 07 — Последовательности сводок приземных данных (суша),307092,(АМС),,031001,Коэффициент повторения дескриптора с задержкой,,,,Operational
bufr4/3/07/092/1/008002,07,Категория 07 — Последовательности сводок приземных данных (суша),307092,(АМС),,008002,Вертикальная значимость (приземные наблюдения),,,,Operational
bufr4/3/07/092/6/204018,07,Категория 07 — Последовательности сводок приземных данных (суша),307092,(АМС),,204018,Добавить ассоциированное поле,,,,Operational
bufr4/3/07/092/6/031021,07,Категория 07 — Последовательности сводок приземных данных (суша),307092,(АМС),,031021,Значимость ассоциированного поля,,,,Operational
bufr4/3/07/092/1/020011,07,Категория 07 — Последовательности сводок приземных данных (суша),307092,(АМС),,020011,Количество облаков,,,,Operational
bufr4/3/07/092/1/020013,07,Категория 07 — Последовательности сводок приземных данных (суша),307092,(АМС),,020013,Высота нижней границы облака,,,,Operational
bufr4/3/07/092/6/204000,07,Категория 07 — Последовательности сводок приземных данных (суша),307092,(АМС),,204000,Добавить ассоциированное поле Отмена,,,,Operational
bufr4/3/07/092/2/008002,07,Категория 07 — Последовательности сводок приземных данных (суша),307092,(АМС),,008002,Вертикальная значимость (приземные наблюдения) Установлено на отсутствующее значение (отмена),,,,Operational
bufr4/3/07/092/2/105000,07,Категория 07 — Последовательности сводок приземных данных (суша),307092,(АМС),,105000,Повторение с задержкой 5 дескрипторов,,,,Operational
bufr4/3/07/092/4/031000,07,Категория 07 — Последовательности сводок приземных данных (суша),307092,(АМС),,031000,Коэффициент повторения короткого дескриптора с задержкой,,,,Operational
bufr4/3/07/092/7/204018,07,Категория 07 — Последовательности сводок приземных данных (суша),307092,(АМС),,204018,Добавить ассоциированное поле,,,,Operational
bufr4/3/07/092/7/031021,07,Категория 07 — Последовательности сводок приземных данных (суша),307092,(АМС),,031021,Значимость ассоциированного поля,,,,Operational
bufr4/3/07/092/1/020062,07,Категория 07 — Последовательности сводок приземных данных (суша),307092,(АМС),,020062,Состояние поверхности почвы (со снегом или без снега),,,,Operational
bufr4/3/07/092/1/013013,07,Категория 07 — Последовательности сводок приземных данных (суша),307092,(АМС),,013013,Суммарная высота снежного покрова,,,,Operational
bufr4/3/07/092/7/204000,07,Категория 07 — Последовательности сводок приземных данных (суша),307092,(АМС),,204000,Добавить ассоциированное поле Отмена,,,,Operational
bufr4/3/07/092/3/105000,07,Категория 07 — Последовательности сводок приземных данных (суша),307092,(АМС),,105000,Повторение с задержкой 5 дескрипторов,,,,Operational
bufr4/3/07/092/5/031000,07,Категория 07 — Последовательности сводок приземных данных (суша),307092,(АМС),,031000,Коэффициент повторения короткого дескриптора с задержкой,,,,Operational
bufr4/3/07/092/1/004025,07,Категория 07 — Последовательности сводок приземных данных (суша),307092,(АМС),,004025,Временной период или смещение = −n минут,,,,Operational
bufr4/3/07/092/8/204018,07,Категория 07 — Последовательности сводок приземных данных (суша),307092,(АМС),,204018,Добавить ассоциированное поле,,,,Operational
bufr4/3/07/092/8/031021,07,Категория 07 — Последовательности сводок приземных данных (суша),307092,(АМС),,031021,Значимость ассоциированного поля,,,,Operational
bufr4/3/07/092/1/020003,07,Категория 07 — Последовательности сводок приземных данных (суша),307092,(АМС),,020003,Текущая погода,,,,Operational
bufr4/3/07/092/8/204000,07,Категория 07 — Последовательности сводок приземных данных (суша),307092,(АМС),,204000,Добавить ассоциированное поле Отмена,,,,Operational
bufr4/3/07/092/4/105000,07,Категория 07 — Последовательности сводок приземных данных (суша),307092,(АМС),,105000,Повторение с задержкой 5 дескрипторов,,,,Operational
bufr4/3/07/092/6/031000,07,Категория 07 — Последовательности сводок приземных данных (суша),307092,(АМС),,031000,Коэффициент повторения короткого дескриптора с задержкой,,,,Operational
bufr4/3/07/092/2/004025,07,Категория 07 — Последовательности сводок приземных данных (суша),307092,(АМС),,004025,Временной период или смещение = −n минут,,,,Operational
bufr4/3/07/092/9/204018,07,Категория 07 — Последовательности сводок приземных данных (суша),307092,(АМС),,204018,Добавить ассоциированное поле,,,,Operational
bufr4/3/07/092/9/031021,07,Категория 07 — Последовательности сводок приземных данных (суша),307092,(АМС),,031021,Значимость ассоциированного поля,,,,Operational
bufr4/3/07/092/1/013011,07,Категория 07 — Последовательности сводок приземных данных (суша),307092,(АМС),,013011,Сумма осадков/суммарный водный эквивалент Снег,,,,Operational
bufr4/3/07/092/9/204000,07,Категория 07 — Последовательности сводок приземных данных (суша),307092,(АМС),,204000,Добавить ассоциированное поле Отмена,,,,Operational
bufr4/3/07/092/2/115000,07,Категория 07 — Последовательности сводок приземных данных (суша),307092,(АМС),,115000,Повторение с задержкой 15 дескрипторов,,,,Operational
bufr4/3/07/092/4/031001,07,Категория 07 — Последовательности сводок приземных данных (суша),307092,(АМС),,031001,Коэффициент повторения дескриптора с задержкой,,,,Operational
bufr4/3/07/092/3/007032,07,Категория 07 — Последовательности сводок приземных данных (суша),307092,(АМС),,007032,Высота датчика над местной площадкой (или палубой морской платформы),,,,Operational
bufr4/3/07/092/1/008021,07,Категория 07 — Последовательности сводок приземных данных (суша),307092,(АМС),,008021,Значимость времени = 2 Осреднение по времени,,,,Operational
bufr4/3/07/092/3/004025,07,Категория 07 — Последовательности сводок приземных данных (суша),307092,(АМС),,004025,Временной период или смещение = −10 минут или количество минут после значительного изменения ветра,,,,Operational
bufr4/3/07/092/10/204018,07,Категория 07 — Последовательности сводок приземных данных (суша),307092,(АМС),,204018,Добавить ассоциированное поле,,,,Operational
bufr4/3/07/092/10/031021,07,Категория 07 — Последовательности сводок приземных данных (суша),307092,(АМС),,031021,Значимость ассоциированного поля,,,,Operational
bufr4/3/07/092/1/011001,07,Категория 07 — Последовательности сводок приземных данных (суша),307092,(АМС),,011001,Направление ветра,,,,Operational
bufr4/3/07/092/1/011002,07,Категория 07 — Последовательности сводок приземных данных (суша),307092,(АМС),,011002,Скорость ветра,,,,Operational
bufr4/3/07/092/10/204000,07,Категория 07 — Последовательности сводок приземных данных (суша),307092,(АМС),,204000,Добавить ассоциированное поле Отмена,,,,Operational
bufr4/3/07/092/2/008021,07,Категория 07 — Последовательности сводок приземных данных (суша),307092,(АМС),,008021,Значимость времени Установлено на отсутствующее значение (отмена),,,,Operational
bufr4/3/07/092/11/204018,07,Категория 07 — Последовательности сводок приземных данных (суша),307092,(АМС),,204018,Добавить ассоциированное поле,,,,Operational
bufr4/3/07/092/11/031021,07,Категория 07 — Последовательности сводок приземных данных (суша),307092,(АМС),,031021,Значимость ассоциированного поля,,,,Operational
bufr4/3/07/092/1/011043,07,Категория 07 — Последовательности сводок приземных данных (суша),307092,(АМС),,011043,Направление ветра при максимальном порыве,,,,Operational
bufr4/3/07/092/1/011041,07,Категория 07 — Последовательности сводок приземных данных (суша),307092,(АМС),,011041,Максимальная скорость ветра при порыве,,,,Operational
bufr4/3/07/092/11/204000,07,Категория 07 — Последовательности сводок приземных данных (суша),307092,(АМС),,204000,Добавить ассоциированное поле Отмена,,,,Operational
bufr4/3/07/092/4/007032,07,Категория 07 — Последовательности сводок приземных данных (суша),307092,(АМС),,007032,Высота датчика над местной площадкой (или палубой Установлено на морской платформы) отсутствующее значение (отмена),,,,Operational
bufr4/3/07/092/5/105000,07,Категория 07 — Последовательности сводок приземных данных (суша),307092,(АМС),,105000,Повторение с задержкой 5 дескрипторов,,,,Operational
bufr4/3/07/092/7/031000,07,Категория 07 — Последовательности сводок приземных данных (суша),307092,(АМС),,031000,Коэффициент повторения короткого дескриптора с задержкой,,,,Operational
bufr4/3/07/092/4/004025,07,Категория 07 — Последовательности сводок приземных данных (суша),307092,(АМС),,004025,Временной период или смещение = −n минут (по умолчанию n=10),,,,Operational
bufr4/3/07/092/12/204018,07,Категория 07 — Последовательности сводок приземных данных (суша),307092,(АМС),,204018,Добавить ассоциированное поле,,,,Operational
bufr4/3/07/092/12/031021,07,Категория 07 — Последовательности сводок приземных данных (суша),307092,(АМС),,031021,Значимость ассоциированного поля,,,,Operational
bufr4/3/07/092/1/014031,07,Категория 07 — Последовательности сводок приземных данных (суша),307092,(АМС),,014031,Общая продолжительность солнечного сияния,,,,Operational
bufr4/3/07/092/12/204000,07,Категория 07 — Последовательности сводок приземных данных (суша),307092,(АМС),,204000,Добавить ассоциированное поле Отмена,,,,Operational
bufr4/3/07/092/1/110000,07,Категория 07 — Последовательности сводок приземных данных (суша),307092,(АМС),,110000,Повторение с задержкой 10 дескрипторов,,,,Operational
bufr4/3/07/092/8/031000,07,Категория 07 — Последовательности сводок приземных данных (суша),307092,(АМС),,031000,Коэффициент повторения короткого дескриптора с Открыть/закрыть задержкой (1/0),,,,Operational
bufr4/3/07/092/5/004025,07,Категория 07 — Последовательности сводок приземных данных (суша),307092,(АМС),,004025,Временной период или смещение = −n минут (по умолчанию n=10),,,,Operational
bufr4/3/07/092/13/204018,07,Категория 07 — Последовательности сводок приземных данных (суша),307092,(АМС),,204018,Добавить ассоциированное поле,,,,Operational
bufr4/3/07/092/13/031021,07,Категория 07 — Последовательности сводок приземных данных (суша),307092,(АМС),,031021,Значимость ассоциированного поля,,,,Operational
bufr4/3/07/092/1/014002,07,Категория 07 — Последовательности сводок приземных данных (суша),307092,(АМС),,014002,"Длинноволновая радиация, интегрированная за Уходящая указанный период длинноволновая радиация | Согласно таблице В BUFR, Класс 14, примечание 2: отрицательные значения",,,,Operational
bufr4/3/07/092/2/014002,07,Категория 07 — Последовательности сводок приземных данных (суша),307092,(АМС),,014002,"Длинноволновая радиация, интегрированная за Приходящая длинноволновая указанный период радиация | Согласно таблице В BUFR, Класс 14, примечание 1: положительные значения",,,,Operational
bufr4/3/07/092/1/014004,07,Категория 07 — Последовательности сводок приземных данных (суша),307092,(АМС),,014004,"Коротковолновая радиация, интегрированная за Уходящая указанный период коротковолновая радиация | Согласно таблице В BUFR, Класс 14, примечание 2: отрицательные значения",,,,Operational
bufr4/3/07/092/1/014028,07,Категория 07 — Последовательности сводок приземных данных (суша),307092,(АМС),,014028,"Суммарная солнечная радиация (высокая точность), интегрированная за указанный период",,,,Operational
bufr4/3/07/092/1/014029,07,Категория 07 — Последовательности сводок приземных данных (суша),307092,(АМС),,014029,"Рассеянная солнечная радиация (высокая точность), интегрированная за указанный период",,,,Operational
bufr4/3/07/092/1/014030,07,Категория 07 — Последовательности сводок приземных данных (суша),307092,(АМС),,014030,"Прямая солнечная радиация (высокая точность), интегрированная за указанный период",,,,Operational
bufr4/3/07/092/13/204000,07,Категория 07 — Последовательности сводок приземных данных (суша),307092,(АМС),,204000,Отмена Добавить ассоциированное поле,,,,Operational
bufr4/3/07/092/2/113000,07,Категория 07 — Последовательности сводок приземных данных (суша),307092,(АМС),,113000,Повторение с задержкой 13 дескрипторов,,,,Operational
bufr4/3/07/092/9/031000,07,Категория 07 — Последовательности сводок приземных данных (суша),307092,(АМС),,031000,Коэффициент повторения короткого дескриптора с задержкой,,,,Operational
bufr4/3/07/092/6/004025,07,Категория 07 — Последовательности сводок приземных данных (суша),307092,(АМС),,004025,= −n минут (по Временной период или смещение умолчанию n = 10),,,,Operational
bufr4/3/07/092/1/002071,07,Категория 07 — Последовательности сводок приземных данных (суша),307092,(АМС),,002071,УФ-A: 315 нм Рабочая длина волны спектрографа,,,,Operational
bufr4/3/07/092/1/002072,07,Категория 07 — Последовательности сводок приземных данных (суша),307092,(АМС),,002072,УФ-A: 85 нм Ширина диапазона спектрографа,,,,Operational
bufr4/3/07/092/14/204018,07,Категория 07 — Последовательности сводок приземных данных (суша),307092,(АМС),,204018,Добавить ассоциированное поле,,,,Operational
bufr4/3/07/092/14/031021,07,Категория 07 — Последовательности сводок приземных данных (суша),307092,(АМС),,031021,Значимость ассоциированного поля,,,,Operational
bufr4/3/07/092/1/014072,07,Категория 07 — Последовательности сводок приземных данных (суша),307092,(АМС),,014072,"Интегрированная Суммарная УФ-радиация за указанный период | УФ-A радиация | Согласно таблице В BUFR, Класс 14, примечание 8 (ISO 21348: диапазон длины волны УФA 315 ≤ λ",λ ≤400 нм),,,Operational
bufr4/3/07/092/14/204000,07,Категория 07 — Последовательности сводок приземных данных (суша),307092,(АМС),,204000,Отмена Добавить ассоциированное поле,,,,Operational
bufr4/3/07/092/2/002071,07,Категория 07 — Последовательности сводок приземных данных (суша),307092,(АМС),,002071,УФ-B: 280 нм Рабочая длина волны спектрографа,,,,Operational
bufr4/3/07/092/2/002072,07,Категория 07 — Последовательности сводок приземных данных (суша),307092,(АМС),,002072,УФ-B: 35 нм Ширина диапазона спектрографа,,,,Operational
bufr4/3/07/092/15/204018,07,Категория 07 — Последовательности сводок приземных данных (суша),307092,(АМС),,204018,Добавить ассоциированное поле,,,,Operational
bufr4/3/07/092/15/031021,07,Категория 07 — Последовательности сводок приземных данных (суша),307092,(АМС),,031021,Флаг качества Значимость ассоциированного поля,,,,Operational
bufr4/3/07/092/2/014072,07,Категория 07 — Последовательности сводок приземных данных (суша),307092,(АМС),,014072,"Суммарная УФ-радиация Интегрированная за указанный период | УФ-B радиация | Согласно таблице В BUFR, Класс 14, примечание 8",,,,Operational
bufr4/3/07/092/15/204000,07,Категория 07 — Последовательности сводок приземных данных (суша),307092,(АМС),,204000,Добавить ассоциированное поле Отмена (Последовательность для представления данных SYNOP с дополнительной информацией о наблюдениях за одночасовой период),,,,Operational
bufr4/3/07/096/1/301090,07,Категория 07 — Последовательности сводок приземных данных (суша),307096,(ISO 21348: диапазон длины волны УФB 280 ≤ λ Добавить ассоциированное поле Отмена (Последовательность для представления данных SYNOP с дополнительной информацией о наблюдениях за одночасовой период),,301090,"Идентификация станции приземных наблюдений; время, горизонтальные и вертикальные координаты",,,,Operational
bufr4/3/07/096/1/301089,07,Категория 07 — Последовательности сводок приземных данных (суша),307096,(ISO 21348: диапазон длины волны УФB 280 ≤ λ Добавить ассоциированное поле Отмена (Последовательность для представления данных SYNOP с дополнительной информацией о наблюдениях за одночасовой период),,301089,Идентификация национальной станции,,,,Operational
bufr4/3/07/096/1/008010,07,Категория 07 — Последовательности сводок приземных данных (суша),307096,(ISO 21348: диапазон длины волны УФB 280 ≤ λ Добавить ассоциированное поле Отмена (Последовательность для представления данных SYNOP с дополнительной информацией о наблюдениях за одночасовой период),,008010,Определитель поверхности (данные о температуре),,,,Operational
bufr4/3/07/096/1/301091,07,Категория 07 — Последовательности сводок приземных данных (суша),307096,(ISO 21348: диапазон длины волны УФB 280 ≤ λ Добавить ассоциированное поле Отмена (Последовательность для представления данных SYNOP с дополнительной информацией о наблюдениях за одночасовой период),,301091,Приборное оборудование станции приземных наблюдений,,,,Operational
bufr4/3/07/096/1/302084,07,Категория 07 — Последовательности сводок приземных данных (суша),307096,(ISO 21348: диапазон длины волны УФB 280 ≤ λ Добавить ассоциированное поле Отмена (Последовательность для представления данных SYNOP с дополнительной информацией о наблюдениях за одночасовой период),,302084,«Мгновенные» данные последовательности 3 07 096,,,,Operational
bufr4/3/07/096/1/302085,07,Категория 07 — Последовательности сводок приземных данных (суша),307096,(ISO 21348: диапазон длины волны УФB 280 ≤ λ Добавить ассоциированное поле Отмена (Последовательность для представления данных SYNOP с дополнительной информацией о наблюдениях за одночасовой период),,302085,Данные о «периоде» последовательности 3 07 096,,,,Operational
bufr4/3/07/096/1/033005,07,Категория 07 — Последовательности сводок приземных данных (суша),307096,(ISO 21348: диапазон длины волны УФB 280 ≤ λ Добавить ассоциированное поле Отмена (Последовательность для представления данных SYNOP с дополнительной информацией о наблюдениях за одночасовой период),,033005,Информация о качестве (данные АМС),,,,Operational
bufr4/3/07/096/1/033006,07,Категория 07 — Последовательности сводок приземных данных (суша),307096,(ISO 21348: диапазон длины волны УФB 280 ≤ λ Добавить ассоциированное поле Отмена (Последовательность для представления данных SYNOP с дополнительной информацией о наблюдениях за одночасовой период),,033006,Информация о состоянии внутренних измерений,,,,Operational
bufr4/3/07/101/1/301089,07,Категория 07 — Последовательности сводок приземных данных (суша),307101,(АМС),,301089,Идентификация национальной станции,,,,Operational
bufr4/3/07/101/1/001019,07,Категория 07 — Последовательности сводок приземных данных (суша),307101,(АМС),,001019,Полное название станции или поста,,,,Operational
bufr4/3/07/101/1/002001,07,Категория 07 — Последовательности сводок приземных данных (суша),307101,(АМС),,002001,Тип станции,,,,Operational
bufr4/3/07/101/1/301011,07,Категория 07 — Последовательности сводок приземных данных (суша),307101,(АМС),,301011,"Год, месяц, день",,,,Operational
bufr4/3/07/101/1/301012,07,Категория 07 — Последовательности сводок приземных данных (суша),307101,(АМС),,301012,"Час, минута",,,,Operational
bufr4/3/07/101/1/301021,07,Категория 07 — Последовательности сводок приземных данных (суша),307101,(АМС),,301021,Широта/долгота (высокая точность),,,,Operational
bufr4/3/07/101/1/007030,07,Категория 07 — Последовательности сводок приземных данных (суша),307101,(АМС),,007030,Высота площадки станции над средним уровнем моря,,,,Operational
bufr4/3/07/101/1/007032,07,Категория 07 — Последовательности сводок приземных данных (суша),307101,(АМС),,007032,Высота датчика над местной площадкой (или палубой морской платформы),,,,Operational
bufr4/3/07/101/1/012101,07,Категория 07 — Последовательности сводок приземных данных (суша),307101,(АМС),,012101,Температура/температура воздуха,,,,Operational
bufr4/3/07/101/2/007032,07,Категория 07 — Последовательности сводок приземных данных (суша),307101,(АМС),,007032,Высота датчика над местной площадкой (или палубой морской платформы),,,,Operational
bufr4/3/07/101/1/002177,07,Категория 07 — Последовательности сводок приземных данных (суша),307101,(АМС),,002177,Метод измерения высоты снежного покрова,,,,Operational
bufr4/3/07/101/1/020062,07,Категория 07 — Последовательности сводок приземных данных (суша),307101,(АМС),,020062,Состояние поверхности земли (со снегом или без снега),,,,Operational
bufr4/3/07/101/1/013013,07,Категория 07 — Последовательности сводок приземных данных (суша),307101,(АМС),,013013,Суммарная высота снежного покрова,,,,Operational
bufr4/3/07/102/1/301089,07,Категория 07 — Последовательности сводок приземных данных (суша),307102,(Информация о погодных условиях на дорогах),,301089,Идентификация национальной станции,,,,Operational
bufr4/3/07/102/1/001018,07,Категория 07 — Последовательности сводок приземных данных (суша),307102,(Информация о погодных условиях на дорогах),,001018,Краткое название станции или поста Для идентификации поста наблюдений за погодой на дорогах,,,,Operational
bufr4/3/07/102/1/001015,07,Категория 07 — Последовательности сводок приземных данных (суша),307102,(Информация о погодных условиях на дорогах),,001015,Название станции или поста,,,,Operational
bufr4/3/07/102/1/001104,07,Категория 07 — Последовательности сводок приземных данных (суша),307102,(Информация о погодных условиях на дорогах),,001104,Идентификатор государства/федеративного государства,,,,Operational
bufr4/3/07/102/1/001105,07,Категория 07 — Последовательности сводок приземных данных (суша),307102,(Информация о погодных условиях на дорогах),,001105,Указатель автомагистрали,,,,Operational
bufr4/3/07/102/1/001106,07,Категория 07 — Последовательности сводок приземных данных (суша),307102,(Информация о погодных условиях на дорогах),,001106,"Местоположение вдоль автомагистрали, определенное посредством позиционных отметок",,,,Operational
bufr4/3/07/102/1/003017,07,Категория 07 — Последовательности сводок приземных данных (суша),307102,(Информация о погодных условиях на дорогах),,003017,Расширенный тип станции,,,,Operational
bufr4/3/07/102/1/003018,07,Категория 07 — Последовательности сводок приземных данных (суша),307102,(Информация о погодных условиях на дорогах),,003018,Тип дороги,,,,Operational
bufr4/3/07/102/1/003019,07,Категория 07 — Последовательности сводок приземных данных (суша),307102,(Информация о погодных условиях на дорогах),,003019,Тип конструкции,,,,Operational
bufr4/3/07/102/1/301011,07,Категория 07 — Последовательности сводок приземных данных (суша),307102,(Информация о погодных условиях на дорогах),,301011,"Год, месяц, день",,,,Operational
bufr4/3/07/102/1/301012,07,Категория 07 — Последовательности сводок приземных данных (суша),307102,(Информация о погодных условиях на дорогах),,301012,"Час, минута",,,,Operational
bufr4/3/07/102/1/301021,07,Категория 07 — Последовательности сводок приземных данных (суша),307102,(Информация о погодных условиях на дорогах),,301021,Широта/долгота (высокая точность),,,,Operational
bufr4/3/07/102/1/007030,07,Категория 07 — Последовательности сводок приземных данных (суша),307102,(Информация о погодных условиях на дорогах),,007030,"Высота площадки станции над средним уровнем моря Данные о температуре, влажности и видимости",,,,Operational
bufr4/3/07/102/1/007032,07,Категория 07 — Последовательности сводок приземных данных (суша),307102,(Информация о погодных условиях на дорогах),,007032,Высота датчика над местной площадкой (или палубой морской платформы),,,,Operational
bufr4/3/07/102/1/012101,07,Категория 07 — Последовательности сводок приземных данных (суша),307102,(Информация о погодных условиях на дорогах),,012101,Температура/температура воздуха,,,,Operational
bufr4/3/07/102/1/012103,07,Категория 07 — Последовательности сводок приземных данных (суша),307102,(Информация о погодных условиях на дорогах),,012103,Температура точки росы,,,,Operational
bufr4/3/07/102/1/013003,07,Категория 07 — Последовательности сводок приземных данных (суша),307102,(Информация о погодных условиях на дорогах),,013003,Относительная влажность,,,,Operational
bufr4/3/07/102/2/007032,07,Категория 07 — Последовательности сводок приземных данных (суша),307102,(Информация о погодных условиях на дорогах),,007032,Высота датчика над местной площадкой (или палубой Установлено на морской платформы) отсутствующее значение (отмена),,,,Operational
bufr4/3/07/102/1/020001,07,Категория 07 — Последовательности сводок приземных данных (суша),307102,(Информация о погодных условиях на дорогах),,020001,Горизонтальная видимость Данные о температуре дорожного покрытия и других параметрах,,,,Operational
bufr4/3/07/102/1/109000,07,Категория 07 — Последовательности сводок приземных данных (суша),307102,(Информация о погодных условиях на дорогах),,109000,Повторение с задержкой 9 дескрипторов,,,,Operational
bufr4/3/07/102/1/031001,07,Категория 07 — Последовательности сводок приземных данных (суша),307102,(Информация о погодных условиях на дорогах),,031001,Коэффициент повторения дескриптора с задержкой,,,,Operational
bufr4/3/07/102/1/003016,07,Категория 07 — Последовательности сводок приземных данных (суша),307102,(Информация о погодных условиях на дорогах),,003016,Расположение дорожных датчиков,,,,Operational
bufr4/3/07/102/1/012128,07,Категория 07 — Последовательности сводок приземных данных (суша),307102,(Информация о погодных условиях на дорогах),,012128,Температура поверхности дорожного покрытия,,,,Operational
bufr4/3/07/102/1/102000,07,Категория 07 — Последовательности сводок приземных данных (суша),307102,(Информация о погодных условиях на дорогах),,102000,Повторение с задержкой 2 дескрипторов,,,,Operational
bufr4/3/07/102/2/031001,07,Категория 07 — Последовательности сводок приземных данных (суша),307102,(Информация о погодных условиях на дорогах),,031001,Коэффициент повторения дескриптора с задержкой,,,,Operational
bufr4/3/07/102/1/007061,07,Категория 07 — Последовательности сводок приземных данных (суша),307102,(Информация о погодных условиях на дорогах),,007061,"Глубина от земной поверхности = 0,30 м в первом повторении, = например, 0,15 или 0,07 м во втором повторении",,,,Operational
bufr4/3/07/102/1/012129,07,Категория 07 — Последовательности сводок приземных данных (суша),307102,(Информация о погодных условиях на дорогах),,012129,Подповерхностная температура дорожного покрытия,,,,Operational
bufr4/3/07/102/2/007061,07,Категория 07 — Последовательности сводок приземных данных (суша),307102,(Информация о погодных условиях на дорогах),,007061,Глубина от земной поверхности Установлено на отсутствующее значение (отмена),,,,Operational
bufr4/3/07/102/1/013116,07,Категория 07 — Последовательности сводок приземных данных (суша),307102,(Информация о погодных условиях на дорогах),,013116,Толщина водяной пленки,,,,Operational
bufr4/3/07/102/1/020138,07,Категория 07 — Последовательности сводок приземных данных (суша),307102,(Информация о погодных условиях на дорогах),,020138,Состояние поверхности дорожного покрытия Данные об осадках,,,,Operational
bufr4/3/07/102/1/004025,07,Категория 07 — Последовательности сводок приземных данных (суша),307102,(Информация о погодных условиях на дорогах),,004025,Временной период или отклонение =–15 минут,,,,Operational
bufr4/3/07/102/1/020024,07,Категория 07 — Последовательности сводок приземных данных (суша),307102,(Информация о погодных условиях на дорогах),,020024,"Интенсивность явления Интенсивность (слабая, умеренная, сильная) осадков",,,,Operational
bufr4/3/07/102/1/013055,07,Категория 07 — Последовательности сводок приземных данных (суша),307102,(Информация о погодных условиях на дорогах),,013055,Интенсивность осадков,,,,Operational
bufr4/3/07/102/1/020021,07,Категория 07 — Последовательности сводок приземных данных (суша),307102,(Информация о погодных условиях на дорогах),,020021,Тип осадков,,,,Operational
bufr4/3/07/102/1/013011,07,Категория 07 — Последовательности сводок приземных данных (суша),307102,(Информация о погодных условиях на дорогах),,013011,Общее количество осадков/суммарный водный эквивалент Данные о ветре,,,,Operational
bufr4/3/07/102/3/007032,07,Категория 07 — Последовательности сводок приземных данных (суша),307102,(Информация о погодных условиях на дорогах),,007032,Высота датчика над местной площадкой (или палубой морской платформы),,,,Operational
bufr4/3/07/102/1/008021,07,Категория 07 — Последовательности сводок приземных данных (суша),307102,(Информация о погодных условиях на дорогах),,008021,Значимость времени = 2 Усредненное по времени,,,,Operational
bufr4/3/07/102/2/004025,07,Категория 07 — Последовательности сводок приземных данных (суша),307102,(Информация о погодных условиях на дорогах),,004025,Временной период или отклонение =–10 минут,,,,Operational
bufr4/3/07/102/1/011001,07,Категория 07 — Последовательности сводок приземных данных (суша),307102,(Информация о погодных условиях на дорогах),,011001,Направление ветра,,,,Operational
bufr4/3/07/102/1/011002,07,Категория 07 — Последовательности сводок приземных данных (суша),307102,(Информация о погодных условиях на дорогах),,011002,Скорость ветра,,,,Operational
bufr4/3/07/102/2/008021,07,Категория 07 — Последовательности сводок приземных данных (суша),307102,(Информация о погодных условиях на дорогах),,008021,Значимость времени Установлено на отсутствующее значение (отмена) Максимальный порыв ветра,,,,Operational
bufr4/3/07/102/3/004025,07,Категория 07 — Последовательности сводок приземных данных (суша),307102,(Информация о погодных условиях на дорогах),,004025,Временной период или отклонение В минутах,,,,Operational
bufr4/3/07/102/1/011043,07,Категория 07 — Последовательности сводок приземных данных (суша),307102,(Информация о погодных условиях на дорогах),,011043,Направление ветра при максимальном порыве,,,,Operational
bufr4/3/07/102/1/011041,07,Категория 07 — Последовательности сводок приземных данных (суша),307102,(Информация о погодных условиях на дорогах),,011041,Максимальная скорость ветра при порыве Функциональные условия,,,,Operational
bufr4/3/07/102/1/033005,07,Категория 07 — Последовательности сводок приземных данных (суша),307102,(Информация о погодных условиях на дорогах),,033005,Информация о качестве (данные АМС),,,,Operational
bufr4/3/07/103/1/301150,07,Категория 07 — Последовательности сводок приземных данных (суша),307103,"(Наблюдения за снегом, плотность снега, водный эквивалент снега)",,301150,Идентификатор ИГСНВ,,,,Operational
bufr4/3/07/103/1/307101,07,Категория 07 — Последовательности сводок приземных данных (суша),307103,"(Наблюдения за снегом, плотность снега, водный эквивалент снега)",,307101,Наблюдения за снегом,,,,Operational
bufr4/3/07/103/1/013117,07,Категория 07 — Последовательности сводок приземных данных (суша),307103,"(Наблюдения за снегом, плотность снега, водный эквивалент снега)",,013117,Плотность снега (содержание жидкой воды),,,,Operational
bufr4/3/07/103/1/003028,07,Категория 07 — Последовательности сводок приземных данных (суша),307103,"(Наблюдения за снегом, плотность снега, водный эквивалент снега)",,003028,Метод измерения водного эквивалента снега,,,,Operational
bufr4/3/07/103/1/013163,07,Категория 07 — Последовательности сводок приземных данных (суша),307103,"(Наблюдения за снегом, плотность снега, водный эквивалент снега)",,013163,Водный эквивалент снега,,,,Operational
bufr4/3/07/182/1/301090,07,Категория 07 — Последовательности сводок приземных данных (суша),307182,"(Последовательность для представления синоптических сводок с фиксированной наземной станции, пригодная для данных SYNOP в соответствии с практикой сообщения данных в РА II)",,301090,"Идентификация станции приземных наблюдений; время, горизонтальные и вертикальные координаты",,,,Operational
bufr4/3/07/182/1/302031,07,Категория 07 — Последовательности сводок приземных данных (суша),307182,"(Последовательность для представления синоптических сводок с фиксированной наземной станции, пригодная для данных SYNOP в соответствии с практикой сообщения данных в РА II)",,302031,Информация о давлении,,,,Operational
bufr4/3/07/182/1/302035,07,Категория 07 — Последовательности сводок приземных данных (суша),307182,"(Последовательность для представления синоптических сводок с фиксированной наземной станции, пригодная для данных SYNOP в соответствии с практикой сообщения данных в РА II)",,302035,Основные синоптические «мгновенные» данные,,,,Operational
bufr4/3/07/182/1/302036,07,Категория 07 — Последовательности сводок приземных данных (суша),307182,"(Последовательность для представления синоптических сводок с фиксированной наземной станции, пригодная для данных SYNOP в соответствии с практикой сообщения данных в РА II)",,302036,Облака с нижней границей ниже уровня станции,,,,Operational
bufr4/3/07/182/1/302047,07,Категория 07 — Последовательности сводок приземных данных (суша),307182,"(Последовательность для представления синоптических сводок с фиксированной наземной станции, пригодная для данных SYNOP в соответствии с практикой сообщения данных в РА II)",,302047,Направление движения облаков,,,,Operational
bufr4/3/07/182/1/008002,07,Категория 07 — Последовательности сводок приземных данных (суша),307182,"(Последовательность для представления синоптических сводок с фиксированной наземной станции, пригодная для данных SYNOP в соответствии с практикой сообщения данных в РА II)",,008002,Вертикальная значимость (приземные наблюдения) Установлено на отсутствующее значение (отмена),,,,Operational
bufr4/3/07/182/1/302048,07,Категория 07 — Последовательности сводок приземных данных (суша),307182,"(Последовательность для представления синоптических сводок с фиксированной наземной станции, пригодная для данных SYNOP в соответствии с практикой сообщения данных в РА II)",,302048,Направление движения и возвышение облаков,,,,Operational
bufr4/3/07/182/1/302037,07,Категория 07 — Последовательности сводок приземных данных (суша),307182,"(Последовательность для представления синоптических сводок с фиксированной наземной станции, пригодная для данных SYNOP в соответствии с практикой сообщения данных в РА II)",,302037,"За последние Состояние поверхности земли, высота снежного 12 часов покрова, минимальная температура на поверхности земли",,,,Operational
bufr4/3/07/182/1/012120,07,Категория 07 — Последовательности сводок приземных данных (суша),307182,"(Последовательность для представления синоптических сводок с фиксированной наземной станции, пригодная для данных SYNOP в соответствии с практикой сообщения данных в РА II)",,012120,Температура на поверхности земли s T’ n g,T’ g,,,Operational
bufr4/3/07/182/1/012122,07,Категория 07 — Последовательности сводок приземных данных (суша),307182,"(Последовательность для представления синоптических сводок с фиксированной наземной станции, пригодная для данных SYNOP в соответствии с практикой сообщения данных в РА II)",,012122,Минимальная температура на поверхности земли за s T n g предыдущую ночь,T g,,,Operational
bufr4/3/07/182/1/302043,07,Категория 07 — Последовательности сводок приземных данных (суша),307182,"(Последовательность для представления синоптических сводок с фиксированной наземной станции, пригодная для данных SYNOP в соответствии с практикой сообщения данных в РА II)",,302043,Основные синоптические данные «за период»,,,,Operational
bufr4/3/07/182/1/302044,07,Категория 07 — Последовательности сводок приземных данных (суша),307182,"(Последовательность для представления синоптических сводок с фиксированной наземной станции, пригодная для данных SYNOP в соответствии с практикой сообщения данных в РА II)",,302044,Данные об испарении,,,,Operational
bufr4/3/07/182/1/101002,07,Категория 07 — Последовательности сводок приземных данных (суша),307182,"(Последовательность для представления синоптических сводок с фиксированной наземной станции, пригодная для данных SYNOP в соответствии с практикой сообщения данных в РА II)",,101002,Повторить следующий дескриптор 2 раза,,,,Operational
bufr4/3/07/182/1/302045,07,Категория 07 — Последовательности сводок приземных данных (суша),307182,"(Последовательность для представления синоптических сводок с фиксированной наземной станции, пригодная для данных SYNOP в соответствии с практикой сообщения данных в РА II)",,302045,Данные о радиации (за 1 час и 24-часовой период),,,,Operational
bufr4/3/07/182/1/302046,07,Категория 07 — Последовательности сводок приземных данных (суша),307182,"(Последовательность для представления синоптических сводок с фиксированной наземной станции, пригодная для данных SYNOP в соответствии с практикой сообщения данных в РА II)",,302046,Изменение температуры,⋅ -1 ч или,,,Operational
